Binder Name,Binder Type,Name,Set code,Set name,Collector number,Foil,Rarity,Quantity,ManaBox ID,Scryfall ID,Purchase price,Misprint,Altered,Condition,Language,Purchase price currency,Added
Bulk Box,binder,Seized from Slumber,DSK,Duskmourn: House of Horror,28,normal,common,1,99080,24456083-0c76-46c5-9b18-8d468702df69,0.02,false,false,near_mint,en,USD,2025-08-04T04:55:04.432Z
Bulk Box,binder,Hand That Feeds,DSK,Duskmourn: House of Horror,139,normal,common,1,98798,297c2860-5a68-4a18-a23a-ca5cfdfbcac8,0.02,false,false,near_mint,en,USD,2025-08-04T04:55:04.432Z
Bulk Box,binder,Unsettling Twins,DSK,Duskmourn: House of Horror,38,normal,common,1,98865,85da2e65-4e22-48b6-98ad-6969684d69e1,0.02,false,false,near_mint,en,USD,2025-08-04T04:55:04.432Z
Bulk Box,binder,Clammy Prowler,DSK,Duskmourn: House of Horror,45,normal,common,1,98795,237f0b93-f12e-4c5f-a3d7-83e8f20f8493,0.03,false,false,near_mint,en,USD,2025-08-04T04:55:04.432Z
Bulk Box,binder,Surgical Suite // Hospital Room,DSK,Duskmourn: House of Horror,34,normal,uncommon,1,99261,96b2dc14-4477-4444-a9eb-4fa4c02dfbde,0.06,false,false,near_mint,en,USD,2025-08-04T04:55:04.432Z
Bulk Box,binder,Horrid Vigor,DSK,Duskmourn: House of Horror,184,normal,common,1,99335,c175c998-7b80-4187-bdbc-5b6e0d7eac91,0.09,false,false,near_mint,en,USD,2025-08-04T04:55:04.432Z
Bulk Box,binder,Twist Reality,DSK,Duskmourn: House of Horror,77,normal,common,1,98834,644714dd-7a0b-4d4b-9a61-8f6e505b1d22,0.04,false,false,near_mint,en,USD,2025-08-04T04:55:04.432Z
Bulk Box,binder,Final Vengeance,DSK,Duskmourn: House of Horror,99,normal,common,1,98835,648da934-71f6-4945-a08f-09698414417b,0.05,false,false,near_mint,en,USD,2025-08-04T04:55:04.432Z
Bulk Box,binder,Duskmourn's Domination,DSK,Duskmourn: House of Horror,50,normal,uncommon,1,98959,1d96dbc9-c2fd-42c1-9d55-5c14fa1c1c6f,0.03,false,false,near_mint,en,USD,2025-08-04T04:55:04.432Z
Bulk Box,binder,Optimistic Scavenger,DSK,Duskmourn: House of Horror,21,normal,uncommon,1,98991,9c72fc6f-6a96-420d-812d-b5cf0f57cc7f,0.19,false,false,near_mint,en,USD,2025-08-04T04:55:04.432Z
Bulk Box,binder,Irreverent Gremlin,DSK,Duskmourn: House of Horror,142,normal,uncommon,2,98869,8da254f5-53f2-41d2-a4f0-a90b3dd6209c,0.07,false,false,near_mint,en,USD,2025-08-04T04:55:04.432Z
Bulk Box,binder,The Tale of Tamiyo,DSK,Duskmourn: House of Horror,75,normal,rare,1,98893,aaeba193-05d3-4c2d-a304-bbe7114c2eef,0.13,false,false,near_mint,en,USD,2025-08-04T04:55:04.432Z
Bulk Box,binder,Mountain,DSK,Duskmourn: House of Horror,284,normal,common,2,98785,1a44d8a4-21de-497d-9eed-702d7b592728,0.1,false,false,near_mint,en,USD,2025-08-04T04:55:04.432Z
Bulk Box,binder,Terramorphic Expanse,DSK,Duskmourn: House of Horror,269,foil,common,1,98901,b379c8f1-817c-4f18-8f58-45c40504433e,0.26,false,false,near_mint,en,USD,2025-08-04T04:55:04.432Z
Bulk Box,binder,Manifest,TDSK,Duskmourn: House of Horror Tokens,18,normal,common,1,98602,01104ab1-84e1-4c78-853d-637c6554bdf9,,false,false,near_mint,en,USD,2025-08-04T04:55:04.432Z
Bulk Box,binder,Fear of Immobility,DSK,Duskmourn: House of Horror,10,normal,common,1,98651,9220c8fa-6ef7-4bc1-acb9-fc54cc43e498,0.02,false,false,near_mint,en,USD,2025-08-04T04:55:04.432Z
Bulk Box,binder,Impossible Inferno,DSK,Duskmourn: House of Horror,140,normal,common,1,98885,a35248f9-9a4e-4758-a4c1-0e0c83e3fd75,0.02,false,false,near_mint,en,USD,2025-08-04T04:55:04.432Z
Bulk Box,binder,Terramorphic Expanse,TDC,Tarkir: Dragonstorm Commander,408,normal,common,2,104843,9ff6e014-4811-44df-a7f8-a667a4a01f4f,0.18,false,false,near_mint,en,USD,2025-08-04T04:55:04.432Z
Bulk Box,binder,Bashful Beastie,DSK,Duskmourn: House of Horror,169,normal,common,1,98909,c20fa7ee-a4c2-4eb0-9467-195f3b894fa0,0.02,false,false,near_mint,en,USD,2025-08-04T04:55:04.432Z
Bulk Box,binder,Daggermaw Megalodon,DSK,Duskmourn: House of Horror,48,normal,common,1,98934,e72a38b9-29aa-4804-ab27-4c40321f0bc3,0.05,false,false,near_mint,en,USD,2025-08-04T04:55:04.432Z
Bulk Box,binder,Give In to Violence,DSK,Duskmourn: House of Horror,101,normal,common,1,98763,00ac1759-d4cc-41d5-a9b7-a89b80d2190c,0.04,false,false,near_mint,en,USD,2025-08-04T04:55:04.432Z
Bulk Box,binder,Say Its Name,DSK,Duskmourn: House of Horror,197,normal,common,1,98725,94c58683-b5f2-4863-9562-6f6be1ec21fe,0.03,false,false,near_mint,en,USD,2025-08-04T04:55:04.432Z
Bulk Box,binder,Commune with Evil,DSK,Duskmourn: House of Horror,87,normal,uncommon,1,98876,9ab94ebe-b51b-4c6f-af43-0ed80e2808a3,0.03,false,false,near_mint,en,USD,2025-08-04T04:55:04.432Z
Bulk Box,binder,Midnight Mayhem,DSK,Duskmourn: House of Horror,222,normal,uncommon,1,98822,4fc0b94f-08b3-4fb6-9b09-2f3a215203ca,0.05,false,false,near_mint,en,USD,2025-08-04T04:55:04.432Z
Bulk Box,binder,Let's Play a Game,DSK,Duskmourn: House of Horror,105,normal,uncommon,2,98980,645911b4-7728-4380-9097-e4139b986423,0.08,false,false,near_mint,en,USD,2025-08-04T04:55:04.432Z
Bulk Box,binder,Coordinated Clobbering,DSK,Duskmourn: House of Horror,173,normal,uncommon,1,98920,d498cd5d-5807-4297-bc8a-c0941f2f5ce2,0.04,false,false,near_mint,en,USD,2025-08-04T04:55:04.432Z
Bulk Box,binder,Dissection Tools,DSK,Duskmourn: House of Horror,245,normal,rare,1,99037,048bb2c6-91bd-4d6a-a070-c73d8277c264,0.17,false,false,near_mint,en,USD,2025-08-04T04:55:04.432Z
Bulk Box,binder,Raucous Carnival,DSK,Duskmourn: House of Horror,266,normal,common,1,98618,3604a211-9bf7-474e-bd78-32a862f4259c,0.08,false,false,near_mint,en,USD,2025-08-04T04:55:04.432Z
Bulk Box,binder,Valgavoth's Faithful,DSK,Duskmourn: House of Horror,121,foil,uncommon,1,98726,995194a0-ceb7-48c2-be5d-a208b3971e77,0.2,false,false,near_mint,en,USD,2025-08-04T04:55:04.432Z
Bulk Box,binder,Skyskipper Duo,BLB,Bloomburrow,71,foil,common,1,96476,d6844bad-ffbe-4c6e-b438-08562eccea52,0.17,false,false,near_mint,en,USD,2025-08-04T04:55:04.432Z
Bulk Box,binder,Island,BLB,Bloomburrow,267,normal,common,1,95856,f7b92adb-a384-4e03-8ba7-1e41b9fb2516,0.24,false,false,near_mint,en,USD,2025-08-04T04:55:04.432Z
Trade Binder,binder,"Lumra, Bellow of the Woods",BLB,Bloomburrow,183,normal,mythic,1,91705,ae4f3aaf-3960-48cd-b34b-32e4ae5ae088,14.06,false,false,near_mint,en,USD,2025-08-04T04:55:04.432Z
Bulk Box,binder,Starseer Mentor,BLB,Bloomburrow,233,normal,uncommon,1,95791,6b2f6dc5-9fe8-49c1-b24c-1d99ce1da619,0.1,false,false,near_mint,en,USD,2025-08-04T04:55:04.432Z
Bulk Box,binder,Consumed by Greed,BLB,Bloomburrow,87,normal,uncommon,1,95884,e50acc41-3517-42db-b1d3-1bdfd7294d84,0.11,false,false,near_mint,en,USD,2025-08-04T04:55:04.432Z
Bulk Box,binder,Steampath Charger,BLB,Bloomburrow,153,normal,common,1,95890,03bf1296-e347-4070-8c6f-5c362c2f9364,0.03,false,false,near_mint,en,USD,2025-08-04T04:55:04.432Z
Bulk Box,binder,Bumbleflower's Sharepot,BLB,Bloomburrow,244,normal,common,1,95924,5f0affd5-5dcd-4dd1-a694-37a9aedf4084,0.08,false,false,near_mint,en,USD,2025-08-04T04:55:04.432Z
Bulk Box,binder,Longstalk Brawl,BLB,Bloomburrow,182,normal,common,3,95966,c7ef748c-b5e5-4e7d-bf2e-d3e6c08edb42,0.04,false,false,near_mint,en,USD,2025-08-04T04:55:04.432Z
Bulk Box,binder,Whiskerquill Scribe,BLB,Bloomburrow,161,normal,common,2,96124,da653996-9bd4-40bd-afb4-48c7e070a269,0.04,false,false,near_mint,en,USD,2025-08-04T04:55:04.432Z
Bulk Box,binder,Intrepid Rabbit,BLB,Bloomburrow,17,normal,common,1,96276,4d70b99d-c8bf-4a56-8957-cf587fe60b81,0.03,false,false,near_mint,en,USD,2025-08-04T04:55:04.432Z
Bulk Box,binder,Lightshell Duo,FDN,Foundations,157,normal,common,1,101063,bb75315c-ea8f-4eb0-899e-c73ef75fc396,0.06,false,false,near_mint,en,USD,2025-08-04T04:55:04.432Z
Bulk Box,binder,Early Winter,BLB,Bloomburrow,93,normal,common,1,95626,5030e6ac-211d-4145-8c87-998a8351a467,0.04,false,false,near_mint,en,USD,2025-08-04T04:55:04.432Z
Bulk Box,binder,Nettle Guard,BLB,Bloomburrow,23,normal,common,1,95949,8c9c3cc3-2aa2-453e-a17c-2baeeaabe0a9,0.05,false,false,near_mint,en,USD,2025-08-04T04:55:04.432Z
Bulk Box,binder,Downwind Ambusher,BLB,Bloomburrow,92,normal,uncommon,1,95920,55cfd628-933a-4d3d-b2e5-70bc86960d1c,0.03,false,false,near_mint,en,USD,2025-08-04T04:55:04.432Z
Bulk Box,binder,Starforged Sword,BLB,Bloomburrow,249,normal,uncommon,1,96110,c23d8e96-b972-4c6c-b0c4-b6627621f048,0.07,false,false,near_mint,en,USD,2025-08-04T04:55:04.432Z
Bulk Box,binder,Valley Mightcaller,BLB,Bloomburrow,202,normal,rare,1,96057,7256451f-0122-452a-88e8-0fb0f6bea3f3,0.6,false,false,near_mint,en,USD,2025-08-04T04:55:04.432Z
Bulk Box,binder,Plains,BLB,Bloomburrow,265,normal,common,1,95745,11a94c04-b6d3-4118-b252-5146eedae4e8,0.53,false,false,near_mint,en,USD,2025-08-04T04:55:04.432Z
Bulk Box,binder,Brambleguard Captain,BLB,Bloomburrow,127,foil,uncommon,1,95883,e200b8bf-f2f3-4157-8e04-02baf07a963e,0.13,false,false,near_mint,en,USD,2025-08-04T04:55:04.432Z
Bulk Box,binder,Flowerfoot Swordmaster,BLB,Bloomburrow,14,normal,uncommon,2,95812,97ff118f-9c3c-43a2-8085-980c7fe7d227,0.15,false,false,near_mint,en,USD,2025-08-04T04:55:04.432Z
Bulk Box,binder,Crumb and Get It,BLB,Bloomburrow,8,normal,common,1,96259,3c7b3b25-d4b3-4451-9f5c-6eb369541175,0.02,false,false,near_mint,en,USD,2025-08-04T04:55:04.432Z
Bulk Box,binder,Scales of Shale,BLB,Bloomburrow,110,normal,common,1,95955,9ae14276-dbbd-4257-80e9-accd6c19f5b2,0.04,false,false,near_mint,en,USD,2025-08-04T04:55:04.432Z
Bulk Box,binder,Skyskipper Duo,BLB,Bloomburrow,71,normal,common,1,96476,d6844bad-ffbe-4c6e-b438-08562eccea52,0.02,false,false,near_mint,en,USD,2025-08-04T04:55:04.432Z
Bulk Box,binder,Polliwallop,BLB,Bloomburrow,189,normal,common,1,95935,6bc4963c-d90b-4588-bdb7-85956e42a623,0.06,false,false,near_mint,en,USD,2025-08-04T04:55:04.432Z
Bulk Box,binder,Junkblade Bruiser,BLB,Bloomburrow,220,normal,common,2,95810,918fd89b-5ab7-4ae2-920c-faca5e9da7b9,0.05,false,false,near_mint,en,USD,2025-08-04T04:55:04.432Z
Bulk Box,binder,Roughshod Duo,BLB,Bloomburrow,150,normal,common,2,96343,78cdcfb9-a247-4c2d-a098-5b57570f8cd5,0.05,false,false,near_mint,en,USD,2025-08-04T04:55:04.432Z
Bulk Box,binder,Stickytongue Sentinel,BLB,Bloomburrow,193,normal,common,2,96105,b5fa9651-b217-4f93-9c46-9bdb11feedcb,0.06,false,false,near_mint,en,USD,2025-08-04T04:55:04.432Z
Bulk Box,binder,Eddymurk Crab,BLB,Bloomburrow,48,normal,uncommon,1,96132,e6d45abe-4962-47d9-a54e-7e623ea8647c,0.11,false,false,near_mint,en,USD,2025-08-04T04:55:04.432Z
Bulk Box,binder,Wizard,TFIN,Final Fantasy Tokens,14,normal,common,3,105559,187fe54c-7d0c-4225-9d46-3affbead897d,,false,false,near_mint,en,USD,2025-08-04T04:58:31.452Z
Bulk Box,binder,Bird,TFIN,Final Fantasy Tokens,16,normal,common,4,106716,1fbc471d-5948-47fc-b7cc-81cc13a4cd15,,false,false,near_mint,en,USD,2025-08-04T04:58:31.452Z
Bulk Box,binder,Bird,TFIN,Final Fantasy Tokens,17,normal,common,2,106722,8632216a-33c3-4d16-bf25-42e41af53986,,false,false,near_mint,en,USD,2025-08-04T04:58:31.452Z
Bulk Box,binder,White Mage's Staff,FIN,Final Fantasy,42,foil,common,1,105584,30db372e-0b4c-4e16-9667-bf3fda666f72,0.17,false,false,near_mint,en,USD,2025-08-04T04:58:31.452Z
Bulk Box,binder,Il Mheg Pixie,FIN,Final Fantasy,57,normal,uncommon,4,106629,ae612312-3a8e-495f-8730-deaaf7505ca1,0.09,false,false,near_mint,en,USD,2025-08-04T04:58:31.452Z
Bulk Box,binder,Cornered by Black Mages,FIN,Final Fantasy,93,normal,common,5,106564,688fcf8a-0a44-416a-8086-83acf9a6fe69,0.14,false,false,near_mint,en,USD,2025-08-04T04:58:31.452Z
Bulk Box,binder,Swamp,DSK,Duskmourn: House of Horror,274,normal,common,1,95605,7442c1c7-1c10-4387-92e6-4bdea263064f,0.58,false,false,near_mint,en,USD,2025-08-04T04:58:31.452Z
Bulk Box,binder,Alpine Watchdog,M21,Core Set 2021,2,normal,common,1,50984,c392a7e5-6ff5-4c2f-9590-f8811a724f44,0.12,false,false,near_mint,en,USD,2025-08-04T04:58:31.452Z
Bulk Box,binder,Pack Leader,M21,Core Set 2021,29,normal,rare,1,50935,a8b94bc1-68d1-41dc-914c-a33ecb9aeb49,0.34,false,false,near_mint,en,USD,2025-08-04T04:58:31.452Z
Bulk Box,binder,Nine Lives,M21,Core Set 2021,28,foil,rare,1,51050,e70b7a73-484e-48f1-944c-3d38866cdc20,0.67,false,false,near_mint,en,USD,2025-08-04T04:58:31.452Z
Bulk Box,binder,Rambunctious Mutt,M21,Core Set 2021,30,normal,common,1,50781,3f602ecc-c264-4f3e-adeb-d0186668653e,0.07,false,false,near_mint,en,USD,2025-08-04T04:58:31.452Z
Bulk Box,binder,Basri's Acolyte,M21,Core Set 2021,8,normal,common,1,50698,08d1dd97-2675-4953-ab95-d47d23abfe05,0.07,false,false,near_mint,en,USD,2025-08-04T04:58:31.452Z
Bulk Box,binder,Selfless Savior,M21,Core Set 2021,36,foil,uncommon,1,50839,6911759c-7177-402c-a95a-f9f46efaf521,1.04,false,false,near_mint,en,USD,2025-08-04T04:58:31.452Z
Trade Binder,binder,Stormchaser's Talent,BLB,Bloomburrow,75,normal,rare,1,96092,a36e682d-b43d-4e08-bf5b-70d7e924dbe5,4.6,false,false,near_mint,en,USD,2025-08-04T05:23:28.318Z
Bulk Box,binder,Munitions,TEOE,Edge of Eternities Tokens,9,normal,common,1,107751,a16f931a-9fa3-45b1-8d54-04b6b5bf7b71,,false,false,near_mint,en,USD,2025-08-04T05:23:28.318Z
Bulk Box,binder,Loading Zone,EOE,Edge of Eternities,196,normal,rare,1,107371,0d2c95bd-79af-4a23-b265-62cc0b164e3e,1.25,false,false,near_mint,en,USD,2025-08-04T05:23:28.318Z
Bulk Box,binder,Plains,EOE,Edge of Eternities,268,normal,common,1,107115,a26fd28e-d053-48b3-ab4c-2dc6fd33fa64,0.12,false,false,near_mint,en,USD,2025-08-04T05:23:28.318Z
Bulk Box,binder,Illvoi Light Jammer,EOE,Edge of Eternities,60,foil,common,1,107785,efb3d961-543c-4404-b4ed-1cb28ee411b3,0.09,false,false,near_mint,en,USD,2025-08-04T05:23:28.318Z
Bulk Box,binder,Scour for Scrap,EOE,Edge of Eternities,73,normal,uncommon,2,107719,517d1b00-7ec4-489a-ac52-657da24a6379,0.25,false,false,near_mint,en,USD,2025-08-04T05:23:28.318Z
Bulk Box,binder,Mental Modulation,EOE,Edge of Eternities,67,normal,common,1,107693,0f2d12fc-38a0-42e6-9caa-7c18bfcf0011,0.06,false,false,near_mint,en,USD,2025-08-04T05:23:28.318Z
Bulk Box,binder,Singularity Rupture,EOE,Edge of Eternities,228,foil,rare,1,107116,a34012e3-ec7a-4713-a2c2-f8efff49e364,0.79,false,false,near_mint,en,USD,2025-08-04T05:23:28.318Z
Bulk Box,binder,Island,EOE,Edge of Eternities,263,normal,common,3,106783,76313c69-8ec7-49e3-a34e-ade26097284c,1.21,false,false,near_mint,en,USD,2025-08-04T05:23:28.318Z
Bulk Box,binder,Island,EOE,Edge of Eternities,270,normal,common,1,106987,2fb9ecfd-8025-48c0-a306-b4deebde2949,0.09,false,false,near_mint,en,USD,2025-08-04T05:23:28.318Z
Bulk Box,binder,Monoist Circuit-Feeder,EOE,Edge of Eternities,110,normal,uncommon,2,107492,957ae7aa-98d6-402a-9b20-e3e5b7e8dfe3,0.08,false,false,near_mint,en,USD,2025-08-04T05:23:28.318Z
Bulk Box,binder,Rust Harvester,EOE,Edge of Eternities,159,normal,rare,1,107069,7ce58765-d2f4-4fbf-8635-580c9400ff2e,0.24,false,false,near_mint,en,USD,2025-08-04T05:23:28.318Z
Bulk Box,binder,Infinite Guideline Station,EOE,Edge of Eternities,219,normal,rare,1,107023,5688894a-bbec-476b-ae2e-94000be258d0,0.24,false,false,near_mint,en,USD,2025-08-04T05:23:28.318Z
Bulk Box,binder,Plains,EOE,Edge of Eternities,267,normal,common,1,107188,df31f72c-076e-4d8e-9975-6d6281ab71f6,0.11,false,false,near_mint,en,USD,2025-08-04T05:23:28.318Z
Bulk Box,binder,Flight-Deck Coordinator,EOE,Edge of Eternities,17,normal,common,2,107743,88cc6328-a035-4f74-b786-390e5c7c324c,0.1,false,false,near_mint,en,USD,2025-08-04T05:23:28.318Z
Bulk Box,binder,Dawnstrike Vanguard,EOE,Edge of Eternities,10,normal,uncommon,2,107723,5a041722-9483-469f-9c17-7f0253b0db50,0.08,false,false,near_mint,en,USD,2025-08-04T05:23:28.318Z
Bulk Box,binder,Sunstar Lightsmith,EOE,Edge of Eternities,42,normal,uncommon,1,107725,5f60b09d-9814-4a36-a57d-59b0e04c1c2f,0.08,false,false,near_mint,en,USD,2025-08-04T05:23:28.318Z
Bulk Box,binder,Lightstall Inquisitor,EOE,Edge of Eternities,24,normal,rare,1,107447,635245e9-c27f-4a51-a6f1-bae62e696542,0.96,false,false,near_mint,en,USD,2025-08-04T05:23:28.318Z
Bulk Box,binder,Radiant Strike,EOE,Edge of Eternities,29,foil,common,1,107484,8c38e4cb-918b-4493-872b-66c90dcfd339,0.07,false,false,near_mint,en,USD,2025-08-04T05:23:28.318Z
Bulk Box,binder,Luxknight Breacher,EOE,Edge of Eternities,26,normal,common,1,107537,c1236731-0d33-4705-8077-3cf58acf9a39,0.08,false,false,near_mint,en,USD,2025-08-04T05:23:28.318Z
Bulk Box,binder,Biosynthic Burst,EOE,Edge of Eternities,173,normal,common,1,107732,6d73a4a8-5d52-4c12-a96a-45cd202bcc62,0.1,false,false,near_mint,en,USD,2025-08-04T05:23:28.318Z
Trade Binder,binder,Terrasymbiosis,EOE,Edge of Eternities,210,normal,rare,1,106977,26008c7d-5dbe-4da2-b475-4dd307e7bc68,4.39,false,false,near_mint,en,USD,2025-08-04T05:23:28.318Z
Bulk Box,binder,Icecave Crasher,EOE,Edge of Eternities,191,normal,common,2,107781,e6c1ed0c-0c0d-47a7-8ebc-67854cb226e0,0.05,false,false,near_mint,en,USD,2025-08-04T05:23:28.318Z
Bulk Box,binder,Drix Fatemaker,EOE,Edge of Eternities,178,normal,common,2,107381,1beb7566-305e-4091-bdc4-cf4c789ac05a,0.04,false,false,near_mint,en,USD,2025-08-04T05:23:28.318Z
Bulk Box,binder,Broodguard Elite,EOE,Edge of Eternities,175,normal,uncommon,1,106945,08b1d019-65ab-4dea-9076-041fd6338a35,0.12,false,false,near_mint,en,USD,2025-08-04T05:23:28.318Z
Bulk Box,binder,The Dominion Bracelet,EOE,Edge of Eternities,239,normal,mythic,1,107354,f5360880-2849-45d6-b1aa-08c7e01083af,1.51,false,false,near_mint,en,USD,2025-08-04T05:23:28.318Z
Bulk Box,binder,Forest,EOE,Edge of Eternities,276,normal,common,1,107048,673141ec-826f-4132-8282-d499990495a7,0.07,false,false,near_mint,en,USD,2025-08-04T05:23:28.318Z
Bulk Box,binder,Cerebral Download,EOE,Edge of Eternities,48,normal,uncommon,1,107429,4d3b5d73-694c-4f9a-8b4f-d8d8c58c8d65,0.06,false,false,near_mint,en,USD,2025-08-04T05:23:28.318Z
Bulk Box,binder,Desculpting Blast,EOE,Edge of Eternities,54,foil,uncommon,1,107464,77fdbf32-b5f4-4346-846d-d8e0e53e6e53,0.19,false,false,near_mint,en,USD,2025-08-04T05:23:28.318Z
Bulk Box,binder,Malboro,FIN,Final Fantasy,106,normal,common,6,105739,e46d8048-03ce-4e07-ba24-f41ba6140a4e,0.09,false,false,near_mint,en,USD,2025-08-04T05:23:28.318Z
Bulk Box,binder,Iron Giant,FIN,Final Fantasy,260,normal,common,6,106675,e48cf6d5-4d32-4b66-80be-3495ecd3e906,0.09,false,false,near_mint,en,USD,2025-08-04T05:23:28.318Z
Bulk Box,binder,Nykthos Paragon,MH2,Modern Horizons 2,22,normal,rare,1,59462,2963205e-b181-44d1-809f-6577e29fa812,0.58,false,false,near_mint,en,USD,2025-08-04T05:23:28.318Z
Bulk Box,binder,Aerith Rescue Mission,FIN,Final Fantasy,5,normal,common,2,106532,3123d16c-e1e6-4659-a7a3-2ec6efc6bf08,0.08,false,false,near_mint,en,USD,2025-08-04T05:23:28.318Z
Bulk Box,binder,Barret Wallace,FIN,Final Fantasy,129,normal,uncommon,5,105840,1a504dff-5857-4a61-ab99-616d5df7cf5a,0.09,false,false,near_mint,en,USD,2025-08-04T05:23:28.318Z
Bulk Box,binder,Sephiroth's Intervention,FIN,Final Fantasy,116,normal,common,3,106297,cf7df82f-937a-443f-813f-2bcc6944c5c0,0.07,false,false,near_mint,en,USD,2025-08-04T05:23:28.318Z
Bulk Box,binder,Light of Judgment,FIN,Final Fantasy,144,normal,common,4,106600,98bb716d-ca66-445f-9cb3-0fc656c8ebff,0.09,false,false,near_mint,en,USD,2025-08-04T05:23:28.318Z
Bulk Box,binder,Bard's Bow,FIN,Final Fantasy,174,normal,common,4,106530,2ac03e90-1e16-453f-88e4-a0448db73403,0.06,false,false,near_mint,en,USD,2025-08-04T05:23:28.318Z
Bulk Box,binder,"Rabanastre, Royal City",FIN,Final Fantasy,287,normal,common,4,106294,c44c9bbe-f4c6-41cf-b3c3-b943f4011bc1,0.07,false,false,near_mint,en,USD,2025-08-04T05:23:28.318Z
Bulk Box,binder,Leave // Chance,HOU,Hour of Devastation,153,normal,rare,1,4522,f928e8e8-aa20-402c-85bd-59106e9b9cc7,0.26,false,false,near_mint,en,USD,2025-08-04T05:23:28.318Z
Bulk Box,binder,Captain's Claws,OGW,Oath of the Gatewatch,162,normal,rare,1,9220,521ee576-5a51-4353-af38-c461f05d66ce,0.26,false,false,near_mint,en,USD,2025-08-04T05:23:28.318Z
Bulk Box,binder,"Bell Borca, Spectral Sergeant",CMR,Commander Legends,591,etched,rare,1,56168,b88418f5-8f75-4144-b8f6-e1e5009fa341,0.19,false,false,near_mint,en,USD,2025-08-04T05:23:28.318Z
Bulk Box,binder,Venerable Warsinger,STX,Strixhaven: School of Mages,246,foil,rare,1,57964,006313f8-cc60-4a4e-8ec6-953cdf1c16e3,0.25,false,false,near_mint,en,USD,2025-08-04T05:23:28.318Z
Bulk Box,binder,Promise of Bunrei,VOC,Crimson Vow Commander,96,normal,rare,1,64603,a40e9071-7b27-4070-bc3a-c095c2128953,0.16,false,false,near_mint,en,USD,2025-08-04T05:23:28.318Z
Bulk Box,binder,Collective Defiance,OTP,Breaking News,21,normal,rare,1,93346,cbaaa9e0-e5d4-4ae1-8082-cc018eb1fe39,0.17,false,false,near_mint,en,USD,2025-08-04T05:23:28.318Z
Bulk Box,binder,Smash to Smithereens,F16,Friday Night Magic 2016,3,foil,rare,2,9463,4daccff6-8395-4b11-a4ce-3576aa38bc09,0.65,false,false,near_mint,en,USD,2025-08-04T05:23:28.318Z
Bulk Box,binder,Fell the Mighty,OTP,Breaking News,1,normal,rare,2,93439,fbd897e0-0f6b-4a35-9f33-a16d85ddfad8,0.19,false,false,near_mint,en,USD,2025-08-04T05:23:28.318Z
Bulk Box,binder,Citywide Bust,C20,Commander 2020,82,normal,rare,1,50336,33d1a51a-abf0-458c-98ae-98fcf4063fd9,0.15,false,false,near_mint,en,USD,2025-08-04T05:23:28.318Z
Bulk Box,binder,Seal from Existence,MOM,March of the Machine,35,normal,uncommon,1,81041,2ccc29cc-025d-402e-9fe3-75998eb290c9,0.14,false,false,near_mint,en,USD,2025-08-04T05:23:28.318Z
Bulk Box,binder,Acrobatic Leap,LCI,The Lost Caverns of Ixalan,2,normal,common,1,88457,47f82d84-03ad-42dd-80ce-f0ac5e353e46,0.05,false,false,near_mint,en,USD,2025-08-04T05:23:28.318Z
Bulk Box,binder,Plains,ELD,Throne of Eldraine,253,foil,common,1,46085,5b5f9eef-925c-479e-a9a5-ce61fc06f3be,0.22,false,false,near_mint,en,USD,2025-08-04T05:23:28.318Z
Bulk Box,binder,Plains,MID,Innistrad: Midnight Hunt,380,foil,common,1,63226,46b94de4-099e-43d7-8f24-d5450b09f1f1,0.13,false,false,near_mint,en,USD,2025-08-04T05:23:28.318Z
Bulk Box,binder,Plains,ELD,Throne of Eldraine,252,foil,common,1,46086,9b5fbeae-9bd5-4741-80a2-9b646b374328,0.17,false,false,near_mint,en,USD,2025-08-04T05:23:28.318Z
Bulk Box,binder,"Zenos yae Galvus // Shinryu, Transcendent Rival",FIN,Final Fantasy,127,normal,rare,1,105697,b65ffce4-bb58-418a-9bad-81533a5f2ba2,0.38,false,false,near_mint,en,USD,2025-08-04T05:23:28.318Z
Bulk Box,binder,Brazen Collector,BLB,Bloomburrow,128,foil,uncommon,1,95873,78b55a58-c669-4dc6-aa63-5d9dff52e613,0.15,false,false,near_mint,en,USD,2025-08-04T05:23:28.318Z
Bulk Box,binder,Thornplate Intimidator,TBLB,Bloomburrow Tokens,16,normal,common,1,96287,53fd3dd0-81b6-4f4a-86e6-920170017c92,0.11,false,false,near_mint,en,USD,2025-08-04T05:23:28.318Z
Bulk Box,binder,Blooming Blast,BLB,Bloomburrow,126,foil,uncommon,1,95996,0cd92a83-cec3-4085-a929-3f204e3e0140,0.11,false,false,near_mint,en,USD,2025-08-04T05:23:28.318Z
Bulk Box,binder,Forest,BLB,Bloomburrow,278,normal,common,1,95855,f791876a-f3fb-45b8-90a9-af846d8b8f74,0.31,false,false,near_mint,en,USD,2025-08-04T05:23:28.318Z
Bulk Box,binder,Stocking the Pantry,BLB,Bloomburrow,194,normal,uncommon,1,96033,50e95c7b-f0b2-4276-8c5e-4191b7ba35d1,0.16,false,false,near_mint,en,USD,2025-08-04T05:23:28.318Z
Bulk Box,binder,Shrike Force,BLB,Bloomburrow,31,normal,uncommon,1,95763,306fec2c-d8b7-4f4b-8f58-10e3b9f3158f,0.11,false,false,near_mint,en,USD,2025-08-04T05:23:28.318Z
Bulk Box,binder,Reptilian Recruiter,BLB,Bloomburrow,149,normal,uncommon,1,96072,81dec453-c9d7-42cb-980a-c82f82bede76,0.04,false,false,near_mint,en,USD,2025-08-04T05:23:28.318Z
Bulk Box,binder,Hunter's Talent,BLB,Bloomburrow,179,normal,uncommon,1,95847,e9a31863-9649-4a4f-99e4-c93729938bd7,0.24,false,false,near_mint,en,USD,2025-08-04T05:23:28.318Z
Bulk Box,binder,Agate-Blade Assassin,BLB,Bloomburrow,82,normal,common,1,96017,39ebb84a-1c52-4b07-9bd0-b360523b3a5b,0.05,false,false,near_mint,en,USD,2025-08-04T05:23:28.318Z
Bulk Box,binder,Carrot Cake,BLB,Bloomburrow,7,normal,common,1,95636,eb03bb4f-8b4b-417e-bfc6-294cd2186b2e,0.07,false,false,near_mint,en,USD,2025-08-04T05:23:28.318Z
Bulk Box,binder,Nightwhorl Hermit,BLB,Bloomburrow,62,normal,common,1,95994,0928e04f-2568-41e8-b603-7a25cf5f94d0,0.04,false,false,near_mint,en,USD,2025-08-04T05:23:28.318Z
Bulk Box,binder,Glidedive Duo,BLB,Bloomburrow,96,normal,common,1,96026,4831e7ae-54e3-4bd9-b5af-52dc29f81715,0.04,false,false,near_mint,en,USD,2025-08-04T05:23:28.318Z
Bulk Box,binder,"Xande, Dark Mage",FIN,Final Fantasy,561,normal,rare,1,105846,1caed9a8-b73b-470e-b9d8-8c3b7cac3eee,0.3,false,false,near_mint,en,USD,2025-08-04T05:23:28.318Z
Bulk Box,binder,Path of the Schemer,MOC,March of the Machine Commander,28,normal,rare,1,81082,5832df72-99dc-4c9e-b8e6-90b666abf08d,0.21,false,false,near_mint,en,USD,2025-08-04T05:23:28.318Z
Bulk Box,binder,Aven Heartstabber,SNC,Streets of New Capenna,166,normal,rare,1,67940,acef329c-61e6-41c1-8d89-ff2417949839,0.14,false,false,near_mint,en,USD,2025-08-04T05:23:28.318Z
Bulk Box,binder,Hostage Taker,OTC,Outlaws of Thunder Junction Commander,231,normal,rare,1,93833,c168af49-acae-45de-8c62-0e6d1006f325,0.17,false,false,near_mint,en,USD,2025-08-04T05:23:28.318Z
Bulk Box,binder,"Oskar, Rubbish Reclaimer",NCC,New Capenna Commander,77,normal,rare,1,68462,ed87e25f-9dad-4858-92bc-e859fd2be2a4,0.3,false,false,near_mint,en,USD,2025-08-04T05:23:28.318Z
Bulk Box,binder,Nightveil Specter,GK1,GRN Guild Kit,19,normal,rare,1,127,762e1528-52d7-46fc-a035-e2af6b4676b8,1.01,false,false,near_mint,en,USD,2025-08-04T05:23:28.318Z
Bulk Box,binder,Thopter Foundry,2XM,Double Masters,222,normal,uncommon,3,51864,3d8dcd5e-d4d0-49ae-a591-78d80322105d,0.26,false,false,near_mint,en,USD,2025-08-04T05:23:28.318Z
Bulk Box,binder,Nutrient Block,EOE,Edge of Eternities,243,normal,common,3,107114,a26064bb-c568-4ed6-86db-3aab69b050db,0.15,false,false,near_mint,en,USD,2025-08-04T05:23:28.318Z
Bulk Box,binder,Angelic Benediction,ALA,Shards of Alara,3,foil,uncommon,2,24096,dd1b9071-7dde-4128-8b18-1d7b07904638,0.95,false,false,near_mint,en,USD,2025-08-04T05:23:28.318Z
Bulk Box,binder,Exosuit Savior,EOE,Edge of Eternities,16,normal,common,3,107741,826c0455-a6ce-43ad-bd5c-0a5df169da90,0.06,false,false,near_mint,en,USD,2025-08-04T05:23:28.318Z
Bulk Box,binder,Mountain,SOI,Shadows over Innistrad,294,normal,common,1,8702,b37dc16e-3631-46df-acc4-19040fb8a86e,0.08,false,false,near_mint,en,USD,2025-08-23T03:08:55.216Z
Bulk Box,binder,Ambush Viper,INR,Innistrad Remastered,186,foil,common,1,102491,37f9be6b-ae6e-4708-9749-83bebd351102,0.09,false,false,near_mint,en,USD,2025-08-23T03:08:55.216Z
Bulk Box,binder,Alchemist's Greeting,INR,Innistrad Remastered,140,normal,common,1,102847,f36e2146-b6a9-4b61-9ccf-969a2c79b747,0.02,false,false,near_mint,en,USD,2025-08-23T03:08:55.216Z
Bulk Box,binder,Mayor of Avabruck // Howlpack Alpha,INR,Innistrad Remastered,207,normal,rare,1,102839,ef84540b-a132-4169-b3c0-b0edeb395c9b,0.25,false,false,near_mint,en,USD,2025-08-23T03:08:55.216Z
Bulk Box,binder,Runebound Wolf,INR,Innistrad Remastered,168,normal,uncommon,1,102666,8e220cc1-e13f-48da-b59b-91a556829ea5,0.06,false,false,near_mint,en,USD,2025-08-23T03:08:55.216Z
Bulk Box,binder,Sever the Bloodline,INR,Innistrad Remastered,130,normal,uncommon,1,102703,a2d4152d-c128-453c-86f5-f2ebcfd48b98,0.05,false,false,near_mint,en,USD,2025-08-23T03:08:55.216Z
Bulk Box,binder,Cackling Counterpart,INR,Innistrad Remastered,55,normal,uncommon,1,101882,a865fdc5-955a-4c4a-90c0-342c15fd7bbc,0.13,false,false,near_mint,en,USD,2025-08-23T03:08:55.216Z
Bulk Box,binder,Restless Bloodseeker // Bloodsoaked Reveler,INR,Innistrad Remastered,128,normal,uncommon,1,102585,68f71dcf-b0eb-43c7-9ea5-5ff7a7f991be,0.08,false,false,near_mint,en,USD,2025-08-23T03:08:55.216Z
Bulk Box,binder,Midnight Scavengers,INR,Innistrad Remastered,123,normal,common,1,101886,bc079c81-85e8-4a0d-83fe-533c4feaa343,0.05,false,false,near_mint,en,USD,2025-08-23T03:08:55.216Z
Bulk Box,binder,Soul-Guide Gryff,INR,Innistrad Remastered,40,normal,common,1,102494,39388258-cf07-4f29-a379-c743ecac680b,0.04,false,false,near_mint,en,USD,2025-08-23T03:08:55.216Z
Bulk Box,binder,Duel for Dominance,INR,Innistrad Remastered,192,normal,common,1,102775,c823ffae-4967-4a5d-a5d5-f00c25262e4f,0.03,false,false,near_mint,en,USD,2025-08-23T03:08:55.216Z
Bulk Box,binder,Ancestral Anger,INR,Innistrad Remastered,141,normal,common,1,102837,eeaca66d-23bd-4e8f-8d4a-c5864dd447be,0.05,false,false,near_mint,en,USD,2025-08-23T03:08:55.216Z
Bulk Box,binder,Crawl from the Cellar,INR,Innistrad Remastered,102,normal,common,1,102619,79563dd1-640c-4ebd-a347-0b71439b79d3,0.05,false,false,near_mint,en,USD,2025-08-23T03:08:55.216Z
Bulk Box,binder,Tower Geist,INR,Innistrad Remastered,93,normal,common,1,102652,88523d44-4469-4685-8f59-dbcf255e7fe0,0.02,false,false,near_mint,en,USD,2025-08-23T03:08:55.216Z
Trade Binder,binder,"Boromir, Warden of the Tower",LTR,The Lord of the Rings: Tales of Middle-earth,302,normal,rare,1,83585,e186ef93-f369-4b4d-a683-36f338b6ce3f,2.94,false,false,near_mint,en,USD,2025-08-23T03:08:55.216Z
Bulk Box,binder,Voracious Fell Beast,LTR,The Lord of the Rings: Tales of Middle-earth,422,foil,uncommon,1,83542,d6ce6be0-ebfe-4d50-87c6-8c1fc7536f1f,0.25,false,false,near_mint,en,USD,2025-08-23T03:08:55.216Z
Bulk Box,binder,"Garnet, Princess of Alexandria",FIN,Final Fantasy,222,foil,uncommon,1,106638,b883df14-8d7b-4f6a-9a6a-2f71f5b6ddda,0.28,false,false,near_mint,en,USD,2025-09-02T04:39:03.619Z
Trade Binder,binder,"Kain, Traitorous Dragoon",FIN,Final Fantasy,316,normal,rare,1,106335,39f9de73-84a7-483f-927e-91ade20a2d06,3.76,false,false,near_mint,en,USD,2025-09-02T04:39:03.619Z
Trade Binder,binder,The Fire Crystal,FIN,Final Fantasy,135,normal,rare,1,106457,ea430b17-2014-4b8e-b53f-43bcfc06f7cd,4.81,false,false,near_mint,en,USD,2025-09-02T04:39:03.619Z
Bulk Box,binder,Rinoa Heartilly,FIN,Final Fantasy,237,normal,uncommon,1,105701,ba79d293-bf42-48b6-a868-5249f4beeb76,0.11,false,false,near_mint,en,USD,2025-09-02T04:39:03.619Z
Trade Binder,binder,Absolute Virtue,FIN,Final Fantasy,212,normal,mythic,1,105689,aa192912-c9ee-403f-8a46-a338c9edb4b9,3.33,false,false,near_mint,en,USD,2025-09-02T04:39:03.619Z
Bulk Box,binder,Laughing Mad,FIN,Final Fantasy,143,foil,common,1,106168,cd5b9daf-6325-4eb4-a069-4a8cc7807884,0.17,false,false,near_mint,en,USD,2025-09-02T04:39:03.619Z
Bulk Box,binder,Red Mage's Rapier,FIN,Final Fantasy,152,normal,common,3,106669,e0579955-75f9-47a9-8b03-e287d120826a,0.08,false,false,near_mint,en,USD,2025-09-02T04:39:03.619Z
Bulk Box,binder,Black Mage's Rod,FIN,Final Fantasy,90,normal,common,2,105591,35e8f140-055f-4fc7-a765-fb030d828214,0.15,false,false,near_mint,en,USD,2025-09-02T04:39:03.619Z
Bulk Box,binder,The Gold Saucer,FIN,Final Fantasy,279,normal,uncommon,2,106551,5363c881-443d-43df-afd8-f81e1a1741a2,0.17,false,false,near_mint,en,USD,2025-09-02T04:39:03.619Z
Bulk Box,binder,Suplex,FIN,Final Fantasy,164,foil,common,1,106376,f61693a2-7042-44e0-85ba-9bf12ab94e7e,0.28,false,false,near_mint,en,USD,2025-09-02T04:39:03.619Z
Bulk Box,binder,"Baron, Airship Kingdom",FIN,Final Fantasy,273,normal,common,5,106570,6e4bf840-802d-47d5-bffd-8ba495e19cf6,0.1,false,false,near_mint,en,USD,2025-09-02T04:39:03.619Z
Bulk Box,binder,Queen Brahne,FIN,Final Fantasy,149,normal,uncommon,1,106414,c38c98bb-74c9-460f-9997-ea5c5f922347,0.16,false,false,near_mint,en,USD,2025-09-02T04:39:03.619Z
Bulk Box,binder,Prishe's Wanderings,FIN,Final Fantasy,193,normal,common,5,106658,d6e1dee0-e2cd-4899-a3ea-7d0df717c9ab,0.1,false,false,near_mint,en,USD,2025-09-02T04:39:03.619Z
Bulk Box,binder,Fate of the Sun-Cryst,FIN,Final Fantasy,19,normal,common,3,106287,900cdf11-b42e-4dcc-97c3-2e4d8e406a70,0.05,false,false,near_mint,en,USD,2025-09-02T04:39:03.619Z
Bulk Box,binder,Mountain,FIN,Final Fantasy,305,normal,common,3,105745,ea1735b9-fd10-4c9c-b9d3-046d8c22b852,0.17,false,false,near_mint,en,USD,2025-09-02T04:39:03.619Z
Bulk Box,binder,"Jill, Shiva's Dominant // Shiva, Warden of Ice",FIN,Final Fantasy,58,normal,rare,1,105564,1f163763-4802-4a96-a5bc-f3c381db7b5c,0.49,false,false,near_mint,en,USD,2025-09-02T04:39:03.619Z
Bulk Box,binder,"Tidus, Blitzball Star",FIN,Final Fantasy,246,normal,uncommon,2,106447,aa851d68-a7a4-48c0-9cd7-d3d2e079f3a1,0.14,false,false,near_mint,en,USD,2025-09-02T04:39:03.619Z
Bulk Box,binder,Samurai's Katana,FIN,Final Fantasy,154,normal,uncommon,2,106267,11f1d378-c78c-402a-ac46-2d32598c23e7,0.09,false,false,near_mint,en,USD,2025-09-02T04:39:03.619Z
Bulk Box,binder,Weapons Vendor,FIN,Final Fantasy,40,normal,common,3,106651,c9e6b374-3e44-4df7-b0a3-4ef98dc08267,0.09,false,false,near_mint,en,USD,2025-09-02T04:39:03.619Z
Bulk Box,binder,"Vanille, Cheerful l'Cie",FIN,Final Fantasy,211,normal,uncommon,2,105667,91226c1a-63a0-494e-bcf0-77c2d6f49213,0.12,false,false,near_mint,en,USD,2025-09-02T04:39:03.619Z
Bulk Box,binder,Restoration Magic,FIN,Final Fantasy,30,normal,uncommon,1,106543,494e68e9-ecba-4482-82bc-207ad59144c1,0.7,false,false,near_mint,en,USD,2025-09-02T04:39:03.619Z
Bulk Box,binder,Town Greeter,FIN,Final Fantasy,209,normal,common,1,105610,49cd4efa-4df4-4257-9a42-60330f7781e2,0.08,false,false,near_mint,en,USD,2025-09-02T04:39:03.619Z
Bulk Box,binder,Shinra Reinforcements,FIN,Final Fantasy,118,normal,common,3,106282,7367b257-1a8c-4593-a307-7116e36e0342,0.07,false,false,near_mint,en,USD,2025-09-02T04:39:03.619Z
Bulk Box,binder,Haste Magic,FIN,Final Fantasy,140,normal,common,2,106402,3af9d100-70ee-4c6c-a762-11a0c4f3ef6f,0.13,false,false,near_mint,en,USD,2025-09-02T04:39:03.619Z
Bulk Box,binder,Sage's Nouliths,FIN,Final Fantasy,70,normal,common,2,106088,a12ff7c3-6ae0-4098-9240-ff3fd16a5288,0.09,false,false,near_mint,en,USD,2025-09-02T04:39:03.619Z
Bulk Box,binder,Fight On!,FIN,Final Fantasy,100,foil,common,1,106673,e1b0739a-dcc4-4034-96d7-69e551b2f36b,0.23,false,false,near_mint,en,USD,2025-09-02T04:39:03.619Z
Bulk Box,binder,"Sharlayan, Nation of Scholars",FIN,Final Fantasy,288,foil,common,2,106579,7a745b5e-cdb8-4d05-ac5c-87be69536da6,0.22,false,false,near_mint,en,USD,2025-09-02T04:39:03.619Z
Bulk Box,binder,"Stiltzkin, Moogle Merchant",FIN,Final Fantasy,34,normal,rare,1,103775,06a972a4-0c1b-4f12-a5a5-fdea47c4cd35,0.2,false,false,near_mint,en,USD,2025-09-02T04:39:03.619Z
Bulk Box,binder,"Ultros, Obnoxious Octopus",FIN,Final Fantasy,83,normal,uncommon,2,106515,14379198-9a0a-4853-9d51-fb074a24b1c0,0.07,false,false,near_mint,en,USD,2025-09-02T04:39:03.619Z
Bulk Box,binder,"Shantotto, Tactician Magician",FIN,Final Fantasy,241,normal,uncommon,1,105752,eff984b2-6ea9-4471-91c5-99c47f87f10b,0.11,false,false,near_mint,en,USD,2025-09-02T04:39:03.619Z
Bulk Box,binder,Ring of the Lucii,FIN,Final Fantasy,269,normal,uncommon,2,106576,75761f1e-9449-4c58-8265-8abac71dafc1,0.17,false,false,near_mint,en,USD,2025-09-02T04:39:03.619Z
Bulk Box,binder,Phantom Train,FIN,Final Fantasy,110,normal,uncommon,1,106350,7a50d2ac-101d-41e1-b400-18fa7d2d7125,0.09,false,false,near_mint,en,USD,2025-09-02T04:39:03.619Z
Bulk Box,binder,World Map,FIN,Final Fantasy,270,normal,common,5,106572,70d9ab99-ec8a-402e-ba1d-ffa6c4c84a3f,0.17,false,false,near_mint,en,USD,2025-09-02T04:39:03.619Z
Bulk Box,binder,Hill Gigas,FIN,Final Fantasy,141,normal,common,3,106529,2a8b3e1e-5c10-4360-ac1c-83b2e026278c,0.05,false,false,near_mint,en,USD,2025-09-02T04:39:03.619Z
Bulk Box,binder,Blitzball Shot,FIN,Final Fantasy,176,normal,common,3,106417,ec8ab637-3d7d-4712-9f83-8920f808f715,0.08,false,false,near_mint,en,USD,2025-09-02T04:39:03.619Z
Bulk Box,binder,Resentful Revelation,FIN,Final Fantasy,114,normal,common,2,106598,945006ea-c6a1-4ee5-abb2-387c2b6d3123,0.12,false,false,near_mint,en,USD,2025-09-02T04:39:03.619Z
Bulk Box,binder,Thunder Magic,FIN,Final Fantasy,165,normal,common,2,106610,9f2b202c-91da-40ec-8324-6b6be7cb3bc8,0.15,false,false,near_mint,en,USD,2025-09-02T04:39:03.619Z
Bulk Box,binder,Dwarven Castle Guard,FIN,Final Fantasy,18,normal,common,2,106454,e17c0d27-e88d-4ba9-acbb-3f916cee3d7e,0.04,false,false,near_mint,en,USD,2025-09-02T04:39:03.619Z
Bulk Box,binder,Ice Magic,FIN,Final Fantasy,56,normal,common,2,105677,9dabd626-7ec3-4913-babb-d5d3fd5e32d5,0.08,false,false,near_mint,en,USD,2025-09-02T04:39:03.619Z
Bulk Box,binder,Relentless X-ATM092,FIN,Final Fantasy,268,foil,uncommon,1,106671,e09ee4c9-85ef-4d1e-864b-d659b8e8f51d,0.21,false,false,near_mint,en,USD,2025-09-02T04:39:03.619Z
Bulk Box,binder,Ignis Scientia,FIN,Final Fantasy,227,normal,uncommon,1,106627,ab4f9721-5b2c-4371-98a5-3f6714265e57,0.1,false,false,near_mint,en,USD,2025-09-02T04:39:03.619Z
Bulk Box,binder,Demon Wall,FIN,Final Fantasy,97,normal,uncommon,1,106514,13abd96c-d1af-43d0-b3a4-ac3db20e3b51,0.17,false,false,near_mint,en,USD,2025-09-02T04:39:03.619Z
Bulk Box,binder,Ambrosia Whiteheart,FIN,Final Fantasy,6,normal,uncommon,2,106459,f2596767-7d19-4110-86ed-3cfc93ac7483,0.15,false,false,near_mint,en,USD,2025-09-02T04:39:03.619Z
Bulk Box,binder,Light Up the Stage,FCA,Final Fantasy: Through the Ages,39,normal,uncommon,2,106407,686150d8-1d01-4c4f-8e4d-61ada78d6859,0.23,false,false,near_mint,en,USD,2025-09-02T04:39:03.619Z
Trade Binder,binder,"Lindblum, Industrial Regency // Mage Siege",FIN,Final Fantasy,285,normal,rare,2,106405,548dd152-f0b6-4e8f-9afc-a4ec1671b648,1.73,false,false,near_mint,en,USD,2025-09-02T04:39:03.619Z
Bulk Box,binder,Gladiolus Amicitia,FIN,Final Fantasy,224,normal,uncommon,1,105177,442957fc-045d-4db6-b82a-445f172d23e4,0.11,false,false,near_mint,en,USD,2025-09-02T04:39:03.619Z
Bulk Box,binder,Thief's Knife,FIN,Final Fantasy,81,normal,uncommon,2,106645,c2dcfd0a-3f52-4616-a09a-fd2db8b6b93e,0.14,false,false,near_mint,en,USD,2025-09-02T04:39:03.619Z
Bulk Box,binder,Battle Menu,FIN,Final Fantasy,9,normal,uncommon,1,106523,240e1466-bd02-423d-b829-234dcd2bfab2,0.19,false,false,near_mint,en,USD,2025-09-02T04:39:03.619Z
Bulk Box,binder,Qutrub Forayer,FIN,Final Fantasy,112,normal,common,5,106575,7475ecf6-23f5-45af-9ef0-ac7923bbc9cb,0.04,false,false,near_mint,en,USD,2025-09-02T04:39:03.619Z
Bulk Box,binder,Airship Crash,FIN,Final Fantasy,171,normal,common,4,106680,ec91c4e4-711f-464d-bc83-e6813f4fdcdb,0.06,false,false,near_mint,en,USD,2025-09-02T04:39:03.619Z
Bulk Box,binder,Namazu Trader,FIN,Final Fantasy,107,normal,common,4,106248,f9d25b34-990d-416c-aef7-1b5a73f19dd4,0.08,false,false,near_mint,en,USD,2025-09-02T04:39:03.619Z
Bulk Box,binder,Suplex,FIN,Final Fantasy,164,normal,common,5,106376,f61693a2-7042-44e0-85ba-9bf12ab94e7e,0.16,false,false,near_mint,en,USD,2025-09-02T04:39:03.619Z
Bulk Box,binder,Cloudbound Moogle,FIN,Final Fantasy,11,normal,common,3,106283,7387bca7-f496-45da-a0ac-6be049303a8f,0.08,false,false,near_mint,en,USD,2025-09-02T04:39:03.619Z
Bulk Box,binder,Forest,FIN,Final Fantasy,306,normal,common,2,105707,be72862d-d71e-4b18-98a6-59019399f631,0.25,false,false,near_mint,en,USD,2025-09-02T04:39:03.619Z
Bulk Box,binder,"Gohn, Town of Ruin",FIN,Final Fantasy,278,normal,common,1,106602,99582781-613e-4a33-aec7-7569b4a961aa,0.1,false,false,near_mint,en,USD,2025-09-02T04:39:03.619Z
Bulk Box,binder,Goobbue Gardener,FIN,Final Fantasy,188,foil,common,1,106636,b7c3544a-5dd5-423e-8a40-ac4803db8adc,0.16,false,false,near_mint,en,USD,2025-09-02T04:39:03.619Z
Bulk Box,binder,Warrior's Sword,FIN,Final Fantasy,169,normal,common,2,106296,cb98a7dd-542e-4448-b3bb-ff5d67a36535,0.04,false,false,near_mint,en,USD,2025-09-02T04:39:03.619Z
Bulk Box,binder,Magitek Infantry,FIN,Final Fantasy,25,normal,common,4,106635,b64dc6d7-dd01-4e66-9099-4c90865448df,0.06,false,false,near_mint,en,USD,2025-09-02T04:39:03.619Z
Bulk Box,binder,Inquisitive Glimmer,DSK,Duskmourn: House of Horror,217,foil,uncommon,1,98752,f1f66e3e-9f1f-4601-aa30-30b66805a5a8,0.28,false,false,near_mint,en,USD,2025-09-02T04:39:03.619Z
Bulk Box,binder,Gloomlake Verge,DSK,Duskmourn: House of Horror,260,normal,rare,1,98717,83f510b7-4cbd-4883-9c26-c8824bc668ac,14.75,false,false,near_mint,en,USD,2025-09-02T04:39:03.619Z
Bulk Box,binder,Keys to the House,DSK,Duskmourn: House of Horror,251,normal,uncommon,1,99246,8c11a413-7f33-4b63-bdd9-e143e529f56d,0.04,false,false,near_mint,en,USD,2025-09-02T04:39:03.619Z
Bulk Box,binder,Osseous Sticktwister,DSK,Duskmourn: House of Horror,112,normal,uncommon,1,98971,4f43473e-1302-4543-b331-1a86cfbc3ced,0.11,false,false,near_mint,en,USD,2025-09-02T04:39:03.619Z
Bulk Box,binder,Intruding Soulrager,DSK,Duskmourn: House of Horror,218,normal,uncommon,1,98898,adffc298-0219-4807-ab05-d94460e767bc,0.03,false,false,near_mint,en,USD,2025-09-02T04:39:03.619Z
Bulk Box,binder,Grand Entryway // Elegant Rotunda,DSK,Duskmourn: House of Horror,15,normal,common,2,98938,ef8a8ba7-f955-425d-9a16-816fc48a2a83,0.04,false,false,near_mint,en,USD,2025-09-02T04:39:03.619Z
Bulk Box,binder,Flesh Burrower,DSK,Duskmourn: House of Horror,178,normal,common,1,98831,60499c90-a512-4abb-98eb-0735a7138421,0.06,false,false,near_mint,en,USD,2025-09-02T04:39:03.619Z
Bulk Box,binder,Fear of Lost Teeth,DSK,Duskmourn: House of Horror,97,normal,common,1,98613,259045fe-f349-4be1-bf29-465d084ed35e,0.03,false,false,near_mint,en,USD,2025-09-02T04:39:03.619Z
Bulk Box,binder,Found Footage,DSK,Duskmourn: House of Horror,246,normal,common,2,98899,b12eb087-762e-4e7d-a6e0-f48df603b7c7,0.04,false,false,near_mint,en,USD,2025-09-02T04:39:03.619Z
Bulk Box,binder,Turn Inside Out,DSK,Duskmourn: House of Horror,160,normal,common,2,98707,57e2a92c-06d3-4cb5-883d-cba428a7e98e,0.07,false,false,near_mint,en,USD,2025-09-02T04:39:03.619Z
Bulk Box,binder,Jump Scare,DSK,Duskmourn: House of Horror,17,normal,common,1,98993,a2dd8903-31ca-470d-b2ff-280f6d40c794,0.04,false,false,near_mint,en,USD,2025-09-02T04:39:03.619Z
Bulk Box,binder,Vicious Clown,DSK,Duskmourn: House of Horror,163,normal,common,1,98780,12649f73-9d29-4eed-bc89-cc0d1a8969e3,0.03,false,false,near_mint,en,USD,2025-09-02T04:39:03.619Z
Bulk Box,binder,Hardened Escort,DSK,Duskmourn: House of Horror,16,normal,common,1,98779,12054e10-46d6-4581-a7e5-ff277cb0e229,0.03,false,false,near_mint,en,USD,2025-09-02T04:39:03.619Z
Bulk Box,binder,Ripchain Razorkin,DSK,Duskmourn: House of Horror,154,normal,common,2,99402,effad662-3309-434c-addc-4394db1f359c,0.04,false,false,near_mint,en,USD,2025-09-02T04:39:03.619Z
Bulk Box,binder,Fear of the Dark,DSK,Duskmourn: House of Horror,98,normal,common,1,98866,8700eb8d-1cc0-45ff-b769-c875ee6500ea,0.05,false,false,near_mint,en,USD,2025-09-02T04:39:03.619Z
Bulk Box,binder,Manifest Dread,DSK,Duskmourn: House of Horror,189,normal,common,1,98994,a649265b-6c32-49e7-b6cb-6086c40d26e8,0.03,false,false,near_mint,en,USD,2025-09-02T04:39:03.619Z
Bulk Box,binder,Unable to Scream,DSK,Duskmourn: House of Horror,78,normal,common,1,98853,7c59e0cd-10a8-4a32-9c0a-a2c6ef1ed9a6,0.18,false,false,near_mint,en,USD,2025-09-02T04:39:03.619Z
Bulk Box,binder,Clockwork Percussionist,DSK,Duskmourn: House of Horror,130,normal,common,1,98695,10986e5a-9fc6-41e2-8352-289328245171,0.09,false,false,near_mint,en,USD,2025-09-02T04:39:03.619Z
Bulk Box,binder,Smoky Lounge // Misty Salon,DSK,Duskmourn: House of Horror,235,normal,uncommon,1,98621,4700987d-fc55-44eb-bc9f-0e0316ca65e2,0.04,false,false,near_mint,en,USD,2025-09-02T04:39:03.619Z
Bulk Box,binder,Fear of Falling,DSK,Duskmourn: House of Horror,56,normal,uncommon,1,98771,0e814e48-cd9d-428f-90e2-74d97cb9c8f1,0.03,false,false,near_mint,en,USD,2025-09-02T04:39:03.619Z
Bulk Box,binder,Cathartic Parting,DSK,Duskmourn: House of Horror,171,normal,uncommon,1,98983,6afc250a-854d-4555-ba78-db9283fa7c22,0.05,false,false,near_mint,en,USD,2025-09-02T04:39:03.619Z
Bulk Box,binder,Peer Past the Veil,DSK,Duskmourn: House of Horror,226,normal,rare,1,98649,874eadb6-602e-47dc-8094-82e37ac89c94,0.1,false,false,near_mint,en,USD,2025-09-02T04:39:03.619Z
Bulk Box,binder,Strangled Cemetery,DSK,Duskmourn: House of Horror,268,normal,common,1,98666,c1ce9250-bdbe-4c77-9243-6db9ffffe69b,0.08,false,false,near_mint,en,USD,2025-09-02T04:39:03.619Z
Bulk Box,binder,Winter's Intervention,DSK,Duskmourn: House of Horror,123,foil,common,1,99302,b33d38fa-bbcf-4bcc-93a8-adbfd9c93faa,0.03,false,false,near_mint,en,USD,2025-09-02T04:39:03.619Z
Bulk Box,binder,Rydia's Return,FIN,Final Fantasy,198,normal,uncommon,4,106718,40a06165-2835-4610-86a1-7f684992fcf2,0.09,false,false,near_mint,en,USD,2025-09-02T04:39:03.619Z
Bulk Box,binder,Goobbue Gardener,FIN,Final Fantasy,188,normal,common,7,106636,b7c3544a-5dd5-423e-8a40-ac4803db8adc,0.06,false,false,near_mint,en,USD,2025-09-02T04:39:03.619Z
Bulk Box,binder,"Gongaga, Reactor Town",FIN,Final Fantasy,280,normal,common,3,106580,7beccfa6-3e4b-4460-954e-870cb39e462d,0.1,false,false,near_mint,en,USD,2025-09-02T04:39:03.619Z
Bulk Box,binder,Retrieve the Esper,FIN,Final Fantasy,68,normal,common,4,106301,ebd733f0-8883-434a-b36c-ef76b091fe8e,0.03,false,false,near_mint,en,USD,2025-09-02T04:39:03.619Z
Bulk Box,binder,Scorpion Sentinel,FIN,Final Fantasy,72,normal,common,7,106503,08ab5220-e5c1-472e-8217-97fd60e1773c,0.05,false,false,near_mint,en,USD,2025-09-02T04:39:03.619Z
Bulk Box,binder,Adventurer's Inn,FIN,Final Fantasy,271,normal,common,4,105754,f0da2ee1-986e-4cbf-92eb-d96fdb572ca5,0.18,false,false,near_mint,en,USD,2025-09-02T04:39:03.619Z
Bulk Box,binder,The Regalia,FIN,Final Fantasy,267,normal,rare,2,106665,dc420e79-c483-474f-97cd-e9c6a636c306,1.73,false,false,near_mint,en,USD,2025-09-02T04:39:03.619Z
Bulk Box,binder,Blitzball,FIN,Final Fantasy,254,normal,common,5,106723,92f4ad73-42bf-45c0-8bb6-0b44043c81ef,0.12,false,false,near_mint,en,USD,2025-09-02T04:39:03.619Z
Bulk Box,binder,Item Shopkeep,FIN,Final Fantasy,142,normal,common,6,106293,bd2db3f5-fd0d-4817-af90-6bea1f07e16b,0.06,false,false,near_mint,en,USD,2025-09-02T04:39:03.619Z
Bulk Box,binder,"Exdeath, Void Warlock // Neo Exdeath, Dimension's End",FIN,Final Fantasy,220,normal,uncommon,3,106520,1b4bab87-4000-461d-8b58-d34928fee305,0.1,false,false,near_mint,en,USD,2025-09-02T04:39:03.619Z
Bulk Box,binder,Vincent's Limit Break,FIN,Final Fantasy,126,normal,common,6,106499,0502c426-5271-4989-8598-5bc159afe79c,0.1,false,false,near_mint,en,USD,2025-09-02T04:39:03.619Z
Bulk Box,binder,Loporrit Scout,FIN,Final Fantasy,192,normal,common,2,106612,a182bc66-bfda-4bf5-bd12-3de5dba60945,0.05,false,false,near_mint,en,USD,2025-09-02T04:39:03.619Z
Bulk Box,binder,Summon: Choco/Mog,FIN,Final Fantasy,35,normal,common,7,106493,00546117-018a-4286-bc20-b5446c5be56f,0.08,false,false,near_mint,en,USD,2025-09-02T04:39:03.619Z
Bulk Box,binder,Cloud of Darkness,FIN,Final Fantasy,217,normal,uncommon,4,106614,a292094a-674a-401f-8776-ba5ebe57c946,0.08,false,false,near_mint,en,USD,2025-09-02T04:39:03.619Z
Bulk Box,binder,Stolen Uniform,FIN,Final Fantasy,75,normal,uncommon,4,106510,0d80c511-2f4d-4f77-8143-7b49b2b19fae,0.05,false,false,near_mint,en,USD,2025-09-02T04:39:03.619Z
Bulk Box,binder,Monk's Fist,FIN,Final Fantasy,265,normal,common,4,106601,995033f0-873d-4e46-b0c9-98ec8ef270ff,0.05,false,false,near_mint,en,USD,2025-09-09T00:52:29.576Z
Bulk Box,binder,Crossroads Village,FIN,Final Fantasy,276,normal,common,1,106561,64db46d4-f91f-49cc-971c-b8e19f0c4ea9,0.1,false,false,near_mint,en,USD,2025-09-09T00:52:29.576Z
Bulk Box,binder,Galuf's Final Act,FIN,Final Fantasy,186,normal,uncommon,2,106266,0ce05634-6c01-4941-a135-904cb4e33ac4,0.1,false,false,near_mint,en,USD,2025-09-09T00:52:29.576Z
Bulk Box,binder,Prompto Argentum,FIN,Final Fantasy,148,normal,uncommon,2,106546,4c617bcd-05f8-40c2-bb38-489bc863ce6b,0.08,false,false,near_mint,en,USD,2025-09-09T00:52:29.576Z
Bulk Box,binder,"Treno, Dark City",FIN,Final Fantasy,290,normal,common,3,106686,f6285535-bc44-4274-a886-b14d7c7aaba8,0.08,false,false,near_mint,en,USD,2025-09-09T00:52:29.576Z
Bulk Box,binder,Qiqirn Merchant,FIN,Final Fantasy,65,normal,common,2,106623,a75a6ecc-a6a5-462c-bd92-ae57dde9b965,0.05,false,false,near_mint,en,USD,2025-09-09T00:52:29.576Z
Bulk Box,binder,Slash of Light,FIN,Final Fantasy,32,normal,common,2,106662,da6d9529-3cb0-4adc-8209-b9b02db3bf54,0.09,false,false,near_mint,en,USD,2025-09-09T00:52:29.576Z
Bulk Box,binder,Laughing Mad,FIN,Final Fantasy,143,normal,common,5,106168,cd5b9daf-6325-4eb4-a069-4a8cc7807884,0.13,false,false,near_mint,en,USD,2025-09-09T00:52:29.576Z
Bulk Box,binder,Wizard,TFIN,Final Fantasy Tokens,15,normal,common,1,106211,e27f28ec-d5e7-4415-96cc-b666cdecae08,,false,false,near_mint,en,USD,2025-09-09T00:52:29.576Z
Bulk Box,binder,"Golbez, Crystal Collector",FIN,Final Fantasy,225,normal,rare,1,106584,849f5716-7211-4e93-a220-f88d49f937f4,0.36,false,false,near_mint,en,USD,2025-09-09T00:52:29.576Z
Bulk Box,binder,Summon: Anima,FIN,Final Fantasy,120,normal,uncommon,1,106356,aa4f6703-21f8-4c29-ad5a-5afb54188ade,0.11,false,false,near_mint,en,USD,2025-09-09T00:52:29.576Z
Bulk Box,binder,Gaelicat,FIN,Final Fantasy,22,normal,common,6,106528,29606c49-e1a4-49c3-883b-9122c08bbbc7,0.05,false,false,near_mint,en,USD,2025-09-09T00:52:29.576Z
Bulk Box,binder,Balamb T-Rexaur,FIN,Final Fantasy,173,normal,common,5,106456,e5857b1b-73bc-458e-b26b-7ed8bef785f3,0.09,false,false,near_mint,en,USD,2025-09-09T00:52:29.576Z
Bulk Box,binder,Ahriman,FIN,Final Fantasy,87,normal,common,3,106517,162a415c-5465-497e-8f4e-c6f09681641d,0.09,false,false,near_mint,en,USD,2025-09-09T00:52:29.576Z
Bulk Box,binder,Summon: G.F. Ifrit,FIN,Final Fantasy,163,normal,common,3,106648,c6c73092-5195-4bdc-b039-a699f6e297b2,0.08,false,false,near_mint,en,USD,2025-09-09T00:52:29.576Z
Trade Binder,binder,Nibelheim Aflame,FIN,Final Fantasy,146,normal,mythic,1,106337,3d3e926a-74af-4996-849f-d31e0fdedeae,4.76,false,false,near_mint,en,USD,2025-09-09T00:52:29.576Z
Trade Binder,binder,The Water Crystal,FIN,Final Fantasy,85,normal,rare,1,106453,e0af8436-797b-4e1f-b21a-d8e93701c3c9,2.17,false,false,near_mint,en,USD,2025-09-09T00:52:29.576Z
Trade Binder,binder,"Ardyn, the Usurper",FIN,Final Fantasy,315,normal,rare,1,105602,41ae833d-77ee-4876-8990-591ae0d800ab,2.92,false,false,near_mint,en,USD,2025-09-09T00:52:29.576Z
Bulk Box,binder,Dragoon's Wyvern,FIN,Final Fantasy,49,normal,common,5,105729,d92bce20-308e-4841-aaf8-8e20698292e7,0.05,false,false,near_mint,en,USD,2025-09-09T00:52:29.576Z
Bulk Box,binder,Capital City,FIN,Final Fantasy,274,normal,uncommon,4,106379,f73ce8ec-c916-48eb-ae20-c0d6d03d7145,0.11,false,false,near_mint,en,USD,2025-09-09T00:52:29.576Z
Bulk Box,binder,Stromkirk Captain,VOC,Crimson Vow Commander,157,normal,uncommon,1,64513,2f053406-d2e4-4443-81f1-025e3b27c65a,0.76,false,false,near_mint,en,USD,2025-09-11T15:19:55.218Z
Bulk Box,binder,Red Herring,MKM,Murders at Karlov Manor,142,foil,common,1,90942,6c137a44-9ab6-4e59-8324-34d9dca8f5a6,0.08,false,false,near_mint,en,USD,2025-09-11T15:19:55.218Z
Bulk Box,binder,Soul Enervation,MKM,Murders at Karlov Manor,106,normal,uncommon,1,90951,6f22ac67-06ce-47cc-a515-d216d30b9cae,0.07,false,false,near_mint,en,USD,2025-09-11T15:19:55.218Z
Bulk Box,binder,Fuss // Bother,MKM,Murders at Karlov Manor,248,normal,uncommon,1,90731,269a031e-0b89-40e1-b11b-ae870d72161c,0.06,false,false,near_mint,en,USD,2025-09-11T15:19:55.218Z
Bulk Box,binder,The Chase Is On,MKM,Murders at Karlov Manor,304,normal,common,1,91027,87d5d312-8664-4690-9823-8be4d1c06cd0,0.04,false,false,near_mint,en,USD,2025-09-11T15:19:55.218Z
Bulk Box,binder,Public Thoroughfare,MKM,Murders at Karlov Manor,265,normal,common,1,90703,1f8b915f-3e82-4b05-b963-01ebff7a8f7b,0.06,false,false,near_mint,en,USD,2025-09-11T15:19:55.218Z
Bulk Box,binder,Bite Down on Crime,MKM,Murders at Karlov Manor,154,normal,common,1,90742,29bbfe93-8225-444c-835b-33ffa006ef66,0.03,false,false,near_mint,en,USD,2025-09-11T15:19:55.218Z
Bulk Box,binder,Alley Assailant,MKM,Murders at Karlov Manor,76,normal,common,1,91293,edf238c9-61de-4f3a-b82f-05af46e5e81b,0.03,false,false,near_mint,en,USD,2025-09-11T15:19:55.218Z
Bulk Box,binder,Goblin Maskmaker,MKM,Murders at Karlov Manor,130,normal,common,1,90917,6154a991-c602-4fca-91a3-3830060da60e,0.02,false,false,near_mint,en,USD,2025-09-11T15:19:55.218Z
Bulk Box,binder,Crimestopper Sprite,MKM,Murders at Karlov Manor,49,normal,common,1,91243,dc4ac597-38f0-48b5-ac2d-dfb0b169f834,0.02,false,false,near_mint,en,USD,2025-09-11T15:19:55.218Z
Bulk Box,binder,Mountain,MKM,Murders at Karlov Manor,284,normal,common,1,91214,cd8a0cd6-8d3b-44bd-b609-c12fb851d17b,0.07,false,false,near_mint,en,USD,2025-09-11T15:19:55.218Z
Bulk Box,binder,Mystery Key,CLB,Commander Legends: Battle for Baldur's Gate,85,normal,uncommon,1,69143,8894a0f5-2e1d-474f-9400-bdaa91b19fda,0.09,false,false,near_mint,en,USD,2025-09-11T15:19:55.218Z
Bulk Box,binder,Snarling Gorehound,MKM,Murders at Karlov Manor,105,foil,common,1,91055,93ab3e11-8584-406f-b9ae-9e1df4396cbc,0.26,false,false,near_mint,en,USD,2025-09-11T15:19:55.218Z
Bulk Box,binder,Ill-Timed Explosion,MKM,Murders at Karlov Manor,207,normal,rare,1,90645,0b5cdb01-eaa4-4a0a-b42a-332bcf4d6fff,0.29,false,false,near_mint,en,USD,2025-09-11T15:19:55.218Z
Bulk Box,binder,Get a Leg Up,MKM,Murders at Karlov Manor,161,normal,uncommon,1,90786,34e61e0f-d0f3-492a-92f1-36f72a91583a,0.07,false,false,near_mint,en,USD,2025-09-11T15:19:55.218Z
Bulk Box,binder,Sumala Sentry,MKM,Murders at Karlov Manor,233,normal,uncommon,1,90803,3b9d4691-59d1-4e97-9b5d-8017788fbcb3,0.05,false,false,near_mint,en,USD,2025-09-11T15:19:55.218Z
Bulk Box,binder,Wrench,MKM,Murders at Karlov Manor,37,normal,uncommon,1,91183,c36cc39b-8f3b-4297-b118-86fa624308b4,0.03,false,false,near_mint,en,USD,2025-09-11T15:19:55.218Z
Bulk Box,binder,Fanatical Strength,MKM,Murders at Karlov Manor,159,normal,common,2,90841,4941fa74-c7b9-4468-8080-de8057d3d27b,0.05,false,false,near_mint,en,USD,2025-09-11T15:19:55.218Z
Bulk Box,binder,Sanitation Automaton,MKM,Murders at Karlov Manor,256,normal,common,1,90864,52608ba4-c47d-44e4-b624-dee2a3a42ae2,0.04,false,false,near_mint,en,USD,2025-09-11T15:19:55.218Z
Bulk Box,binder,Escape Tunnel,EOC,Edge of Eternities Commander,157,normal,common,1,107110,a0335da5-d754-480d-89d9-be6b8ca33fda,0.28,false,false,near_mint,en,USD,2025-09-11T15:19:55.218Z
Bulk Box,binder,Macabre Reconstruction,MKM,Murders at Karlov Manor,93,normal,common,1,91117,abb6184c-e3d0-4275-b25b-95e4a64b26f3,0.06,false,false,near_mint,en,USD,2025-09-11T15:19:55.218Z
Bulk Box,binder,Suspicious Detonation,MKM,Murders at Karlov Manor,145,normal,common,1,90948,6e280482-ed7e-4011-899e-096ff7bd4c41,0.02,false,false,near_mint,en,USD,2025-09-11T15:19:55.218Z
Bulk Box,binder,Behind the Mask,MKM,Murders at Karlov Manor,39,normal,common,1,91264,e522b043-fbd8-48a4-9f20-39e2a66a35ec,0.03,false,false,near_mint,en,USD,2025-09-11T15:19:55.218Z
Bulk Box,binder,Marketwatch Phantom,MKM,Murders at Karlov Manor,24,normal,common,1,91237,daf6a392-3fc4-45d1-b85d-3b1381b3ab7d,0.04,false,false,near_mint,en,USD,2025-09-11T15:19:55.218Z
Bulk Box,binder,Island,MKM,Murders at Karlov Manor,280,normal,common,1,91250,df18762d-9980-4344-9d4f-e9d2cd8e0456,0.04,false,false,near_mint,en,USD,2025-09-11T15:19:55.218Z
Bulk Box,binder,"Tesak, Judith's Hellhound",MKC,Murders at Karlov Manor Commander,36,normal,rare,1,90261,0e563c13-7204-4cda-9b62-d46931fabcef,0.19,false,false,near_mint,en,USD,2025-09-11T15:19:55.218Z
Bulk Box,binder,Blood Spatter Analysis,MKM,Murders at Karlov Manor,189,normal,rare,1,90748,2b80feb8-5cc8-4e91-ac22-a733305a67de,0.08,false,false,near_mint,en,USD,2025-09-11T15:19:55.218Z
Bulk Box,binder,Doppelgang,MKM,Murders at Karlov Manor,198,foil,rare,1,91089,a2daec58-78ed-4da5-b3b0-b04f12b0acbd,0.56,false,false,near_mint,en,USD,2025-09-11T15:19:55.218Z
Bulk Box,binder,Demand Answers,MKM,Murders at Karlov Manor,306,foil,common,1,90744,2a35d1cb-5a61-49b7-a124-e8713655e4c3,0.29,false,false,near_mint,en,USD,2025-09-11T15:19:55.218Z
Bulk Box,binder,Soul Enervation,MKM,Murders at Karlov Manor,302,normal,uncommon,1,91003,7ef61777-be03-40c5-be9c-d573cf025813,0.14,false,false,near_mint,en,USD,2025-09-11T15:19:55.218Z
Bulk Box,binder,Curious Cadaver,MKM,Murders at Karlov Manor,194,foil,uncommon,1,90737,2893aef8-835d-4935-b532-d8670585e489,0.05,false,false,near_mint,en,USD,2025-09-11T15:19:55.218Z
Bulk Box,binder,Festerleech,MKM,Murders at Karlov Manor,85,foil,uncommon,1,91017,83a6fa37-8351-403b-ae05-b67e9bf74bbb,0.07,false,false,near_mint,en,USD,2025-09-11T15:19:55.218Z
Bulk Box,binder,Exit Specialist,MKM,Murders at Karlov Manor,55,foil,uncommon,1,90730,268f142d-9fb1-4673-b804-add1f08dacb9,0.15,false,false,near_mint,en,USD,2025-09-11T15:19:55.218Z
Bulk Box,binder,Museum Nightwatch,MKM,Murders at Karlov Manor,25,normal,common,1,90790,37860682-4973-4a0f-a43a-3056037bd2dc,0.03,false,false,near_mint,en,USD,2025-09-11T15:19:55.218Z
Bulk Box,binder,Reasonable Doubt,MKM,Murders at Karlov Manor,69,foil,common,1,90732,270570a3-8637-4e4e-92d9-e985474cd5d2,0.11,false,false,near_mint,en,USD,2025-09-11T15:19:55.218Z
Bulk Box,binder,Agency Coroner,MKM,Murders at Karlov Manor,75,foil,common,1,91223,d63f2c23-e877-42e3-9362-5d003a173c6d,0.02,false,false,near_mint,en,USD,2025-09-11T15:19:55.218Z
Bulk Box,binder,Case of the Crimson Pulse,MKM,Murders at Karlov Manor,114,foil,rare,1,91157,bb18b1de-bc08-4522-b891-6117a8271534,0.42,false,false,near_mint,en,USD,2025-09-11T15:19:55.218Z
Bulk Box,binder,Drag the Canal,MKM,Murders at Karlov Manor,199,normal,rare,1,90860,508d7096-2be3-4d4b-a55c-d4dbd3c9019c,0.09,false,false,near_mint,en,USD,2025-09-11T15:19:55.218Z
Bulk Box,binder,Case of the Trampled Garden,MKM,Murders at Karlov Manor,156,normal,uncommon,1,91076,9e80f5c7-ae29-473c-ac64-04bcbc629385,0.05,false,false,near_mint,en,USD,2025-09-11T15:19:55.218Z
Bulk Box,binder,Buried in the Garden,MKM,Murders at Karlov Manor,191,normal,uncommon,1,90999,7e144609-e1f6-4bdc-8d14-b735ef4140d3,0.09,false,false,near_mint,en,USD,2025-09-11T15:19:55.218Z
Bulk Box,binder,The Chase Is On,MKM,Murders at Karlov Manor,116,normal,common,1,90693,1d54d596-f7aa-4b05-ab13-19b246698c04,0.04,false,false,near_mint,en,USD,2025-09-11T15:19:55.218Z
Bulk Box,binder,Cerebral Confiscation,MKM,Murders at Karlov Manor,81,normal,common,1,90804,3c3c3d15-b775-44a2-91ea-4abcc3cf2dba,0.07,false,false,near_mint,en,USD,2025-09-11T15:19:55.218Z
Bulk Box,binder,Rubblebelt Braggart,MKM,Murders at Karlov Manor,143,normal,common,1,91322,f90f8691-210a-4bf0-9fc2-fb2efcf057fb,0.02,false,false,near_mint,en,USD,2025-09-11T15:19:55.218Z
Bulk Box,binder,Jaded Analyst,MKM,Murders at Karlov Manor,62,normal,common,1,90735,2807dcfb-d99c-483b-835f-2606eae4bd30,0.03,false,false,near_mint,en,USD,2025-09-11T15:19:55.218Z
Bulk Box,binder,Novice Inspector,MKM,Murders at Karlov Manor,29,normal,common,1,90643,0ad38866-fc5f-4f62-89c1-afc0f50765aa,0.11,false,false,near_mint,en,USD,2025-09-11T15:19:55.218Z
Bulk Box,binder,Slime Against Humanity,MKM,Murders at Karlov Manor,177,normal,common,1,90698,1eb21318-d32e-4724-8908-c0d7613de2f4,1.96,false,false,near_mint,en,USD,2025-09-11T15:19:55.218Z
Bulk Box,binder,Case of the Filched Falcon,MKM,Murders at Karlov Manor,44,foil,uncommon,1,90729,266be5bd-71ba-4511-8b71-d0b03885a28d,0.2,false,false,near_mint,en,USD,2025-09-11T15:19:55.218Z
Bulk Box,binder,"Yarus, Roar of the Old Gods",MKM,Murders at Karlov Manor,245,normal,rare,1,90775,326845a7-7502-4dc3-8f3e-867d6c84e931,0.16,false,false,near_mint,en,USD,2025-09-11T15:19:55.218Z
Bulk Box,binder,Meddling Youths,MKM,Murders at Karlov Manor,219,normal,uncommon,1,91125,af12417c-b082-4379-a850-c72e2652c6fb,0.04,false,false,near_mint,en,USD,2025-09-11T15:19:55.218Z
Bulk Box,binder,Convenient Target,MKM,Murders at Karlov Manor,305,normal,uncommon,1,91254,e11c0f62-80a0-4e45-9ed2-295814475a3f,0.13,false,false,near_mint,en,USD,2025-09-11T15:19:55.218Z
Bulk Box,binder,Krovod Haunch,MKM,Murders at Karlov Manor,21,normal,uncommon,1,91315,f663cd86-39e6-467b-85b7-dd27536251a6,0.07,false,false,near_mint,en,USD,2025-09-11T15:19:55.218Z
Bulk Box,binder,On the Job,MKM,Murders at Karlov Manor,292,normal,common,1,90960,70a5571e-02cb-4aa4-926d-d04f5ab04f29,0.04,false,false,near_mint,en,USD,2025-09-11T15:19:55.218Z
Bulk Box,binder,Out Cold,MKM,Murders at Karlov Manor,66,normal,common,1,91114,aabfada0-3c1b-4237-b06c-573071ccd68d,0.02,false,false,near_mint,en,USD,2025-09-11T15:19:55.218Z
Bulk Box,binder,Shock,MKM,Murders at Karlov Manor,144,normal,common,1,90741,298747bb-eb40-4b58-bb22-4ac2bc1d795c,0.05,false,false,near_mint,en,USD,2025-09-11T15:19:55.218Z
Bulk Box,binder,Riftburst Hellion,MKM,Murders at Karlov Manor,228,normal,common,1,91081,9fae9044-a859-434d-8dc6-4f9d455ca5e1,0.03,false,false,near_mint,en,USD,2025-09-11T15:19:55.218Z
Bulk Box,binder,Defenestrated Phantom,MKM,Murders at Karlov Manor,11,normal,common,1,91037,8b284304-c3bf-4413-9fd3-b44eb4eb642a,0.03,false,false,near_mint,en,USD,2025-09-11T15:19:55.218Z
Bulk Box,binder,Topiary Panther,MKM,Murders at Karlov Manor,179,normal,common,1,90623,03d0365e-6dee-4236-a997-6761e3cde90d,0.07,false,false,near_mint,en,USD,2025-09-11T15:19:55.218Z
Bulk Box,binder,Extract a Confession,MKM,Murders at Karlov Manor,84,normal,common,1,90724,256c8b6e-4031-458b-8eb9-bbfe58405a0c,0.09,false,false,near_mint,en,USD,2025-09-11T15:19:55.218Z
Bulk Box,binder,Forest,MKM,Murders at Karlov Manor,276,foil,common,1,91009,8126b842-ea58-4988-8b3f-0394cf766b91,0.25,false,false,near_mint,en,USD,2025-09-11T15:19:55.218Z
Bulk Box,binder,"Lazav, Wearer of Faces",MKM,Murders at Karlov Manor,318,normal,rare,1,91105,a7f43e9f-8a0e-4534-ba4d-14cde33df864,0.25,false,false,near_mint,en,USD,2025-09-11T15:19:55.218Z
Bulk Box,binder,Clue,TMKM,Murders at Karlov Manor Tokens,16,foil,common,1,90719,233d3d41-1559-464a-a41e-096eb3b8a968,0.09,false,false,near_mint,en,USD,2025-09-11T15:19:55.218Z
Bulk Box,binder,Mountain,MKM,Murders at Karlov Manor,275,normal,common,1,90871,5383b66e-e559-47d2-9967-9c2d5f898653,0.25,false,false,near_mint,en,USD,2025-09-11T15:19:55.218Z
Trade Binder,binder,"Massacre Girl, Known Killer",MKM,Murders at Karlov Manor,94,normal,mythic,1,91206,cb1c8800-9d33-485c-b776-042003b9ea92,5.01,false,false,near_mint,en,USD,2025-09-11T15:19:55.218Z
Bulk Box,binder,Clue,TMKM,Murders at Karlov Manor Tokens,18,normal,common,1,91298,ef607895-d6d2-44ab-a6b4-84af55fce593,0.1,false,false,near_mint,en,USD,2025-09-11T15:19:55.218Z
Bulk Box,binder,Forest,MKM,Murders at Karlov Manor,276,normal,common,1,91009,8126b842-ea58-4988-8b3f-0394cf766b91,0.21,false,false,near_mint,en,USD,2025-09-11T15:19:55.218Z
Bulk Box,binder,Knife,MKM,Murders at Karlov Manor,134,normal,uncommon,1,91148,b6883788-e1ee-4ddd-add2-24d6bc367717,0.04,false,false,near_mint,en,USD,2025-09-11T15:19:55.218Z
Bulk Box,binder,Park Heights Pegasus,SNC,Streets of New Capenna,211,foil,rare,1,67974,bba250e8-1ceb-40f5-95f1-fb00a2a723eb,0.15,false,false,near_mint,en,USD,2025-09-11T15:19:55.218Z
Bulk Box,binder,"Krenko, Baron of Tin Street",MKM,Murders at Karlov Manor,350,normal,rare,1,91005,7fe8f3c6-934a-4819-8057-b8c80f2a8696,0.23,false,false,near_mint,en,USD,2025-09-11T15:19:55.218Z
Bulk Box,binder,Faerie Snoop,MKM,Murders at Karlov Manor,203,normal,common,2,90707,20267dab-8898-4b44-8ef4-8a239967662c,0.04,false,false,near_mint,en,USD,2025-09-11T15:19:55.218Z
Bulk Box,binder,Vitu-Ghazi Inspector,MKM,Murders at Karlov Manor,183,foil,common,2,90927,664d15d7-2724-4a9b-b5a7-8042d4b7da7b,0.09,false,false,near_mint,en,USD,2025-09-11T15:19:55.218Z
Bulk Box,binder,Pompous Gadabout,MKM,Murders at Karlov Manor,171,normal,uncommon,2,90946,6d803b93-c1df-4a02-9dbb-d347c841d4d7,0.02,false,false,near_mint,en,USD,2025-09-11T15:19:55.218Z
Bulk Box,binder,Moonrise Cleric,BLB,Bloomburrow,226,foil,common,1,95767,35f2a71f-31e8-4b51-9dd4-51a5336b3b86,0.07,false,false,near_mint,en,USD,2025-09-16T02:07:36.591Z
Bulk Box,binder,Plains,BLB,Bloomburrow,262,foil,common,1,95768,3663ff0c-d02f-49ac-bb88-6f0dbd684337,0.37,false,false,near_mint,en,USD,2025-09-16T02:07:36.591Z
Bulk Box,binder,Heirloom Epic,BLB,Bloomburrow,246,normal,uncommon,1,96061,7839ce48-0175-494a-ab89-9bdfb7a50cb1,0.08,false,false,near_mint,en,USD,2025-09-16T02:07:36.591Z
Bulk Box,binder,Heartfire Hero,BLB,Bloomburrow,138,normal,uncommon,1,95870,48ace959-66b2-40c8-9bff-fd7ed9c99a82,0.31,false,false,near_mint,en,USD,2025-09-16T02:07:36.591Z
Bulk Box,binder,Hazardroot Herbalist,BLB,Bloomburrow,174,normal,uncommon,1,96130,e2882982-b3a3-4762-a550-6b82db1038e8,0.08,false,false,near_mint,en,USD,2025-09-16T02:07:36.591Z
Bulk Box,binder,Fountainport Bell,BLB,Bloomburrow,245,normal,common,1,96094,a5c94bc0-a49d-451b-8e8d-64d46b8b8603,0.07,false,false,near_mint,en,USD,2025-09-16T02:07:36.591Z
Bulk Box,binder,Barkform Harvester,BLB,Bloomburrow,243,normal,common,2,95984,f77049a6-0f22-415b-bc89-20bcb32accf6,0.08,false,false,near_mint,en,USD,2025-09-16T02:07:36.591Z
Bulk Box,binder,Starlit Soothsayer,BLB,Bloomburrow,115,normal,common,1,95895,184c1eca-2991-438f-b5d2-cd2529b9c9b4,0.03,false,false,near_mint,en,USD,2025-09-16T02:07:36.591Z
Bulk Box,binder,Waterspout Warden,BLB,Bloomburrow,80,normal,common,1,95909,35898b39-98e2-405b-8f18-0e054bd2c29e,0.03,false,false,near_mint,en,USD,2025-09-16T02:07:36.591Z
Bulk Box,binder,Banishing Light,BLB,Bloomburrow,1,normal,common,1,96011,25a06f82-ebdb-4dd6-bfe8-958018ce557c,0.06,false,false,near_mint,en,USD,2025-09-16T02:07:36.591Z
Bulk Box,binder,Manifold Mouse,TBLB,Bloomburrow Tokens,18,normal,common,1,95886,f5067c54-0f31-40e6-9ead-5d0183c9f00a,0.33,false,false,near_mint,en,USD,2025-09-16T02:07:36.591Z
Bulk Box,binder,Roving Actuator,EOE,Edge of Eternities,157,foil,uncommon,2,107375,1111173b-ea49-4de4-b5b0-07d768c626b9,0.11,false,false,near_mint,en,USD,2025-09-16T20:20:14.158Z
Bulk Box,binder,Interceptor Mechan,EOE,Edge of Eternities,220,normal,uncommon,1,107235,198211af-f413-4e9b-9baf-4b4fcb81eadc,0.08,false,false,near_mint,en,USD,2025-09-16T20:20:14.158Z
Bulk Box,binder,Swamp,EOE,Edge of Eternities,271,normal,common,2,107024,58496a56-437f-4204-9691-f63795e5cdab,0.1,false,false,near_mint,en,USD,2025-09-16T20:20:14.158Z
Bulk Box,binder,Roving Actuator,EOE,Edge of Eternities,157,normal,uncommon,1,107375,1111173b-ea49-4de4-b5b0-07d768c626b9,0.05,false,false,near_mint,en,USD,2025-09-16T20:20:14.158Z
Bulk Box,binder,Molecular Modifier,EOE,Edge of Eternities,146,normal,uncommon,2,107739,7b80b9c9-a871-4c04-b8be-feb81a900591,0.05,false,false,near_mint,en,USD,2025-09-16T20:20:14.158Z
Bulk Box,binder,Hullcarver,EOE,Edge of Eternities,105,normal,common,1,107075,817b5b18-beb5-48c8-aa45-0515ff9ca5da,0.08,false,false,near_mint,en,USD,2025-09-16T20:20:14.158Z
Bulk Box,binder,Cut Propulsion,EOE,Edge of Eternities,130,normal,uncommon,1,107560,d96f1c41-3d11-48a8-b962-db46a2d054de,0.06,false,false,near_mint,en,USD,2025-09-16T20:20:14.158Z
Bulk Box,binder,Plasma Bolt,EOE,Edge of Eternities,152,normal,common,1,107307,a1a1834b-76c2-4496-b8c5-18b69ab34c4c,0.11,false,false,near_mint,en,USD,2025-09-16T20:20:14.158Z
Bulk Box,binder,Hymn of the Faller,EOE,Edge of Eternities,107,normal,uncommon,1,107568,e468d528-6cf0-4563-9da2-e388ba56cb9d,0.14,false,false,near_mint,en,USD,2025-09-16T20:20:14.158Z
Bulk Box,binder,Tragic Trajectory,EOE,Edge of Eternities,122,foil,uncommon,1,107063,78c8bc60-1378-4028-8ab1-3286e459bffb,0.67,false,false,near_mint,en,USD,2025-09-16T20:20:14.158Z
Bulk Box,binder,Zookeeper Mechan,EOE,Edge of Eternities,170,normal,common,1,107744,8d5cd0be-4337-4aba-a4f6-5adab7735a73,0.09,false,false,near_mint,en,USD,2025-09-16T20:20:14.158Z
Bulk Box,binder,Blade of the Swarm,EOE,Edge of Eternities,90,normal,uncommon,1,107604,b157330a-2652-4ed9-b8fa-8e72b4eda15c,0.04,false,false,near_mint,en,USD,2025-09-16T20:20:14.158Z
Bulk Box,binder,Meteor Crater,EOS,Edge of Eternities: Stellar Sights,26,normal,rare,1,107546,cc67cb3d-76ae-4394-9f45-41865b12edf5,1.04,false,false,near_mint,en,USD,2025-09-16T20:20:14.158Z
Bulk Box,binder,Nova Hellkite,EOE,Edge of Eternities,148,normal,rare,1,107011,424af0d0-398c-4d78-9ad5-2171bf1bcbd1,3.8,false,false,near_mint,en,USD,2025-09-16T20:20:14.158Z
Bulk Box,binder,Mountain,EOE,Edge of Eternities,273,foil,common,1,107028,5cd39b01-9a06-4575-9c63-9fb3ba9ef101,0.16,false,false,near_mint,en,USD,2025-09-16T20:20:14.158Z
Bulk Box,binder,Hylderblade,EOE,Edge of Eternities,106,normal,uncommon,1,107517,ac80cf18-0707-4358-bdd4-0c2b90d0a1d9,0.08,false,false,near_mint,en,USD,2025-09-16T20:20:14.158Z
Bulk Box,binder,"Araña, Heart of the Spider",SPM,Marvel's Spider-Man,123,foil,rare,2,108568,b02bfa0e-f761-45e1-b35c-f44ff7c5d0e8,0.95,false,false,near_mint,en,USD,2025-09-27T18:57:32.288Z
Bulk Box,binder,Mountain,SPM,Marvel's Spider-Man,197,normal,common,2,107687,fc5004db-8db3-4506-bb01-f41be7968824,0.08,false,false,near_mint,en,USD,2025-09-27T18:57:32.288Z
Bulk Box,binder,Strength of Will,SPM,Marvel's Spider-Man,118,normal,rare,2,108529,68f985c7-7765-46c3-ad31-edae3abb9fbf,0.89,false,false,near_mint,en,USD,2025-09-27T18:57:32.288Z
Bulk Box,binder,Estwald Shieldbasher,VOW,Innistrad: Crimson Vow,11,normal,common,1,64239,61c7d889-8cc0-4e80-b6d5-d41961820224,0.05,false,false,near_mint,en,USD,2025-10-28T15:23:25.246Z
Bulk Box,binder,Gryff Rider,VOW,Innistrad: Crimson Vow,15,normal,common,1,64211,5317077b-370e-41a9-9162-c713362fd7f4,0.06,false,false,near_mint,en,USD,2025-10-28T15:23:25.246Z
Bulk Box,binder,Sanctify,VOW,Innistrad: Crimson Vow,33,normal,common,1,64300,880e071a-6d6c-41c4-b2eb-c9e6626d0c7f,0.13,false,false,near_mint,en,USD,2025-10-28T15:23:25.246Z
Bulk Box,binder,Sigarda's Imprisonment,VOW,Innistrad: Crimson Vow,35,normal,common,1,64097,118995a6-8471-47ac-9404-700ce7fc46f6,0.05,false,false,near_mint,en,USD,2025-10-28T15:23:25.246Z
Bulk Box,binder,Stampeding Rhino,W17,Welcome Deck 2017,29,normal,common,1,5840,cd02ae80-4af6-4da1-ba3b-b56068c49785,0.07,false,false,near_mint,en,USD,2025-10-28T15:23:25.246Z
Bulk Box,binder,Mist Leopard,M10,Magic 2010,193,normal,common,1,23160,3f3a26c7-e028-4741-803d-6384925b8500,0.2,false,false,near_mint,en,USD,2025-10-28T15:23:25.246Z
Bulk Box,binder,Centaur Courser,M20,Core Set 2020,168,normal,common,1,45293,e8b67ee8-3189-4426-8b1a-b540267768fd,0.03,false,false,near_mint,en,USD,2025-10-28T15:23:25.246Z
Bulk Box,binder,Giant Spider,DMR,Dominaria Remastered,163,normal,common,1,77824,213c9202-b6f4-43ab-b57f-b97a1da5e263,0.05,false,false,near_mint,en,USD,2025-10-28T15:23:25.246Z
Bulk Box,binder,Teetering Peaks,ZEN,Zendikar,226,normal,common,1,22398,e56aca36-bb51-45e3-9ef9-9f9f2aa1e088,0.11,false,false,near_mint,en,USD,2025-10-28T15:23:25.246Z
Bulk Box,binder,Uncanny Speed,AVR,Avacyn Restored,163,normal,common,1,18115,1d7b747e-446a-4c25-9834-0be8476dc22d,0.06,false,false,near_mint,en,USD,2025-10-28T15:23:25.246Z
Bulk Box,binder,Scalding Devil,AVR,Avacyn Restored,155,normal,common,1,18123,bbe49a97-dac8-4273-b4dc-45cdf8f5a6e0,0.09,false,false,near_mint,en,USD,2025-10-28T15:23:25.246Z
Bulk Box,binder,Somberwald Vigilante,DDL,Duel Decks: Heroes vs. Monsters,2,normal,common,1,15763,45acf61c-0cc6-4f74-8c81-5ea4b8282e2a,0.04,false,false,near_mint,en,USD,2025-10-28T15:23:25.246Z
Bulk Box,binder,Bloodcrazed Socialite,VOW,Innistrad: Crimson Vow,96,normal,common,1,64305,8b12c378-1103-4a50-88fa-cf5a2deef463,0.09,false,false,near_mint,en,USD,2025-10-28T15:23:25.246Z
Bulk Box,binder,Bleed Dry,VOW,Innistrad: Crimson Vow,94,normal,common,1,64164,3db65755-f104-4de9-bcc9-0a4a7bc66b51,0.1,false,false,near_mint,en,USD,2025-10-28T15:23:25.246Z
Bulk Box,binder,Doomed Dissenter,VOW,Innistrad: Crimson Vow,106,normal,common,1,64479,f7c0cf16-81ea-45e3-99cc-4424d59bb44b,0.09,false,false,near_mint,en,USD,2025-10-28T15:23:25.246Z
Bulk Box,binder,Spell Shrivel,BFZ,Battle for Zendikar,66,normal,common,1,10285,efa110cb-f091-48f0-bc62-80f5f18568e8,0.03,false,false,near_mint,en,USD,2025-10-28T15:23:25.246Z
Bulk Box,binder,Coralhelm Guide,BBD,Battlebond,116,normal,common,1,1877,0389a652-4ca8-45ab-ab3f-624c8f2626f7,0.06,false,false,near_mint,en,USD,2025-10-28T15:23:25.246Z
Bulk Box,binder,Sluiceway Scorpion,RTR,Return to Ravnica,198,normal,common,1,17224,7b6dbadf-a6f7-4876-9c3f-44e4a33b2bee,0.04,false,false,near_mint,en,USD,2025-10-28T15:23:25.246Z
Bulk Box,binder,Trestle Troll,RTR,Return to Ravnica,205,normal,common,1,17217,6d224279-83f3-4a29-9fd9-86b72407b87a,0.06,false,false,near_mint,en,USD,2025-10-28T15:23:25.246Z
Bulk Box,binder,Graven Abomination,HOU,Hour of Devastation,162,normal,common,1,4513,89880f30-aa38-4231-8d16-25c644bde6bf,0.04,false,false,near_mint,en,USD,2025-10-28T15:23:25.246Z
Bulk Box,binder,Traveler's Amulet,HOU,Hour of Devastation,167,normal,common,1,4508,195464f1-f01c-4211-950d-963c5bad786f,0.06,false,false,near_mint,en,USD,2025-10-28T15:23:25.246Z
Bulk Box,binder,Firefly,TMP,Tempest,172,normal,uncommon,1,36827,a312f0cf-225a-4f3d-b9a7-c47dd03b25c3,0.15,false,false,near_mint,en,USD,2025-10-28T15:23:25.246Z
Bulk Box,binder,Spara's Adjudicators,SNC,Streets of New Capenna,335,normal,common,1,67722,4495468f-a587-48f7-875d-dad80b86c156,0.06,false,false,near_mint,en,USD,2025-10-28T15:23:25.246Z
Bulk Box,binder,Glittermonger,SNC,Streets of New Capenna,149,normal,common,1,67628,1a3d70d2-0604-41b3-8dd1-bfeb05832271,0.04,false,false,near_mint,en,USD,2025-10-28T15:23:25.246Z
Bulk Box,binder,Warm Welcome,SNC,Streets of New Capenna,164,normal,common,1,67972,bad9e58e-c9a3-4a0d-9a59-71c20a3275b6,0.1,false,false,near_mint,en,USD,2025-10-28T15:23:25.246Z
Bulk Box,binder,Dauntless Bodyguard,DOM,Dominaria,14,normal,uncommon,1,2262,a3f82012-5c33-47bc-a3c8-56ae2eea1fb9,0.12,false,false,near_mint,en,USD,2025-10-28T15:23:25.246Z
Bulk Box,binder,Favored Hoplite,THS,Theros,13,normal,uncommon,1,15651,251015ed-9408-4941-894a-158551ed2613,0.1,false,false,near_mint,en,USD,2025-10-28T15:23:25.246Z
Bulk Box,binder,Wall of Essence,M15,Magic 2015,41,normal,uncommon,1,13811,734e29ed-9732-4a94-909b-226bb4955930,0.2,false,false,near_mint,en,USD,2025-10-28T15:23:25.246Z
Bulk Box,binder,Enlarge,2XM,Double Masters,166,normal,uncommon,1,52095,0f4e699f-5f2c-4487-8a40-42be6f561631,0.16,false,false,near_mint,en,USD,2025-10-28T15:23:25.246Z
Bulk Box,binder,Elfhame Druid,DOM,Dominaria,159,normal,uncommon,1,2117,5e62226e-3585-42d2-9b7a-2462fcd967f5,0.07,false,false,near_mint,en,USD,2025-10-28T15:23:25.246Z
Bulk Box,binder,Dromoka's Gift,DTK,Dragons of Tarkir,184,normal,uncommon,1,11630,a356afb6-19d7-459a-84ca-090924d45387,0.09,false,false,near_mint,en,USD,2025-10-28T15:23:25.246Z
Bulk Box,binder,Somberwald Stag,EMN,Eldritch Moon,169,normal,uncommon,1,8165,651428a8-27af-4137-84f0-f71274a8b4a6,0.04,false,false,near_mint,en,USD,2025-10-28T15:23:25.246Z
Bulk Box,binder,Sazh Katzroy,FIN,Final Fantasy,199,foil,rare,1,106328,1e2a3566-1390-457e-8077-d776a8671319,1.19,false,false,near_mint,en,USD,2025-10-28T15:23:25.246Z
Trade Binder,binder,"Goreclaw, Terror of Qal Sisma",MUL,Multiverse Legends,157,foil,rare,1,81501,080a5356-61d9-46cf-9095-d59c048f9d77,13.62,false,false,near_mint,en,USD,2025-10-28T15:23:25.246Z
Bulk Box,binder,Aim for the Head,VOW,Innistrad: Crimson Vow,92,normal,common,2,64096,1174e8e1-2e8e-4070-9871-7d5d93e0dd56,0.03,false,false,near_mint,en,USD,2025-10-28T15:23:25.246Z
Trade Binder,binder,Tyvar Kell,KHM,Kaldheim,287,foil,mythic,1,57012,a19b35ee-03ba-43f0-8c57-29718c899719,2.89,false,false,near_mint,en,USD,2025-10-28T15:25:04.100Z
Bulk Box,binder,Elspeth's Smite,MOM,March of the Machine,13,normal,uncommon,1,81272,f03a480f-de67-4611-9db7-c0c3d020f597,0.16,false,false,near_mint,en,USD,2025-10-28T15:29:31.313Z
Bulk Box,binder,Temple of the False God,FIC,Final Fantasy Commander,438,normal,uncommon,1,106236,f1cb4775-8e14-4c83-a417-40d1432ac90a,0.26,false,false,near_mint,en,USD,2025-10-28T15:29:31.313Z
Bulk Box,binder,Riling Dawnbreaker // Signaling Roar,TDM,Tarkir: Dragonstorm,292,foil,common,1,104607,48b73810-3abd-4469-a6f0-993b6fedc315,0.11,false,false,near_mint,en,USD,2025-10-28T15:29:31.313Z
Bulk Box,binder,Hearthfire Hobgoblin,MM2,Modern Masters 2015,194,normal,uncommon,1,11023,06ee5eda-41a9-4cae-bb2a-b63fd450d02d,0.06,false,false,near_mint,en,USD,2025-10-28T15:29:31.313Z
Bulk Box,binder,Skyraker Giant,FDN,Foundations,547,normal,common,1,101526,5e3fbafb-e915-43eb-8a68-245840ba73ff,0.18,false,false,near_mint,en,USD,2025-10-28T15:29:31.313Z
Bulk Box,binder,Inferno Jet,HOU,Hour of Devastation,99,normal,uncommon,1,4576,0c6a43fe-369d-4943-a825-570eb3cceba4,0.06,false,false,near_mint,en,USD,2025-10-28T15:29:31.313Z
Bulk Box,binder,Magmaroth,HOU,Hour of Devastation,102,normal,uncommon,1,4573,76f87128-2d12-467b-895d-943f318b7c38,0.04,false,false,near_mint,en,USD,2025-10-28T15:29:31.313Z
Bulk Box,binder,Sealock Monster,DDO,Duel Decks: Elspeth vs. Kiora,42,normal,uncommon,1,11888,cdd98556-42d5-497e-90c7-f3255c0a8863,0.19,false,false,near_mint,en,USD,2025-10-28T15:29:31.313Z
Bulk Box,binder,Sage of Lat-Nam,DOM,Dominaria,64,normal,uncommon,1,2212,f7395b77-f7f7-404b-8639-9db6dc28d558,0.13,false,false,near_mint,en,USD,2025-10-28T15:29:31.313Z
Bulk Box,binder,Youthful Scholar,DTK,Dragons of Tarkir,84,normal,uncommon,1,11730,43ae8147-bf25-44f9-b75f-837b81ebe0de,0.09,false,false,near_mint,en,USD,2025-10-28T15:29:31.313Z
Bulk Box,binder,Unbender Tine,ARC,Archenemy,97,normal,uncommon,1,21447,2b322b16-d288-4643-80b2-e1077e6d4869,0.53,false,false,near_mint,en,USD,2025-10-28T15:29:31.313Z
Bulk Box,binder,Scornful Aether-Lich,CON,Conflux,34,normal,uncommon,1,23695,75cdb2ff-6e30-4766-9166-9036a0bdb809,0.12,false,false,near_mint,en,USD,2025-10-28T15:29:31.313Z
Bulk Box,binder,Shield of the Righteous,ARB,Alara Reborn,11,normal,uncommon,1,23497,9e6474b6-1e1a-4c29-8f01-1cabf729b34f,0.18,false,false,near_mint,en,USD,2025-10-28T15:29:31.313Z
Bulk Box,binder,Sin Collector,GK2,RNA Guild Kit,45,normal,uncommon,1,43979,b00e9e15-0f1c-4a40-9391-98a14eacc170,0.09,false,false,near_mint,en,USD,2025-10-28T15:29:31.313Z
Bulk Box,binder,Rhox War Monk,MM3,Modern Masters 2017,180,normal,uncommon,1,6033,bd24e81d-d3a8-4550-bad9-b818f48cc700,0.1,false,false,near_mint,en,USD,2025-10-28T15:29:31.313Z
Bulk Box,binder,"Slurrk, All-Ingesting",MOC,March of the Machine Commander,312,normal,uncommon,1,81771,8107fd21-7d34-44ce-afb8-920eab3b924e,0.14,false,false,near_mint,en,USD,2025-10-28T15:29:31.313Z
Bulk Box,binder,Commander Liara Portyr,CLB,Commander Legends: Battle for Baldur's Gate,270,normal,uncommon,1,69182,9ac8b247-455e-4a3f-9f88-b20918c36cc3,0.07,false,false,near_mint,en,USD,2025-10-28T15:29:31.313Z
Bulk Box,binder,Rakdos Keyrune,GK2,RNA Guild Kit,75,normal,uncommon,1,43952,f5647ef4-736e-4861-8718-06c53a2253b3,0.23,false,false,near_mint,en,USD,2025-10-28T15:29:31.313Z
Bulk Box,binder,Forsaken Sanctuary,C18,Commander 2018,247,normal,uncommon,1,596,f3e0b983-62e7-43fb-b5d5-402ea60a64d7,0.26,false,false,near_mint,en,USD,2025-10-28T15:29:31.313Z
Bulk Box,binder,Dormant Gomazoa,ROE,Rise of the Eldrazi,62,normal,rare,1,21905,131d2925-d87c-415f-aa84-97f14030624e,0.13,false,false,near_mint,en,USD,2025-10-28T15:29:31.313Z
Bulk Box,binder,Corrupted Grafstone,SOI,Shadows over Innistrad,253,normal,rare,1,8743,1ffa34cc-4042-4d2b-a7a0-eca0b593eeb6,0.2,false,false,near_mint,en,USD,2025-10-28T15:29:31.313Z
Bulk Box,binder,Deafening Clarion,GRN,Guilds of Ravnica,165,normal,rare,1,318,1e115a81-001d-4e17-98af-6a63f2b0967f,0.23,false,false,near_mint,en,USD,2025-10-28T15:29:31.313Z
Bulk Box,binder,Lunatic Pandora,FIN,Final Fantasy,262,foil,common,1,106659,d6e1e3e7-20d4-42cb-ad22-60356b9e8fdc,0.13,false,false,near_mint,en,USD,2025-10-28T15:29:31.313Z
Bulk Box,binder,Freya Crescent,FIN,Final Fantasy,138,foil,uncommon,1,106289,9921f646-e893-44db-ac89-0633c1009788,0.28,false,false,near_mint,en,USD,2025-10-28T15:29:31.313Z
Bulk Box,binder,Vulpine Goliath,THS,Theros,183,normal,common,1,15481,cdacb147-35ce-4751-961e-576b5f958048,0.04,false,false,near_mint,en,USD,2025-10-28T15:29:31.313Z
Bulk Box,binder,Aven Surveyor,CMR,Commander Legends,57,normal,common,2,56243,f4981d99-c33d-4451-8f6a-28fffb3dcd1c,0.04,false,false,near_mint,en,USD,2025-10-28T15:29:31.313Z
Bulk Box,binder,Whisk Away,FRF,Fate Reforged,57,normal,common,1,12069,5b5d96a9-11dd-44cc-baf1-bab298ae03f0,0.04,false,false,near_mint,en,USD,2025-10-28T15:29:31.313Z
Bulk Box,binder,Adelbert Steiner,FIN,Final Fantasy,3,normal,uncommon,2,106424,1a67a991-1e52-4676-a2e3-2bc7aa943ab3,0.12,false,false,near_mint,en,USD,2025-10-28T15:29:31.313Z
Bulk Box,binder,Leonin Snarecaster,DDN,Duel Decks: Speed vs. Cunning,4,normal,common,1,13526,9745cc70-d6a0-43c5-b8d7-a930d95e94c7,0.11,false,false,near_mint,en,USD,2025-10-28T15:29:31.313Z
Bulk Box,binder,Cat Collector,FDN,Foundations,4,normal,uncommon,1,100507,526fe356-bff1-4211-9e88-bf913ac76b1d,0.16,false,false,near_mint,en,USD,2025-10-28T15:29:31.313Z
Bulk Box,binder,Opt,TDC,Tarkir: Dragonstorm Commander,158,normal,common,2,104914,bbc99a51-1501-4525-a3cc-f48249b64bed,0.1,false,false,near_mint,en,USD,2025-10-28T15:29:31.313Z
Bulk Box,binder,Wary Thespian,FDN,Foundations,235,normal,common,2,101574,a3d62d04-0974-4cb5-9a35-5e996c6456e2,0.01,false,false,near_mint,en,USD,2025-10-28T15:29:31.313Z
Bulk Box,binder,Malamet Brawler,LCI,The Lost Caverns of Ixalan,199,normal,common,1,88455,47d2fb65-cc3d-4664-bee0-8cf1cba5d8fa,0.03,false,false,near_mint,en,USD,2025-10-28T15:29:31.313Z
Bulk Box,binder,Malamet Veteran,LCI,The Lost Caverns of Ixalan,201,normal,common,1,88473,4b9b16b3-1cbd-4b63-85b2-e4053dfc1e93,0.04,false,false,near_mint,en,USD,2025-10-28T15:29:31.313Z
Bulk Box,binder,Wary Watchdog,DSK,Duskmourn: House of Horror,206,normal,common,1,98796,25ed97f2-b47e-49b7-9b1a-694c4bbeca3b,0.07,false,false,near_mint,en,USD,2025-10-28T15:29:31.313Z
Bulk Box,binder,Freya Crescent,FIN,Final Fantasy,138,normal,uncommon,3,106289,9921f646-e893-44db-ac89-0633c1009788,0.13,false,false,near_mint,en,USD,2025-10-28T15:29:31.313Z
Bulk Box,binder,Black Waltz No. 3,FIN,Final Fantasy,214,normal,uncommon,1,106696,fe86e41b-b0f6-4aa1-8827-c095c721f304,0.23,false,false,near_mint,en,USD,2025-10-28T15:29:31.313Z
Bulk Box,binder,Altered Ego,INR,Innistrad Remastered,228,normal,rare,1,102502,3b913b54-1a5c-4708-95c6-883c0f285d68,0.27,false,false,near_mint,en,USD,2025-10-28T15:29:31.313Z
Bulk Box,binder,"Éowyn, Fearless Knight",LTR,The Lord of the Rings: Tales of Middle-earth,201,normal,rare,1,83391,adffb389-c9a3-41c4-b078-292a2bcf870d,0.72,false,false,near_mint,en,USD,2025-10-28T15:29:31.313Z
Bulk Box,binder,Mushroom Watchdogs,LTR,The Lord of the Rings: Tales of Middle-earth,180,normal,common,1,83526,d15fd66d-fa7e-411d-9014-a56caa879d93,0.05,false,false,near_mint,en,USD,2025-10-28T15:29:31.313Z
Bulk Box,binder,Seven-Tail Mentor,NEO,Kamigawa: Neon Dynasty,313,normal,common,1,66509,267efff1-cbe6-40b0-959e-72b81cbda1d0,0.05,false,false,near_mint,en,USD,2025-10-28T15:29:31.313Z
Bulk Box,binder,Feral Invocation,M20,Core Set 2020,170,normal,common,1,45291,c2d08b7a-4ed9-4e4c-a52e-9bf2a16420a9,0.03,false,false,near_mint,en,USD,2025-10-28T15:29:31.313Z
Bulk Box,binder,River Heralds' Boon,XLN,Ixalan,204,normal,common,1,3808,e355a98d-093d-4ab2-84f2-f560d08f1fca,0.05,false,false,near_mint,en,USD,2025-10-28T15:29:31.313Z
Bulk Box,binder,Trade Route Envoy,TDM,Tarkir: Dragonstorm,163,normal,common,2,105174,f0c89d95-d697-4cfa-9dfa-52d7adb96176,0.09,false,false,near_mint,en,USD,2025-10-28T15:29:31.313Z
Bulk Box,binder,Servant of the Scale,DTK,Dragons of Tarkir,203,normal,common,1,11611,ca887c41-a8ee-4751-a902-87149c29a9df,0.07,false,false,near_mint,en,USD,2025-10-28T15:29:31.313Z
Bulk Box,binder,Deepwood Denizen,MH2,Modern Horizons 2,155,normal,common,1,59490,333f02f7-3b8a-41e3-9ae5-2151539e64ad,0.06,false,false,near_mint,en,USD,2025-10-28T15:29:31.313Z
Bulk Box,binder,Longshot Squad,KTK,Khans of Tarkir,140,normal,common,1,13258,dd9edd62-dc18-4887-a020-4464e31b79c2,0.07,false,false,near_mint,en,USD,2025-10-28T15:29:31.313Z
Bulk Box,binder,Summon: Magus Sisters,FIC,Final Fantasy Commander,71,normal,rare,1,105991,76a8cae7-e6ea-45eb-be8d-0e6a29b98aa6,0.28,false,false,near_mint,en,USD,2025-10-28T15:29:31.313Z
Bulk Box,binder,Yuna's Whistle,FIC,Final Fantasy Commander,75,normal,rare,1,106038,8e591a23-15c3-4a65-a9d2-d1ce0f83552c,0.1,false,false,near_mint,en,USD,2025-10-28T15:29:31.313Z
Bulk Box,binder,Fight Rigging,FIC,Final Fantasy Commander,303,normal,rare,1,106232,ed314c9c-ce86-4782-981f-7956ceca564c,0.16,false,false,near_mint,en,USD,2025-10-28T15:29:31.313Z
Bulk Box,binder,Promise of Loyalty,FIC,Final Fantasy Commander,249,normal,rare,1,105864,2c6e2b9e-2efb-42f1-9898-77918a7bb1b2,0.26,false,false,near_mint,en,USD,2025-10-28T15:29:31.313Z
Bulk Box,binder,Ash Barrens,FIC,Final Fantasy Commander,374,normal,common,1,105997,77df073b-49dc-4743-82a3-d595bc938761,0.1,false,false,near_mint,en,USD,2025-10-28T15:29:31.313Z
Bulk Box,binder,Hope Estheim,FIN,Final Fantasy,226,normal,rare,1,106693,fbdb68cc-5516-481a-94c5-59f6c69b8a17,0.38,false,false,near_mint,en,USD,2025-10-28T15:29:31.313Z
Bulk Box,binder,Frost Lynx,M20,Core Set 2020,62,normal,common,3,45399,64e1a5af-442f-4fcf-be99-6f62176be36c,0.04,false,false,near_mint,en,USD,2025-10-28T15:29:31.313Z
Trade Binder,binder,Ancient Brass Dragon,CLB,Commander Legends: Battle for Baldur's Gate,111,normal,mythic,1,67511,6430c61b-407d-471d-9012-07f1ddef28aa,29.72,false,false,near_mint,en,USD,2025-10-30T15:27:21.230Z
Bulk Box,binder,Greenside Watcher,GTC,Gatecrash,122,normal,common,2,16702,e825cb2d-98d7-423d-9ba1-b4d04027027e,0.07,false,false,near_mint,en,USD,2025-11-17T00:09:47.195Z
Bulk Box,binder,Devour Flesh,GTC,Gatecrash,63,normal,common,2,16761,88c42ebd-114a-430d-b3a4-ff2fb3093bf5,0.09,false,false,near_mint,en,USD,2025-11-17T00:09:47.195Z
Bulk Box,binder,Tin Street Market,GTC,Gatecrash,108,normal,common,2,16716,1c1f543b-2222-4ef5-b4f7-2c3d2ea27fdc,0.04,false,false,near_mint,en,USD,2025-11-17T00:09:47.195Z
Bulk Box,binder,Cloudfin Raptor,GK2,RNA Guild Kit,108,normal,common,2,43925,67e126ac-6a47-4b6e-ac68-8d0acbd9cc9a,0.29,false,false,near_mint,en,USD,2025-11-17T00:09:47.195Z
Bulk Box,binder,Martial Glory,2X2,Double Masters 2022,249,normal,common,2,70403,9bf662e7-e63f-40c2-b163-1ebce47d8696,0.06,false,false,near_mint,en,USD,2025-11-17T00:09:47.195Z
Bulk Box,binder,Grisly Spectacle,IMA,Iconic Masters,92,normal,common,2,3533,3ce3816e-0f81-40b6-a592-ba2c65243c6d,0.07,false,false,near_mint,en,USD,2025-11-17T00:09:47.195Z
Bulk Box,binder,Forced Adaptation,RVR,Ravnica Remastered,140,normal,common,2,89601,246c6f63-59df-41a5-8c28-f43e1e89c25f,0.11,false,false,near_mint,en,USD,2025-11-17T00:09:47.195Z
Bulk Box,binder,Millennial Gargoyle,BBD,Battlebond,239,normal,common,2,1754,068e7803-7c9f-43d7-b6dc-8e1390d902d0,0.05,false,false,near_mint,en,USD,2025-11-17T00:09:47.195Z
Bulk Box,binder,Shielded Passage,GTC,Gatecrash,24,normal,common,2,16800,6546b6c4-73b2-41b3-9ff9-316e9ce916e5,0.05,false,false,near_mint,en,USD,2025-11-17T00:09:47.195Z
Bulk Box,binder,Act of Treason,GTC,Gatecrash,85,normal,common,2,16739,a04c8c6f-14e9-427c-918e-208ccd39ec4a,0.06,false,false,near_mint,en,USD,2025-11-17T00:09:47.195Z
Bulk Box,binder,Nimbus Swimmer,GK2,RNA Guild Kit,120,normal,uncommon,2,43913,bd3219c1-b336-4f91-acb5-24b4e1f05464,0.29,false,false,near_mint,en,USD,2025-11-17T00:09:47.195Z
Bulk Box,binder,Dying Wish,GTC,Gatecrash,64,normal,uncommon,1,16760,b46e83d3-c66d-42fb-8435-b6c448db01ae,0.17,false,false,near_mint,en,USD,2025-11-17T00:09:47.195Z
Bulk Box,binder,Hold the Gates,GTC,Gatecrash,16,normal,uncommon,2,16808,48fd52d0-0e41-48d5-b96f-4c6409788c18,0.16,false,false,near_mint,en,USD,2025-11-17T00:09:47.195Z
Bulk Box,binder,Fathom Mage,NCC,New Capenna Commander,339,normal,rare,2,68148,22be6c55-f95e-498e-b6d2-65b7ed57d2d3,0.19,false,false,near_mint,en,USD,2025-11-17T00:09:47.195Z
Bulk Box,binder,Fortress Kin-Guard,TDM,Tarkir: Dragonstorm,12,normal,common,1,104900,b647a018-1d70-43a1-a265-928bcd863689,0.03,false,false,near_mint,en,USD,2025-11-18T00:43:14.078Z
Bulk Box,binder,Severance Priest,TDM,Tarkir: Dragonstorm,369,normal,rare,1,104663,585ccfa2-24e3-47aa-b244-31e29b216058,0.27,false,false,near_mint,en,USD,2025-11-18T00:43:14.078Z
Bulk Box,binder,Loxodon Battle Priest,TDM,Tarkir: Dragonstorm,15,normal,uncommon,1,104861,a527cdb0-f54a-4b53-83a0-6b3e8cafa45e,0.04,false,false,near_mint,en,USD,2025-11-18T00:43:14.078Z
Bulk Box,binder,War Effort,TDM,Tarkir: Dragonstorm,131,normal,uncommon,1,105007,dd7f0413-c009-4c08-b877-9c1b776cbf26,0.06,false,false,near_mint,en,USD,2025-11-18T00:43:14.078Z
Bulk Box,binder,Nomad Outpost,TDM,Tarkir: Dragonstorm,263,normal,uncommon,1,104868,a68fbeaa-941f-4d53-becd-f93ed22b9a54,0.12,false,false,near_mint,en,USD,2025-11-18T00:43:14.078Z
Bulk Box,binder,Bearer of Glory,TDM,Tarkir: Dragonstorm,4,normal,common,1,104365,d6d91e42-43db-428d-a4dd-ef9d40306314,0.03,false,false,near_mint,en,USD,2025-11-18T00:43:14.078Z
Bulk Box,binder,Roamer's Routine,TDM,Tarkir: Dragonstorm,154,normal,common,1,104396,fb8c2d5c-ba0c-4d50-8898-5c6574b1e974,0.05,false,false,near_mint,en,USD,2025-11-18T00:43:14.078Z
Bulk Box,binder,Synchronized Charge,TDM,Tarkir: Dragonstorm,162,normal,uncommon,1,104484,1f721f8d-fd2f-480b-8645-4bf6ce38dde9,0.07,false,false,near_mint,en,USD,2025-11-18T00:43:14.078Z
Bulk Box,binder,Stormshriek Feral // Flush Out,TDM,Tarkir: Dragonstorm,124,normal,common,2,104447,0ec92c44-7cf0-48a5-a3ca-bc633496d887,0.13,false,false,near_mint,en,USD,2025-11-18T00:43:14.078Z
Bulk Box,binder,Gurmag Nightwatch,TDM,Tarkir: Dragonstorm,190,normal,common,1,104369,de731430-6bbf-4782-953e-b69c46353959,0.03,false,false,near_mint,en,USD,2025-11-18T00:43:14.078Z
Bulk Box,binder,Molten Exhale,TDM,Tarkir: Dragonstorm,113,foil,common,1,104440,0ab95aab-a4bf-4131-83a0-2c138b6f20c3,0.12,false,false,near_mint,en,USD,2025-11-18T00:43:14.078Z
Bulk Box,binder,Snakeskin Veil,TDM,Tarkir: Dragonstorm,159,normal,common,1,104856,a3d2c692-7566-468e-9c86-47a9f768fde2,0.1,false,false,near_mint,en,USD,2025-11-18T00:43:14.078Z
Bulk Box,binder,Dusyut Earthcarver,TDM,Tarkir: Dragonstorm,141,normal,common,1,104352,b98ecc96-f557-479a-8685-2b5487d5b407,0.07,false,false,near_mint,en,USD,2025-11-18T00:43:14.078Z
Bulk Box,binder,Summit Intimidator,TDM,Tarkir: Dragonstorm,125,normal,common,1,104373,e3cba0b1-7c22-4e51-b9cf-5bf01e67a222,0.02,false,false,near_mint,en,USD,2025-11-18T00:43:14.078Z
Bulk Box,binder,Ureni's Rebuff,TDM,Tarkir: Dragonstorm,63,normal,uncommon,1,104310,722716df-9cea-40a7-924b-c28497e227e6,0.05,false,false,near_mint,en,USD,2025-11-18T00:43:14.078Z
Bulk Box,binder,Corroding Dragonstorm,TDM,Tarkir: Dragonstorm,75,normal,uncommon,1,104372,e2a2d395-26d6-4eb2-9e8c-ed7dbbd3a8f5,0.07,false,false,near_mint,en,USD,2025-11-18T00:43:14.078Z
Bulk Box,binder,Mammoth Bellow,TDM,Tarkir: Dragonstorm,205,normal,uncommon,1,104599,468b17b4-79ce-4dfa-8873-a9cfc347e38f,0.03,false,false,near_mint,en,USD,2025-11-18T00:43:14.078Z
Bulk Box,binder,Rite of Renewal,TDM,Tarkir: Dragonstorm,153,normal,uncommon,1,104390,f737698a-d934-4851-b238-828959ef4835,0.04,false,false,near_mint,en,USD,2025-11-18T00:43:14.078Z
Bulk Box,binder,Wingspan Stride,TDM,Tarkir: Dragonstorm,66,foil,common,1,104541,339a0e24-c332-4558-bb60-f5504ddde88c,0.06,false,false,near_mint,en,USD,2025-11-18T00:43:14.078Z
Bulk Box,binder,Monk,TTDM,Tarkir: Dragonstorm Tokens,3,normal,common,1,104688,633d2d10-def7-426f-8496-ed6b45684299,,false,false,near_mint,en,USD,2025-11-18T00:43:14.078Z
Bulk Box,binder,Faithful Pikemaster,J25,Foundations Jumpstart,3,normal,common,1,101231,de149bae-dd71-4a27-a975-4d0fbc646ee4,0.12,false,false,near_mint,en,USD,2025-11-18T00:43:14.078Z
Bulk Box,binder,Thriving Heath,DSC,Duskmourn: House of Horror Commander,315,normal,common,1,99041,06329ca8-75b0-409d-bb80-6b9164f4e22a,0.13,false,false,near_mint,en,USD,2025-11-18T00:43:14.078Z
Bulk Box,binder,Tidepool Turtle,DMU,Dominaria United,69,normal,common,1,71781,d397fb84-8573-4b2c-be2c-f8fd820342f0,0.03,false,false,near_mint,en,USD,2025-11-18T00:43:14.078Z
Bulk Box,binder,"Plagon, Lord of the Beach",J25,Foundations Jumpstart,37,normal,rare,1,100732,7f8a6bfe-6033-4f6b-ab45-6b553f8b51a1,1.98,false,false,near_mint,en,USD,2025-11-18T00:43:14.078Z
Bulk Box,binder,Gilded Scuttler,J25,Foundations Jumpstart,7,normal,common,1,100226,1e5a6db8-130a-4931-b7a5-2f024331802b,0.13,false,false,near_mint,en,USD,2025-11-18T00:43:14.078Z
Bulk Box,binder,Glimmerbell,IKO,Ikoria: Lair of Behemoths,53,normal,common,1,50024,54f71f8a-546a-465e-a254-09a3ae873ef4,0.03,false,false,near_mint,en,USD,2025-11-18T00:43:14.078Z
Bulk Box,binder,Ancestral Blade,CMM,Commander Masters,12,normal,common,1,84153,24705dee-027c-42a2-8505-66c0a34a4a58,0.07,false,false,near_mint,en,USD,2025-11-18T00:43:14.078Z
Bulk Box,binder,Valkyrie's Sword,KHM,Kaldheim,36,normal,uncommon,1,56992,97873c66-6bff-4d79-850c-1e2663098ef4,0.1,false,false,near_mint,en,USD,2025-11-18T00:43:14.078Z
Bulk Box,binder,Run Ashore,J25,Foundations Jumpstart,109,normal,common,1,100572,5fe29a85-e16c-4e28-a698-f0f0cfb4a3c2,0.03,false,false,near_mint,en,USD,2025-11-18T00:43:14.078Z
Bulk Box,binder,Delightful Discovery,J25,Foundations Jumpstart,6,normal,uncommon,1,101234,dee342ec-f546-41b7-add5-0a85f5c8bc57,0.11,false,false,near_mint,en,USD,2025-11-18T00:43:14.078Z
Bulk Box,binder,Starnheim Memento,J25,Foundations Jumpstart,29,normal,uncommon,1,100186,16fe39b7-0dbe-4826-aa0a-59e93c6aaa01,0.11,false,false,near_mint,en,USD,2025-11-18T00:43:14.078Z
Bulk Box,binder,Sunspear Shikari,CMM,Commander Masters,62,normal,common,1,84201,303df3ba-1258-4141-ace2-577f9e89a14c,0.08,false,false,near_mint,en,USD,2025-11-18T00:43:14.078Z
Bulk Box,binder,Island,DOM,Dominaria,254,normal,common,1,2022,0ce67a27-aa80-46ac-955a-8fea336995d9,0.09,false,false,near_mint,en,USD,2025-11-18T00:43:14.078Z
Bulk Box,binder,Island,KLD,Kaladesh,253,normal,common,1,7390,8ca139d8-08a1-45d4-be9d-2ee5c9b3de43,0.07,false,false,near_mint,en,USD,2025-11-18T00:43:14.078Z
Bulk Box,binder,"Danitha Capashen, Paragon",J25,Foundations Jumpstart,59,normal,uncommon,1,100252,21b78c55-20cf-4a65-b50b-2f8093465646,0.24,false,false,near_mint,en,USD,2025-11-18T00:43:14.078Z
Bulk Box,binder,Mace of the Valiant,CMM,Commander Masters,41,normal,uncommon,1,84581,88a08aff-3a50-4f2e-97a1-f1d79d5c4ade,0.09,false,false,near_mint,en,USD,2025-11-18T00:43:14.078Z
Bulk Box,binder,Divine Arrow,WAR,War of the Spark,10,normal,common,1,44394,73cbb58a-1b00-4883-9b45-da7ded7317e3,0.03,false,false,near_mint,en,USD,2025-11-18T00:43:14.078Z
Bulk Box,binder,Fencing Ace,CMM,Commander Masters,23,normal,uncommon,1,84649,994094f8-e175-4e2e-aa39-c096f0ed9e6a,0.02,false,false,near_mint,en,USD,2025-11-18T00:43:14.078Z
Bulk Box,binder,Mirran Bardiche,ONE,Phyrexia: All Will Be One,22,normal,common,1,78479,3006ea5a-5391-41eb-b0c8-092741dca2eb,0.02,false,false,near_mint,en,USD,2025-11-18T00:43:14.078Z
Bulk Box,binder,Shorecomber Crab,J25,Foundations Jumpstart,356,normal,common,1,101385,fad0fd59-6511-4508-89fd-4287f59db1a2,0.09,false,false,near_mint,en,USD,2025-11-18T00:43:14.078Z
Bulk Box,binder,Thriving Isle,DSC,Duskmourn: House of Horror Commander,316,normal,common,1,99139,4a67f455-f193-4999-9286-bbccee546fa3,0.12,false,false,near_mint,en,USD,2025-11-18T00:43:14.078Z
Bulk Box,binder,Island,KLD,Kaladesh,254,normal,common,1,7389,086d6aed-1f7e-4a80-8d66-01d995f344ed,0.1,false,false,near_mint,en,USD,2025-11-18T00:43:14.078Z
Bulk Box,binder,Sigiled Starfish,C18,Commander 2018,102,normal,uncommon,1,741,69b3df55-f664-4922-9bc8-ab227d87da53,0.15,false,false,near_mint,en,USD,2025-11-18T00:43:14.078Z
Bulk Box,binder,Azure Drake,M11,Magic 2011,46,normal,common,1,21343,6653bce7-b0fc-49e3-8f45-f0bfcade8870,0.11,false,false,near_mint,en,USD,2025-11-18T00:43:14.078Z
Bulk Box,binder,Shipwreck Dowser,FDN,Foundations,596,normal,uncommon,1,100230,1f20fe3d-792a-4030-a25c-e81b48b2bcb4,0.07,false,false,near_mint,en,USD,2025-11-18T00:43:14.078Z
Bulk Box,binder,Starnheim Courser,KHM,Kaldheim,32,normal,common,1,56892,5c5373dd-4aec-4e93-97fb-a639aa096764,0.21,false,false,near_mint,en,USD,2025-11-18T00:43:14.078Z
Bulk Box,binder,Pacifism,M20,Core Set 2020,32,normal,common,1,45429,31279d7c-5246-40b2-a8c7-0be4a5f24a29,0.09,false,false,near_mint,en,USD,2025-11-18T00:43:14.078Z
Bulk Box,binder,Lonely Sandbar,EOC,Edge of Eternities Commander,166,normal,common,2,107264,42f8591e-df30-49ec-962c-a75d32e6d9f5,0.11,false,false,near_mint,en,USD,2025-11-18T00:43:14.078Z
Bulk Box,binder,Shardless Outlander,J25,Foundations Jumpstart,28,normal,common,2,101392,fccb51a4-cb78-4437-b9ab-cc77736af561,0.09,false,false,near_mint,en,USD,2025-11-18T00:43:14.078Z
Bulk Box,binder,Primeval Herald,J25,Foundations Jumpstart,702,normal,uncommon,1,100814,8e32d87c-99c9-4ba3-9d57-e36b6263e815,0.32,false,false,near_mint,en,USD,2025-11-18T00:43:14.078Z
Bulk Box,binder,Razorgrass Invoker,J25,Foundations Jumpstart,22,normal,common,2,100418,41a76981-b792-49da-8c1c-34991adf3ff4,0.08,false,false,near_mint,en,USD,2025-11-18T00:43:14.078Z
Bulk Box,binder,Slimy Piper,J25,Foundations Jumpstart,25,normal,common,1,101288,e89dd05a-e21e-4252-ba18-9f3329c6d4dd,0.09,false,false,near_mint,en,USD,2025-11-18T00:43:14.078Z
Bulk Box,binder,Wailing Ghoul,EMN,Eldritch Moon,112,normal,common,1,8223,7b1bf0dd-825c-4c8a-a48d-84f35fbe5901,0.05,false,false,near_mint,en,USD,2025-11-18T00:43:14.078Z
Bulk Box,binder,Grave Strength,UMA,Ultimate Masters,101,normal,uncommon,1,43404,b51b6c19-d8f8-4249-83c8-f3c4fa12291e,0.13,false,false,near_mint,en,USD,2025-11-18T00:43:14.078Z
Bulk Box,binder,Diregraf Scavenger,VOW,Innistrad: Crimson Vow,105,normal,common,1,64476,f72eb127-3f4c-42ed-8ba6-b6d83ea18545,0.05,false,false,near_mint,en,USD,2025-11-18T00:43:14.078Z
Bulk Box,binder,Graveblade Marauder,2X2,Double Masters 2022,77,normal,uncommon,1,70425,a6e62471-07bf-48af-8868-b8a72032a50b,0.09,false,false,near_mint,en,USD,2025-11-18T00:43:14.078Z
Bulk Box,binder,Eternal Taskmaster,J25,Foundations Jumpstart,117,normal,uncommon,1,100538,58afc628-2d79-4155-bb27-373fc4c50ba1,0.09,false,false,near_mint,en,USD,2025-11-18T00:43:14.078Z
Bulk Box,binder,Tireless Tracker,EOC,Edge of Eternities Commander,110,normal,rare,1,107045,66444549-ad9b-49c6-a7c6-34e977c1085d,0.98,false,false,near_mint,en,USD,2025-11-18T00:43:14.078Z
Bulk Box,binder,Deal Gone Bad,CLU,Ravnica: Clue Edition,110,normal,common,1,91289,ed586162-20e6-47a8-bdbe-2c5383807c13,0.03,false,false,near_mint,en,USD,2025-11-18T00:43:14.078Z
Bulk Box,binder,Ainok Guide,FRF,Fate Reforged,121,normal,common,1,12005,c361ea9c-a989-4ded-8b2c-f565aa9d8a1d,0.02,false,false,near_mint,en,USD,2025-11-18T00:43:14.078Z
Bulk Box,binder,Thriving Grove,BLC,Bloomburrow Commander,347,normal,common,2,96418,ab962037-6cf3-43a7-be74-b43bfd77a7a2,0.09,false,false,near_mint,en,USD,2025-11-18T00:43:14.078Z
Bulk Box,binder,Byway Courier,SOI,Shadows over Innistrad,196,normal,common,1,8800,2f243a51-bbd3-4028-a469-469ab5591aae,0.05,false,false,near_mint,en,USD,2025-11-18T00:43:14.078Z
Bulk Box,binder,Swamp,MID,Innistrad: Midnight Hunt,382,normal,common,1,63187,2f4b9030-f04a-4f42-8dd8-2eae0ce7e420,0.16,false,false,near_mint,en,USD,2025-11-18T00:43:14.078Z
Bulk Box,binder,Swamp,ONE,Phyrexia: All Will Be One,274,normal,common,1,78247,d485c620-f1fb-4715-b7c5-d2d56588308d,0.16,false,false,near_mint,en,USD,2025-11-18T00:43:14.078Z
Bulk Box,binder,Braulios of Pheres Band,J25,Foundations Jumpstart,51,normal,uncommon,1,100084,01789cb2-a93d-4197-a40a-612423635125,0.23,false,false,near_mint,en,USD,2025-11-18T00:43:14.078Z
Bulk Box,binder,Revoke Demise,J25,Foundations Jumpstart,10,normal,common,1,100524,5503c9aa-faac-427b-9e6e-5272d1b407a7,0.05,false,false,near_mint,en,USD,2025-11-18T00:43:14.078Z
Bulk Box,binder,Go Forth,J25,Foundations Jumpstart,20,normal,common,1,101267,e4ed67f0-85cc-4b1d-b745-e13e5bea3397,0.11,false,false,near_mint,en,USD,2025-11-18T00:43:14.078Z
Bulk Box,binder,Murder,CMR,Commander Legends,134,normal,common,1,56053,440bfb8c-f29a-4c11-9fcb-ee935dead03f,0.1,false,false,near_mint,en,USD,2025-11-18T00:43:14.078Z
Bulk Box,binder,Gorging Vulture,CLU,Ravnica: Clue Edition,112,normal,common,1,90854,4e481d5a-6d60-48b3-92fd-96365ae67cf7,0.06,false,false,near_mint,en,USD,2025-11-18T00:43:14.078Z
Bulk Box,binder,Starlight Snare,FDN,Foundations,514,normal,common,1,101549,74fb19b2-4f6c-4cbd-8756-a7eb5c7c9ef6,0.2,false,false,near_mint,en,USD,2025-11-18T00:43:14.078Z
Bulk Box,binder,Explore,BLC,Bloomburrow Commander,216,normal,common,1,96187,18e5fdee-1ec4-44a2-b84c-35897f1d2912,0.14,false,false,near_mint,en,USD,2025-11-18T00:43:14.078Z
Bulk Box,binder,Thriving Moor,DSC,Duskmourn: House of Horror Commander,317,normal,common,1,99201,7057e66a-8b5d-40d1-a685-124a8e0623c3,0.14,false,false,near_mint,en,USD,2025-11-18T00:43:14.078Z
Bulk Box,binder,Ulvenwald Mysteries,INR,Innistrad Remastered,222,normal,uncommon,1,101877,8a3997f1-5b02-4ca5-a390-fedb5874b575,0.07,false,false,near_mint,en,USD,2025-11-18T00:43:14.078Z
Bulk Box,binder,"Gorex, the Tombshell",J25,Foundations Jumpstart,67,normal,rare,1,100671,7231c1b0-0352-4dfd-9f29-143ae6d49b76,0.16,false,false,near_mint,en,USD,2025-11-18T00:43:14.078Z
Bulk Box,binder,Eye Collector,ELD,Throne of Eldraine,86,normal,common,1,46252,2b9bb2f3-a7c7-4e8f-ba39-44e6acd9240b,0.07,false,false,near_mint,en,USD,2025-11-18T00:43:14.078Z
Bulk Box,binder,Clear Shot,INR,Innistrad Remastered,188,normal,uncommon,1,102653,88b8905b-68d3-491b-b7fe-eed74841e9a0,0.06,false,false,near_mint,en,USD,2025-11-18T00:43:14.078Z
Bulk Box,binder,Gravedigger,M19,Core Set 2019,98,normal,uncommon,1,1214,3c6d2a84-5e47-4f7a-83f7-ee4e670980c7,0.04,false,false,near_mint,en,USD,2025-11-18T00:43:14.078Z
Bulk Box,binder,Spectral Denial,TDM,Tarkir: Dragonstorm,58,normal,uncommon,1,105037,ee4e732a-1ffd-463d-92c2-26187659cfc3,0.14,false,false,near_mint,en,USD,2025-11-18T00:43:14.078Z
Bulk Box,binder,Disruptive Stormbrood // Petty Revenge,TDM,Tarkir: Dragonstorm,178,normal,uncommon,1,104920,bd78e8ae-e927-40e7-9580-966c5e81f53c,0.08,false,false,near_mint,en,USD,2025-11-18T00:43:14.078Z
Bulk Box,binder,Wail of War,TDM,Tarkir: Dragonstorm,98,normal,uncommon,1,104764,7e9430dd-f583-400d-808a-64e2b5fa54f1,0.07,false,false,near_mint,en,USD,2025-11-18T00:43:14.078Z
Bulk Box,binder,Swiftwater Cliffs,TDM,Tarkir: Dragonstorm,268,normal,common,1,104361,ca53fb19-b8ca-485b-af1a-5117ae54bfe3,0.03,false,false,near_mint,en,USD,2025-11-18T00:43:14.078Z
Bulk Box,binder,Monastery Messenger,TDM,Tarkir: Dragonstorm,208,normal,common,1,104443,0c9eeced-6464-41f0-bbea-05b3af4cc005,0.03,false,false,near_mint,en,USD,2025-11-18T00:43:14.078Z
Bulk Box,binder,Dragonstorm Globe,TDM,Tarkir: Dragonstorm,241,normal,common,1,104767,7f50aa6e-ce6a-4479-9725-202926245f2c,0.08,false,false,near_mint,en,USD,2025-11-18T00:43:14.078Z
Bulk Box,binder,Seize Opportunity,TDM,Tarkir: Dragonstorm,119,normal,common,1,104391,f7818d28-b9a5-4341-9adc-666070b8878d,0.02,false,false,near_mint,en,USD,2025-11-18T00:43:14.078Z
Bulk Box,binder,Riling Dawnbreaker // Signaling Roar,TDM,Tarkir: Dragonstorm,21,normal,common,1,104532,312f7072-3bf8-449f-bfb7-93727ef26c66,0.04,false,false,near_mint,en,USD,2025-11-18T00:43:14.078Z
Bulk Box,binder,Snowmelt Stag,TDM,Tarkir: Dragonstorm,57,normal,common,1,104869,a6b3b131-704a-4586-84f8-db465cd4a277,0.01,false,false,near_mint,en,USD,2025-11-18T00:43:14.078Z
Bulk Box,binder,Piercing Exhale,TDM,Tarkir: Dragonstorm,151,normal,common,1,104891,b2a0deb9-5bc3-42d5-9e1e-5f463d176aef,0.04,false,false,near_mint,en,USD,2025-11-18T00:43:14.078Z
Bulk Box,binder,Abzan Devotee,TDM,Tarkir: Dragonstorm,68,normal,common,2,104305,66555946-e747-46fa-b1ac-b103a8edcd93,0.04,false,false,near_mint,en,USD,2025-11-18T00:43:14.078Z
Bulk Box,binder,Nightblade Brigade,TDM,Tarkir: Dragonstorm,85,normal,common,2,105134,648debd9-d4cf-4788-8882-f1601a3d87f5,0.07,false,false,near_mint,en,USD,2025-11-18T00:43:14.078Z
Bulk Box,binder,Thornwood Falls,TDM,Tarkir: Dragonstorm,269,normal,common,3,104376,ebb502c2-5fd0-46a9-b77d-010f4a942056,0.1,false,false,near_mint,en,USD,2025-11-18T00:43:14.078Z
Bulk Box,binder,Twin Bolt,TDM,Tarkir: Dragonstorm,128,normal,common,2,105137,688d8e93-d071-4089-9ef9-565ac4ae9ae0,0.04,false,false,near_mint,en,USD,2025-11-18T00:43:14.078Z
Bulk Box,binder,Dispelling Exhale,TDM,Tarkir: Dragonstorm,41,normal,common,2,104477,1c9af3f1-711e-42ae-803a-1100eba3fb13,0.07,false,false,near_mint,en,USD,2025-11-18T00:43:14.078Z
Bulk Box,binder,Plains,CMM,Commander Masters,784,normal,common,2,84569,859e0813-96e9-40c3-8e7c-bee8bef27585,0.09,false,false,near_mint,en,USD,2025-11-18T00:43:14.078Z
Bulk Box,binder,Sage of the Fang,TDM,Tarkir: Dragonstorm,155,foil,uncommon,1,105123,1ebf4a9d-d90c-4017-9f00-fca89899f301,0.16,false,false,near_mint,en,USD,2025-11-18T00:46:06.605Z
Bulk Box,binder,Windcrag Siege,TDM,Tarkir: Dragonstorm,235,normal,rare,1,104534,31a8329b-23a1-4c49-a579-a5da8d01435a,2.34,false,false,near_mint,en,USD,2025-11-18T00:46:06.605Z
Bulk Box,binder,Mystic Monastery,EOC,Edge of Eternities Commander,170,normal,uncommon,1,107305,9fd41ad5-6b36-482e-8305-bbc709668470,0.94,false,false,near_mint,en,USD,2025-11-18T00:46:06.605Z
Bulk Box,binder,"Saryth, the Viper's Fang",MID,Innistrad: Midnight Hunt,197,foil,rare,2,63416,bc8b3a09-75e8-428c-91f7-8fac62fadc98,0.71,false,false,near_mint,en,USD,2025-11-18T01:00:49.764Z
Bulk Box,binder,Greatsword of Tyr,CLB,Commander Legends: Battle for Baldur's Gate,22,foil,common,1,69012,50088a60-642b-47ed-a289-ef0b617b688f,0.24,false,false,near_mint,en,USD,2025-11-18T01:06:31.735Z
Bulk Box,binder,Master Chef,CLB,Commander Legends: Battle for Baldur's Gate,241,normal,common,1,69241,b534b1cb-0cd7-4b8c-bb25-42207fcba209,0.06,false,false,near_mint,en,USD,2025-11-18T01:06:31.735Z
Bulk Box,binder,Rasaad yn Bashir,CLB,Commander Legends: Battle for Baldur's Gate,37,normal,uncommon,1,69380,f6597ec7-0fc8-4aa5-a8a6-ea5f95f4ce15,0.11,false,false,near_mint,en,USD,2025-11-18T01:06:31.735Z
Bulk Box,binder,Ambition's Cost,CLB,Commander Legends: Battle for Baldur's Gate,110,normal,uncommon,1,68965,393e0bfe-fa2d-43a1-a880-2d2083aa559a,0.14,false,false,near_mint,en,USD,2025-11-18T01:06:31.735Z
Bulk Box,binder,Split the Spoils,CLB,Commander Legends: Battle for Baldur's Gate,257,normal,uncommon,1,69031,55893f8b-0fea-40a5-b96d-954c99938810,0.06,false,false,near_mint,en,USD,2025-11-18T01:06:31.735Z
Bulk Box,binder,Topaz Dragon // Entropic Cloud,CLB,Commander Legends: Battle for Baldur's Gate,153,normal,uncommon,1,69112,783adffd-449f-44a6-8faf-3e38a201b05b,0.07,false,false,near_mint,en,USD,2025-11-18T01:06:31.735Z
Bulk Box,binder,Faceless One,CLB,Commander Legends: Battle for Baldur's Gate,1,normal,special,1,68919,25564fba-5765-457b-8dd3-f26b877221b8,0.06,false,false,near_mint,en,USD,2025-11-18T01:06:31.735Z
Bulk Box,binder,Ghastly Death Tyrant,CLB,Commander Legends: Battle for Baldur's Gate,127,normal,common,1,69033,564728ed-dbf0-471c-a34a-5bd3b486b7e5,0.08,false,false,near_mint,en,USD,2025-11-18T01:06:31.735Z
Bulk Box,binder,Warehouse Thief,CLB,Commander Legends: Battle for Baldur's Gate,205,normal,common,1,69058,5e7a5951-4f71-47a0-ad80-f236f61d3f22,0.06,false,false,near_mint,en,USD,2025-11-18T01:06:31.735Z
Bulk Box,binder,Run Away Together,CLB,Commander Legends: Battle for Baldur's Gate,92,normal,common,1,69239,b43c6427-6d7d-4a90-b4b9-529895082d60,0.04,false,false,near_mint,en,USD,2025-11-18T01:06:31.735Z
Bulk Box,binder,Scaled Nurturer,CLB,Commander Legends: Battle for Baldur's Gate,252,normal,common,1,69137,84ae5a76-b8b9-431d-8060-a6a96f5d1e0b,0.2,false,false,near_mint,en,USD,2025-11-18T01:06:31.735Z
Bulk Box,binder,Pegasus Guardian // Rescue the Foal,CLB,Commander Legends: Battle for Baldur's Gate,36,normal,common,1,68899,1d958ec3-1ddc-4622-9089-cbe5b3b47c90,0.09,false,false,near_mint,en,USD,2025-11-18T01:06:31.735Z
Bulk Box,binder,Parasitic Impetus,CLB,Commander Legends: Battle for Baldur's Gate,140,normal,common,1,69134,82958da6-71d5-4ad3-a149-aaa31f25e7cf,0.13,false,false,near_mint,en,USD,2025-11-18T01:06:31.735Z
Bulk Box,binder,Ingenious Artillerist,CLB,Commander Legends: Battle for Baldur's Gate,182,normal,common,1,68898,1d8dd6c3-3699-4dd1-a019-fdb569eaf722,0.29,false,false,near_mint,en,USD,2025-11-18T01:06:31.735Z
Bulk Box,binder,Sky Diamond,CLB,Commander Legends: Battle for Baldur's Gate,449,normal,common,1,68946,32b21297-be34-445e-8a5a-6c297ab0ee77,0.11,false,false,near_mint,en,USD,2025-11-18T01:06:31.735Z
Bulk Box,binder,Goggles of Night,CLB,Commander Legends: Battle for Baldur's Gate,74,normal,common,1,69335,deb2aa14-4b8d-4f33-856d-296bc59a0ade,0.07,false,false,near_mint,en,USD,2025-11-18T01:06:31.735Z
Bulk Box,binder,Devil,TCLB,Battle for Baldur's Gate Tokens,10,normal,common,1,69588,895df6af-6799-4ec6-b8f4-912b06f30ed2,0.13,false,false,near_mint,en,USD,2025-11-18T01:06:31.735Z
Bulk Box,binder,Swiftwater Cliffs,MOM,March of the Machine,273,normal,common,1,80460,957efc4e-c2a9-46a2-b9e3-20dc419ffd05,0.08,false,false,near_mint,en,USD,2025-11-18T01:06:31.735Z
Bulk Box,binder,Ephara's Dispersal,MKC,Murders at Karlov Manor Commander,103,normal,common,1,90493,b622aad1-4f57-472e-9bd8-9404da88d6be,0.07,false,false,near_mint,en,USD,2025-11-18T01:06:31.735Z
Bulk Box,binder,Djeru and Hazoret,MOM,March of the Machine,221,normal,rare,1,81020,1db1ae7b-ed48-409f-8d50-07c7e8c6c128,0.32,false,false,near_mint,en,USD,2025-11-18T01:06:31.735Z
Bulk Box,binder,Invasion of Xerex // Vertex Paladin,MOM,March of the Machine,242,normal,uncommon,1,81104,6c8c9c33-569c-4b67-a18d-4cd0f18d01f4,0.05,false,false,near_mint,en,USD,2025-11-18T01:06:31.735Z
Bulk Box,binder,Tarkir Duneshaper // Burnished Dunestomper,MOM,March of the Machine,43,normal,common,1,81478,fdc37acc-05ba-4457-8a03-d635497bfb1b,0.03,false,false,near_mint,en,USD,2025-11-18T01:06:31.735Z
Bulk Box,binder,Fearless Skald,MOM,March of the Machine,138,normal,uncommon,1,81074,4e317d1d-3f20-4f0d-8b1e-31df351e8f83,0.07,false,false,near_mint,en,USD,2025-11-18T01:06:31.735Z
Bulk Box,binder,Astral Wingspan,MOM,March of the Machine,48,normal,uncommon,1,81210,be2ef728-a2c7-45ee-8594-372ed135b482,0.08,false,false,near_mint,en,USD,2025-11-18T01:06:31.735Z
Bulk Box,binder,Converter Beast,MOM,March of the Machine,180,normal,common,1,81315,1bdd3ecb-8c11-4a4c-a503-bc29f79a9dcb,0.06,false,false,near_mint,en,USD,2025-11-18T01:06:31.735Z
Bulk Box,binder,Thrashing Frontliner,MOM,March of the Machine,167,normal,common,1,81388,77fd9ccb-2cb0-4fe1-9eb0-ba929bb527be,0.02,false,false,near_mint,en,USD,2025-11-18T01:06:31.735Z
Bulk Box,binder,Kor Halberd,MOM,March of the Machine,27,normal,common,2,81427,a4705327-ada6-4575-82fc-351e183d060e,0.12,false,false,near_mint,en,USD,2025-11-18T01:06:31.735Z
Bulk Box,binder,Ichor Shade,MOM,March of the Machine,112,normal,common,1,81306,0fd86fbf-eac2-456b-b4bb-437ff9be9b58,0.06,false,false,near_mint,en,USD,2025-11-18T01:06:31.735Z
Bulk Box,binder,Tidal Terror,MOM,March of the Machine,82,normal,common,1,81321,2e943948-2326-4446-9a16-64d6040b8856,0.08,false,false,near_mint,en,USD,2025-11-18T01:06:31.735Z
Bulk Box,binder,Onakke Javelineer,MOM,March of the Machine,156,normal,common,1,81464,e5446057-7330-40b9-a5d9-bad4876337cd,0.02,false,false,near_mint,en,USD,2025-11-18T01:06:31.735Z
Bulk Box,binder,Lat-Nam Adept,BRO,The Brothers' War,56,foil,common,1,75677,a1e088de-e99f-4706-89e0-a7efdaf9403a,0.06,false,false,near_mint,en,USD,2025-11-18T01:06:31.735Z
Bulk Box,binder,Teething Wurmlet,BRO,The Brothers' War,192,normal,rare,1,75342,2350027a-f3a4-4cba-9dfc-27e33bddb3be,0.19,false,false,near_mint,en,USD,2025-11-18T01:06:31.735Z
Bulk Box,binder,Self-Assembler,J22,Jumpstart 2022,795,normal,common,1,76069,02e77f29-8ce1-4a18-871c-d69853bfd9db,0.06,false,false,near_mint,en,USD,2025-11-18T01:06:31.735Z
Bulk Box,binder,"Jetfire, Ingenious Scientist // Jetfire, Air Guardian",BOT,Transformers,3,normal,mythic,1,76027,6bf61883-2343-4a9f-9a34-99326a8827ad,0.84,false,false,near_mint,en,USD,2025-11-18T01:06:31.735Z
Bulk Box,binder,Forging the Anchor,BRO,The Brothers' War,50,normal,uncommon,1,75276,057f6add-1f1d-4cce-9c9d-5e59fb74d78e,0.07,false,false,near_mint,en,USD,2025-11-18T01:06:31.735Z
Bulk Box,binder,Ashnod's Harvester,BRO,The Brothers' War,117,normal,uncommon,1,75473,58baa977-16c1-4983-8343-dbd65e98ddb7,0.09,false,false,near_mint,en,USD,2025-11-18T01:06:31.735Z
Bulk Box,binder,Involuntary Cooldown,BRO,The Brothers' War,53,normal,uncommon,1,75801,d4fcaf6d-6491-4459-98b0-b3c7d43df59e,0.05,false,false,near_mint,en,USD,2025-11-18T01:06:31.735Z
Bulk Box,binder,Calamity's Wake,BRO,The Brothers' War,4,normal,uncommon,1,75265,013bed2b-25db-4dfc-9283-e80c9ac6c841,0.12,false,false,near_mint,en,USD,2025-11-18T01:06:31.735Z
Bulk Box,binder,Mightstone's Animation,BRO,The Brothers' War,58,normal,common,1,75616,8c540e42-22e2-4127-bbd9-2e9200023fec,0.04,false,false,near_mint,en,USD,2025-11-18T01:06:31.735Z
Bulk Box,binder,Prison Sentence,BRO,The Brothers' War,21,normal,common,1,75561,76832ca8-95b2-4bc8-a191-9e2f50b77626,0.07,false,false,near_mint,en,USD,2025-11-18T01:06:31.735Z
Bulk Box,binder,Clay Revenant,BRO,The Brothers' War,118,normal,common,1,75914,fc295bac-5031-46c8-8d9a-368656bcf6d3,0.08,false,false,near_mint,en,USD,2025-11-18T01:06:31.735Z
Bulk Box,binder,Parasitic Impetus,CLB,Commander Legends: Battle for Baldur's Gate,140,foil,common,1,69134,82958da6-71d5-4ad3-a149-aaa31f25e7cf,0.25,false,false,near_mint,en,USD,2025-11-18T01:06:31.735Z
Bulk Box,binder,Gale's Redirection,CLB,Commander Legends: Battle for Baldur's Gate,73,normal,rare,1,68901,1f5ddcf8-c87b-4a26-b226-8593f517a74a,0.2,false,false,near_mint,en,USD,2025-11-18T01:06:31.735Z
Bulk Box,binder,Criminal Past,CLB,Commander Legends: Battle for Baldur's Gate,122,normal,uncommon,1,69070,6410a2a2-48d9-4032-b585-4eaa5bc06581,0.09,false,false,near_mint,en,USD,2025-11-18T01:06:31.735Z
Bulk Box,binder,"Renari, Merchant of Marvels",CLB,Commander Legends: Battle for Baldur's Gate,90,normal,uncommon,1,68893,1c044363-d661-4703-841c-8279fa4aa5e5,0.12,false,false,near_mint,en,USD,2025-11-18T01:06:31.735Z
Bulk Box,binder,Skullport Merchant,CLB,Commander Legends: Battle for Baldur's Gate,149,normal,uncommon,1,68950,3362080e-57e9-4da1-9065-d28932869fe5,0.06,false,false,near_mint,en,USD,2025-11-18T01:06:31.735Z
Bulk Box,binder,Burnished Hart,BLC,Bloomburrow Commander,266,normal,uncommon,1,96222,2a7f80b8-e634-4770-b6d1-bdc05e4cbb69,0.05,false,false,near_mint,en,USD,2025-11-18T01:06:31.735Z
Bulk Box,binder,Armor of Shadows,CLB,Commander Legends: Battle for Baldur's Gate,112,normal,common,1,68947,32f5d5be-777f-4e7b-b18c-ce4a9cedb7d0,0.1,false,false,near_mint,en,USD,2025-11-18T01:06:31.735Z
Bulk Box,binder,Tiamat's Fanatics,CLB,Commander Legends: Battle for Baldur's Gate,202,normal,common,1,68925,279c2ec3-abfc-4054-bdd9-3c8fa7d8b426,0.08,false,false,near_mint,en,USD,2025-11-18T01:06:31.735Z
Bulk Box,binder,Kenku Artificer,CLB,Commander Legends: Battle for Baldur's Gate,80,normal,common,1,68905,20f30aca-5055-45f1-9121-e7a5675f07e4,0.11,false,false,near_mint,en,USD,2025-11-18T01:06:31.735Z
Bulk Box,binder,Druidic Ritual,CLB,Commander Legends: Battle for Baldur's Gate,227,normal,common,1,69025,54935597-b5d0-476d-82f3-42a9201e4556,0.06,false,false,near_mint,en,USD,2025-11-18T01:06:31.735Z
Bulk Box,binder,Steadfast Unicorn,CLB,Commander Legends: Battle for Baldur's Gate,44,normal,common,1,68862,13762890-6c5e-44e4-9bd8-998bd054db20,0.07,false,false,near_mint,en,USD,2025-11-18T01:06:31.735Z
Bulk Box,binder,Wayfarer's Bauble,TDC,Tarkir: Dragonstorm Commander,335,normal,common,1,104879,ac1960a1-9141-468c-b96c-6c8e6905084d,0.17,false,false,near_mint,en,USD,2025-11-18T01:06:31.735Z
Bulk Box,binder,Reckless Barbarian,CLB,Commander Legends: Battle for Baldur's Gate,193,normal,common,1,69289,c912e984-1d27-4da2-9733-d56e437bcf58,0.15,false,false,near_mint,en,USD,2025-11-18T01:06:31.735Z
Bulk Box,binder,Dire Mimic,CLB,Commander Legends: Battle for Baldur's Gate,310,normal,common,1,69088,6e29bae1-0643-4781-9edc-50a8e6d1a3a1,0.04,false,false,near_mint,en,USD,2025-11-18T01:06:31.735Z
Bulk Box,binder,Sky Diamond,CLB,Commander Legends: Battle for Baldur's Gate,337,normal,common,1,69314,d47abfb2-9bcf-485c-9bd4-2c09b714eb32,0.19,false,false,near_mint,en,USD,2025-11-18T01:06:31.735Z
Bulk Box,binder,Pilgrim's Eye,CLB,Commander Legends: Battle for Baldur's Gate,333,normal,common,1,68945,32161267-e12b-454f-a7e1-94e078566ffa,0.05,false,false,near_mint,en,USD,2025-11-18T01:06:31.735Z
Bulk Box,binder,Island,MOM,March of the Machine,285,normal,common,1,81081,560c7de9-0046-4a76-a41a-fa1c3ef92f04,0.26,false,false,near_mint,en,USD,2025-11-18T01:06:31.735Z
Bulk Box,binder,Knight-Errant of Eos,MOM,March of the Machine,26,normal,rare,1,81193,ab2ad652-2406-491a-9f22-23e974f943d7,0.33,false,false,near_mint,en,USD,2025-11-18T01:06:31.735Z
Bulk Box,binder,Invasion of Belenon // Belenon War Anthem,MOM,March of the Machine,20,normal,uncommon,1,81076,4fb0eb2d-9cb7-4e72-a970-5009b046df2a,0.07,false,false,near_mint,en,USD,2025-11-18T01:06:31.735Z
Bulk Box,binder,Pyretic Prankster // Glistening Goremonger,MOM,March of the Machine,157,normal,common,1,81305,0ee40c4b-2ca3-4cda-bc9e-451455c17adc,0.03,false,false,near_mint,en,USD,2025-11-18T01:06:31.735Z
Bulk Box,binder,Copper Host Crusher,MOM,March of the Machine,181,normal,uncommon,1,81199,af527344-9d88-4641-8f6d-0263a6797df3,0.13,false,false,near_mint,en,USD,2025-11-18T01:06:31.735Z
Bulk Box,binder,Furnace Reins,MOM,March of the Machine,141,normal,uncommon,1,81257,e91bfea6-0e80-4239-bede-7cb971e64c1a,0.12,false,false,near_mint,en,USD,2025-11-18T01:06:31.735Z
Bulk Box,binder,Swordsworn Cavalier,MOM,March of the Machine,42,normal,common,1,81430,aa0461fc-4298-45b9-90a0-939093cf2544,0.04,false,false,near_mint,en,USD,2025-11-18T01:06:31.735Z
Bulk Box,binder,Chomping Kavu,MOM,March of the Machine,179,normal,common,1,81325,31c249d9-37c0-451d-866b-e834c4c57214,0.03,false,false,near_mint,en,USD,2025-11-18T01:06:31.735Z
Bulk Box,binder,Flywheel Racer,MOM,March of the Machine,259,normal,common,1,81448,c694485d-a753-4e55-929c-d8e4a53c7d08,0.09,false,false,near_mint,en,USD,2025-11-18T01:06:31.735Z
Bulk Box,binder,Meeting of Minds,MOM,March of the Machine,66,normal,common,1,81355,508b8650-c283-4e54-abdc-32ec2fb1ee34,0.11,false,false,near_mint,en,USD,2025-11-18T01:06:31.735Z
Bulk Box,binder,Wrenn's Resolve,MOM,March of the Machine,173,normal,common,1,81419,9a47999c-12d5-4e1a-a9c1-40a1757007f1,1.03,false,false,near_mint,en,USD,2025-11-18T01:06:31.735Z
Bulk Box,binder,Consuming Aetherborn,MOM,March of the Machine,97,normal,common,1,81384,7311ade8-eb75-40f8-b018-668762aa3b77,0.04,false,false,near_mint,en,USD,2025-11-18T01:06:31.735Z
Bulk Box,binder,Seed of Hope,MOM,March of the Machine,204,normal,common,1,81297,084a8b94-0c5d-41e0-88e4-fe91ab92c09d,0.13,false,false,near_mint,en,USD,2025-11-18T01:06:31.735Z
Bulk Box,binder,Eyes of Gitaxias,MOM,March of the Machine,57,normal,common,1,81446,c4303347-3fbd-4bbd-ab3f-e7ddbe0e0a9d,0.03,false,false,near_mint,en,USD,2025-11-18T01:06:31.735Z
Bulk Box,binder,Knight,TMOM,March of the Machine Tokens,10,normal,common,1,81793,88439bfc-8942-473b-9e4f-863017788476,0.16,false,false,near_mint,en,USD,2025-11-18T01:06:31.735Z
Bulk Box,binder,"Saryth, the Viper's Fang",MKC,Murders at Karlov Manor Commander,185,normal,rare,2,90424,8050afb7-3c16-4456-aa34-4cc999fac7f5,0.53,false,false,near_mint,en,USD,2025-11-18T01:06:31.735Z
Bulk Box,binder,"Endrek Sahr, Master Breeder",MM2,Modern Masters 2015,82,normal,rare,1,11135,a97b9d0e-e150-46d5-b6fd-59793e82dae4,1.01,false,false,near_mint,en,USD,2025-11-18T01:06:31.735Z
Bulk Box,binder,Fallaji Archaeologist,BRO,The Brothers' War,48,normal,common,1,75714,b0eab397-25a6-4377-8e12-e8acef9675cf,0.28,false,false,near_mint,en,USD,2025-11-18T01:06:31.735Z
Bulk Box,binder,Soul Partition,BRO,The Brothers' War,26,normal,rare,1,75354,28bb8ec0-9729-4aa1-8ce4-a3a5598b0d70,0.29,false,false,near_mint,en,USD,2025-11-18T01:06:31.735Z
Bulk Box,binder,Chromatic Star,BRR,The Brothers' War Retro Artifacts,74,normal,uncommon,1,75936,1ef87e14-f536-4a2e-b834-55ed0e055800,0.19,false,false,near_mint,en,USD,2025-11-18T01:06:31.735Z
Bulk Box,binder,Bone Saw,CON,Conflux,135,normal,common,1,23594,a3bf79d6-4b4a-4fdd-a831-36eff2523661,0.12,false,false,near_mint,en,USD,2025-11-18T01:06:31.735Z
Bulk Box,binder,Iron-Craw Crusher,BRO,The Brothers' War,200,normal,uncommon,1,75506,64e2ec10-f45f-46ef-a076-52425bf3fe3b,0.06,false,false,near_mint,en,USD,2025-11-18T01:06:31.735Z
Bulk Box,binder,Dreams of Steel and Oil,BRO,The Brothers' War,92,normal,uncommon,1,75352,261ac92e-c61a-4c11-aa6a-9ae1cb703e5c,0.26,false,false,near_mint,en,USD,2025-11-18T01:06:31.735Z
Bulk Box,binder,Reconstructed Thopter,BRO,The Brothers' War,242,normal,uncommon,1,75739,bcc8a8d8-6d8e-44b3-a29b-5fa4a851a25b,0.05,false,false,near_mint,en,USD,2025-11-18T01:06:31.735Z
Bulk Box,binder,Scrapwork Cohort,BRO,The Brothers' War,37,normal,common,1,75631,91b0f17e-603a-4840-b2c3-381ec6f102f3,0.05,false,false,near_mint,en,USD,2025-11-18T01:06:31.735Z
Bulk Box,binder,Curate,MKC,Murders at Karlov Manor Commander,99,normal,common,1,90413,78cd258b-431e-42f7-a938-76ebc80d528d,0.07,false,false,near_mint,en,USD,2025-11-18T01:06:31.735Z
Bulk Box,binder,Deadly Riposte,FDN,Foundations,492,normal,common,1,101535,65f5804a-075b-41d8-9639-785cad5c0974,0.16,false,false,near_mint,en,USD,2025-11-18T01:06:31.735Z
Bulk Box,binder,Scatter Ray,BRO,The Brothers' War,61,normal,common,1,75323,1c2852c9-d566-4824-836a-2f4c7a5148a1,0.08,false,false,near_mint,en,USD,2025-11-18T01:06:31.735Z
Bulk Box,binder,Mountain,BRO,The Brothers' War,284,normal,common,1,75762,c464b81a-3d91-4d07-bc9d-6756780417e3,0.24,false,false,near_mint,en,USD,2025-11-18T01:06:31.735Z
Bulk Box,binder,Guiding Bolt,CLB,Commander Legends: Battle for Baldur's Gate,24,normal,common,2,69297,cd552f81-1947-47e0-beee-f04e73551055,0.1,false,false,near_mint,en,USD,2025-11-18T01:06:31.735Z
Bulk Box,binder,Contact Other Plane,CLB,Commander Legends: Battle for Baldur's Gate,62,normal,common,2,69118,7b5d9323-ddf4-49b0-9d39-c2249c50f1e3,0.05,false,false,near_mint,en,USD,2025-11-18T01:06:31.735Z
Bulk Box,binder,Druid of the Emerald Grove,CLB,Commander Legends: Battle for Baldur's Gate,226,normal,common,2,69148,8a270d07-29da-4c31-ae6a-5f60c162f508,0.04,false,false,near_mint,en,USD,2025-11-18T01:06:31.735Z
Bulk Box,binder,"Yargle, Glutton of Urborg",MUL,Multiverse Legends,19,normal,uncommon,2,81243,e07104c8-3af9-44ff-8f24-ce420333e05b,0.15,false,false,near_mint,en,USD,2025-11-18T01:06:31.735Z
Bulk Box,binder,Zealot of the God-Pharaoh,HOU,Hour of Devastation,207,normal,common,1,4468,180d1cd4-7d0d-4279-bc2a-59bb21b06904,0.11,false,false,near_mint,en,USD,2025-11-18T01:17:43.188Z
Bulk Box,binder,Cartouche of Zeal,AKH,Amonkhet,124,normal,common,1,5561,8d09b2d9-b944-480b-93f9-76fc9bc319ce,0.03,false,false,near_mint,en,USD,2025-11-18T01:17:43.188Z
Bulk Box,binder,Fling,AKH,Amonkhet,132,normal,common,1,5553,f02363a7-4455-4571-bfff-4ce94c7c1e3b,0.07,false,false,near_mint,en,USD,2025-11-18T01:17:43.188Z
Bulk Box,binder,Ahn-Crop Crasher,AKH,Amonkhet,117,normal,uncommon,1,5568,dd5db68c-24d5-44ce-9809-e446f26fac5d,0.04,false,false,near_mint,en,USD,2025-11-18T01:17:43.188Z
Bulk Box,binder,Sandstorm Crasher,J25,Foundations Jumpstart,18,normal,rare,1,100300,2bcf1ed6-5e5b-4035-9d21-f84ac4fc4fbd,1.01,false,false,near_mint,en,USD,2025-11-18T01:17:43.188Z
Bulk Box,binder,Trial of Zeal,AKH,Amonkhet,152,normal,uncommon,1,5533,543539ce-af50-4bbe-82aa-f35fd2c2a256,0.02,false,false,near_mint,en,USD,2025-11-18T01:17:43.188Z
Bulk Box,binder,Battlefield Scavenger,AKH,Amonkhet,118,normal,uncommon,1,5567,f0eb1a40-8239-4544-96a1-a4acaf7e2054,0.03,false,false,near_mint,en,USD,2025-11-18T01:17:43.188Z
Bulk Box,binder,Terramorphic Expanse,BLC,Bloomburrow Commander,345,normal,common,1,96204,21bb96d8-483c-4fde-97ea-08be9570c289,0.12,false,false,near_mint,en,USD,2025-11-18T01:17:43.188Z
Bulk Box,binder,Ash Barrens,DSC,Duskmourn: House of Horror Commander,260,normal,common,1,98891,a881be73-7b22-418f-bf20-a07400b3b836,0.15,false,false,near_mint,en,USD,2025-11-18T01:17:43.188Z
Bulk Box,binder,Bloodlust Inciter,AKH,Amonkhet,120,normal,common,1,5565,b1cd0757-1b06-4e1b-a236-31271bd0d9a3,0.04,false,false,near_mint,en,USD,2025-11-18T01:17:43.188Z
Bulk Box,binder,Voldaren Duelist,INR,Innistrad Remastered,181,normal,common,1,102629,7e2df669-a996-4692-9c04-7ba236595076,0.04,false,false,near_mint,en,USD,2025-11-18T01:17:43.188Z
Bulk Box,binder,Kindled Fury,HOU,Hour of Devastation,101,normal,common,1,4574,cffb2c38-76b0-4d5f-a4d1-e2494f4be192,0.04,false,false,near_mint,en,USD,2025-11-18T01:17:43.188Z
Bulk Box,binder,"Anep, Vizier of Hazoret",J25,Foundations Jumpstart,46,normal,uncommon,1,100294,295658c4-7ab8-473d-abe1-0b6303b6850f,0.17,false,false,near_mint,en,USD,2025-11-18T01:17:43.188Z
Bulk Box,binder,Hidden Grotto,BLB,Bloomburrow,254,normal,common,1,95918,4ba8f2e7-8357-4862-97dc-1942d066023a,0.08,false,false,near_mint,en,USD,2025-11-18T01:17:43.188Z
Bulk Box,binder,"Zoraline, Cosmos Caller",BLB,Bloomburrow,242,normal,rare,1,95879,b7f99fd5-5298-4b27-923d-9d31203c931a,0.33,false,false,near_mint,en,USD,2025-11-18T01:17:43.188Z
Bulk Box,binder,Seedpod Squire,BLB,Bloomburrow,232,normal,common,1,95852,f3684577-51ce-490e-9b59-b19c733be466,0.08,false,false,near_mint,en,USD,2025-11-18T01:17:43.188Z
Bulk Box,binder,Feather of Flight,BLB,Bloomburrow,13,normal,uncommon,1,95956,9fb41503-8632-4bf1-9bfe-6d9b9993c337,0.15,false,false,near_mint,en,USD,2025-11-18T01:17:43.188Z
Bulk Box,binder,Dazzling Denial,BLB,Bloomburrow,45,normal,common,1,96369,8739f1ac-2e57-4b52-a7ff-cc8df5936aad,0.06,false,false,near_mint,en,USD,2025-11-18T01:17:43.188Z
Bulk Box,binder,Whiskerquill Scribe,BLB,Bloomburrow,161,foil,common,2,96124,da653996-9bd4-40bd-afb4-48c7e070a269,0.08,false,false,near_mint,en,USD,2025-11-18T01:17:43.188Z
Bulk Box,binder,Feed the Cycle,BLB,Bloomburrow,94,normal,uncommon,1,96067,7e017ff8-2936-4a1b-bece-00004cfbad06,0.13,false,false,near_mint,en,USD,2025-11-18T01:17:43.188Z
Bulk Box,binder,Savor,BLB,Bloomburrow,109,normal,common,1,96178,1397f689-dca1-4d35-864b-92c5606afb9a,0.08,false,false,near_mint,en,USD,2025-11-18T01:17:43.188Z
Bulk Box,binder,Three Tree Scribe,BLB,Bloomburrow,199,normal,uncommon,1,95977,ea2ca1b3-4c1a-4be5-b321-f57db5ff0528,0.1,false,false,near_mint,en,USD,2025-11-18T01:17:43.188Z
Bulk Box,binder,High Stride,BLB,Bloomburrow,176,normal,common,1,96153,09c8cf4b-8e65-4a1c-b458-28b5ab56b390,0.03,false,false,near_mint,en,USD,2025-11-18T01:17:43.188Z
Bulk Box,binder,Violent Outburst,ARB,Alara Reborn,63,normal,common,1,23445,1b58856a-f88e-4625-8636-62b5c717b956,0.38,false,false,near_mint,en,USD,2025-11-18T01:17:43.188Z
Bulk Box,binder,Bituminous Blast,M3C,Modern Horizons 3 Commander,255,normal,uncommon,1,95158,ef5eb555-4de2-4d58-afce-7cafdddb5bc0,0.06,false,false,near_mint,en,USD,2025-11-18T01:17:43.188Z
Bulk Box,binder,"Averna, the Chaos Bloom",J25,Foundations Jumpstart,80,normal,rare,1,100155,0d6094b0-72a1-4f1b-9067-b1c97238d005,0.33,false,false,near_mint,en,USD,2025-11-18T01:17:43.188Z
Bulk Box,binder,Bloodbraid Elf,M3C,Modern Horizons 3 Commander,256,normal,uncommon,1,95145,c2c5f917-e85c-42fb-b21a-e1a6c5f45726,0.11,false,false,near_mint,en,USD,2025-11-18T01:17:43.188Z
Bulk Box,binder,Enlisted Wurm,PCA,Planechase Anthology,90,normal,uncommon,1,6591,1af3eae1-daf0-482f-80ce-db185d16fb88,0.2,false,false,near_mint,en,USD,2025-11-18T01:17:43.188Z
Bulk Box,binder,Fusion Elemental,DMC,Dominaria United Commander,150,normal,uncommon,1,71760,c8ab1550-0cd3-4dc9-82c2-121615f2ceee,0.08,false,false,near_mint,en,USD,2025-11-18T01:17:43.188Z
Bulk Box,binder,Chromatic Lantern,J25,Foundations Jumpstart,151,normal,rare,1,101289,e8c3839e-eb11-48ce-91e0-7ae2aecb6157,2.12,false,false,near_mint,en,USD,2025-11-18T01:17:43.188Z
Bulk Box,binder,Living Lands,4ED,Fourth Edition,260,normal,rare,1,39927,36d5c0df-3db4-4e2d-9688-223383e02b02,0.43,false,false,near_mint,en,USD,2025-11-18T01:17:43.188Z
Bulk Box,binder,Druid of the Anima,ALA,Shards of Alara,128,normal,common,1,23971,de32bf78-73c2-4cd4-b3b3-ef8be53e1e5e,0.51,false,false,near_mint,en,USD,2025-11-18T01:17:43.188Z
Bulk Box,binder,Leaf-Crowned Visionary,DMU,Dominaria United,167,normal,rare,1,71679,aa7bd814-9f88-4e01-932d-07ac1abc060e,1.75,false,false,near_mint,en,USD,2025-11-18T01:17:43.188Z
Bulk Box,binder,Ghirapur Guide,M19,Core Set 2019,182,normal,uncommon,1,1130,06582256-37d4-442d-b452-9cd93d285d2f,0.05,false,false,near_mint,en,USD,2025-11-18T01:17:43.188Z
Bulk Box,binder,Llanowar Elves,J25,Foundations Jumpstart,149,normal,common,1,101208,d9c02310-6a14-45c2-ae8c-b0fff7245673,0.34,false,false,near_mint,en,USD,2025-11-18T01:17:43.188Z
Bulk Box,binder,Bounty of Skemfar,KHC,Kaldheim Commander,12,normal,rare,1,56811,3185a67e-648c-48a8-9aad-180e1ca0f4ae,0.21,false,false,near_mint,en,USD,2025-11-18T01:17:43.188Z
Bulk Box,binder,Elvish Visionary,J25,Foundations Jumpstart,145,normal,common,1,100630,69f570b5-1629-4b10-8f66-ed9b4355a0a4,0.14,false,false,near_mint,en,USD,2025-11-18T01:17:43.188Z
Bulk Box,binder,Band Together,CLU,Ravnica: Clue Edition,156,normal,common,1,91228,d8e243d6-c888-410f-8de0-51761c925a59,0.13,false,false,near_mint,en,USD,2025-11-18T01:17:43.188Z
Trade Binder,binder,"Dionus, Elvish Archdruid",J25,Foundations Jumpstart,52,normal,uncommon,1,100544,5a3dfd71-9ec0-4842-b99d-c1833679f0c5,3.56,false,false,near_mint,en,USD,2025-11-18T01:17:43.188Z
Bulk Box,binder,Overcome,CLU,Ravnica: Clue Edition,171,normal,uncommon,1,90818,4089c088-b113-467c-9160-f6bac779ddd7,0.21,false,false,near_mint,en,USD,2025-11-18T01:17:43.188Z
Bulk Box,binder,Tajuru Pathwarden,FDN,Foundations,558,normal,common,1,101214,da20a0d3-2022-4dea-84c8-85adc5a974f8,0.17,false,false,near_mint,en,USD,2025-11-18T01:17:43.188Z
Bulk Box,binder,Thornweald Archer,FDN,Foundations,559,normal,common,1,100193,189f6199-f2fe-49a5-89ca-3c4cb39fbf2b,0.15,false,false,near_mint,en,USD,2025-11-18T01:17:43.188Z
Bulk Box,binder,Arbor Armament,DOM,Dominaria,155,normal,common,1,2121,bceb365c-5de6-47ae-b42d-7fbce7781f8e,0.02,false,false,near_mint,en,USD,2025-11-18T01:17:43.188Z
Bulk Box,binder,Vampiric Fury,ISD,Innistrad,167,normal,common,1,18731,de4fd254-0ae9-498d-b9da-4fb3d6a1a55c,0.08,false,false,near_mint,en,USD,2025-11-18T01:17:43.188Z
Bulk Box,binder,Blood Petal Celebrant,INR,Innistrad Remastered,144,normal,common,1,102686,96db3d95-c0b8-42ff-956c-837f5f9cd40d,0.04,false,false,near_mint,en,USD,2025-11-18T01:17:43.188Z
Bulk Box,binder,Insolent Neonate,SOI,Shadows over Innistrad,168,normal,common,1,8828,813104f6-e6e4-4709-8626-12fe4262a11f,0.13,false,false,near_mint,en,USD,2025-11-18T01:17:43.188Z
Bulk Box,binder,Markov Warlord,DKA,Dark Ascension,97,normal,uncommon,1,18440,5035276f-31b9-4dd3-9ec8-42a664bdbd5c,0.07,false,false,near_mint,en,USD,2025-11-18T01:17:43.188Z
Bulk Box,binder,Belligerent Guest,VOW,Innistrad: Crimson Vow,144,normal,common,1,64113,1bb844c4-f41c-4411-a80a-c19e1d97b272,0.05,false,false,near_mint,en,USD,2025-11-18T01:17:43.188Z
Bulk Box,binder,"Ivora, Insatiable Heir",J25,Foundations Jumpstart,50,normal,uncommon,1,100299,2ba70366-b6ae-423a-a8d8-29d2b8afd939,0.65,false,false,near_mint,en,USD,2025-11-18T01:17:43.188Z
Bulk Box,binder,Fiery Fall,2X2,Double Masters 2022,109,normal,common,1,70094,1ed3229f-40ab-420d-a41a-57f1ff8ab7ad,0.02,false,false,near_mint,en,USD,2025-11-18T01:17:43.188Z
Bulk Box,binder,Soul Sear,M21,Core Set 2021,160,normal,uncommon,1,50833,62584e4f-dac1-4d99-ac0a-6a2451603889,0.05,false,false,near_mint,en,USD,2025-11-18T01:17:43.188Z
Bulk Box,binder,Scion of Opulence,VOC,Crimson Vow Commander,28,normal,rare,1,64643,dc0296ec-0401-49c6-82c3-9d7e8aa5ee25,0.22,false,false,near_mint,en,USD,2025-11-18T01:17:43.188Z
Bulk Box,binder,Falkenrath Celebrants,VOW,Innistrad: Crimson Vow,156,normal,common,1,64200,4c3c5778-4760-4a8c-8d8d-693e29a0a74b,0.05,false,false,near_mint,en,USD,2025-11-18T01:17:43.188Z
Bulk Box,binder,Blood Feud,J25,Foundations Jumpstart,130,normal,uncommon,1,100995,aecb96ce-d9c8-4d35-bef7-bc4f23011544,0.06,false,false,near_mint,en,USD,2025-11-18T01:17:43.188Z
Bulk Box,binder,Thriving Bluff,BLC,Bloomburrow Commander,346,normal,common,2,96539,fe1789e8-fc45-45f5-8d98-1efce606efc4,0.12,false,false,near_mint,en,USD,2025-11-18T01:17:43.188Z
Bulk Box,binder,Pathmaker Initiate,BBD,Battlebond,182,normal,common,2,1811,a2cfcb26-565d-451c-9a99-00a8a84a033d,0.06,false,false,near_mint,en,USD,2025-11-18T01:17:43.188Z
Bulk Box,binder,Flame-Blessed Bolt,VOW,Innistrad: Crimson Vow,158,normal,common,2,64373,b1771a8f-7bea-4bb0-9949-566ee6613b93,0.05,false,false,near_mint,en,USD,2025-11-18T01:17:43.188Z
Bulk Box,binder,Mountain,XLN,Ixalan,275,normal,common,3,3737,df190cfa-ebb6-48e8-9980-950a26d0f2d8,0.08,false,false,near_mint,en,USD,2025-11-18T01:17:43.188Z
Bulk Box,binder,Mountain,AKH,Amonkhet,266,normal,common,2,5419,9eb742de-57fa-49f5-977e-bee1b8186e9a,0.09,false,false,near_mint,en,USD,2025-11-18T01:17:43.188Z
Bulk Box,binder,Mountain,AKH,Amonkhet,264,normal,common,3,5421,37827425-f304-43eb-979b-1ec5b923a2b5,0.09,false,false,near_mint,en,USD,2025-11-18T01:17:43.188Z
Bulk Box,binder,"Kuja, Genome Sorcerer // Trance Kuja, Fate Defied",FIN,Final Fantasy,399,normal,rare,1,105592,374877d1-167a-42ea-adf3-a707ea0300e8,2.9,false,false,near_mint,en,USD,2025-11-25T03:11:10.877Z
Bulk Box,binder,Instant Ramen,FIN,Final Fantasy,259,normal,common,6,106374,ef7011f4-fc08-4b15-973d-d15357cbe744,0.13,false,false,near_mint,en,USD,2025-11-25T03:11:10.877Z
Bulk Box,binder,You're Not Alone,FIN,Final Fantasy,44,normal,common,2,106327,1867b5cb-2bb0-4f49-b302-036fdffa2344,0.07,false,false,near_mint,en,USD,2025-11-25T03:11:10.877Z
Bulk Box,binder,Call the Mountain Chocobo,FIN,Final Fantasy,131,normal,common,4,106633,b2e1986c-2852-4843-bdc4-eddb727ba3d4,0.04,false,false,near_mint,en,USD,2025-11-25T03:11:10.877Z
Bulk Box,binder,Hero,TFIN,Final Fantasy Tokens,9,normal,common,1,105869,2d132d9b-00dd-4ab9-b195-1857f3cee37b,,false,false,near_mint,en,USD,2025-11-25T03:11:10.877Z
Bulk Box,binder,Malboro,FIN,Final Fantasy,106,foil,common,1,105739,e46d8048-03ce-4e07-ba24-f41ba6140a4e,0.11,false,false,near_mint,en,USD,2025-11-25T03:11:10.877Z
Bulk Box,binder,Glider Staff,TLA,Avatar: The Last Airbender,22,normal,uncommon,1,109467,7517f2eb-a24d-49f6-82bf-08de55d3789a,0.05,false,false,near_mint,en,USD,2025-11-25T03:11:10.877Z
Bulk Box,binder,Curious Farm Animals,TLA,Avatar: The Last Airbender,14,normal,common,1,109654,2402d759-84b6-41d2-ad78-9333974e9222,0.05,false,false,near_mint,en,USD,2025-11-25T03:11:10.877Z
Bulk Box,binder,Razor Rings,TLA,Avatar: The Last Airbender,33,normal,common,1,108265,b05cfee5-ee59-4df6-a5f6-d9ef0fa7f98a,0.03,false,false,near_mint,en,USD,2025-11-25T03:11:10.877Z
Bulk Box,binder,Team Avatar,TLA,Avatar: The Last Airbender,38,normal,uncommon,1,109768,a9a5f6f7-f04d-477f-b67f-fd01a5dcc0f5,0.08,false,false,near_mint,en,USD,2025-11-25T03:11:10.877Z
Bulk Box,binder,Yip Yip!,TLA,Avatar: The Last Airbender,43,normal,common,1,109420,43f4b10e-165b-4100-82f3-728e1b0c78ed,0.03,false,false,near_mint,en,USD,2025-11-25T03:11:10.877Z
Bulk Box,binder,Fancy Footwork,TLA,Avatar: The Last Airbender,19,normal,uncommon,1,109500,9c59f8c5-4063-4e5a-b684-fde175c4a981,0.05,false,false,near_mint,en,USD,2025-11-25T03:11:10.877Z
Bulk Box,binder,Earth Kingdom Jailer,TLA,Avatar: The Last Airbender,16,normal,uncommon,1,109746,9207362c-3605-4794-803f-ad1d0175fcca,0.05,false,false,near_mint,en,USD,2025-11-25T03:11:10.877Z
Bulk Box,binder,Sandbenders' Storm,TLA,Avatar: The Last Airbender,34,normal,common,1,109779,b3bf4a25-4329-4318-870a-2b06aa620dc4,0.03,false,false,near_mint,en,USD,2025-11-25T03:11:10.877Z
Bulk Box,binder,Water Tribe Captain,TLA,Avatar: The Last Airbender,41,normal,common,1,109632,0a0cdf97-1927-47c6-8ef1-29969e3567ee,0.02,false,false,near_mint,en,USD,2025-11-25T03:11:10.877Z
Bulk Box,binder,"Zhao, the Moon Slayer",TLA,Avatar: The Last Airbender,162,normal,rare,1,109829,f1015bf5-de98-41f3-b6b1-ed95f7465944,0.5,false,false,near_mint,en,USD,2025-11-25T03:11:10.877Z
Bulk Box,binder,"Iroh, Tea Master",TLA,Avatar: The Last Airbender,228,normal,rare,1,109546,d1f5e10d-0a89-4129-9717-a921f20d3616,0.2,false,false,near_mint,en,USD,2025-11-25T03:11:10.877Z
Bulk Box,binder,Solstice Revelations,TLA,Avatar: The Last Airbender,153,normal,uncommon,1,109580,f22ac19f-66fb-4d54-9f09-495a20a29577,0.14,false,false,near_mint,en,USD,2025-11-25T03:11:10.877Z
Bulk Box,binder,"Sokka, Tenacious Tactician",TLA,Avatar: The Last Airbender,242,normal,rare,1,109578,f0fa5897-1da7-488f-bb19-1632e969c050,0.41,false,false,near_mint,en,USD,2025-11-25T03:11:10.877Z
Bulk Box,binder,Tolls of War,TLA,Avatar: The Last Airbender,245,normal,uncommon,1,109556,d822b9ad-a787-4355-88c2-07ae2bd3a78e,0.11,false,false,near_mint,en,USD,2025-11-25T03:11:10.877Z
Bulk Box,binder,Zuko's Conviction,TLA,Avatar: The Last Airbender,123,normal,uncommon,1,109923,ad8933d6-cdc7-4d60-a78e-b43ffecfb136,0.09,false,false,near_mint,en,USD,2025-11-25T03:11:10.877Z
Bulk Box,binder,Yuyan Archers,TLA,Avatar: The Last Airbender,161,normal,common,1,108250,99244462-a996-4a5b-91fb-947045647d6d,0.03,false,false,near_mint,en,USD,2025-11-25T03:11:10.877Z
Bulk Box,binder,Deserter's Disciple,TLA,Avatar: The Last Airbender,131,normal,common,1,108164,14f2ed5a-042b-4cce-82ad-cfb4bd511d98,0.01,false,false,near_mint,en,USD,2025-11-25T03:11:10.877Z
Bulk Box,binder,How to Start a Riot,TLA,Avatar: The Last Airbender,140,normal,common,1,108174,23b3bf1e-ea85-47f5-8473-4d16615f68d7,0.04,false,false,near_mint,en,USD,2025-11-25T03:11:10.877Z
Bulk Box,binder,Giant Koi,TLA,Avatar: The Last Airbender,53,normal,common,1,108186,3938ec1f-979c-48e5-bb13-bebace006a8f,0.04,false,false,near_mint,en,USD,2025-11-25T03:11:10.877Z
Bulk Box,binder,Benevolent River Spirit,TLA,Avatar: The Last Airbender,45,foil,uncommon,1,109731,7ffb79cd-d170-4047-89c8-6e85188f30da,0.21,false,false,near_mint,en,USD,2025-11-25T03:11:10.877Z
Bulk Box,binder,Behold the Sinister Six!,SPM,Marvel's Spider-Man,51,normal,mythic,1,108430,1919bfec-1906-4178-ad32-d4589842e563,2.39,false,false,near_mint,en,USD,2025-11-25T03:11:10.877Z
Bulk Box,binder,Aang's Journey,TLA,Avatar: The Last Airbender,1,normal,common,1,108119,5e51f727-5a9b-4bc7-83a9-dbcf1c933e15,0.1,false,false,near_mint,en,USD,2025-11-25T03:11:10.877Z
Bulk Box,binder,Earth Kingdom Soldier,TLA,Avatar: The Last Airbender,216,normal,common,1,108180,2d543d35-945a-4ffa-beb7-7c5d4f894f79,0.05,false,false,near_mint,en,USD,2025-11-25T03:11:10.877Z
Bulk Box,binder,Jasmine Dragon Tea Shop,TLA,Avatar: The Last Airbender,270,normal,rare,1,109810,da2c83d4-a95f-47ff-a08f-694eb78d6b9b,0.45,false,false,near_mint,en,USD,2025-11-25T03:11:10.877Z
Bulk Box,binder,Earthbender Ascension,TLA,Avatar: The Last Airbender,175,foil,rare,1,109704,590a58ab-5e98-4031-8aa6-ce396dc1429f,2.03,false,false,near_mint,en,USD,2025-11-25T03:11:10.877Z
Bulk Box,binder,Fatal Fissure,TLA,Avatar: The Last Airbender,97,normal,uncommon,1,109671,3343933d-4425-4ede-8d92-876bd0c6df60,0.05,false,false,near_mint,en,USD,2025-11-25T03:11:10.877Z
Bulk Box,binder,Fire Nation Warship,TLA,Avatar: The Last Airbender,256,normal,uncommon,1,109418,41ecc1de-353e-4131-b735-d2ce18c9c2d5,0.02,false,false,near_mint,en,USD,2025-11-25T03:11:10.877Z
Bulk Box,binder,"Hama, the Bloodbender",TLA,Avatar: The Last Airbender,224,normal,uncommon,1,109461,6fa1197d-7b19-4d86-81e2-5c87de87757b,0.14,false,false,near_mint,en,USD,2025-11-25T03:11:10.877Z
Bulk Box,binder,North Pole Patrol,TLA,Avatar: The Last Airbender,65,normal,uncommon,1,109536,c2c0c138-5b61-4949-8431-4a6d458ead6a,0.09,false,false,near_mint,en,USD,2025-11-25T03:11:10.877Z
Bulk Box,binder,Cat-Owl,TLA,Avatar: The Last Airbender,212,normal,common,1,108285,d7df3391-dbe5-4eb4-85c1-037c5f3ea971,0.04,false,false,near_mint,en,USD,2025-11-25T03:11:10.877Z
Bulk Box,binder,The Spirit Oasis,TLA,Avatar: The Last Airbender,72,normal,uncommon,1,109414,3a1b1329-531c-47ed-9802-c505501f8fd9,0.15,false,false,near_mint,en,USD,2025-11-25T03:11:10.877Z
Bulk Box,binder,Trusty Boomerang,TLA,Avatar: The Last Airbender,260,normal,uncommon,1,109564,df99a166-6d58-4d92-9037-2fdfbaf65629,0.06,false,false,near_mint,en,USD,2025-11-25T03:11:10.877Z
Bulk Box,binder,Airship Engine Room,TLA,Avatar: The Last Airbender,265,normal,common,1,109375,0b98ba34-f251-4bd0-9d75-1d4445be5cfd,0.04,false,false,near_mint,en,USD,2025-11-25T03:11:10.877Z
Bulk Box,binder,Airship Engine Room,TLA,Avatar: The Last Airbender,265,foil,common,1,109375,0b98ba34-f251-4bd0-9d75-1d4445be5cfd,0.09,false,false,near_mint,en,USD,2025-11-25T03:11:10.877Z
Bulk Box,binder,Foggy Bottom Swamp,TLA,Avatar: The Last Airbender,269,normal,common,2,109396,226af626-873d-4bd2-b889-000f8316786f,0.05,false,false,near_mint,en,USD,2025-11-25T03:11:10.877Z
Bulk Box,binder,Dai Li Agents,TLA,Avatar: The Last Airbender,214,normal,uncommon,1,109502,9ddb8715-341b-400a-b6eb-f3f90518157c,0.09,false,false,near_mint,en,USD,2025-11-25T03:11:10.877Z
Bulk Box,binder,Badgermole,TLA,Avatar: The Last Airbender,166,normal,common,1,108260,aabbd420-b7fc-496f-9168-bad823d51d9e,0.09,false,false,near_mint,en,USD,2025-11-25T03:11:10.877Z
Bulk Box,binder,Leaves from the Vine,TLA,Avatar: The Last Airbender,185,normal,uncommon,1,109520,b18995c2-efe3-46ca-8204-e2dc0e42f6e3,0.07,false,false,near_mint,en,USD,2025-11-25T03:11:10.877Z
Bulk Box,binder,Raucous Audience,TLA,Avatar: The Last Airbender,190,normal,common,1,108279,ccd03ec3-0fae-48b2-9f04-9c57d2f94267,0.07,false,false,near_mint,en,USD,2025-11-25T03:11:10.877Z
Bulk Box,binder,Invasion Tactics,TLA,Avatar: The Last Airbender,183,normal,uncommon,1,109403,27c6330d-49f6-4707-b4d4-d1411fa422eb,0.08,false,false,near_mint,en,USD,2025-11-25T03:11:10.877Z
Bulk Box,binder,Foggy Swamp Vinebender,TLA,Avatar: The Last Airbender,180,normal,common,1,109727,78a75317-94f7-47a4-b4da-5a027fa73248,0.02,false,false,near_mint,en,USD,2025-11-25T03:11:10.877Z
Bulk Box,binder,Serpent's Pass,TLA,Avatar: The Last Airbender,279,normal,common,1,109514,ad87bff5-9b8c-44e4-a6d3-8cc71be9640a,0.05,false,false,near_mint,en,USD,2025-11-25T03:11:10.877Z
Bulk Box,binder,Dai Li Indoctrination,TLA,Avatar: The Last Airbender,93,normal,common,1,108299,eca652b8-44f1-4bd9-b4bf-036eeead13aa,0.03,false,false,near_mint,en,USD,2025-11-25T03:11:10.877Z
Bulk Box,binder,Lost Days,TLA,Avatar: The Last Airbender,62,normal,common,1,109559,db8e88e3-0931-403f-90e7-3c22c0b61dac,0.03,false,false,near_mint,en,USD,2025-11-25T03:11:10.877Z
Bulk Box,binder,Waterbending Lesson,TLA,Avatar: The Last Airbender,80,normal,common,1,108207,4f81e3b5-a0a9-4764-8c2d-b499ce1740b4,0.04,false,false,near_mint,en,USD,2025-11-25T03:11:10.877Z
Bulk Box,binder,"Sokka, Lateral Strategist",TLA,Avatar: The Last Airbender,241,normal,uncommon,1,108161,1326c5db-4615-495f-8e30-376243d91352,0.1,false,false,near_mint,en,USD,2025-11-25T03:11:10.877Z
Bulk Box,binder,Otter-Penguin,TLA,Avatar: The Last Airbender,67,normal,common,1,108200,480b6279-bb34-4b3f-a639-868b52af92b9,0.03,false,false,near_mint,en,USD,2025-11-25T03:11:10.877Z
Bulk Box,binder,Knowledge Seeker,TLA,Avatar: The Last Airbender,60,normal,uncommon,1,109738,8554e862-f78a-42f5-b876-076aac6c9504,0.05,false,false,near_mint,en,USD,2025-11-25T03:11:10.877Z
Bulk Box,binder,Octopus Form,TLA,Avatar: The Last Airbender,66,normal,common,1,109543,ce96a826-53a0-4029-bf34-46779d133b13,0.09,false,false,near_mint,en,USD,2025-11-25T03:11:10.877Z
Bulk Box,binder,Forecasting Fortune Teller,TLA,Avatar: The Last Airbender,51,normal,common,1,109366,023e7ad4-6af0-4f29-a716-27a313974227,0.01,false,false,near_mint,en,USD,2025-11-25T03:11:10.877Z
Bulk Box,binder,Bender's Waterskin,TLA,Avatar: The Last Airbender,255,normal,common,1,108223,6d4a1712-d19e-4475-9614-a0b1af4da610,0.4,false,false,near_mint,en,USD,2025-11-25T03:11:10.877Z
Bulk Box,binder,Barrels of Blasting Jelly,TLA,Avatar: The Last Airbender,254,normal,common,1,108208,4fd83083-3779-41f0-90a0-a00e3270e4e6,0.03,false,false,near_mint,en,USD,2025-11-25T03:11:10.877Z
Bulk Box,binder,Aang's Journey,TLA,Avatar: The Last Airbender,1,foil,common,1,108119,5e51f727-5a9b-4bc7-83a9-dbcf1c933e15,0.16,false,false,near_mint,en,USD,2025-11-25T03:11:10.877Z
Bulk Box,binder,Rowdy Snowballers,TLA,Avatar: The Last Airbender,68,normal,common,1,108165,17d71522-b133-4003-b787-0c742a2fd70e,0.02,false,false,near_mint,en,USD,2025-11-25T03:11:10.877Z
Bulk Box,binder,Mountain,TLA,Avatar: The Last Airbender,285,normal,common,1,108275,c44f81ca-f72f-445c-8901-3a894a2a47f9,0.06,false,false,near_mint,en,USD,2025-11-25T03:11:10.877Z
Bulk Box,binder,Foggy Swamp Hunters,TLA,Avatar: The Last Airbender,101,foil,common,1,109689,3f6e5869-ca25-4b98-a844-8a498cb40aab,0.17,false,false,near_mint,en,USD,2025-11-25T03:11:10.877Z
Bulk Box,binder,"Zuko, Conflicted",TLA,Avatar: The Last Airbender,253,normal,rare,1,109501,9d555cab-ec86-4f27-bca2-7d01f79c3f46,0.2,false,false,near_mint,en,USD,2025-11-25T03:11:10.877Z
Bulk Box,binder,Day of Black Sun,TLA,Avatar: The Last Airbender,94,normal,rare,1,109544,d0e24797-3e45-4c2b-b4b0-1ef44d42eaee,0.55,false,false,near_mint,en,USD,2025-11-25T03:11:10.877Z
Bulk Box,binder,Swamp,C19,Commander 2019,295,normal,common,1,45639,a5572582-07c0-49a1-9ccb-ca2b003d839b,0.14,false,false,near_mint,en,USD,2025-11-25T03:11:10.877Z
Bulk Box,binder,Swamp,EOE,Edge of Eternities,272,normal,common,1,106944,07ab266b-ad6a-422e-9277-27d9f48d2c29,0.13,false,false,near_mint,en,USD,2025-11-25T03:11:10.877Z
Bulk Box,binder,Cat-Gator,TLA,Avatar: The Last Airbender,91,normal,uncommon,1,108298,ec83a825-79e6-42a4-919c-3bc498ff4433,0.07,false,false,near_mint,en,USD,2025-11-25T03:11:10.877Z
Bulk Box,binder,Swamp,SOI,Shadows over Innistrad,291,normal,common,1,8705,87861e3c-d445-4452-b7e0-19b53e69b6e3,0.12,false,false,near_mint,en,USD,2025-11-25T03:11:10.877Z
Bulk Box,binder,Callous Inspector,TLA,Avatar: The Last Airbender,89,normal,common,1,109579,f22610e9-6b14-4914-bb67-bd6723bec9aa,0.05,false,false,near_mint,en,USD,2025-11-25T03:11:10.877Z
Bulk Box,binder,Beetle-Headed Merchants,TLA,Avatar: The Last Airbender,86,normal,common,1,108273,c2eed79f-38c1-4aac-9525-d54cb114f17f,0.01,false,false,near_mint,en,USD,2025-11-25T03:11:10.877Z
Bulk Box,binder,Hog-Monkey,TLA,Avatar: The Last Airbender,104,normal,common,1,108206,4f442970-5355-4abf-8684-17daaa8e469b,0.03,false,false,near_mint,en,USD,2025-11-25T03:11:10.877Z
Bulk Box,binder,"June, Bounty Hunter",TLA,Avatar: The Last Airbender,106,normal,uncommon,1,109385,148bbaab-bc7b-46ab-8e18-ade69d71d847,0.09,false,false,near_mint,en,USD,2025-11-25T03:11:10.877Z
Bulk Box,binder,Realm of Koh,TLA,Avatar: The Last Airbender,276,normal,rare,1,109914,061ac694-610c-479f-b038-a4ef5270d5d7,0.23,false,false,near_mint,en,USD,2025-11-25T03:11:10.877Z
Bulk Box,binder,Boar-q-pine,TLA,Avatar: The Last Airbender,124,normal,common,1,109629,087a445c-5f63-45d6-83e8-20d22650db20,0.04,false,false,near_mint,en,USD,2025-11-25T03:11:10.877Z
Bulk Box,binder,Azula Always Lies,TLA,Avatar: The Last Airbender,84,normal,common,1,108194,416b9207-a2af-44d1-9b87-4943f6e46d42,0.05,false,false,near_mint,en,USD,2025-11-25T03:11:10.877Z
Bulk Box,binder,Mountain,C18,Commander 2018,304,normal,common,1,539,f0c889dc-f043-45fd-81a4-9ae424343f46,0.17,false,false,near_mint,en,USD,2025-11-25T03:11:10.877Z
Bulk Box,binder,Swamp,MRD,Mirrodin,295,normal,common,1,29750,6bae27d4-9de5-4f95-8c56-79afc6cbeb0c,0.32,false,false,near_mint,en,USD,2025-11-25T03:11:10.877Z
Bulk Box,binder,Lightning Strike,TLA,Avatar: The Last Airbender,146,normal,common,1,108213,5787b0e0-9469-4a6d-8b81-c992628e28c0,0.04,false,false,near_mint,en,USD,2025-11-25T03:11:10.877Z
Bulk Box,binder,Wolfbat,TLA,Avatar: The Last Airbender,122,normal,uncommon,1,109666,2ae83b4e-e5a4-4c98-8d16-eef3c71b8ff2,0.04,false,false,near_mint,en,USD,2025-11-25T03:11:10.877Z
Bulk Box,binder,"Azula, On the Hunt",TLA,Avatar: The Last Airbender,85,normal,uncommon,1,109383,1335a145-248a-4f1e-8760-9a5d531e14e3,0.09,false,false,near_mint,en,USD,2025-11-25T03:11:10.877Z
Bulk Box,binder,Treetop Freedom Fighters,TLA,Avatar: The Last Airbender,156,normal,common,1,109507,a9394200-7ffc-440f-8b5f-c08b7930133c,0.04,false,false,near_mint,en,USD,2025-11-25T03:11:10.877Z
Bulk Box,binder,Tiger-Dillo,TLA,Avatar: The Last Airbender,155,normal,uncommon,1,109369,067bd117-04e6-410e-89c4-6d431d627751,0.05,false,false,near_mint,en,USD,2025-11-25T03:11:10.877Z
Bulk Box,binder,Canyon Crawler,TLA,Avatar: The Last Airbender,90,normal,common,1,109668,30a30bfb-f0f3-425b-b37d-20079ee27046,0.02,false,false,near_mint,en,USD,2025-11-25T03:11:10.877Z
Bulk Box,binder,Iroh's Demonstration,TLA,Avatar: The Last Airbender,141,normal,uncommon,1,109643,18d15fed-1f8f-4407-a221-a47ce75001a8,0.15,false,false,near_mint,en,USD,2025-11-25T03:11:10.877Z
Bulk Box,binder,Swampsnare Trap,TLA,Avatar: The Last Airbender,120,foil,common,1,109709,6348b6bf-08a7-45f0-8b2d-2827ab89f21c,0.18,false,false,near_mint,en,USD,2025-11-25T03:11:10.877Z
Bulk Box,binder,Earth Village Ruffians,TLA,Avatar: The Last Airbender,219,normal,common,1,108212,56d4e0b7-232f-4953-84a3-e6f17781aa45,0.02,false,false,near_mint,en,USD,2025-11-25T03:11:10.877Z
Bulk Box,binder,Merchant of Many Hats,TLA,Avatar: The Last Airbender,110,normal,common,1,108229,752ffa24-93b6-4b33-bf10-7222357ac472,0.04,false,false,near_mint,en,USD,2025-11-25T03:11:10.877Z
Bulk Box,binder,Fire Sages,TLA,Avatar: The Last Airbender,136,normal,uncommon,1,108225,71a9fa44-306f-417a-a9d9-991aff95025c,0.05,false,false,near_mint,en,USD,2025-11-25T03:11:10.877Z
Bulk Box,binder,Boiling Rock Prison,TLA,Avatar: The Last Airbender,267,normal,common,1,109390,1c2e2220-54d1-4180-93a0-964e3b0ba8b8,0.04,false,false,near_mint,en,USD,2025-11-25T03:11:10.877Z
Bulk Box,binder,Mountain,TMP,Tempest,346,normal,common,1,36653,23e043bf-a6d7-4778-8460-13bdf38b7d39,0.68,false,false,near_mint,en,USD,2025-11-25T03:11:10.877Z
Bulk Box,binder,Mountain,KLD,Kaladesh,259,normal,common,1,7384,29b4a0e0-3d27-414b-80cb-352f16389a83,0.09,false,false,near_mint,en,USD,2025-11-25T03:11:10.877Z
Bulk Box,binder,Swamp,HOP,Planechase,151,normal,common,1,22883,09e222f9-b7fc-49f0-8cef-9899aa333ecf,0.65,false,false,near_mint,en,USD,2025-11-25T03:11:10.877Z
Bulk Box,binder,Romantic Rendezvous,SPM,Marvel's Spider-Man,86,normal,common,1,107624,38120361-153f-414e-8a45-f86bb2e35a17,0.06,false,false,near_mint,en,USD,2025-11-25T03:11:10.877Z
Bulk Box,binder,Unstable Experiment,SPM,Marvel's Spider-Man,47,normal,common,1,107669,be9d5985-0a39-4ee3-80de-30d17d08f404,0.03,false,false,near_mint,en,USD,2025-11-25T03:11:10.877Z
Bulk Box,binder,Robotics Mastery,SPM,Marvel's Spider-Man,41,normal,uncommon,1,108578,d0e92939-6d86-44b4-8a43-1963e97a2bb3,0.08,false,false,near_mint,en,USD,2025-11-25T03:11:10.877Z
Bulk Box,binder,"Mysterio, Master of Illusion",SPM,Marvel's Spider-Man,37,normal,rare,1,108477,facbd96f-c088-4377-b740-5e0fe99102bb,0.2,false,false,near_mint,en,USD,2025-11-25T03:11:10.877Z
Bulk Box,binder,"Scorpion, Seething Striker",SPM,Marvel's Spider-Man,64,normal,uncommon,1,107675,cf407e08-b27f-42ba-b824-75846a80e238,0.05,false,false,near_mint,en,USD,2025-11-25T03:11:10.877Z
Bulk Box,binder,Scorpion's Sting,SPM,Marvel's Spider-Man,65,normal,common,1,107613,0fb03437-32cf-4c97-bf91-ea8b2ad3f964,0.03,false,false,near_mint,en,USD,2025-11-25T03:11:10.877Z
Bulk Box,binder,Windcaller Aven,CMM,Commander Masters,133,normal,common,1,84922,d4f1e538-9e68-4481-9bd6-3d37e20645f2,0.05,false,false,near_mint,en,USD,2025-11-25T03:11:10.877Z
Bulk Box,binder,Invading Manticore,WAR,War of the Spark,134,normal,common,1,44270,674e408b-f052-451c-9bf9-ac6f98753a9d,0.04,false,false,near_mint,en,USD,2025-11-25T03:11:10.877Z
Bulk Box,binder,Bog Rats,6ED,Classic Sixth Edition,117,normal,common,1,35260,0da038c4-73ff-4d82-8440-9bca2f051fd5,0.18,false,false,near_mint,en,USD,2025-11-25T03:11:10.877Z
Bulk Box,binder,Faerie Impostor,DDN,Duel Decks: Speed vs. Cunning,43,normal,uncommon,1,13487,cdec8e65-8914-4a7a-9ed0-991a73242f3f,0.25,false,false,near_mint,en,USD,2025-11-25T03:11:10.877Z
Bulk Box,binder,Devoted Paladin,AFR,Adventures in the Forgotten Realms,11,normal,common,1,60204,3620ed96-1d15-4942-b9e5-9f9a64b0cab4,0.07,false,false,near_mint,en,USD,2025-11-25T03:11:10.877Z
Bulk Box,binder,Debtors' Transport,RVR,Ravnica Remastered,72,normal,common,1,89911,d001eb1f-491b-4b1d-9f1d-e1cf158fd55a,0.02,false,false,near_mint,en,USD,2025-11-25T03:11:10.877Z
Bulk Box,binder,Return to Nature,MOC,March of the Machine Commander,309,normal,common,1,81767,7e99f99a-68a1-4f35-853c-794630d313fc,0.2,false,false,near_mint,en,USD,2025-11-25T03:11:10.877Z
Bulk Box,binder,Radical Idea,OTC,Outlaws of Thunder Junction Commander,110,normal,common,1,93793,aa32ec44-d29b-4ebe-82f5-4fe67bca07eb,0.06,false,false,near_mint,en,USD,2025-11-25T03:11:10.877Z
Bulk Box,binder,Skyclave Squid,ZNR,Zendikar Rising,82,normal,common,1,54555,581ed049-7b5b-47d9-96af-f737631a221f,0.04,false,false,near_mint,en,USD,2025-11-25T03:11:10.877Z
Bulk Box,binder,Fiery Intervention,DOM,Dominaria,118,normal,common,1,2158,67f36a25-3692-4f2e-a25e-84b90656e6a4,0.02,false,false,near_mint,en,USD,2025-11-25T03:11:10.877Z
Bulk Box,binder,Sea Gate Banneret,ZNR,Zendikar Rising,36,normal,common,1,54591,6ae4634e-1487-4b66-8f70-bcb4b1fa6e77,0.04,false,false,near_mint,en,USD,2025-11-25T03:11:10.877Z
Bulk Box,binder,Junk Winder,BLC,Bloomburrow Commander,169,normal,uncommon,1,96168,0ee1b75a-18e3-43ce-a1db-b27fd1771279,0.06,false,false,near_mint,en,USD,2025-11-25T03:11:10.877Z
Bulk Box,binder,Rebuke,BBD,Battlebond,103,normal,common,1,1890,9671c116-98cb-43b4-ace2-1e4f51a4a4c6,0.08,false,false,near_mint,en,USD,2025-11-25T03:11:10.877Z
Bulk Box,binder,Orcish Hellraiser,MH1,Modern Horizons,136,normal,common,1,44798,56ea32e5-b164-4a8d-9312-c35ae5cd8b2a,0.05,false,false,near_mint,en,USD,2025-11-25T03:11:10.877Z
Bulk Box,binder,Voracious Vampire,RIX,Rivals of Ixalan,91,normal,common,1,2927,d66a9f1b-31c8-4557-888b-a927922d37af,0.14,false,false,near_mint,en,USD,2025-11-25T03:11:10.877Z
Bulk Box,binder,Incinerate,MIR,Mirage,184,normal,common,1,38406,409b2be8-5bb6-45e0-ab87-ca73b4e3a396,0.25,false,false,near_mint,en,USD,2025-11-25T03:11:10.877Z
Bulk Box,binder,Chillerpillar,MH1,Modern Horizons,43,normal,common,1,44891,7f57005c-414d-4c83-9b4f-cd26e547d54d,0.06,false,false,near_mint,en,USD,2025-11-25T03:11:10.877Z
Bulk Box,binder,Implement of Combustion,AER,Aether Revolt,155,normal,common,1,6259,15b1c8da-604a-42f0-8658-82580700dd31,0.21,false,false,near_mint,en,USD,2025-11-25T03:11:10.877Z
Bulk Box,binder,Weirding Wood,MOC,March of the Machine Commander,315,normal,uncommon,1,81781,82e20104-117e-47de-ac0c-cca9250c1f3c,0.11,false,false,near_mint,en,USD,2025-11-25T03:11:10.877Z
Bulk Box,binder,Tranquil Expanse,C18,Commander 2018,289,normal,uncommon,1,554,123cd67f-7226-4e69-8637-382380fb213e,0.08,false,false,near_mint,en,USD,2025-11-25T03:11:10.877Z
Bulk Box,binder,Trustworthy Scout,MH1,Modern Horizons,33,normal,common,1,44901,8a65f118-3812-4698-8f43-669ceb6b7982,0.03,false,false,near_mint,en,USD,2025-11-25T03:11:10.877Z
Bulk Box,binder,Twin-Silk Spider,MH1,Modern Horizons,188,normal,common,1,44746,7cf3188c-879b-4b18-88b4-6237d7162271,0.14,false,false,near_mint,en,USD,2025-11-25T03:11:10.877Z
Bulk Box,binder,Pondering Mage,MH1,Modern Horizons,63,normal,common,1,44871,c08c5ac8-5c0b-4c89-8f06-e5aadfccee01,0.08,false,false,near_mint,en,USD,2025-11-25T03:11:10.877Z
Bulk Box,binder,Youthful Knight,ELD,Throne of Eldraine,37,normal,common,1,46301,3d1a3fec-39de-4223-9da2-22749a58cd62,0.05,false,false,near_mint,en,USD,2025-11-25T03:11:10.877Z
Bulk Box,binder,Scorching Dragonfire,FDN,Foundations,545,normal,common,1,101507,44ea09c1-d420-4e99-a968-ade614579287,0.18,false,false,near_mint,en,USD,2025-11-25T03:11:10.877Z
Bulk Box,binder,Wild Celebrants,CMR,Commander Legends,212,normal,common,1,55717,6b9e72f4-0087-4a79-b9af-296c8b930a25,0.02,false,false,near_mint,en,USD,2025-11-25T03:11:10.877Z
Bulk Box,binder,Champion of Arashin,BBD,Battlebond,90,normal,common,1,1903,2f7e5122-89ff-4a25-96a5-fee5f96da7f2,0.05,false,false,near_mint,en,USD,2025-11-25T03:11:10.877Z
Bulk Box,binder,Warded Battlements,M21,Core Set 2021,44,normal,common,1,51068,f234999b-54e9-40f5-a537-7d6ce169c710,0.05,false,false,near_mint,en,USD,2025-11-25T03:11:10.877Z
Bulk Box,binder,Spined Megalodon,M21,Core Set 2021,72,normal,common,1,50842,6d42d3dd-29df-44a1-89b8-994761eda77d,0.03,false,false,near_mint,en,USD,2025-11-25T03:11:10.877Z
Bulk Box,binder,Scale the Heights,ZNR,Zendikar Rising,202,normal,common,1,54795,e781d6ad-950e-49bf-9645-e2354086ae49,0.1,false,false,near_mint,en,USD,2025-11-25T03:11:10.877Z
Bulk Box,binder,Deranged Assistant,INR,Innistrad Remastered,61,normal,common,1,102495,3960ed42-b3e7-4464-b345-1b9b22719efc,0.03,false,false,near_mint,en,USD,2025-11-25T03:11:10.877Z
Bulk Box,binder,Skewer the Critics,RVR,Ravnica Remastered,124,normal,common,1,89652,43ca8f80-e9ed-483f-a8a7-ad6149811df9,0.15,false,false,near_mint,en,USD,2025-11-25T03:11:10.877Z
Bulk Box,binder,Venomous Brutalizer,ONE,Phyrexia: All Will Be One,193,normal,uncommon,1,78897,dd9df44a-a0ab-435f-914c-aa11cd88f4ec,0.1,false,false,near_mint,en,USD,2025-11-25T03:11:10.877Z
Bulk Box,binder,Greedy Freebooter,LCI,The Lost Caverns of Ixalan,109,normal,common,1,88563,692fe4e8-13b4-4bec-938e-a8073a7fbd71,0.23,false,false,near_mint,en,USD,2025-11-25T03:11:10.877Z
Bulk Box,binder,Kindly Ancestor // Ancestor's Embrace,VOW,Innistrad: Crimson Vow,22,normal,common,1,64129,25193485-7f41-4b05-9a69-4c112679f97c,0.06,false,false,near_mint,en,USD,2025-11-25T03:11:10.877Z
Bulk Box,binder,Unholy Officiant,VOW,Innistrad: Crimson Vow,286,normal,common,1,64266,722b6cc7-16f2-43cd-bac6-42f5e7962d99,0.03,false,false,near_mint,en,USD,2025-11-25T03:11:10.877Z
Bulk Box,binder,Wanderlight Spirit,VOW,Innistrad: Crimson Vow,86,normal,common,1,64281,7bb3ce5d-330d-427e-a053-8cc4eeb2941b,0.03,false,false,near_mint,en,USD,2025-11-25T03:11:10.877Z
Bulk Box,binder,Famished Foragers,MID,Innistrad: Midnight Hunt,138,normal,common,1,63519,fdbe6937-ceda-4367-a101-562fd5e0e09d,0.04,false,false,near_mint,en,USD,2025-11-25T03:11:10.877Z
Bulk Box,binder,Lathnu Sailback,AER,Aether Revolt,89,normal,common,1,6325,33998799-f31b-4522-93b2-0c34c570ebf7,0.03,false,false,near_mint,en,USD,2025-11-25T03:11:10.877Z
Bulk Box,binder,Inventor's Apprentice,KLD,Kaladesh,120,normal,uncommon,1,7523,f737109b-15fb-4b92-9007-99a33ae68628,0.08,false,false,near_mint,en,USD,2025-11-25T03:11:10.877Z
Bulk Box,binder,Fell Stinger,VOW,Innistrad: Crimson Vow,112,normal,uncommon,1,64137,27347849-6c07-42c0-bee4-74f93d7ad511,0.27,false,false,near_mint,en,USD,2025-11-25T03:11:10.877Z
Bulk Box,binder,Blood Aspirant,CMM,Commander Masters,208,normal,common,1,84007,075947cd-2e06-486a-83a7-97321445a679,0.06,false,false,near_mint,en,USD,2025-11-25T03:11:10.877Z
Bulk Box,binder,Hackrobat,RNA,Ravnica Allegiance,181,normal,uncommon,1,43684,a41335c2-3d11-4f95-8d9f-66b04398c10b,0.04,false,false,near_mint,en,USD,2025-11-25T03:11:10.877Z
Bulk Box,binder,Memory Leak,IKO,Ikoria: Lair of Behemoths,95,normal,common,1,49982,3b45a493-a1c2-430e-a45c-abc1ba554877,0.04,false,false,near_mint,en,USD,2025-11-25T03:11:10.877Z
Bulk Box,binder,First-Sphere Gargantua,MOC,March of the Machine Commander,248,normal,common,2,81597,323c8de1-f09b-45c5-8942-81cb3a09c803,0.08,false,false,near_mint,en,USD,2025-11-25T03:11:10.877Z
Bulk Box,binder,Fear of Exposure,DSK,Duskmourn: House of Horror,177,normal,uncommon,1,99256,93bb4abc-5af1-4cf5-919b-244b6a36f8ec,0.03,false,false,near_mint,en,USD,2025-11-25T03:11:10.877Z
Bulk Box,binder,Unhallowed Phalanx,VOW,Innistrad: Crimson Vow,135,normal,common,1,64426,d5ec541b-1799-4c0e-a3fb-c008cf2eb911,0.11,false,false,near_mint,en,USD,2025-11-25T03:11:10.877Z
Bulk Box,binder,Mists of Littjara,KHM,Kaldheim,67,normal,common,1,56923,6cfd4944-790f-4835-a8a1-c23ef7047648,0.03,false,false,near_mint,en,USD,2025-11-25T03:11:10.877Z
Bulk Box,binder,Notion Rain,MKC,Murders at Karlov Manor Commander,217,normal,common,1,90381,66ed78c5-be23-4fcb-9143-e6574cd6ec68,0.05,false,false,near_mint,en,USD,2025-11-25T03:11:10.877Z
Bulk Box,binder,Fortifying Provisions,ELD,Throne of Eldraine,13,normal,common,1,46325,98ce113c-53da-4fab-b7c9-fc3df248b65e,0.05,false,false,near_mint,en,USD,2025-11-25T03:11:10.877Z
Bulk Box,binder,Rakdos Trumpeter,CLU,Ravnica: Clue Edition,119,normal,common,1,91096,a4ee43e8-06ab-45da-8e56-2ed88c0141fa,0.06,false,false,near_mint,en,USD,2025-11-25T03:11:10.877Z
Bulk Box,binder,Kindled Fury,FDN,Foundations,542,normal,common,1,101580,af158462-91e3-4ad7-b435-95d4eb32fe0a,0.18,false,false,near_mint,en,USD,2025-11-25T03:11:10.877Z
Bulk Box,binder,Culling Drone,BFZ,Battle for Zendikar,91,normal,common,1,10260,1a623415-46c0-45aa-ab75-1e2d9708013a,0.08,false,false,near_mint,en,USD,2025-11-25T03:11:10.877Z
Bulk Box,binder,Fertile Thicket,DDR,Duel Decks: Nissa vs. Ob Nixilis,27,normal,common,1,7836,c30fb2f1-f0a6-430f-86e5-817b55da469e,0.13,false,false,near_mint,en,USD,2025-11-25T03:11:10.877Z
Bulk Box,binder,Naturalize,M15,Magic 2015,185,normal,common,1,13667,59a232db-4ee3-4e9a-bd97-722106f7a7b6,0.06,false,false,near_mint,en,USD,2025-11-25T03:11:10.877Z
Bulk Box,binder,Prescient Chimera,THS,Theros,59,normal,common,1,15605,f9342aba-e3aa-4210-ad72-e609c7c027b8,0.02,false,false,near_mint,en,USD,2025-11-25T03:11:10.877Z
Bulk Box,binder,Eternal Thirst,IMA,Iconic Masters,89,normal,common,1,3536,14ab1802-1756-44cf-8cf5-ca69f24875f2,0.14,false,false,near_mint,en,USD,2025-11-25T03:11:10.877Z
Bulk Box,binder,Hubris,JOU,Journey into Nyx,41,normal,common,1,14608,05f5b473-edad-43a9-b4e7-b6d3fc877cf2,0.04,false,false,near_mint,en,USD,2025-11-25T03:11:10.877Z
Bulk Box,binder,Gideon's Lawkeeper,E01,Archenemy: Nicol Bolas,11,normal,common,1,4925,757d58fc-cf26-4095-9616-a47e9501cc0d,0.2,false,false,near_mint,en,USD,2025-11-25T03:11:10.877Z
Bulk Box,binder,Elite Headhunter,ELD,Throne of Eldraine,209,normal,uncommon,1,46129,aa9d0279-4fe0-4228-a82f-bc3cd91500df,0.08,false,false,near_mint,en,USD,2025-11-25T03:11:10.877Z
Bulk Box,binder,Steel Dromedary,MH2,Modern Horizons 2,237,normal,uncommon,1,59828,d8dcff03-0ef9-4485-80db-5447e9ca4ef9,0.06,false,false,near_mint,en,USD,2025-11-25T03:11:10.877Z
Bulk Box,binder,Cartouche of Knowledge,AKH,Amonkhet,45,normal,common,1,5640,d806458e-81cd-4413-bba0-14d957bece79,0.11,false,false,near_mint,en,USD,2025-11-25T03:11:10.877Z
Bulk Box,binder,Splendid Agony,AKH,Amonkhet,109,normal,common,1,5576,58d38abd-116d-4015-91e4-3fc267ad099d,0.07,false,false,near_mint,en,USD,2025-11-25T03:11:10.877Z
Bulk Box,binder,Neglected Manor,DSK,Duskmourn: House of Horror,264,normal,common,1,98608,11cf1531-8a3c-4e28-a114-d3a342b33bb6,0.1,false,false,near_mint,en,USD,2025-11-25T03:11:10.877Z
Bulk Box,binder,Anticognition,ZNR,Zendikar Rising,45,normal,common,1,54778,db99b872-77c7-4471-9c44-a36d4ff5d33f,0.07,false,false,near_mint,en,USD,2025-11-25T03:11:10.877Z
Bulk Box,binder,Evolving Wilds,DSC,Duskmourn: House of Horror Commander,274,normal,common,1,99386,e524216c-ed35-49a3-868f-7ad0a0027a80,0.13,false,false,near_mint,en,USD,2025-11-25T03:11:10.877Z
Bulk Box,binder,Advocate of the Beast,M14,Magic 2014,164,normal,common,1,15887,b1320400-5aa8-48d6-be84-197b4559456f,0.12,false,false,near_mint,en,USD,2025-11-25T03:11:10.877Z
Bulk Box,binder,Crackling Triton,THS,Theros,45,normal,common,1,15619,8d6bb19c-3610-4609-b23c-21d4d80e4582,0.02,false,false,near_mint,en,USD,2025-11-25T03:11:10.877Z
Bulk Box,binder,Dampening Pulse,BFZ,Battle for Zendikar,75,normal,uncommon,1,10276,4a4393f6-54d7-4963-a3c0-b3a083c2440c,0.13,false,false,near_mint,en,USD,2025-11-25T03:11:10.877Z
Bulk Box,binder,Skull Raid,KHM,Kaldheim,111,normal,common,1,56849,4589c520-4db3-47bf-bfb2-5d7e02ede4bf,0.02,false,false,near_mint,en,USD,2025-11-25T03:11:10.877Z
Bulk Box,binder,Tune the Narrative,MH3,Modern Horizons 3,75,normal,common,1,94418,40b13321-98f1-4e8c-802d-65498e43ec24,0.07,false,false,near_mint,en,USD,2025-11-25T03:11:10.877Z
Bulk Box,binder,Raging Redcap,FDN,Foundations,543,normal,common,1,101569,9627b0a7-bda9-44df-81c9-aa70cc976331,0.15,false,false,near_mint,en,USD,2025-11-25T03:11:10.877Z
Bulk Box,binder,Bloodthorn Taunter,ALA,Shards of Alara,94,normal,common,1,24005,8769e8f6-15ad-4f1b-bb4d-848ae6b7549e,0.07,false,false,near_mint,en,USD,2025-11-25T03:11:10.877Z
Bulk Box,binder,Kithkin Daggerdare,LRW,Lorwyn,223,normal,common,1,25219,90d0d7fd-a580-41af-8e9d-fee74094ec47,0.06,false,false,near_mint,en,USD,2025-11-25T03:11:10.877Z
Bulk Box,binder,Gleam of Resistance,CN2,Conspiracy: Take the Crown,87,normal,common,1,8010,4db35e37-3634-4238-aa64-a826f41d8ee6,0.06,false,false,near_mint,en,USD,2025-11-25T03:11:10.877Z
Bulk Box,binder,Chill of the Grave,VOW,Innistrad: Crimson Vow,51,foil,common,1,64235,60222e91-a688-4113-a8c2-ab08f52bb6e1,0.2,false,false,near_mint,en,USD,2025-11-25T03:11:10.877Z
Bulk Box,binder,Divest,2XM,Double Masters,87,foil,common,1,52121,4494cb6d-1a99-40b6-96cc-0dc2ddec102f,0.11,false,false,near_mint,en,USD,2025-11-25T03:11:10.877Z
Bulk Box,binder,Kin-Tree Severance,TDM,Tarkir: Dragonstorm,200,foil,uncommon,1,104896,b577e246-3377-42aa-856e-b9fa89f3603a,0.15,false,false,near_mint,en,USD,2025-11-25T03:11:10.877Z
Bulk Box,binder,Ornithopter of Paradise,DRC,Aetherdrift Commander,133,normal,common,1,103019,47c976ee-7eb3-42bb-8bfb-5eda12417e97,0.42,false,false,near_mint,en,USD,2025-11-25T03:11:10.877Z
Bulk Box,binder,Fortify,TSR,Time Spiral Remastered,18,foil,common,1,57811,b47af529-6ba1-4900-a6f6-7647c9632e11,0.1,false,false,near_mint,en,USD,2025-11-25T03:11:10.877Z
Bulk Box,binder,Terror of the Fairgrounds,KLD,Kaladesh,137,foil,common,1,7506,04623df9-8fa9-44cc-b528-c2c484626d1f,0.25,false,false,near_mint,en,USD,2025-11-25T03:11:10.877Z
Bulk Box,binder,Ironshell Beetle,GRN,Guilds of Ravnica,134,foil,common,1,349,57f8b6b0-f858-41d5-9839-fd1247b9477f,0.42,false,false,near_mint,en,USD,2025-11-25T03:11:10.877Z
Bulk Box,binder,Fog Bank,FDN,Foundations,591,normal,uncommon,1,100192,18748b1d-4161-482c-a726-8762b4c1819c,0.19,false,false,near_mint,en,USD,2025-11-25T03:11:10.877Z
Bulk Box,binder,Sheoldred's Headcleaver,ONE,Phyrexia: All Will Be One,109,foil,common,1,78688,8c6b818f-6912-4ea1-a35a-c8cd7ee9aead,0.07,false,false,near_mint,en,USD,2025-11-25T03:11:10.877Z
Bulk Box,binder,Cycle of Renewal,TLA,Avatar: The Last Airbender,170,normal,common,2,109398,233f4a05-057b-48f4-8f56-8d4a060a40e4,0.09,false,false,near_mint,en,USD,2025-11-25T03:11:10.877Z
Bulk Box,binder,Rocky Rebuke,TLA,Avatar: The Last Airbender,193,normal,common,2,108211,52fd910f-6d42-41f5-a4be-f375aa254ea2,0.05,false,false,near_mint,en,USD,2025-11-25T03:11:10.877Z
Bulk Box,binder,Deadly Precision,TLA,Avatar: The Last Airbender,95,normal,common,2,109422,4661daf6-d960-4278-8946-70948efaf99d,0.03,false,false,near_mint,en,USD,2025-11-25T03:11:10.877Z
Bulk Box,binder,Mountain,KLD,Kaladesh,260,normal,common,2,7383,d72d883e-d194-4154-a96c-35e601c5f797,0.29,false,false,near_mint,en,USD,2025-11-25T03:11:10.877Z
Bulk Box,binder,Wavesifter,MH2,Modern Horizons 2,217,foil,common,1,59400,0a269277-7f4e-40de-a2b4-53aa50cfd665,0.13,false,false,near_mint,en,USD,2025-11-25T03:11:38.766Z
Bulk Box,binder,Skarrgan Firebird,MM2,Modern Masters 2015,123,foil,uncommon,1,11094,af4400ba-7e77-41d0-8177-ae3d366fb9bd,0.6,false,false,near_mint,en,USD,2025-11-25T03:14:22.885Z
Bulk Box,binder,Barrow-Blade,LTR,The Lord of the Rings: Tales of Middle-earth,237,foil,uncommon,1,83629,f0eb7284-78a5-4b5e-8f6d-6be540e0bef8,0.25,false,false,near_mint,en,USD,2025-11-25T04:40:32.105Z
Bulk Box,binder,Gloryheath Lynx,DFT,Aetherdrift,14,foil,uncommon,1,103332,ea3ac678-8b74-4865-a896-c42692c02341,0.2,false,false,near_mint,en,USD,2025-11-25T04:40:32.105Z
Bulk Box,binder,Origin of the Hidden Ones,ACR,Assassin's Creed,36,foil,uncommon,1,95296,14da80cd-d0b8-4094-bfe7-28811d655f8b,0.13,false,false,near_mint,en,USD,2025-11-25T04:40:32.105Z
Bulk Box,binder,Dire Wolf Prowler,AFR,Adventures in the Forgotten Realms,325,foil,common,1,60294,7669e373-0173-43db-8b86-abc319c9e8fc,0.09,false,false,near_mint,en,USD,2025-11-25T04:40:32.105Z
Bulk Box,binder,Bubble Snare,ZNR,Zendikar Rising,47,foil,common,1,54468,1bfba7a0-d5ca-4197-9e58-21f28345f1a6,0.08,false,false,near_mint,en,USD,2025-11-25T04:40:32.105Z
Bulk Box,binder,Bat Whisperer,MID,Innistrad: Midnight Hunt,86,foil,common,1,63222,4412c901-0ec8-437a-9d1e-ce318bbe2b03,0.21,false,false,near_mint,en,USD,2025-11-25T04:40:32.105Z
Bulk Box,binder,Experiment Kraj,CMM,Commander Masters,337,normal,rare,1,84461,6d938197-2557-421a-985e-5add932d4bac,0.29,false,false,near_mint,en,USD,2025-11-25T04:40:32.105Z
Bulk Box,binder,Biowaste Blob,CMR,Commander Legends,219,normal,rare,1,55776,8bbf476f-ccc8-42ac-8d01-64bb85552acd,0.38,false,false,near_mint,en,USD,2025-11-25T04:40:32.105Z
Bulk Box,binder,Voldaren Pariah // Abolisher of Bloodlines,EMN,Eldritch Moon,111,normal,rare,1,8224,25baac6c-5bb4-4ecc-b1d5-fced52087bd9,0.45,false,false,near_mint,en,USD,2025-11-25T04:40:32.105Z
Bulk Box,binder,Teachings of the Kirin // Kirin-Touched Orochi,NEO,Kamigawa: Neon Dynasty,212,normal,rare,1,66362,4c0c6c2a-4352-4c65-b41d-2a722bbef6c5,0.09,false,false,near_mint,en,USD,2025-11-25T04:40:32.105Z
Bulk Box,binder,Endling,MH1,Modern Horizons,89,normal,rare,1,44845,337b6047-3f8d-4530-9e45-b5ce397a2829,0.17,false,false,near_mint,en,USD,2025-11-25T04:40:32.105Z
Bulk Box,binder,The Dragon-Kami Reborn // Dragon-Kami's Egg,NEO,Kamigawa: Neon Dynasty,358,normal,rare,1,66342,2d77f095-c04e-4b7f-b1b1-2991a06134e8,0.21,false,false,near_mint,en,USD,2025-11-25T04:40:32.105Z
Bulk Box,binder,Cruel Somnophage // Can't Wake Up,WOE,Wilds of Eldraine,222,normal,rare,1,85350,39b11ff0-9946-4337-86fb-42e967f3d2e4,0.39,false,false,near_mint,en,USD,2025-11-25T04:40:32.105Z
Bulk Box,binder,Elusive Otter // Grove's Bounty,WOE,Wilds of Eldraine,225,normal,rare,1,85697,bc9bdf96-3e3b-4dca-aae2-e81d4cbeafe8,0.27,false,false,near_mint,en,USD,2025-11-25T04:40:32.105Z
Bulk Box,binder,Yavimaya's Embrace,2XM,Double Masters,229,normal,uncommon,1,52099,1ac29eb6-2770-4723-942b-b393c2abc02b,0.1,false,false,near_mint,en,USD,2025-11-25T04:40:32.105Z
Bulk Box,binder,Rangers of Ithilien,LTR,The Lord of the Rings: Tales of Middle-earth,66,normal,rare,1,83238,819b4208-7a29-41fa-947f-614bf669b300,0.13,false,false,near_mint,en,USD,2025-11-25T04:40:32.105Z
Bulk Box,binder,Corpseweft,DTK,Dragons of Tarkir,92,normal,rare,1,11722,25cf24e7-2e6e-46e0-aedd-89e17953811c,0.14,false,false,near_mint,en,USD,2025-11-25T04:40:32.105Z
Bulk Box,binder,"Tajic, Legion's Edge",RVR,Ravnica Remastered,231,normal,rare,1,89655,45c4c3b3-be18-4d74-99d8-f137498673d7,0.3,false,false,near_mint,en,USD,2025-11-25T04:40:32.105Z
Bulk Box,binder,Battle for Bretagard,CMM,Commander Masters,916,normal,rare,1,84860,c83e860a-6dd5-4522-8b2b-b730934f59f7,0.22,false,false,near_mint,en,USD,2025-11-25T04:40:32.105Z
Bulk Box,binder,Calibrated Blast,MH2,Modern Horizons 2,118,normal,rare,1,59500,37962700-e4d9-419e-8972-d3fd955ff40e,0.12,false,false,near_mint,en,USD,2025-11-25T04:40:32.105Z
Bulk Box,binder,Swarm Shambler,ZNR,Zendikar Rising,207,normal,rare,1,54618,7a7e4f99-ece4-473e-b712-40e4c53558e8,0.11,false,false,near_mint,en,USD,2025-11-25T04:40:32.105Z
Bulk Box,binder,Artificer's Dragon,BRO,The Brothers' War,291,normal,rare,1,75786,ccd88d6c-7d3a-45b1-85b4-b390d60cae14,0.11,false,false,near_mint,en,USD,2025-11-25T04:40:32.105Z
Bulk Box,binder,Shatter the Sky,THB,Theros Beyond Death,37,normal,rare,1,47025,b706977b-db8e-4810-882d-ed3745404489,0.23,false,false,near_mint,en,USD,2025-11-25T04:40:32.105Z
Bulk Box,binder,Path of Bravery,IMA,Iconic Masters,26,normal,rare,1,3599,760f7e0a-51bc-417b-9f69-38a9f2d2c78f,0.28,false,false,near_mint,en,USD,2025-11-25T04:40:32.105Z
Bulk Box,binder,Chef's Kiss,MH2,Modern Horizons 2,120,normal,rare,1,59804,c936ebbd-512a-49a6-ab23-16ac34b4a3a9,0.21,false,false,near_mint,en,USD,2025-11-25T04:40:32.105Z
Bulk Box,binder,Nephalia Moondrakes,SOI,Shadows over Innistrad,75,normal,rare,1,8921,f714d6c4-b1e1-40dd-806f-a3d87020292e,0.08,false,false,near_mint,en,USD,2025-11-25T04:40:32.105Z
Bulk Box,binder,Breya's Apprentice,MH2,Modern Horizons 2,117,normal,rare,1,59788,c32b5b2e-dabf-4672-b476-4873781f636e,0.19,false,false,near_mint,en,USD,2025-11-25T04:40:32.105Z
Bulk Box,binder,Restless Vents,LCI,The Lost Caverns of Ixalan,351,normal,rare,1,88696,9200f9b5-20fc-4ff0-97f7-ef22da5acb72,0.29,false,false,near_mint,en,USD,2025-11-25T04:40:32.105Z
Bulk Box,binder,Calamity Bearer,KHM,Kaldheim,125,normal,rare,1,57010,a15edad1-ff68-4f20-95f6-99fe549bea98,0.16,false,false,near_mint,en,USD,2025-11-25T04:40:32.105Z
Bulk Box,binder,Grell Philosopher,CLB,Commander Legends: Battle for Baldur's Gate,666,normal,rare,1,69687,e18bb373-a0bb-4e3c-b7db-83f747820fcd,0.51,false,false,near_mint,en,USD,2025-11-25T04:40:32.105Z
Bulk Box,binder,"Thalia, Guardian of Thraben",MUL,Multiverse Legends,7,normal,rare,1,81160,9716a5ff-f1ed-4285-a0a7-68114eeb1ba7,0.63,false,false,near_mint,en,USD,2025-11-25T04:40:32.105Z
Bulk Box,binder,Skarrgan Firebird,GK2,RNA Guild Kit,81,normal,rare,1,43949,bb8e19f8-1084-4dac-ad2c-3a7db5c69492,0.13,false,false,near_mint,en,USD,2025-11-25T04:40:32.105Z
Bulk Box,binder,Recruit the Worthy,MH1,Modern Horizons,22,normal,common,1,44912,fb025c0c-7fdf-4f71-afd5-ef11cd2804eb,0.05,false,false,near_mint,en,USD,2025-11-25T04:40:32.105Z
Bulk Box,binder,Hedron Crawler,OGW,Oath of the Gatewatch,164,normal,common,1,9218,9f827f92-1df6-4fd0-aa61-ec2e53476f9c,0.19,false,false,near_mint,en,USD,2025-11-25T04:40:32.105Z
Bulk Box,binder,Maned Serval,IKO,Ikoria: Lair of Behemoths,23,normal,common,1,50054,5ac51e35-e2c5-4457-981c-e59894584288,0.04,false,false,near_mint,en,USD,2025-11-25T04:40:32.105Z
Bulk Box,binder,Underworld Charger,THB,Theros Beyond Death,120,normal,common,1,46942,f2dd847f-0db2-4f6a-bdfb-5c88ce7802f9,0.04,false,false,near_mint,en,USD,2025-11-25T04:40:32.105Z
Bulk Box,binder,Hobgoblin Captain,AFR,Adventures in the Forgotten Realms,148,normal,common,1,60514,f7c0aa86-fd3b-4e0f-9d37-ce1ea8922243,0.06,false,false,near_mint,en,USD,2025-11-25T04:40:32.105Z
Bulk Box,binder,Orazca Frillback,RIX,Rivals of Ixalan,140,normal,common,1,2878,00c81160-192c-4077-8ed1-3643919a2025,0.03,false,false,near_mint,en,USD,2025-11-25T04:40:32.105Z
Bulk Box,binder,Festering Gulch,OTJ,Outlaws of Thunder Junction,257,normal,common,1,93148,4ad841eb-da0d-43d4-8b60-efe30922990b,0.15,false,false,near_mint,en,USD,2025-11-25T04:40:32.105Z
Bulk Box,binder,Nylea's Presence,THS,Theros,169,normal,common,1,15495,e68f1fd4-1a2f-405b-a592-6c4af6214eae,0.09,false,false,near_mint,en,USD,2025-11-25T04:40:32.105Z
Bulk Box,binder,Tumbleweed Rising,OTJ,Outlaws of Thunder Junction,187,normal,common,1,93096,275d2d2a-ef85-48c9-919d-bc62cdad8a10,0.06,false,false,near_mint,en,USD,2025-11-25T04:40:32.105Z
Bulk Box,binder,Snakeskin Veil,FDN,Foundations,233,normal,uncommon,1,100645,6cc4c21d-9bdc-4490-9203-17f51db0ddd1,0.1,false,false,near_mint,en,USD,2025-11-25T04:40:32.105Z
Bulk Box,binder,Augury Owl,PCA,Planechase Anthology,14,normal,common,1,6740,4e5b8297-406e-4aef-ba46-867c1bf4cc8e,0.28,false,false,near_mint,en,USD,2025-11-25T04:40:32.105Z
Bulk Box,binder,Treefolk Umbra,MH1,Modern Horizons,185,normal,common,1,44749,677166cf-4e1e-43ac-a67b-afaf33c0d14e,0.16,false,false,near_mint,en,USD,2025-11-25T04:40:32.105Z
Bulk Box,binder,Structural Distortion,SOI,Shadows over Innistrad,185,normal,common,1,8811,a7895890-a774-4c7c-9f15-78b8aadfd9ef,0.06,false,false,near_mint,en,USD,2025-11-25T04:40:32.105Z
Bulk Box,binder,Clutch of Currents,BFZ,Battle for Zendikar,72,normal,common,1,10279,3d20f482-e0b2-4e4a-be32-347ab112912c,0.04,false,false,near_mint,en,USD,2025-11-25T04:40:32.105Z
Bulk Box,binder,Sundering Growth,C19,Commander 2019,203,normal,common,1,45731,96feebe2-0a6b-4df8-8e7d-ee0bb82ac0c1,0.28,false,false,near_mint,en,USD,2025-11-25T04:40:32.105Z
Bulk Box,binder,Overrun,FDN,Foundations,230,normal,uncommon,1,100220,1d8e9cbb-8bf4-4a48-a58e-79deb3abdf7f,0.13,false,false,near_mint,en,USD,2025-11-25T04:40:32.105Z
Bulk Box,binder,Out of Air,LCI,The Lost Caverns of Ixalan,69,normal,common,1,88871,c263db55-fcac-4b49-b626-7c8092accfcd,0.06,false,false,near_mint,en,USD,2025-11-25T04:40:32.105Z
Bulk Box,binder,Boneyard Desecrator,OTJ,Outlaws of Thunder Junction,81,normal,common,1,93361,d43981b1-60c8-4896-8885-b07e73b99b30,0.08,false,false,near_mint,en,USD,2025-11-25T04:40:32.105Z
Bulk Box,binder,Nyx-Fleece Ram,A25,Masters 25,26,normal,uncommon,1,2690,ad98e518-4ec9-403e-a978-217244262c8f,0.25,false,false,near_mint,en,USD,2025-11-25T04:40:32.105Z
Bulk Box,binder,Necrotic Sliver,CMM,Commander Masters,932,normal,uncommon,1,84903,d0f4e782-5503-4698-a1ba-0f30e443f14c,0.33,false,false,near_mint,en,USD,2025-11-25T04:40:32.105Z
Bulk Box,binder,Meditation Puzzle,M15,Magic 2015,19,normal,common,1,13833,f31f5c19-9650-4fdc-a316-866eddd29c1a,0.04,false,false,near_mint,en,USD,2025-11-25T04:40:32.105Z
Bulk Box,binder,Tinker's Tote,LCI,The Lost Caverns of Ixalan,40,normal,common,1,88641,8321857e-7977-46dd-8357-d732312e5261,0.03,false,false,near_mint,en,USD,2025-11-25T04:40:32.105Z
Bulk Box,binder,Underfoot Underdogs,TDM,Tarkir: Dragonstorm,129,normal,common,1,104431,049acc79-1d68-410f-a081-88a7d40e823a,0.04,false,false,near_mint,en,USD,2025-11-25T04:40:32.105Z
Bulk Box,binder,Reputable Merchant,TDM,Tarkir: Dragonstorm,217,normal,common,1,105157,b7d0591e-7fb7-40ea-ba2a-cfe544d40216,0.02,false,false,near_mint,en,USD,2025-11-25T04:40:32.105Z
Bulk Box,binder,Gloom Sower,M21,Core Set 2021,100,normal,common,1,50921,a1b4f7ec-ea2e-4d90-98cd-0c92bd9f64c1,0.06,false,false,near_mint,en,USD,2025-11-25T04:40:32.105Z
Bulk Box,binder,Gruul Guildmage,RVR,Ravnica Remastered,189,normal,uncommon,1,89767,80c29287-d32e-4f7d-8602-240921314804,0.04,false,false,near_mint,en,USD,2025-11-25T04:40:32.105Z
Bulk Box,binder,Vanish from Sight,DSK,Duskmourn: House of Horror,82,normal,common,1,98825,5254988b-3113-42f7-b751-517ffb3b40f0,0.02,false,false,near_mint,en,USD,2025-11-25T04:40:32.105Z
Bulk Box,binder,Phantom Ninja,MH1,Modern Horizons,62,normal,common,1,44872,a392b557-e809-4371-92d7-6e93caed4f1b,0.15,false,false,near_mint,en,USD,2025-11-25T04:40:32.105Z
Bulk Box,binder,Broodrage Mycoid,LCI,The Lost Caverns of Ixalan,95,normal,common,1,88247,08318a16-a9ed-42c8-9433-876b7a72e368,0.03,false,false,near_mint,en,USD,2025-11-25T04:40:32.105Z
Bulk Box,binder,Frogmyr Enforcer,MH3,Modern Horizons 3,120,normal,uncommon,1,94553,981fdd21-a650-4360-9ea5-550399d1da91,0.09,false,false,near_mint,en,USD,2025-11-25T04:40:32.105Z
Bulk Box,binder,Tempest Harvester,MH3,Modern Horizons 3,73,normal,common,1,94475,62a3fc3f-f5cd-45f1-a3d5-d90c9dd4f6c7,0.01,false,false,near_mint,en,USD,2025-11-25T04:40:32.105Z
Bulk Box,binder,Bonebind Orator,BLB,Bloomburrow,84,normal,common,1,96535,faf226fa-ca09-4468-8804-87b2a7de2c66,0.05,false,false,near_mint,en,USD,2025-11-25T04:40:32.105Z
Bulk Box,binder,Stallion of Ashmouth,SOI,Shadows over Innistrad,136,normal,common,1,8860,7b465a5d-3ce4-4c96-a3f3-4ad9716946c4,0.04,false,false,near_mint,en,USD,2025-11-25T04:40:32.105Z
Bulk Box,binder,Revealing Wind,DTK,Dragons of Tarkir,197,normal,common,1,11617,36bdd624-e412-4ec8-9929-e1f6b4720e82,0.07,false,false,near_mint,en,USD,2025-11-25T04:40:32.105Z
Bulk Box,binder,Enthralling Victor,BBD,Battlebond,176,normal,uncommon,1,1817,559a4875-2c91-4013-afc9-7832d8e1e818,0.03,false,false,near_mint,en,USD,2025-11-25T04:40:32.105Z
Bulk Box,binder,Beast Attack,DDS,Duel Decks: Mind vs. Might,43,normal,uncommon,1,5900,011f805f-3ebb-4748-a5de-8a10b5f47dcd,0.09,false,false,near_mint,en,USD,2025-11-25T04:40:32.105Z
Bulk Box,binder,Eye of Nowhere,CHK,Champions of Kamigawa,59,normal,common,1,29167,b307af89-1890-4fac-a12e-f8a678f1101f,0.15,false,false,near_mint,en,USD,2025-11-25T04:40:32.105Z
Bulk Box,binder,Elephant Guide,GVL,Duel Decks Anthology: Garruk vs. Liliana,18,normal,uncommon,1,12336,95a191bb-85c1-4287-a5ef-93d48f0b9a3d,0.1,false,false,near_mint,en,USD,2025-11-25T04:40:32.105Z
Bulk Box,binder,Curious Inquiry,MKM,Murders at Karlov Manor,51,normal,uncommon,1,90896,5a3603c6-92df-45c7-b402-1f0a552ea398,0.06,false,false,near_mint,en,USD,2025-11-25T04:40:32.105Z
Bulk Box,binder,String of Disappearances,MH1,Modern Horizons,72,normal,common,1,44862,99ef4f41-211c-4302-b112-1d85ab33952f,0.06,false,false,near_mint,en,USD,2025-11-25T04:40:32.105Z
Bulk Box,binder,Aven Sentry,DOM,Dominaria,3,normal,common,1,2273,bf49e5bf-07fb-44b0-8e74-092088d9019f,0.03,false,false,near_mint,en,USD,2025-11-25T04:40:32.105Z
Bulk Box,binder,Unwavering Initiate,AKH,Amonkhet,36,normal,common,1,5649,8a73fe35-68d6-4882-aeab-5c1e7b97b938,0.03,false,false,near_mint,en,USD,2025-11-25T04:40:32.105Z
Bulk Box,binder,Grapple with the Past,TDC,Tarkir: Dragonstorm Commander,257,normal,common,1,104743,76c25c9a-245b-41c7-a75d-8061eb231389,0.08,false,false,near_mint,en,USD,2025-11-25T04:40:32.105Z
Bulk Box,binder,Lightwalker,BBD,Battlebond,95,normal,common,1,1898,76724f0d-d588-4043-9fe9-f741599fd214,0.03,false,false,near_mint,en,USD,2025-11-25T04:40:32.105Z
Bulk Box,binder,Guardian of Pilgrims,EMN,Eldritch Moon,30,normal,common,1,8306,a41b6ca9-1d6f-46ce-aba0-952871a10a4b,0.03,false,false,near_mint,en,USD,2025-11-25T04:40:32.105Z
Bulk Box,binder,Gladecover Scout,M14,Magic 2014,176,normal,common,1,15875,e112d77d-f019-4709-b31a-b02952df0e35,0.14,false,false,near_mint,en,USD,2025-11-25T04:40:32.105Z
Bulk Box,binder,Watcher for Tomorrow,MH1,Modern Horizons,76,normal,uncommon,1,44858,15f01a3c-0a66-48da-a7d2-46260e3b721f,0.17,false,false,near_mint,en,USD,2025-11-25T04:40:32.105Z
Bulk Box,binder,Smiting Helix,MH1,Modern Horizons,109,normal,uncommon,1,44825,5fa3e132-125a-492f-aab7-c560ea36b779,0.07,false,false,near_mint,en,USD,2025-11-25T04:40:32.105Z
Bulk Box,binder,Goblin War Party,MH1,Modern Horizons,131,normal,common,1,44803,2b4155d1-0a87-4d2c-a1a0-06b2553eaae4,0.14,false,false,near_mint,en,USD,2025-11-25T04:40:32.105Z
Bulk Box,binder,Tah-Crop Skirmisher,AKH,Amonkhet,72,normal,common,1,5613,ab0429ec-0809-4e68-9790-8c21bde201a2,0.05,false,false,near_mint,en,USD,2025-11-25T04:40:32.105Z
Bulk Box,binder,Crowd-Control Warden,MKM,Murders at Karlov Manor,193,normal,common,1,91215,cdf0578f-4966-4ecd-81e1-83ae13126f13,0.03,false,false,near_mint,en,USD,2025-11-25T04:40:32.105Z
Bulk Box,binder,Ambush Viper,INR,Innistrad Remastered,186,normal,common,1,102491,37f9be6b-ae6e-4708-9749-83bebd351102,0.07,false,false,near_mint,en,USD,2025-11-25T04:40:32.105Z
Bulk Box,binder,Guardian Idol,IMA,Iconic Masters,216,normal,common,1,3409,db75ea55-294f-40d5-b155-448fe363466a,0.22,false,false,near_mint,en,USD,2025-11-25T04:40:32.105Z
Bulk Box,binder,Erratic Visionary,CLU,Ravnica: Clue Edition,85,normal,common,1,90813,3e8a25fd-985f-49e5-b5b9-388571dfaec3,0.12,false,false,near_mint,en,USD,2025-11-25T04:40:32.105Z
Bulk Box,binder,Nightshade Dryad,MH3,Modern Horizons 3,163,normal,common,1,94864,71f9252d-241f-45ea-9d80-663150963b59,0.06,false,false,near_mint,en,USD,2025-11-25T04:40:32.105Z
Bulk Box,binder,Yavimaya Elder,DSC,Duskmourn: House of Horror Commander,208,normal,common,1,99087,27dacbde-a646-418c-b569-4a4f11c9faae,0.06,false,false,near_mint,en,USD,2025-11-25T04:40:32.105Z
Bulk Box,binder,Foriysian Interceptor,TSP,Time Spiral,18,normal,common,1,26882,833a3622-9f24-47a3-816f-1732c0e077d0,0.1,false,false,near_mint,en,USD,2025-11-25T04:40:32.105Z
Bulk Box,binder,Sentinel's Eyes,THB,Theros Beyond Death,36,normal,common,1,47026,32adc118-b81e-48c2-b7ef-b62e8c3308d6,0.14,false,false,near_mint,en,USD,2025-11-25T04:40:32.105Z
Bulk Box,binder,Maestros Ascendancy,SNC,Streets of New Capenna,198,foil,rare,1,67727,469a0f03-7874-453d-b9e4-275c13244f4a,0.2,false,false,near_mint,en,USD,2025-11-25T04:40:32.105Z
Bulk Box,binder,Stingerback Terror,OTJ,Outlaws of Thunder Junction,147,normal,rare,1,93371,d84d6e52-5c35-47bc-b160-876a3b0fcbe1,0.15,false,false,near_mint,en,USD,2025-11-25T04:40:32.105Z
Bulk Box,binder,"Wick, the Whorled Mind",BLB,Bloomburrow,120,foil,rare,1,95901,29089810-d7fb-4abe-b729-bfabed6aed2b,0.32,false,false,near_mint,en,USD,2025-11-25T04:40:32.105Z
Bulk Box,binder,"Koll, the Forgemaster",KHM,Kaldheim,325,foil,uncommon,1,56822,37533179-8e58-40bc-af16-0d2c58b773ba,0.26,false,false,near_mint,en,USD,2025-11-25T04:40:32.105Z
Bulk Box,binder,Gleaming Barrier,FDN,Foundations,252,foil,common,1,101479,1b49b009-e6f2-494a-9235-f5c25c2d70a9,0.11,false,false,near_mint,en,USD,2025-11-25T04:40:32.105Z
Bulk Box,binder,The Tale of Tamiyo,DSK,Duskmourn: House of Horror,75,foil,rare,1,98893,aaeba193-05d3-4c2d-a304-bbe7114c2eef,0.18,false,false,near_mint,en,USD,2025-11-25T04:40:32.105Z
Bulk Box,binder,Bonds of Quicksilver,CN2,Conspiracy: Take the Crown,102,foil,common,1,7995,f01c9fe7-35a4-4f64-b527-5311872b13fd,0.3,false,false,near_mint,en,USD,2025-11-25T04:40:32.105Z
Bulk Box,binder,"Gluntch, the Bestower",CLB,Commander Legends: Battle for Baldur's Gate,275,foil,rare,1,68970,3b3e889a-5865-4464-9923-bffa25c50cd2,0.38,false,false,near_mint,en,USD,2025-11-25T04:40:32.105Z
Bulk Box,binder,"Wick, the Whorled Mind",BLB,Bloomburrow,120,normal,rare,4,95901,29089810-d7fb-4abe-b729-bfabed6aed2b,0.12,false,false,near_mint,en,USD,2025-11-25T04:40:32.105Z
Bulk Box,binder,Wavesifter,MKC,Murders at Karlov Manor Commander,220,normal,common,2,90420,7ca787d2-eee4-4474-9db7-e8efa161ceec,0.04,false,false,near_mint,en,USD,2025-11-25T04:40:32.105Z
Trade Binder,binder,"Sephiroth, Fabled SOLDIER // Sephiroth, One-Winged Angel",FIN,Final Fantasy,115,normal,mythic,2,105652,85eaf5e7-77dc-4842-a70c-ce4ac7f724df,28.32,false,false,near_mint,en,USD,2025-11-29T05:50:02.825Z
Bulk Box,binder,Airship Crash,FIN,Final Fantasy,171,foil,common,1,106680,ec91c4e4-711f-464d-bc83-e6813f4fdcdb,0.06,false,false,near_mint,en,USD,2025-11-29T05:50:02.825Z
Bulk Box,binder,Inspiring Call,FDN,Foundations,226,normal,uncommon,2,100400,3e241642-5172-4437-b694-f6aa159d5cd9,0.29,false,false,near_mint,en,USD,2025-11-29T06:14:29.206Z
Bulk Box,binder,Chasm Skulker,FIC,Final Fantasy Commander,262,normal,rare,1,106024,886ce333-44d7-458e-a3bb-a58d1d7fc69b,0.28,false,false,near_mint,en,USD,2025-11-29T06:14:29.206Z
Commander Cards,binder,Adarkar Wastes,DMU,Dominaria United,377,normal,rare,1,71836,ed5764bd-712b-4e6b-b71e-5767d5613b1c,1.35,false,false,near_mint,en,USD,2025-11-29T18:05:26.962Z
Commander Cards,binder,Adventurer's Inn,FIN,Final Fantasy,271,normal,common,1,105754,f0da2ee1-986e-4cbf-92eb-d96fdb572ca5,0.05,false,false,near_mint,en,USD,2025-11-29T18:05:26.962Z
Commander Cards,binder,All That Glitters,CMM,Commander Masters,622,normal,common,1,84486,71b2bf55-6b24-4f63-bbb0-98471c167405,0.31,false,false,near_mint,en,USD,2025-11-29T18:05:26.962Z
Commander Cards,binder,Ash Barrens,FIC,Final Fantasy Commander,374,normal,common,1,105997,77df073b-49dc-4743-82a3-d595bc938761,0.11,false,false,near_mint,en,USD,2025-11-29T18:05:26.962Z
Commander Cards,binder,Auton Soldier,WHO,Doctor Who,36,normal,rare,1,87316,4cc35b82-a233-4460-968e-d90980fb2074,5.88,false,false,near_mint,en,USD,2025-11-29T18:05:26.962Z
Commander Cards,binder,Ayara's Oathsworn,MAT,March of the Machine: The Aftermath,11,normal,rare,1,82523,5330e6b7-eca3-46a4-8905-8f1de16f76af,0.34,false,false,near_mint,en,USD,2025-11-29T18:05:26.962Z
Commander Cards,binder,Battle Angels of Tyr,CLB,Commander Legends: Battle for Baldur's Gate,9,normal,mythic,1,69006,4c91dbf4-94fa-45d0-b8ed-a778b11d789b,18.92,false,false,near_mint,en,USD,2025-11-29T18:05:26.962Z
Commander Cards,binder,Bident of Thassa,M3C,Modern Horizons 3 Commander,177,normal,rare,1,94759,723fbd4f-3243-4d93-a563-180c3ae47d4d,0.32,false,false,near_mint,en,USD,2025-11-29T18:05:26.962Z
Commander Cards,binder,Blinding Angel,9ED,Ninth Edition,7,normal,rare,1,28360,e04256f8-c275-4a24-8a95-371d424f7a01,5.1,false,false,near_mint,en,USD,2025-11-29T18:05:26.962Z
Commander Cards,binder,Borne Upon a Wind,SLD,Secret Lair Drop,2228,foil,rare,1,109194,41774567-35e8-462d-a463-0150c039521a,16.81,false,false,near_mint,en,USD,2025-11-29T18:05:26.962Z
Commander Cards,binder,Chromatic Lantern,J25,Foundations Jumpstart,151,normal,rare,1,101289,e8c3839e-eb11-48ce-91e0-7ae2aecb6157,2.33,false,false,near_mint,en,USD,2025-11-29T18:05:26.962Z
Commander Cards,binder,Counterspell,WC98,World Championship Decks 1998,rb57,normal,common,1,36064,b230b4f7-0e2a-42ba-a780-27c9714b70a2,1.13,false,false,near_mint,en,USD,2025-11-29T18:05:26.962Z
Commander Cards,binder,Cryptic Command,FCA,Final Fantasy: Through the Ages,29,normal,rare,1,106437,7b182d1f-be0f-4b97-bca3-083483f7713c,3.97,false,false,near_mint,en,USD,2025-11-29T18:05:26.962Z
Commander Cards,binder,Dragonfire Blade,TDM,Tarkir: Dragonstorm,324,normal,rare,1,104597,45f039ce-cbfd-46d7-a575-5e6c049f83ff,1.57,false,false,near_mint,en,USD,2025-11-29T18:05:26.962Z
Commander Cards,binder,Drowned Catacomb,WHO,Doctor Who,1083,foil,rare,1,87554,8096a898-6f78-459b-ac0a-d2fbaf50a118,4.27,false,false,near_mint,en,USD,2025-11-29T18:05:26.962Z
Commander Cards,binder,Eiganjo Castle,SLD,Secret Lair Drop,2230,foil,rare,1,109204,b3bc5f0b-81d8-461b-9b0a-ee2e8acc6bf5,7.34,false,false,near_mint,en,USD,2025-11-29T18:05:26.962Z
Commander Cards,binder,Flowering of the White Tree,LTR,The Lord of the Rings: Tales of Middle-earth,15,foil,rare,1,82925,2203b2cd-48e5-471a-85fe-dc81012e5d61,6.62,false,false,near_mint,en,USD,2025-11-29T18:05:26.962Z
Commander Cards,binder,Forsaken Sanctuary,C18,Commander 2018,247,normal,uncommon,1,596,f3e0b983-62e7-43fb-b5d5-402ea60a64d7,0.25,false,false,near_mint,en,USD,2025-11-29T18:05:26.962Z
Commander Cards,binder,Ghostly Flicker,SLD,Secret Lair Drop,2229,foil,rare,1,109212,f5adfbfd-11e8-43e0-997e-e83d9fcc674d,6.67,false,false,near_mint,en,USD,2025-11-29T18:05:26.962Z
Commander Cards,binder,Ghostly Prison,MKC,Murders at Karlov Manor Commander,67,normal,uncommon,1,90583,eea3623d-1d39-4045-acdb-f0fb184ccbc8,6.57,false,false,near_mint,en,USD,2025-11-29T18:05:26.962Z
Commander Cards,binder,Giant Killer // Chop Down,ELD,Throne of Eldraine,275,normal,rare,1,46032,d0960ccb-6952-4398-aa94-816e6fb04c2d,0.29,false,false,near_mint,en,USD,2025-11-29T18:05:26.962Z
Commander Cards,binder,Glacial Fortress,EOC,Edge of Eternities Commander,160,normal,rare,1,107308,a1fc8d86-b118-46e3-92a5-8cbf2ca282f7,0.23,false,false,near_mint,en,USD,2025-11-29T18:05:26.962Z
Commander Cards,binder,Hammer of Nazahn,CMM,Commander Masters,388,normal,rare,1,84998,e77a8ac1-f40d-423e-a0b3-0a8e236a6c1e,13.57,false,false,near_mint,en,USD,2025-11-29T18:05:26.962Z
Commander Cards,binder,Helm of the Host,BLC,Bloomburrow Commander,276,normal,rare,1,96375,898c66d5-d8e6-4a58-ba41-4650ba0e7262,7.25,false,false,near_mint,en,USD,2025-11-29T18:05:26.962Z
Commander Cards,binder,Inquisitor Greyfax,40K,"Warhammer 40,000 Commander",3,foil,mythic,1,72445,86a4afac-69fd-46e9-8009-58de59bf3f5c,4.23,false,false,near_mint,en,USD,2025-11-29T18:05:26.962Z
Commander Cards,binder,Irenicus's Vile Duplication,CLB,Commander Legends: Battle for Baldur's Gate,78,normal,uncommon,1,68985,40a791df-2483-406d-90b0-a8d402d615d6,7.88,false,false,near_mint,en,USD,2025-11-29T18:05:26.962Z
Commander Cards,binder,Island,BRO,The Brothers' War,281,normal,common,1,75797,d20af588-2ce3-4e5a-9ab3-949401ead071,0.36,false,false,near_mint,en,USD,2025-11-29T18:05:26.962Z
Commander Cards,binder,Island,MOM,March of the Machine,285,normal,common,1,81081,560c7de9-0046-4a76-a41a-fa1c3ef92f04,0.21,false,false,near_mint,en,USD,2025-11-29T18:05:26.962Z
Commander Cards,binder,Island,DSK,Duskmourn: House of Horror,273,foil,common,1,95595,40e3bf00-84cc-498c-b214-1052b4904d92,0.41,false,false,near_mint,en,USD,2025-11-29T18:05:26.962Z
Commander Cards,binder,Island,BLB,Bloomburrow,267,normal,common,1,95856,f7b92adb-a384-4e03-8ba7-1e41b9fb2516,0.25,false,false,near_mint,en,USD,2025-11-29T18:05:26.962Z
Commander Cards,binder,"Jin Sakai, Ghost of Tsushima",SLD,Secret Lair Drop,2226,foil,mythic,1,109007,9f52160b-dcc0-4ab8-b8b2-b576b1688d57,79.19,false,false,near_mint,en,USD,2025-11-29T18:05:26.962Z
Commander Cards,binder,Judge Magister Gabranth,FIN,Final Fantasy,230,normal,uncommon,1,106688,f9e64cb6-48f7-41d3-99e7-4b0bc3b33fd7,0.09,false,false,near_mint,en,USD,2025-11-29T18:05:26.962Z
Commander Cards,binder,Karn's Bastion,PWAR,War of the Spark Promos,248,foil,rare,1,44404,729114ab-6c0d-4962-b6fa-0eb07d9b1020,2.95,false,false,near_mint,en,USD,2025-11-29T18:05:26.962Z
Commander Cards,binder,Kor Halberd,MOM,March of the Machine,27,normal,common,1,81427,a4705327-ada6-4575-82fc-351e183d060e,0.1,false,false,near_mint,en,USD,2025-11-29T18:05:26.962Z
Commander Cards,binder,Ninja of the Deep Hours,BOK,Betrayers of Kamigawa,44,normal,common,1,28665,367a67c7-54db-4336-b55a-3fa27625172a,1.37,false,false,near_mint,en,USD,2025-11-29T18:05:26.962Z
Commander Cards,binder,Ninja's Blades,FIN,Final Fantasy,108,normal,rare,1,106620,a6b5af82-3646-44f9-ac12-1d7fa698f037,0.27,false,false,near_mint,en,USD,2025-11-29T18:05:26.962Z
Commander Cards,binder,Path to Exile,SLD,Secret Lair Drop,2227,foil,rare,1,109209,cadbcb7c-241c-4e64-8527-d6902f7c936b,11.08,false,false,near_mint,en,USD,2025-11-29T18:05:26.962Z
Commander Cards,binder,Plains,ONE,Phyrexia: All Will Be One,262,normal,common,1,78226,50958c6e-9555-42ad-9bb3-2da9faa5cb52,0.23,false,false,near_mint,en,USD,2025-11-29T18:05:26.962Z
Commander Cards,binder,Plains,BLB,Bloomburrow,262,foil,common,1,95768,3663ff0c-d02f-49ac-bb88-6f0dbd684337,0.32,false,false,near_mint,en,USD,2025-11-29T18:05:26.962Z
Commander Cards,binder,Reliquary Tower,TDC,Tarkir: Dragonstorm Commander,386,normal,uncommon,1,104714,6be3be55-7f9d-4a4c-b916-a1cb64f833c8,1.98,false,false,near_mint,en,USD,2025-11-29T18:05:26.962Z
Commander Cards,binder,Rhystic Study,PCY,Prophecy,45,normal,common,1,33635,3394cefd-a3c6-4917-8f46-234e441ecfb6,39.8,false,false,near_mint,en,USD,2025-11-29T18:05:26.962Z
Commander Cards,binder,Selfless Spirit,TDC,Tarkir: Dragonstorm Commander,129,normal,rare,1,104998,da85f3fb-e7d6-494a-ad3a-2ef35917f574,0.32,false,false,near_mint,en,USD,2025-11-29T18:05:26.962Z
Commander Cards,binder,"Sharlayan, Nation of Scholars",FIN,Final Fantasy,288,foil,common,1,106579,7a745b5e-cdb8-4d05-ac5c-87be69536da6,0.16,false,false,near_mint,en,USD,2025-11-29T18:05:26.962Z
Commander Cards,binder,Sheoldred's Headcleaver,ONE,Phyrexia: All Will Be One,109,foil,common,1,78688,8c6b818f-6912-4ea1-a35a-c8cd7ee9aead,0.06,false,false,near_mint,en,USD,2025-11-29T18:05:26.962Z
Commander Cards,binder,Shipwreck Marsh,INR,Innistrad Remastered,284,normal,rare,1,102435,156df6eb-1ac9-4954-bf93-b1668096b8bd,4.22,false,false,near_mint,en,USD,2025-11-29T18:05:26.962Z
Commander Cards,binder,Sol Ring,40K,"Warhammer 40,000 Commander",250,normal,uncommon,1,72371,508b2c62-a344-4897-a3a4-4f0555627fc1,2.01,false,false,near_mint,en,USD,2025-11-29T18:05:26.962Z
Commander Cards,binder,Spark Double,RVR,Ravnica Remastered,62,normal,rare,1,89890,c41b9ba2-0006-4d8e-b600-efe81ff5e0cc,10.99,false,false,near_mint,en,USD,2025-11-29T18:05:26.962Z
Commander Cards,binder,Sturmgeist,ISD,Innistrad,82,normal,rare,1,18816,c409d1d0-fc45-40bf-adac-83b680209a38,0.29,false,false,near_mint,en,USD,2025-11-29T18:05:26.962Z
Commander Cards,binder,Summon: Knights of Round,FIN,Final Fantasy,36,foil,mythic,1,106339,44d23652-077e-4c1f-b640-b284685db911,12.28,false,false,near_mint,en,USD,2025-11-29T18:05:26.962Z
Commander Cards,binder,Summon: Yojimbo,FIC,Final Fantasy Commander,28,normal,rare,1,106169,cdbc2d28-ea35-47c6-af7e-07924e9d5794,1.57,false,false,near_mint,en,USD,2025-11-29T18:05:26.962Z
Commander Cards,binder,Swamp,BLB,Bloomburrow,271,normal,common,2,95840,dcdbc78a-7854-4a66-911f-a40b33e25f39,0.2,false,false,near_mint,en,USD,2025-11-29T18:05:26.962Z
Commander Cards,binder,Sword of the Animist,CMM,Commander Masters,413,normal,rare,1,84430,64401acc-d080-4763-b67a-95164c11c69e,4.97,false,false,near_mint,en,USD,2025-11-29T18:05:26.962Z
Commander Cards,binder,Tainted Isle,DSC,Duskmourn: House of Horror Commander,303,normal,uncommon,1,99202,70e8e7e2-e9ea-4358-805e-c5110c8d8443,0.27,false,false,near_mint,en,USD,2025-11-29T18:05:26.962Z
Commander Cards,binder,Terramorphic Expanse,DSK,Duskmourn: House of Horror,269,foil,common,1,98901,b379c8f1-817c-4f18-8f58-45c40504433e,0.24,false,false,near_mint,en,USD,2025-11-29T18:05:26.962Z
Commander Cards,binder,"Tetsuko Umezawa, Fugitive",SLD,Secret Lair Drop,7055,foil,rare,1,109354,d32f3fb7-df52-4cef-8686-c11f7360cfd9,6.84,false,false,near_mint,en,USD,2025-11-29T18:05:26.962Z
Commander Cards,binder,The Lunar Whale,FIN,Final Fantasy,60,normal,rare,1,106630,ae875471-346c-4a76-b26f-b7205dad5b80,0.22,false,false,near_mint,en,USD,2025-11-29T18:05:26.962Z
Commander Cards,binder,"Treno, Dark City",FIN,Final Fantasy,290,normal,common,1,106686,f6285535-bc44-4274-a886-b14d7c7aaba8,0.05,false,false,near_mint,en,USD,2025-11-29T18:05:26.962Z
Commander Cards,binder,Triskaidekaphile,BLC,Bloomburrow Commander,178,normal,rare,1,96172,10c7b3b1-32f4-49b1-aa39-02d3ef29a727,0.29,false,false,near_mint,en,USD,2025-11-29T18:05:26.962Z
Commander Cards,binder,Unstoppable Slasher,DSK,Duskmourn: House of Horror,312,normal,rare,1,98767,0a30a301-8e87-46e7-89aa-cd55b1a14420,2.92,false,false,near_mint,en,USD,2025-11-29T18:05:26.962Z
Commander Cards,binder,"Yuriko, the Tiger's Shadow",CMM,Commander Masters,364,normal,rare,1,85102,fe9be3e0-076c-4703-9750-2a6b0a178bc9,1.62,false,false,near_mint,en,USD,2025-11-29T18:05:26.962Z
Trade Binder,binder,Unstoppable Slasher,DSK,Duskmourn: House of Horror,312,normal,rare,1,98767,0a30a301-8e87-46e7-89aa-cd55b1a14420,2.92,false,false,near_mint,en,USD,2025-11-29T18:07:58.403Z
Commander Cards,binder,Wonder,EMA,Eternal Masters,77,foil,uncommon,1,8598,597d16e3-aba1-4c23-a0a6-c8cb6f823888,6.81,false,false,near_mint,en,USD,2025-11-29T19:49:07.005Z
Commander Cards,binder,"Emet-Selch, Unsundered // Hades, Sorcerer of Eld",FIN,Final Fantasy,218,foil,mythic,1,103792,75cf4eb8-33e7-4dfc-b890-a7e3b5c1b9d5,4.88,false,false,near_mint,en,USD,2025-11-29T19:49:22.358Z
Commander Cards,binder,"Cecil, Dark Knight // Cecil, Redeemed Paladin",FIN,Final Fantasy,380,normal,rare,1,103806,d8c5c414-c7a0-489b-9cb8-1b910aa89b8e,4.12,false,false,near_mint,en,USD,2025-11-29T19:49:36.911Z
Commander Cards,binder,Into the Flood Maw,BLB,Bloomburrow,52,normal,uncommon,1,95919,50b9575a-53d9-4df7-b86c-cda021107d3f,4.07,false,false,near_mint,en,USD,2025-11-29T19:49:46.846Z
Commander Cards,binder,"Eluge, the Shoreless Sea",BLB,Bloomburrow,49,normal,mythic,1,96006,1f2bf6ba-cd1a-4382-9572-6dfbcf6ed0c6,2.24,false,false,near_mint,en,USD,2025-11-29T21:39:55.996Z
Trade Binder,binder,Tifa Lockhart,FIN,Final Fantasy,391,normal,rare,1,105724,d402d825-4c2c-46db-b16b-5df583bc5f83,11.68,false,false,near_mint,en,USD,2025-12-05T21:05:44.508Z
Trade Binder,binder,Tifa Lockhart,FIN,Final Fantasy,206,normal,rare,1,105765,fb781323-2746-405d-a9b2-e778c037a6e9,2.29,false,false,near_mint,en,USD,2025-12-05T21:05:44.508Z
Bulk Box,binder,"Zidane, Tantalus Thief",FIN,Final Fantasy,251,foil,uncommon,2,106213,e42c7d9d-8685-415b-8c5d-6ab2165863b9,0.24,false,false,near_mint,en,USD,2025-12-05T21:05:44.508Z
Bulk Box,binder,"Giott, King of the Dwarves",FIN,Final Fantasy,223,normal,uncommon,2,106565,6a7784de-a10d-4ce6-98a5-aaf3e85773b6,0.04,false,false,near_mint,en,USD,2025-12-05T21:05:44.508Z
Bulk Box,binder,Gaius van Baelsar,FIN,Final Fantasy,102,normal,uncommon,2,106446,a4ee8ba5-6a79-4652-b2a4-a3dae804bc28,0.16,false,false,near_mint,en,USD,2025-12-05T21:05:44.508Z
Trade Binder,binder,Y'shtola Rhul,FIN,Final Fantasy,86,normal,mythic,1,105694,aef218fa-13a4-4653-95d6-6b3ef1b33a92,5.17,false,false,near_mint,en,USD,2025-12-05T21:05:44.508Z
Trade Binder,binder,"Emet-Selch, Unsundered // Hades, Sorcerer of Eld",FIN,Final Fantasy,218,normal,mythic,1,103792,75cf4eb8-33e7-4dfc-b890-a7e3b5c1b9d5,2.68,false,false,near_mint,en,USD,2025-12-05T21:05:44.508Z
Bulk Box,binder,"Jecht, Reluctant Guardian // Braska's Final Aeon",FIN,Final Fantasy,104,normal,rare,2,106275,4ec91fe8-b3da-47fa-b45e-94b62a260aba,0.3,false,false,near_mint,en,USD,2025-12-05T21:05:44.508Z
Bulk Box,binder,"Rydia, Summoner of Mist",FIN,Final Fantasy,239,foil,uncommon,2,106724,99450143-6ab5-463d-9e04-e8e6703a8b92,0.38,false,false,near_mint,en,USD,2025-12-05T21:05:44.508Z
Bulk Box,binder,Delivery Moogle,FIN,Final Fantasy,15,normal,uncommon,2,106684,f58840dc-c641-4092-8b67-9c0d449af715,0.17,false,false,near_mint,en,USD,2025-12-05T21:05:44.508Z
Bulk Box,binder,"Omega, Heartless Evolution",FIN,Final Fantasy,236,normal,uncommon,1,106604,9a8eb7e6-0c0b-42d0-aa90-2d3d29bc15aa,0.05,false,false,near_mint,en,USD,2025-12-05T21:05:44.508Z
Bulk Box,binder,Bartz and Boko,FIN,Final Fantasy,175,normal,rare,3,105728,d818d574-2832-4a7a-a13b-aa6e695fdaa5,0.26,false,false,near_mint,en,USD,2025-12-05T21:05:44.508Z
Bulk Box,binder,"Ultimecia, Time Sorceress // Ultimecia, Omnipotent",FIN,Final Fantasy,247,normal,uncommon,4,105581,2d6a2b68-5407-464e-a335-7866fd969c30,0.14,false,false,near_mint,en,USD,2025-12-05T21:05:44.508Z
Bulk Box,binder,Summon: Leviathan,FIN,Final Fantasy,77,normal,rare,2,106299,ea7f26a9-b203-4ee7-88f1-3d9c77a25bcb,0.96,false,false,near_mint,en,USD,2025-12-05T21:05:44.508Z
Bulk Box,binder,Elixir,FIN,Final Fantasy,256,normal,uncommon,2,106616,a4b05d37-df62-475c-8371-735ed2fa1b05,0.19,false,false,near_mint,en,USD,2025-12-05T21:05:44.508Z
Bulk Box,binder,"Choco, Seeker of Paradise",FIN,Final Fantasy,215,normal,rare,2,106273,409c305a-52dc-4538-8e72-efcd568eaf49,0.39,false,false,near_mint,en,USD,2025-12-05T21:05:44.508Z
Bulk Box,binder,"Fynn, the Fangbearer",FCA,Final Fantasy: Through the Ages,46,normal,uncommon,3,106372,e983925b-de9c-4a09-8bff-913301aff269,0.17,false,false,near_mint,en,USD,2025-12-05T21:05:44.508Z
Bulk Box,binder,Sidequest: Raise a Chocobo // Black Chocobo,FIN,Final Fantasy,201,normal,uncommon,2,106508,0cbf911c-a721-4b84-8645-d83a0966be18,0.17,false,false,near_mint,en,USD,2025-12-05T21:05:44.508Z
Trade Binder,binder,"Jidoor, Aristocratic Capital // Overture",FIN,Final Fantasy,311,normal,rare,1,105637,72678d58-888e-4d3c-bc2c-78f5b7862e03,2.21,false,false,near_mint,en,USD,2025-12-05T21:05:44.508Z
Bulk Box,binder,Diamond Weapon,FIN,Final Fantasy,183,foil,uncommon,1,106567,6ce7f494-2a19-4b11-94d4-fc5e5a7068bd,0.27,false,false,near_mint,en,USD,2025-12-05T21:05:44.508Z
Bulk Box,binder,"Sidequest: Hunt the Mark // Yiazmat, Ultimate Mark",FIN,Final Fantasy,119,normal,uncommon,3,106646,c3eb2ae5-10de-4c3d-91c8-8734befc80b2,0.1,false,false,near_mint,en,USD,2025-12-05T21:05:44.508Z
Bulk Box,binder,"Zanarkand, Ancient Metropolis // Lasting Fayth",FIN,Final Fantasy,293,normal,rare,2,105656,881e4c00-3b9a-47a1-bf66-1badda994c88,0.42,false,false,near_mint,en,USD,2025-12-05T21:05:44.508Z
Trade Binder,binder,Aerith Gainsborough,FIN,Final Fantasy,374,foil,rare,2,105763,fa316d6e-9ea7-4496-a3f3-5023a6952473,9.54,false,false,near_mint,en,USD,2025-12-05T21:05:44.508Z
Bulk Box,binder,Triple Triad,FIN,Final Fantasy,166,normal,rare,2,106368,d9a1de36-7f47-4b28-bb56-38d7e5bed82f,0.38,false,false,near_mint,en,USD,2025-12-05T21:05:44.508Z
Bulk Box,binder,"Danitha Capashen, Paragon",FCA,Final Fantasy: Through the Ages,22,normal,uncommon,2,106329,210ff924-215e-4ae8-8706-5af3891c6605,0.37,false,false,near_mint,en,USD,2025-12-05T21:05:44.508Z
Bulk Box,binder,Prishe's Wanderings,FIN,Final Fantasy,193,foil,common,2,106658,d6e1dee0-e2cd-4899-a3ea-7d0df717c9ab,0.18,false,false,near_mint,en,USD,2025-12-05T21:05:44.508Z
Trade Binder,binder,Snapcaster Mage,FIC,Final Fantasy Commander,469,foil,mythic,1,109153,4790a887-26dd-4a5f-9b85-10346cb6328b,120.0,false,false,near_mint,en,USD,2025-12-05T21:05:44.508Z
Trade Binder,binder,"Squall, Gunblade Duelist",FIC,Final Fantasy Commander,453,normal,rare,1,109156,682b9f3c-960b-4600-b650-eefd588071d3,34.99,false,false,near_mint,en,USD,2025-12-05T21:05:44.508Z
Trade Binder,binder,"Stiltzkin, Moogle Merchant",FIN,Final Fantasy,565,foil,rare,1,109262,c7d9c54d-edec-40a8-82d8-b12cee7daa21,35.0,false,false,near_mint,en,USD,2025-12-05T21:05:44.508Z
Trade Binder,binder,Birds of Paradise,FIC,Final Fantasy Commander,483,foil,rare,1,109170,9f8b95bd-c709-4259-b3fe-92119b92acae,30.8,false,false,near_mint,en,USD,2025-12-05T21:09:25.061Z
Bulk Box,binder,Wastes,FIN,Final Fantasy,309,normal,common,1,105711,c61feafd-ef09-437c-a12c-fd7d6cb8c15a,0.33,false,false,near_mint,en,USD,2025-12-26T21:10:20.287Z
Bulk Box,binder,Mountain,FIN,Final Fantasy,304,normal,common,1,105719,d061b9a8-e95d-48ec-a1c9-337433b62dfc,0.16,false,false,near_mint,en,USD,2025-12-26T21:10:20.288Z
Bulk Box,binder,Plains,FIN,Final Fantasy,294,normal,common,2,105678,9dd2d666-7c6b-48ce-93dc-c004ebdd1fe9,0.14,false,false,near_mint,en,USD,2025-12-26T21:10:20.292Z
Bulk Box,binder,Swamp,FIN,Final Fantasy,302,normal,common,1,105546,08ec1e4f-e284-4216-a022-bd94c4dae02b,0.17,false,false,near_mint,en,USD,2025-12-26T21:10:20.296Z
Bulk Box,binder,"Insomnia, Crown City",FIN,Final Fantasy,282,normal,common,1,106502,07fca511-a65c-4779-82c0-9215b0dcd068,0.07,false,false,near_mint,en,USD,2025-12-26T21:10:20.297Z
Bulk Box,binder,Forest,FIN,Final Fantasy,308,normal,common,1,105710,c52038c8-5bba-4d8e-845f-30af44300acc,0.19,false,false,near_mint,en,USD,2025-12-26T21:10:20.303Z
Bulk Box,binder,"Vector, Imperial Capital",FIN,Final Fantasy,291,normal,common,1,106512,10e5648e-4884-41e3-95f8-c76f6bca01e2,0.11,false,false,near_mint,en,USD,2025-12-26T21:10:20.304Z
Bulk Box,binder,Plains,ORI,Magic Origins,256,normal,common,1,10686,ed4f7329-9c72-4369-8b66-2a89423e957d,0.09,false,false,near_mint,en,USD,2025-12-26T21:10:20.308Z
Bulk Box,binder,Swamp,BLB,Bloomburrow,271,normal,common,2,95840,dcdbc78a-7854-4a66-911f-a40b33e25f39,0.21,false,false,near_mint,en,USD,2025-12-26T21:10:20.309Z
Bulk Box,binder,"Guadosalam, Farplane Gateway",FIN,Final Fantasy,281,normal,common,1,106668,dfcbc131-fd50-4908-b539-c8e52bb70c58,0.08,false,false,near_mint,en,USD,2025-12-26T21:10:20.315Z
Bulk Box,binder,Namazu Trader,FIN,Final Fantasy,107,foil,common,1,106248,f9d25b34-990d-416c-aef7-1b5a73f19dd4,0.17,false,false,near_mint,en,USD,2025-12-26T21:10:20.316Z
Bulk Box,binder,Swallowed by Leviathan,FIN,Final Fantasy,79,normal,uncommon,1,106521,2270642d-fe2a-4265-aff0-a24a43ebe0a1,0.07,false,false,near_mint,en,USD,2025-12-26T21:10:20.320Z
Bulk Box,binder,"Fang, Fearless l'Cie",FIN,Final Fantasy,99,normal,uncommon,2,105759,f73a5cbb-905f-4b99-8d23-9d1b6bd47ee8,0.15,false,false,near_mint,en,USD,2025-12-26T21:10:20.321Z
Bulk Box,binder,Judge Magister Gabranth,FIN,Final Fantasy,230,normal,uncommon,2,106688,f9e64cb6-48f7-41d3-99e7-4b0bc3b33fd7,0.17,false,false,near_mint,en,USD,2025-12-26T21:10:20.329Z
Bulk Box,binder,Opera Love Song,FIN,Final Fantasy,147,normal,uncommon,2,106496,0343916d-1b65-4e95-aef1-e72dbcebf0c4,0.22,false,false,near_mint,en,USD,2025-12-26T21:10:20.331Z
Bulk Box,binder,The Masamune,FIN,Final Fantasy,264,normal,rare,1,106694,fc408575-8ef7-4043-b6b7-b38cef7c97d1,0.5,false,false,near_mint,en,USD,2025-12-26T21:10:20.332Z
Bulk Box,binder,Pull from Tomorrow,FIC,Final Fantasy Commander,269,normal,rare,1,105880,31d56cda-ee00-4037-a2e3-e17286750b0b,0.12,false,false,near_mint,en,USD,2025-12-26T21:10:20.334Z
Bulk Box,binder,Necrogoyf,M3C,Modern Horizons 3 Commander,202,normal,rare,1,95153,dbd870a3-cc05-46e7-9453-d0e3b3c7eda4,0.16,false,false,near_mint,en,USD,2025-12-26T21:10:20.335Z
Bulk Box,binder,Summon: Valefor,FIC,Final Fantasy Commander,42,normal,rare,1,106204,e0474d99-48e5-4e60-8cd6-537a10bcfea5,0.23,false,false,near_mint,en,USD,2025-12-26T21:10:20.336Z
Bulk Box,binder,"Jidoor, Aristocratic Capital // Overture",FIN,Final Fantasy,284,normal,rare,1,105674,98b2d5b5-f85b-4c42-a0f5-a76f6af304ba,0.63,false,false,near_mint,en,USD,2025-12-26T21:10:20.340Z
Bulk Box,binder,Chocobo Kick,FIN,Final Fantasy,178,normal,common,3,106698,ff8c8be0-8223-499c-8704-cb68e0a42ce2,0.14,false,false,near_mint,en,USD,2025-12-26T21:10:20.343Z
Bulk Box,binder,Magitek Armor,FIN,Final Fantasy,24,normal,uncommon,1,106432,59c4a1a2-623c-43b2-8005-ecb5c6436c10,0.06,false,false,near_mint,en,USD,2025-12-26T21:10:20.344Z
Bulk Box,binder,Sahagin,FIN,Final Fantasy,71,normal,common,3,106276,516940c7-c271-4f64-af75-c7ba98548382,0.15,false,false,near_mint,en,USD,2025-12-26T21:10:20.349Z
Bulk Box,binder,Sidequest: Catch a Fish // Cooking Campsite,FIN,Final Fantasy,31,normal,uncommon,1,103802,bdb5452e-d97f-409b-91d0-2664f39b09b8,0.18,false,false,near_mint,en,USD,2025-12-26T21:10:20.352Z
Bulk Box,binder,Dragoon's Lance,FIN,Final Fantasy,17,normal,uncommon,1,105671,96630531-8eb7-4e3e-8d63-60c562a5571b,0.08,false,false,near_mint,en,USD,2025-12-26T21:10:20.355Z
Bulk Box,binder,Paladin's Arms,FIN,Final Fantasy,28,normal,common,2,106338,446506c5-5e1d-4b42-aef3-ea247d7881ef,0.1,false,false,near_mint,en,USD,2025-12-26T21:10:20.358Z
Bulk Box,binder,"Insomnia, Crown City",FIN,Final Fantasy,282,foil,common,1,106502,07fca511-a65c-4779-82c0-9215b0dcd068,0.12,false,false,near_mint,en,USD,2025-12-26T21:10:20.363Z
Bulk Box,binder,Haste Magic,FIN,Final Fantasy,140,foil,common,1,106402,3af9d100-70ee-4c6c-a762-11a0c4f3ef6f,0.2,false,false,near_mint,en,USD,2025-12-26T21:10:20.364Z
Bulk Box,binder,Resentful Revelation,FIN,Final Fantasy,114,foil,common,1,106598,945006ea-c6a1-4ee5-abb2-387c2b6d3123,0.93,false,false,near_mint,en,USD,2025-12-26T21:10:20.365Z
Bulk Box,binder,Magitek Infantry,FIN,Final Fantasy,25,foil,common,1,106635,b64dc6d7-dd01-4e66-9099-4c90865448df,0.08,false,false,near_mint,en,USD,2025-12-26T21:10:20.366Z
Bulk Box,binder,Sidequest: Catch a Fish // Cooking Campsite,FIN,Final Fantasy,31,foil,uncommon,1,103802,bdb5452e-d97f-409b-91d0-2664f39b09b8,0.22,false,false,near_mint,en,USD,2025-12-26T21:10:20.368Z
Bulk Box,binder,Dragoon's Wyvern,FIN,Final Fantasy,49,foil,common,1,105729,d92bce20-308e-4841-aaf8-8e20698292e7,0.07,false,false,near_mint,en,USD,2025-12-26T21:10:20.369Z
Bulk Box,binder,Travel the Overworld,FIN,Final Fantasy,82,foil,uncommon,1,106625,aa5086e0-e2f2-498f-9035-1b31e1d21e0a,0.22,false,false,near_mint,en,USD,2025-12-26T21:10:20.370Z
Bulk Box,binder,"Torgal, A Fine Hound",FIN,Final Fantasy,208,foil,uncommon,1,106422,0f5725aa-42bb-4dfd-9c15-135b38b33da3,0.19,false,false,near_mint,en,USD,2025-12-26T21:10:20.371Z
Bulk Box,binder,Bartz and Boko,FIN,Final Fantasy,175,foil,rare,1,105728,d818d574-2832-4a7a-a13b-aa6e695fdaa5,0.52,false,false,near_mint,en,USD,2025-12-26T21:10:20.374Z
Bulk Box,binder,Adventurer's Airship,FIN,Final Fantasy,252,normal,common,2,106504,0a1d6dcd-bd41-4f57-a35b-6613811fe4d4,0.07,false,false,near_mint,en,USD,2025-12-26T21:10:20.375Z
Bulk Box,binder,"Quina, Qu Gourmet",FIN,Final Fantasy,194,normal,uncommon,3,106341,4f352b5e-9731-4a8e-b872-db5d3bf32211,0.18,false,false,near_mint,en,USD,2025-12-26T21:10:20.376Z
Bulk Box,binder,Al Bhed Salvagers,FIN,Final Fantasy,88,normal,uncommon,1,106278,58ccdcfc-a669-480f-bded-4273cfaf2045,0.06,false,false,near_mint,en,USD,2025-12-26T21:10:20.380Z
Bulk Box,binder,"Garnet, Princess of Alexandria",FIN,Final Fantasy,222,normal,uncommon,1,106638,b883df14-8d7b-4f6a-9a6a-2f71f5b6ddda,0.11,false,false,near_mint,en,USD,2025-12-26T21:10:20.381Z
Bulk Box,binder,Jumbo Cactuar,FIN,Final Fantasy,191,normal,rare,1,103807,db01c222-8795-47e9-a789-e7f749a3ee7d,1.39,false,false,near_mint,en,USD,2025-12-26T21:10:20.384Z
Bulk Box,binder,Sabotender,FIN,Final Fantasy,153,normal,common,2,106513,12df1295-8b08-4c8e-bac9-55b4f514c0be,0.2,false,false,near_mint,en,USD,2025-12-26T21:10:20.385Z
Bulk Box,binder,Starting Town,FIN,Final Fantasy,289,normal,rare,1,105768,fc7d1912-7e27-49ef-bd98-375d975a42b0,7.23,false,false,near_mint,en,USD,2025-12-26T21:10:20.386Z
Bulk Box,binder,Undercity Dire Rat,FIN,Final Fantasy,123,normal,common,2,106270,274788f4-fbf3-4a15-bdc0-f513a2fde30d,0.13,false,false,near_mint,en,USD,2025-12-26T21:10:20.390Z
Bulk Box,binder,Snow Villiers,FIN,Final Fantasy,33,normal,uncommon,1,106537,399bb699-e61d-4b41-b6e9-e594cbad6194,0.09,false,false,near_mint,en,USD,2025-12-26T21:10:20.394Z
Bulk Box,binder,Valkyrie Aerial Unit,FIN,Final Fantasy,84,normal,uncommon,1,106126,b40a055f-ea66-44d4-b058-a328a3d10994,0.08,false,false,near_mint,en,USD,2025-12-26T21:10:20.395Z
Bulk Box,binder,Unexpected Request,FIN,Final Fantasy,167,normal,uncommon,1,106495,0265fd20-a85d-49ce-b338-4c40843a5b18,0.05,false,false,near_mint,en,USD,2025-12-26T21:10:20.396Z
Bulk Box,binder,Excalibur II,FIN,Final Fantasy,257,normal,rare,1,106655,d42e5fed-67ac-46d7-a5d4-78f661f3e8b4,0.42,false,false,near_mint,en,USD,2025-12-26T21:10:20.398Z
Bulk Box,binder,Tonberry,FIN,Final Fantasy,122,normal,uncommon,1,103781,1a9b8723-4383-4c14-b24d-52863af8703d,0.1,false,false,near_mint,en,USD,2025-12-26T21:10:20.402Z
Bulk Box,binder,"Torgal, A Fine Hound",FIN,Final Fantasy,208,normal,uncommon,1,106422,0f5725aa-42bb-4dfd-9c15-135b38b33da3,0.13,false,false,near_mint,en,USD,2025-12-26T21:10:20.403Z
Bulk Box,binder,"Eden, Seat of the Sanctum",FIN,Final Fantasy,277,normal,uncommon,1,106674,e28eac1e-adc7-4f8d-b206-bef09ba07d38,0.07,false,false,near_mint,en,USD,2025-12-26T21:10:20.404Z
Bulk Box,binder,Rook Turret,FIN,Final Fantasy,69,normal,common,2,106541,4572884d-0c0e-41e7-b219-f76b95fdbd01,0.1,false,false,near_mint,en,USD,2025-12-26T21:10:20.409Z
Bulk Box,binder,Lunatic Pandora,FIN,Final Fantasy,262,normal,common,2,106659,d6e1e3e7-20d4-42cb-ad22-60356b9e8fdc,0.09,false,false,near_mint,en,USD,2025-12-26T21:10:20.411Z
Bulk Box,binder,"Zidane, Tantalus Thief",FIN,Final Fantasy,251,normal,uncommon,1,106213,e42c7d9d-8685-415b-8c5d-6ab2165863b9,0.06,false,false,near_mint,en,USD,2025-12-26T21:10:20.413Z
Bulk Box,binder,Cargo Ship,FIN,Final Fantasy,47,normal,uncommon,2,106597,932b865c-bfe7-4bb7-82e9-2403cf0e0522,0.12,false,false,near_mint,en,USD,2025-12-26T21:10:20.420Z
Bulk Box,binder,The Final Days,FIN,Final Fantasy,101,normal,uncommon,2,106641,bbf01770-6d0f-4015-b4b4-a74a53cb767a,0.09,false,false,near_mint,en,USD,2025-12-26T21:10:20.421Z
Bulk Box,binder,Shambling Cie'th,FIN,Final Fantasy,117,normal,uncommon,1,106302,f02ce338-4fe2-44b0-a896-3ed7e6c874a3,0.04,false,false,near_mint,en,USD,2025-12-26T21:10:20.423Z
Bulk Box,binder,Vincent Valentine // Galian Beast,FIN,Final Fantasy,125,normal,rare,1,106265,028ef608-acfe-4e9d-90db-eca4411ba78a,0.65,false,false,near_mint,en,USD,2025-12-26T21:10:20.425Z
Bulk Box,binder,"Joshua, Phoenix's Dominant // Phoenix, Warden of Fire",FIN,Final Fantasy,229,normal,rare,1,106430,457fdbb9-5439-460f-8e37-176f8919362c,0.45,false,false,near_mint,en,USD,2025-12-26T21:10:20.429Z
Bulk Box,binder,Relentless X-ATM092,FIN,Final Fantasy,268,normal,uncommon,1,106671,e09ee4c9-85ef-4d1e-864b-d659b8e8f51d,0.06,false,false,near_mint,en,USD,2025-12-26T21:10:20.435Z
Bulk Box,binder,Seifer Almasy,FIN,Final Fantasy,156,normal,rare,1,106607,9c776984-99ea-4181-ac95-78c41ba9d54f,0.22,false,false,near_mint,en,USD,2025-12-26T21:10:20.436Z
Bulk Box,binder,Gigantoad,FIN,Final Fantasy,187,normal,common,2,106642,bc10d648-4053-460f-bc52-9c20477bf6de,0.09,false,false,near_mint,en,USD,2025-12-26T21:10:20.440Z
Bulk Box,binder,Korozda Gorgon,DGM,Dragon's Maze,78,normal,uncommon,1,16387,7006e5b9-d6a3-43ce-904b-b2ac0fea67e5,0.06,false,false,near_mint,en,USD,2025-12-26T21:10:20.442Z
Bulk Box,binder,Jelenn Sphinx,BBD,Battlebond,224,normal,uncommon,1,1769,5e868618-c1b0-4ab9-96b2-6435e52b8b07,0.06,false,false,near_mint,en,USD,2025-12-26T21:10:20.443Z
Bulk Box,binder,Wake the Reflections,MM3,Modern Masters 2017,28,normal,common,1,6185,e5fad4c2-7db2-4ed2-8b86-e386311512e7,0.17,false,false,near_mint,en,USD,2025-12-26T21:10:20.444Z
Bulk Box,binder,Zhur-Taa Druid,GK2,RNA Guild Kit,101,normal,common,1,43929,6801d19b-06c5-44d3-b3c2-9b76d1b07eb9,0.45,false,false,near_mint,en,USD,2025-12-26T21:10:20.445Z
Bulk Box,binder,Kraul Warrior,CLU,Ravnica: Clue Edition,168,normal,common,1,91197,c6f8e16a-3e90-4be2-bf1a-989c86552251,0.09,false,false,near_mint,en,USD,2025-12-26T21:10:20.446Z
Bulk Box,binder,Sinister Possession,DGM,Dragon's Maze,29,normal,common,1,16436,7f54c15b-fec0-49a6-8a49-d1af4eeee40e,0.05,false,false,near_mint,en,USD,2025-12-26T21:10:20.447Z
Bulk Box,binder,Pilfered Plans,MM3,Modern Masters 2017,178,normal,common,1,6035,c4628454-65f0-4cf7-82b5-3c33e0b3a705,0.1,false,false,near_mint,en,USD,2025-12-26T21:10:20.448Z
Bulk Box,binder,Izzet Cluestone,DGM,Dragon's Maze,141,normal,common,1,16324,8cf63def-e2cc-48c7-8409-c08a36eddf93,0.09,false,false,near_mint,en,USD,2025-12-26T21:10:20.449Z
Bulk Box,binder,Nivix Cyclops,DDS,Duel Decks: Mind vs. Might,24,normal,common,1,5919,f6abe6ca-9345-41bc-9acd-b17ac887cb9d,0.15,false,false,near_mint,en,USD,2025-12-26T21:10:20.450Z
Bulk Box,binder,Ubul Sar Gatekeepers,DGM,Dragon's Maze,30,normal,common,1,16435,f5b2e327-adfd-459b-8d18-faa39d88b5de,0.05,false,false,near_mint,en,USD,2025-12-26T21:10:20.451Z
Bulk Box,binder,Hidden Strings,DGM,Dragon's Maze,12,normal,common,1,16453,216e8047-6f54-49ce-bf86-27dc8fc8c8f7,0.23,false,false,near_mint,en,USD,2025-12-26T21:10:20.452Z
Bulk Box,binder,Azorius Cluestone,DGM,Dragon's Maze,136,normal,common,1,16329,09eeb301-bc28-4515-ad69-0b1b5164a5bc,0.08,false,false,near_mint,en,USD,2025-12-26T21:10:20.453Z
Bulk Box,binder,Azorius Guildgate,KHC,Kaldheim Commander,107,normal,common,1,57224,569b53fb-8776-4301-9ed6-f7eabb08cebf,0.16,false,false,near_mint,en,USD,2025-12-26T21:10:20.454Z
Bulk Box,binder,Summon: Fenrir,FIN,Final Fantasy,203,normal,uncommon,1,105669,93feb9d5-d004-4598-a448-b3488c869c05,0.21,false,false,near_mint,en,USD,2025-12-26T21:10:20.458Z
Bulk Box,binder,Summon: Brynhildr,FIN,Final Fantasy,160,normal,rare,2,106588,8ab5429a-1075-49aa-9608-0610080fbf7a,0.31,false,false,near_mint,en,USD,2025-12-26T21:10:20.460Z
Bulk Box,binder,Relm's Sketching,FIN,Final Fantasy,67,normal,uncommon,1,106345,6aedac12-3714-4a81-bd4d-1d2555c66f78,0.16,false,false,near_mint,en,USD,2025-12-26T21:10:20.468Z
Bulk Box,binder,"Garland, Knight of Cornelia // Chaos, the Endless",FIN,Final Fantasy,221,normal,uncommon,1,103808,dd463dbe-5f2c-4d4f-86f8-ad8ff407af62,0.11,false,false,near_mint,en,USD,2025-12-26T21:10:20.469Z
Bulk Box,binder,Prompto Argentum,FIN,Final Fantasy,387,normal,uncommon,1,106661,d8f9b257-6491-46d2-be41-846ab4c39d5e,0.19,false,false,near_mint,en,USD,2025-12-26T21:10:20.470Z
Bulk Box,binder,Carpet of Flowers,FCA,Final Fantasy: Through the Ages,44,normal,rare,1,106452,dd28c05c-9473-4df8-9bb3-70593f2c5a50,1.59,false,false,near_mint,en,USD,2025-12-26T21:10:20.471Z
Bulk Box,binder,Laboratory Maniac,FCA,Final Fantasy: Through the Ages,30,normal,uncommon,1,106403,44ede007-b6db-4396-8b25-9e2621cfeec4,0.24,false,false,near_mint,en,USD,2025-12-26T21:10:20.472Z
Bulk Box,binder,Sazh's Chocobo,FIN,Final Fantasy,200,normal,uncommon,1,103809,dda6b4d0-1b60-46b0-b321-b9ffe15afff4,0.54,false,false,near_mint,en,USD,2025-12-26T21:10:20.480Z
Bulk Box,binder,Circle of Power,FIN,Final Fantasy,92,normal,uncommon,3,106164,c969bd0f-f174-4e2f-b95c-c9ccd5d0b8ba,0.16,false,false,near_mint,en,USD,2025-12-26T21:10:20.482Z
Bulk Box,binder,"Balamb Garden, SeeD Academy // Balamb Garden, Airborne",FIN,Final Fantasy,272,normal,rare,1,106492,001e9f20-5b15-41cb-bf82-46172decc235,0.28,false,false,near_mint,en,USD,2025-12-26T21:10:20.483Z
Bulk Box,binder,Angelo,TFIN,Final Fantasy Tokens,19,normal,common,1,105619,54347961-0a41-4f62-b47e-2afa0ca07b21,,false,false,near_mint,en,USD,2025-12-26T21:10:20.500Z
Bulk Box,binder,Gysahl Greens,FIN,Final Fantasy,190,normal,common,1,106494,020dee17-d85b-44c4-9faa-b1ef977956f4,0.04,false,false,near_mint,en,USD,2025-12-26T21:10:20.502Z
Bulk Box,binder,Magic Pot,FIN,Final Fantasy,263,normal,common,2,106553,57d07ca0-5618-4a90-a605-ca14a193ce3b,0.04,false,false,near_mint,en,USD,2025-12-26T21:10:20.507Z
Bulk Box,binder,Sandworm,FIN,Final Fantasy,155,normal,uncommon,1,106621,a6e021da-2397-4ad3-a07b-65c701df531a,0.06,false,false,near_mint,en,USD,2025-12-26T21:10:20.508Z
Bulk Box,binder,"Vaan, Street Thief",FIN,Final Fantasy,168,normal,rare,1,106549,50e1ec29-9de3-4f1b-b818-057e030d475b,0.23,false,false,near_mint,en,USD,2025-12-26T21:10:20.512Z
Bulk Box,binder,Island,FIN,Final Fantasy,299,normal,common,2,105587,347e00db-abcf-4053-aa27-4a5b42e1da55,0.12,false,false,near_mint,en,USD,2025-12-26T21:10:20.289Z
Bulk Box,binder,Island,FIN,Final Fantasy,298,normal,common,2,105751,eeecf096-87dd-4dcb-953f-700445bf3f3a,0.17,false,false,near_mint,en,USD,2025-12-26T21:10:20.290Z
Bulk Box,binder,Island,FIN,Final Fantasy,297,normal,common,2,105700,b92ec9f6-a56d-40c6-aee2-7d5e1524c985,0.44,false,false,near_mint,en,USD,2025-12-26T21:10:20.291Z
Bulk Box,binder,"Gohn, Town of Ruin",FIN,Final Fantasy,278,foil,common,2,106602,99582781-613e-4a33-aec7-7569b4a961aa,0.12,false,false,near_mint,en,USD,2025-12-26T21:10:20.293Z
Bulk Box,binder,"Sharlayan, Nation of Scholars",FIN,Final Fantasy,288,normal,common,3,106579,7a745b5e-cdb8-4d05-ac5c-87be69536da6,0.09,false,false,near_mint,en,USD,2025-12-26T21:10:20.294Z
Bulk Box,binder,Plains,FIN,Final Fantasy,295,normal,common,2,105742,e623b058-76d2-476b-9ee6-82807f7992c3,0.14,false,false,near_mint,en,USD,2025-12-26T21:10:20.305Z
Bulk Box,binder,Commune with Beavers,FIN,Final Fantasy,182,normal,common,3,105641,784287c2-43c5-4210-93ae-cdd33b9acb1b,0.11,false,false,near_mint,en,USD,2025-12-26T21:10:20.310Z
Bulk Box,binder,Ice Flan,FIN,Final Fantasy,55,normal,common,3,106357,ad304c9c-943f-442f-bb82-ff378ad7d7ba,0.05,false,false,near_mint,en,USD,2025-12-26T21:10:20.311Z
Bulk Box,binder,Coeurl,FIN,Final Fantasy,12,normal,common,3,106284,7604b534-5480-42fa-bc36-bbae730f8582,0.06,false,false,near_mint,en,USD,2025-12-26T21:10:20.312Z
Bulk Box,binder,Coral Sword,FIN,Final Fantasy,134,normal,uncommon,3,106400,13e81e32-7246-46b9-872e-cde77cedd197,0.11,false,false,near_mint,en,USD,2025-12-26T21:10:20.319Z
Bulk Box,binder,Mysidian Elder,FIN,Final Fantasy,145,normal,common,3,106566,6bc39af4-be19-4889-b930-df7ebf7b9481,0.12,false,false,near_mint,en,USD,2025-12-26T21:10:20.326Z
Bulk Box,binder,Syncopate,FIN,Final Fantasy,80,normal,common,3,106409,83e1cd8d-5b97-427a-be75-2a1947f9c59b,0.16,false,false,near_mint,en,USD,2025-12-26T21:10:20.328Z
Bulk Box,binder,Gran Pulse Ochu,FIN,Final Fantasy,189,normal,common,3,106547,4dced21f-478c-4500-9484-af5864dea5cc,0.06,false,false,near_mint,en,USD,2025-12-26T21:10:20.347Z
Bulk Box,binder,Diamond Weapon,FIN,Final Fantasy,183,normal,uncommon,4,106567,6ce7f494-2a19-4b11-94d4-fc5e5a7068bd,0.21,false,false,near_mint,en,USD,2025-12-26T21:10:20.350Z
Bulk Box,binder,Magic Damper,FIN,Final Fantasy,61,normal,common,2,106540,44921b2e-5938-4f63-92b9-0b719a2f8c68,0.08,false,false,near_mint,en,USD,2025-12-26T21:10:20.359Z
Bulk Box,binder,Magic Pot,FIN,Final Fantasy,263,foil,common,2,106553,57d07ca0-5618-4a90-a605-ca14a193ce3b,0.06,false,false,near_mint,en,USD,2025-12-26T21:10:20.367Z
Bulk Box,binder,The Crystal's Chosen,FIN,Final Fantasy,14,normal,uncommon,3,105725,d4df4373-0ee6-44e3-81c6-0881c070014c,0.08,false,false,near_mint,en,USD,2025-12-26T21:10:20.372Z
Bulk Box,binder,Dreams of Laguna,FIN,Final Fantasy,50,normal,common,5,106292,ba752243-2727-4b8a-8e21-e70becfd4ff3,0.1,false,false,near_mint,en,USD,2025-12-26T21:10:20.391Z
Bulk Box,binder,White Mage's Staff,FIN,Final Fantasy,42,normal,common,4,105584,30db372e-0b4c-4e16-9667-bf3fda666f72,0.1,false,false,near_mint,en,USD,2025-12-26T21:10:20.392Z
Bulk Box,binder,"Windurst, Federation Center",FIN,Final Fantasy,292,normal,common,2,106649,c74024bd-b383-468d-9cf5-d112a29f6457,0.09,false,false,near_mint,en,USD,2025-12-26T21:10:20.405Z
Bulk Box,binder,Fight On!,FIN,Final Fantasy,100,normal,common,2,106673,e1b0739a-dcc4-4034-96d7-69e551b2f36b,0.09,false,false,near_mint,en,USD,2025-12-26T21:10:20.412Z
Bulk Box,binder,Vayne's Treachery,FIN,Final Fantasy,124,normal,common,3,106569,6de6d23b-7d42-41c1-be1c-010fe43ee586,0.04,false,false,near_mint,en,USD,2025-12-26T21:10:20.414Z
Bulk Box,binder,Summon: Fat Chocobo,FIN,Final Fantasy,202,normal,common,3,106533,32eb192b-de6b-4814-8077-628d343d014e,0.09,false,false,near_mint,en,USD,2025-12-26T21:10:20.455Z
Bulk Box,binder,Summon: Primal Garuda,FIN,Final Fantasy,37,normal,uncommon,2,106370,e44497a8-067e-454e-a9c0-684f03df55ff,0.07,false,false,near_mint,en,USD,2025-12-26T21:10:20.481Z
Trade Binder,binder,Hexing Squelcher,ECL,Lorwyn Eclipsed,145,normal,rare,2,110354,674960ce-ff33-4d5e-a24a-a4582b2e9809,28.7,false,false,near_mint,en,USD,2026-01-19T23:47:18.359Z
Bulk Box,binder,Ashling's Command,ECL,Lorwyn Eclipsed,330,normal,rare,1,108945,201c73b6-368f-4dac-b034-49c6aa6408ff,2.06,false,false,near_mint,en,USD,2026-01-19T23:48:06.347Z
Trade Binder,binder,Morningtide's Light,ECL,Lorwyn Eclipsed,27,normal,mythic,1,108943,181ee045-5650-479a-8c03-015b38fdcd63,7.18,false,false,near_mint,en,USD,2026-01-19T23:55:45.372Z
Trade Binder,binder,Formidable Speaker,ECL,Lorwyn Eclipsed,176,foil,rare,1,109145,265522eb-4f6a-40e7-b374-3833fa63c80b,17.54,false,false,near_mint,en,USD,2026-01-20T01:56:13.448Z
Trade Binder,binder,Sapling Nursery,ECL,Lorwyn Eclipsed,192,normal,rare,2,110712,3199bea9-fef7-45fe-8777-2103d84a9347,1.99,false,false,near_mint,en,USD,2026-01-20T01:56:48.997Z
Trade Binder,binder,Dawnhand Dissident,ECL,Lorwyn Eclipsed,311,normal,rare,1,110429,fea91416-2836-447f-ad07-8b96ba727cbd,1.1,false,false,near_mint,en,USD,2026-01-20T01:58:03.379Z
Bulk Box,binder,Mornsong Aria,ECL,Lorwyn Eclipsed,111,foil,rare,1,110378,9985c554-8338-46b1-ac36-526d2eb61570,4.06,false,false,near_mint,en,USD,2026-01-20T02:03:02.346Z
Commander Cards,binder,"Cloud, Midgar Mercenary",FIN,Final Fantasy,10,normal,mythic,1,105580,2cf7e8a3-fad7-413d-b17c-7519a9cf5fb5,16.95,false,false,near_mint,en,USD,2026-02-03T00:44:28.828Z
Commander Cards,binder,"Drana, Liberator of Malakir",LCC,The Lost Caverns of Ixalan Commander,193,normal,mythic,1,88248,0850b41d-3589-40cd-ae22-cc5b4ddee1c4,0.5,false,false,near_mint,en,USD,2026-02-03T00:44:40.046Z
Commander Cards,binder,Archpriest of Shadows,MOM,March of the Machine,89,normal,rare,1,81279,f5931746-a55c-4528-9e4a-ee15edab3489,2.13,false,false,near_mint,en,USD,2026-02-03T00:44:48.072Z
Commander Cards,binder,Enduring Curiosity,DSK,Duskmourn: House of Horror,51,normal,rare,1,98647,8616629e-08f9-41ad-bfec-f86c8096f1cb,10.13,false,false,near_mint,en,USD,2026-02-03T00:44:57.798Z
Commander Cards,binder,Fallen Shinobi,OTC,Outlaws of Thunder Junction Commander,226,normal,rare,1,93757,979076a7-313f-4227-a4c3-548e86997e0a,8.17,false,false,near_mint,en,USD,2026-02-03T00:45:03.266Z
Commander Cards,binder,Grim Hireling,CLB,Commander Legends: Battle for Baldur's Gate,755,normal,rare,1,69472,38326f48-548c-4b18-9ad2-0b7c23385deb,18.94,false,false,near_mint,en,USD,2026-02-03T00:45:08.684Z
Commander Cards,binder,"Ink-Eyes, Servant of Oni",PCA,Planechase Anthology,33,normal,rare,1,6702,55ed38fc-dc1f-4a03-8869-147f7eb8646b,7.9,false,false,near_mint,en,USD,2026-02-03T00:45:25.862Z
Commander Cards,binder,"Kamiz, Obscura Oculus",NCC,New Capenna Commander,103,foil,mythic,1,68054,e45f3236-d64e-4416-9e71-be7b22dc9878,1.23,false,false,near_mint,en,USD,2026-02-03T00:45:33.680Z
Commander Cards,binder,"Nashi, Moon Sage's Scion",OTC,Outlaws of Thunder Junction Commander,143,normal,mythic,1,93519,1e62de3b-6a41-43e3-93ad-9a1e3894be3b,2.71,false,false,near_mint,en,USD,2026-02-03T00:45:40.548Z
Commander Cards,binder,Puresteel Paladin,2XM,Double Masters,26,foil,rare,1,51940,8abcc2e6-82e7-4cc5-8956-05dd617e3e7d,2.13,false,false,near_mint,en,USD,2026-02-03T00:45:45.307Z
Commander Cards,binder,"Skrelv, Defector Mite",SLD,Secret Lair Drop,1926,normal,rare,1,104142,509c00d2-6a84-4760-8927-483ed123b05f,3.79,false,false,near_mint,en,USD,2026-02-03T00:45:49.867Z
Commander Cards,binder,Stoneforge Mystic,2XM,Double Masters,31,normal,rare,1,51884,4d3473d0-b46f-41f5-ac1e-ba217f7747d4,29.7,false,false,near_mint,en,USD,2026-02-03T00:45:54.118Z
Commander Cards,binder,Voice of Victory,TDM,Tarkir: Dragonstorm,331,normal,rare,1,104312,73f24785-c7b3-46ab-833e-666af3d86c63,17.12,false,false,near_mint,en,USD,2026-02-03T00:45:59.385Z
Commander Cards,binder,Arcane Signet,CLB,Commander Legends: Battle for Baldur's Gate,298,normal,uncommon,1,69049,5b245a5b-5a99-4d22-99ef-3f5bf49c3262,0.66,false,false,near_mint,en,USD,2026-02-03T00:46:04.045Z
Commander Cards,binder,Azorius Signet,TDC,Tarkir: Dragonstorm Commander,312,normal,uncommon,1,104586,41c50b99-4a29-4bef-8d41-c548c8a61dac,0.15,false,false,near_mint,en,USD,2026-02-03T00:46:08.171Z
Commander Cards,binder,Basilisk Collar,SLD,Secret Lair Drop,1925,normal,rare,1,104409,328e5daf-525d-4d53-bbb6-3c033046f756,14.49,false,false,near_mint,en,USD,2026-02-03T00:46:11.788Z
Commander Cards,binder,Batterskull,2XM,Double Masters,234,normal,mythic,1,51998,b7f16fdf-a3f5-462d-a64a-789d893b6ef5,5.04,false,false,near_mint,en,USD,2026-02-03T00:46:15.214Z
Commander Cards,binder,Brotherhood Regalia,ACR,Assassin's Creed,71,normal,uncommon,1,95426,8a6439a6-288d-427e-b14b-a99e8ef8c5cd,10.57,false,false,near_mint,en,USD,2026-02-03T00:46:19.147Z
Commander Cards,binder,Genji Glove,FIN,Final Fantasy,258,normal,rare,1,106687,f724dde1-84b0-4e3b-a9b8-44cd22bb9f79,4.13,false,false,near_mint,en,USD,2026-02-03T00:46:22.257Z
Commander Cards,binder,Lightning Greaves,OTC,Outlaws of Thunder Junction Commander,260,normal,uncommon,1,93886,da9da49d-e319-4897-9ab6-57c7c69478a6,4.94,false,false,near_mint,en,USD,2026-02-03T00:46:26.457Z
Commander Cards,binder,Mithril Coat,LTR,The Lord of the Rings: Tales of Middle-earth,379,normal,rare,1,83424,b65ec6ad-80d8-4c76-8b69-fc401a8f1ce8,25.53,false,false,near_mint,en,USD,2026-02-03T00:46:36.376Z
Commander Cards,binder,"Oathkeeper, Takeno's Daisho",CHK,Champions of Kamigawa,265,normal,rare,1,28960,01b7c8e4-db88-48f3-bfd5-8d990f449b1c,16.8,false,false,near_mint,en,USD,2026-02-03T00:46:39.685Z
Commander Cards,binder,Orzhov Signet,TDC,Tarkir: Dragonstorm Commander,323,normal,common,1,104804,90894726-1940-4291-a05c-b85cefbfa344,0.21,false,false,near_mint,en,USD,2026-02-03T00:46:50.796Z
Commander Cards,binder,Quietus Spike,C17,Commander 2017,220,normal,rare,1,4235,554f2444-78bd-4312-a1d7-00cadcac7559,1.07,false,false,near_mint,en,USD,2026-02-03T00:46:54.838Z
Commander Cards,binder,Resurrection Orb,40K,"Warhammer 40,000 Commander",165,normal,rare,1,72317,2d6209c8-9fa1-4f0a-ab65-ac2fedfcd09b,12.94,false,false,near_mint,en,USD,2026-02-03T00:46:57.839Z
Commander Cards,binder,Swiftfoot Boots,TDC,Tarkir: Dragonstorm Commander,328,normal,uncommon,1,104473,1969b151-3192-4d35-80ca-c4e180601ec8,1.49,false,false,near_mint,en,USD,2026-02-03T00:47:02.365Z
Commander Cards,binder,Sword of Fire and Ice,SPG,Special Guests,62,normal,mythic,1,95738,065cd3b9-b5aa-44d3-93f4-3a43694d7a1a,42.54,false,false,near_mint,en,USD,2026-02-03T00:47:05.707Z
Commander Cards,binder,Talisman of Dominance,DRC,Aetherdrift Commander,141,normal,uncommon,1,103178,939cc767-0de1-4d94-a1f9-fe07e923d343,1.49,false,false,near_mint,en,USD,2026-02-03T00:47:10.025Z
Commander Cards,binder,Dovin's Veto,FCA,Final Fantasy: Through the Ages,51,foil,uncommon,1,106360,ba332954-ed8c-48d7-8d85-971c7b71dccf,2.3,false,false,near_mint,en,USD,2026-02-03T00:47:14.009Z
Commander Cards,binder,Generous Gift,CMM,Commander Masters,624,normal,common,1,84686,a1cd4438-a25d-4618-9e93-2c62f6bfc5f5,0.89,false,false,near_mint,en,USD,2026-02-03T00:47:17.218Z
Trade Binder,binder,Ashcoat of the Shadow Swarm,PZA,Teenage Mutant Ninja Turtles Source Material,6,normal,mythic,1,111260,6873a1d1-b1bc-4ed6-a734-0e35fd8dbc8e,9.86,false,false,near_mint,en,USD,2026-03-20T23:25:09.493Z
Trade Binder,binder,Dark Leo & Shredder,TMT,Teenage Mutant Ninja Turtles,142,normal,mythic,1,110947,bab93474-2f98-49a1-874f-b794bf81bd0c,11.33,false,false,near_mint,en,USD,2026-03-20T23:25:09.494Z
Trade Binder,binder,Kitsune's Technique,TMT,Teenage Mutant Ninja Turtles,42,normal,rare,1,110939,9ca5327e-df90-483c-875f-73a23781f56d,1.68,false,false,near_mint,en,USD,2026-03-20T23:25:09.495Z
Trade Binder,binder,"Raphael, Ninja Destroyer",TMT,Teenage Mutant Ninja Turtles,102,normal,mythic,1,110957,eeffadda-cb71-4434-89bf-36db1a36da0b,1.49,false,false,near_mint,en,USD,2026-03-20T23:25:09.496Z
Trade Binder,binder,Splinter's Technique,TMT,Teenage Mutant Ninja Turtles,80,normal,rare,1,110960,fd3a5465-074a-4688-b79b-68e232076581,4.38,false,false,near_mint,en,USD,2026-03-20T23:25:09.497Z
Trade Binder,binder,"Tidus, Yuna's Guardian",FIC,Final Fantasy Commander,5,normal,mythic,1,103782,2cfd4494-346c-4cbc-8072-e267254cefcc,2.03,false,false,near_mint,en,USD,2026-03-20T23:25:28.634Z
Bulk Box,binder,"Tannuk, Memorial Ensign",EOE,Edge of Eternities,233,normal,uncommon,2,106779,52498b7b-0389-4e7b-b29f-7ac86aab9229,0.68,false,false,near_mint,en,USD,2026-03-29T00:37:25.995Z
Trade Binder,binder,Marang River Regent // Coil and Catch,TDM,Tarkir: Dragonstorm,51,normal,rare,1,104393,f890bdc7-32e6-4492-bac7-7cabf54a8bfd,1.93,false,false,near_mint,en,USD,2026-03-29T00:37:25.996Z
Bulk Box,binder,Plains,EOE,Edge of Eternities,262,normal,common,2,106773,089ae01b-e042-4255-b0ee-17d8f416a8d9,0.7,false,false,near_mint,en,USD,2026-03-29T00:38:08.414Z
Bulk Box,binder,Plains,EOE,Edge of Eternities,262,foil,common,3,106773,089ae01b-e042-4255-b0ee-17d8f416a8d9,1.02,false,false,near_mint,en,USD,2026-03-29T00:38:13.298Z
Bulk Box,binder,Swamp,EOE,Edge of Eternities,264,normal,common,3,106778,3e724e54-a622-4c77-8183-5a397a7c14a9,1.44,false,false,near_mint,en,USD,2026-03-29T00:38:37.329Z
Bulk Box,binder,Swamp,EOE,Edge of Eternities,264,foil,common,2,106778,3e724e54-a622-4c77-8183-5a397a7c14a9,1.84,false,false,near_mint,en,USD,2026-03-29T00:38:39.679Z
Bulk Box,binder,Forest,EOE,Edge of Eternities,266,normal,common,2,106786,8335b9f1-e726-423b-8ba7-6151448ab3fd,1.33,false,false,near_mint,en,USD,2026-03-29T00:38:56.057Z
Bulk Box,binder,Forest,EOE,Edge of Eternities,266,foil,common,2,106786,8335b9f1-e726-423b-8ba7-6151448ab3fd,1.14,false,false,near_mint,en,USD,2026-03-29T00:38:57.874Z
Bulk Box,binder,Mountain,EOE,Edge of Eternities,265,normal,common,2,106776,3204f401-1bcb-4d97-b15d-113a5d3c3e9f,1.57,false,false,near_mint,en,USD,2026-03-29T00:39:20.354Z
Bulk Box,binder,Mountain,EOE,Edge of Eternities,265,foil,common,2,106776,3204f401-1bcb-4d97-b15d-113a5d3c3e9f,1.64,false,false,near_mint,en,USD,2026-03-29T00:39:22.379Z
Bulk Box,binder,Island,EOE,Edge of Eternities,263,foil,common,2,106783,76313c69-8ec7-49e3-a34e-ade26097284c,1.2,false,false,near_mint,en,USD,2026-03-29T00:39:44.867Z
Bulk Box,binder,Combustible Gearhulk,DRC,Aetherdrift Commander,102,normal,mythic,1,103028,4be99ea7-331a-406d-8a75-5bcfe64d1890,0.39,false,false,near_mint,en,USD,2026-04-10T23:37:31.446Z
Bulk Box,binder,Grab the Prize,DSK,Duskmourn: House of Horror,138,normal,common,1,98823,50895202-f1a1-4840-a11a-55b78b8b5929,0.34,false,false,near_mint,en,USD,2026-04-10T23:37:48.232Z
Bulk Box,binder,Blood Seeker,DSC,Duskmourn: House of Horror Commander,77,normal,common,1,99426,fe88cbee-5f6c-47e0-8a84-192c4c2ca984,0.33,false,false,near_mint,en,USD,2026-04-10T23:38:10.669Z
Bulk Box,binder,Temporal Cleansing,ECL,Lorwyn Eclipsed,78,normal,common,3,110498,50ee7315-ec53-43d2-841e-8ec192b850f1,0.06,false,false,near_mint,en,USD,2026-04-27T16:26:11.896Z
Bulk Box,binder,Pitiless Fists,ECL,Lorwyn Eclipsed,187,foil,uncommon,1,110708,295d828b-b2e7-41c7-afbc-5fb5f4eb242c,0.2,false,false,near_mint,en,USD,2026-04-27T16:26:11.898Z
Bulk Box,binder,"Maralen, Fae Ascendant",ECL,Lorwyn Eclipsed,233,normal,rare,1,110836,c50f5408-5b5c-41dc-807e-136233403a09,0.38,false,false,near_mint,en,USD,2026-04-27T16:26:11.900Z
Bulk Box,binder,Trystan's Command,ECL,Lorwyn Eclipsed,247,normal,rare,1,110826,ba1d99ca-740a-481a-be89-615e40d56d06,0.35,false,false,near_mint,en,USD,2026-04-27T16:26:11.903Z
Bulk Box,binder,Changeling Wayfinder,ECL,Lorwyn Eclipsed,1,normal,common,1,110764,6c6061aa-a4da-4115-85b6-d0aa22f2386c,0.27,false,false,near_mint,en,USD,2026-04-27T16:26:11.907Z
Bulk Box,binder,Pitiless Fists,ECL,Lorwyn Eclipsed,187,normal,uncommon,1,110708,295d828b-b2e7-41c7-afbc-5fb5f4eb242c,0.08,false,false,near_mint,en,USD,2026-04-27T16:26:11.908Z
Bulk Box,binder,Lofty Dreams,ECL,Lorwyn Eclipsed,58,normal,uncommon,1,110803,a2908ed1-517e-4f1a-94e5-b06fb033c1a6,0.04,false,false,near_mint,en,USD,2026-04-27T16:26:11.910Z
Bulk Box,binder,Mistmeadow Council,ECL,Lorwyn Eclipsed,183,normal,common,2,110845,d4a7c9bc-81c8-4c31-96a9-eb6ba7715e7f,0.03,false,false,near_mint,en,USD,2026-04-27T16:26:11.913Z
Bulk Box,binder,Midnight Tilling,ECL,Lorwyn Eclipsed,182,normal,common,2,110619,c5112bbf-752c-41e7-9c61-4c81e6a77463,0.21,false,false,near_mint,en,USD,2026-04-27T16:26:11.914Z
Bulk Box,binder,Vinebred Brawler,ECL,Lorwyn Eclipsed,201,normal,uncommon,2,110353,63c573fe-e74c-48ca-ad05-92f37dc466f1,0.18,false,false,near_mint,en,USD,2026-04-27T16:26:11.915Z
Bulk Box,binder,Eclipsed Flamekin,ECL,Lorwyn Eclipsed,219,normal,uncommon,1,110634,d907ae44-cd07-4409-946c-e97f584d9a81,0.15,false,false,near_mint,en,USD,2026-04-27T16:26:11.917Z
Bulk Box,binder,Lavaleaper,ECL,Lorwyn Eclipsed,150,foil,rare,1,110367,82902488-d178-4752-bcfb-dd3050654d23,1.3,false,false,near_mint,en,USD,2026-04-27T16:26:11.918Z
Bulk Box,binder,Mountain,ECL,Lorwyn Eclipsed,282,normal,common,1,110377,96e14936-5614-46ba-874c-c1357243fe02,0.26,false,false,near_mint,en,USD,2026-04-27T16:26:11.919Z
Bulk Box,binder,Feed the Flames,ECL,Lorwyn Eclipsed,137,normal,common,2,110753,59740755-c353-4b6c-a84c-3b76133ce3ec,0.08,false,false,near_mint,en,USD,2026-04-27T16:26:11.922Z
Bulk Box,binder,Tweeze,ECL,Lorwyn Eclipsed,162,normal,common,3,110483,3ceab0e6-1bb8-487d-ab4b-2da8457b970a,0.05,false,false,near_mint,en,USD,2026-04-27T16:26:11.923Z
Bulk Box,binder,Flame-Chain Mauler,ECL,Lorwyn Eclipsed,138,normal,common,1,110533,752d7e8e-0dd0-4ace-9c89-a8f9ce73775e,0.04,false,false,near_mint,en,USD,2026-04-27T16:26:11.924Z
Bulk Box,binder,Bogslither's Embrace,ECL,Lorwyn Eclipsed,94,normal,common,4,110743,4beca2e7-9c6d-493b-b15f-69e483a8dfff,0.2,false,false,near_mint,en,USD,2026-04-27T16:26:11.926Z
Bulk Box,binder,Dream Seizer,ECL,Lorwyn Eclipsed,101,normal,common,2,110321,3573f425-9251-4c17-9619-15278ce5d8fb,0.11,false,false,near_mint,en,USD,2026-04-27T16:26:11.928Z
Bulk Box,binder,Plains,ECL,Lorwyn Eclipsed,279,normal,common,1,110415,d8fdfa7d-fd11-4c11-8743-a21538474314,0.28,false,false,near_mint,en,USD,2026-04-27T16:26:11.929Z
Bulk Box,binder,Flamekin Gildweaver,ECL,Lorwyn Eclipsed,140,normal,common,3,110821,b1628ece-a028-49d4-9065-ee997838c20a,0.06,false,false,near_mint,en,USD,2026-04-27T16:26:11.930Z
Bulk Box,binder,Blighted Blackthorn,ECL,Lorwyn Eclipsed,90,normal,common,1,110719,3515531a-45d6-4fe0-96a3-7ca1ce545068,0.12,false,false,near_mint,en,USD,2026-04-27T16:26:11.931Z
Bulk Box,binder,Stalactite Dagger,ECL,Lorwyn Eclipsed,261,normal,common,2,110762,6954df09-95f3-46cf-9ba8-2a1aea653d8f,0.18,false,false,near_mint,en,USD,2026-04-27T16:26:11.933Z
Bulk Box,binder,Spry and Mighty,ECL,Lorwyn Eclipsed,195,foil,rare,1,110691,152b7374-e991-443f-b6ca-914415635c4a,0.39,false,false,near_mint,en,USD,2026-04-27T16:26:11.935Z
Bulk Box,binder,Prideful Feastling,ECL,Lorwyn Eclipsed,238,normal,common,5,110535,7578cb61-f606-4559-a10a-343a583228ab,0.18,false,false,near_mint,en,USD,2026-04-27T16:26:11.936Z
Bulk Box,binder,Keep Out,ECL,Lorwyn Eclipsed,19,foil,common,2,110741,4ab1601c-634c-4f21-8926-ba3cb92008c1,0.19,false,false,near_mint,en,USD,2026-04-27T16:26:11.937Z
Bulk Box,binder,Wanderbrine Preacher,ECL,Lorwyn Eclipsed,41,normal,common,1,110485,3fc3f5f2-5a83-4358-8f23-42f26f345140,0.13,false,false,near_mint,en,USD,2026-04-27T16:26:11.938Z
Bulk Box,binder,Goldmeadow Nomad,ECL,Lorwyn Eclipsed,18,normal,common,1,110672,00ddbe6c-11de-4bc6-aabe-d6d8385a838a,0.11,false,false,near_mint,en,USD,2026-04-27T16:26:11.939Z
Bulk Box,binder,Eclipsed Flamekin,ECL,Lorwyn Eclipsed,337,foil,uncommon,1,110514,6271b82d-5922-4de0-b763-129908ece6ee,0.32,false,false,near_mint,en,USD,2026-04-27T16:26:11.940Z
Bulk Box,binder,Morcant's Loyalist,ECL,Lorwyn Eclipsed,341,normal,uncommon,1,110832,c157b97e-905e-4c68-b6ae-9c43caa7c6e7,0.33,false,false,near_mint,en,USD,2026-04-27T16:26:11.941Z
Bulk Box,binder,Shinestriker,ECL,Lorwyn Eclipsed,68,normal,uncommon,1,110309,214e78f9-5364-49ab-b17e-0c76549c583e,0.22,false,false,near_mint,en,USD,2026-04-27T16:26:11.942Z
Bulk Box,binder,Spiral into Solitude,ECL,Lorwyn Eclipsed,36,normal,common,2,110858,e7a12664-a930-4159-8311-19862488fb05,0.11,false,false,near_mint,en,USD,2026-04-27T16:26:11.943Z
Bulk Box,binder,Reluctant Dounguard,ECL,Lorwyn Eclipsed,31,normal,common,2,110849,dbce93c0-5efc-4b60-9cef-9d9b374d397b,0.09,false,false,near_mint,en,USD,2026-04-27T16:26:11.944Z
Bulk Box,binder,Sun-Dappled Celebrant,ECL,Lorwyn Eclipsed,37,normal,common,1,110376,91c715a5-6643-4064-a8a8-3e05dce15979,0.05,false,false,near_mint,en,USD,2026-04-27T16:26:11.945Z
Bulk Box,binder,Riverguard's Reflexes,ECL,Lorwyn Eclipsed,33,normal,common,2,110782,88a79f3e-ca74-467c-b0a8-22802ac5b465,0.13,false,false,near_mint,en,USD,2026-04-27T16:26:11.946Z
Bulk Box,binder,Eclipsed Realms,ECL,Lorwyn Eclipsed,263,foil,uncommon,1,110801,a174f0db-8b4f-4c37-9583-44c92d37b9c0,0.71,false,false,near_mint,en,USD,2026-04-27T16:26:11.947Z
Bulk Box,binder,Slumbering Walker,ECL,Lorwyn Eclipsed,35,normal,rare,1,110777,81e82915-e734-4754-829f-f5da6a7c550d,0.27,false,false,near_mint,en,USD,2026-04-27T16:26:11.948Z
Bulk Box,binder,Wanderbrine Trapper,ECL,Lorwyn Eclipsed,42,normal,uncommon,1,110866,f4c134ed-adbf-4e88-80e0-75c176ce94c3,0.16,false,false,near_mint,en,USD,2026-04-27T16:26:11.949Z
Bulk Box,binder,Glister Bairn,ECL,Lorwyn Eclipsed,227,normal,uncommon,1,110850,dcccdd98-a1ba-41f4-a9ae-84d263da0af9,0.05,false,false,near_mint,en,USD,2026-04-27T16:26:11.950Z
Bulk Box,binder,Protective Response,ECL,Lorwyn Eclipsed,29,normal,uncommon,1,110688,113975e1-7712-4760-96ad-405f8b4e41e3,0.11,false,false,near_mint,en,USD,2026-04-27T16:26:11.951Z
Bulk Box,binder,Puca's Eye,ECL,Lorwyn Eclipsed,259,normal,uncommon,1,110835,c3a5ca02-3829-4c42-b0dc-98b660f8a8f0,0.14,false,false,near_mint,en,USD,2026-04-27T16:26:11.952Z
Bulk Box,binder,Encumbered Reejerey,ECL,Lorwyn Eclipsed,14,normal,uncommon,1,110692,15ff6797-f59c-4333-98ea-5711150fd5b8,0.13,false,false,near_mint,en,USD,2026-04-27T16:26:11.953Z
Bulk Box,binder,Kithkeeper,ECL,Lorwyn Eclipsed,23,normal,uncommon,2,110865,ef29eff7-72be-46e6-9275-0f0a44d29233,0.09,false,false,near_mint,en,USD,2026-04-27T16:26:11.954Z
Bulk Box,binder,Thoughtweft Lieutenant,ECL,Lorwyn Eclipsed,246,normal,uncommon,1,110315,2c54ec67-9317-455e-a045-fa4ed9cb676f,0.19,false,false,near_mint,en,USD,2026-04-27T16:26:11.955Z
Bulk Box,binder,Eclipsed Merrow,ECL,Lorwyn Eclipsed,339,normal,uncommon,1,110738,45d96555-4976-49d1-b529-09cc7ca37cd3,0.11,false,false,near_mint,en,USD,2026-04-27T16:26:11.956Z
Bulk Box,binder,Blossoming Defense,ECL,Lorwyn Eclipsed,167,normal,uncommon,1,110327,3cce80d0-b937-4325-a603-1278c110f244,0.27,false,false,near_mint,en,USD,2026-04-27T16:26:11.957Z
Bulk Box,binder,Boggart Cursecrafter,ECL,Lorwyn Eclipsed,206,normal,uncommon,1,110820,b0b67eb9-0d88-4f2c-8063-e8bedfa78556,0.23,false,false,near_mint,en,USD,2026-04-27T16:26:11.958Z
Bulk Box,binder,Graveshifter,ECL,Lorwyn Eclipsed,104,normal,uncommon,1,110848,dadb02b9-d3a0-4b51-bbc3-53b2316cd70d,0.21,false,false,near_mint,en,USD,2026-04-27T16:26:11.959Z
Bulk Box,binder,Retched Wretch,ECL,Lorwyn Eclipsed,117,normal,uncommon,1,110838,c7a4d7f1-976a-4a28-97a9-ff089a241c9d,0.08,false,false,near_mint,en,USD,2026-04-27T16:26:11.960Z
Bulk Box,binder,Impolite Entrance,ECL,Lorwyn Eclipsed,146,normal,uncommon,1,110493,45be88d8-0be1-47a2-a1c1-d6e693fc706f,0.29,false,false,near_mint,en,USD,2026-04-27T16:26:11.961Z
Bulk Box,binder,Lasting Tarfire,ECL,Lorwyn Eclipsed,149,normal,uncommon,1,110574,9c4a95ac-072f-4219-80a0-1ce71f1b8411,0.17,false,false,near_mint,en,USD,2026-04-27T16:26:11.962Z
Bulk Box,binder,Kindle the Inner Flame,ECL,Lorwyn Eclipsed,147,normal,uncommon,2,110796,9a2adcea-f6b1-4611-b8b8-f19fdee2c571,0.17,false,false,near_mint,en,USD,2026-04-27T16:26:11.963Z
Bulk Box,binder,Soulbright Seeker,ECL,Lorwyn Eclipsed,157,normal,uncommon,2,110783,895ac890-608a-47de-8bc8-9337fd2064e8,0.12,false,false,near_mint,en,USD,2026-04-27T16:26:11.964Z
Bulk Box,binder,Explosive Prodigy,ECL,Lorwyn Eclipsed,136,foil,uncommon,2,110346,5515ea5e-ce28-4938-a31e-5e48522a5f93,0.2,false,false,near_mint,en,USD,2026-04-27T16:26:11.965Z
Bulk Box,binder,Champion of the Clachan,ECL,Lorwyn Eclipsed,9,normal,rare,1,110334,46ce3474-381c-433b-acd8-4e628d0048d2,0.22,false,false,near_mint,en,USD,2026-04-27T16:26:11.966Z
Bulk Box,binder,Merfolk,TECL,Lorwyn Eclipsed Tokens,8,normal,common,1,110744,4c5ad4e1-b489-4023-88ab-1200c5f26ffc,,false,false,near_mint,en,USD,2026-04-27T16:26:11.967Z
Bulk Box,binder,Pummeler for Hire,ECL,Lorwyn Eclipsed,190,normal,uncommon,1,110735,42208996-7b99-474e-aba7-75190d7ee8e2,0.07,false,false,near_mint,en,USD,2026-04-27T16:26:11.968Z
Bulk Box,binder,Auntie's Sentence,ECL,Lorwyn Eclipsed,85,normal,common,2,110856,e64bfe16-7362-4982-9136-1f4e0d335441,0.13,false,false,near_mint,en,USD,2026-04-27T16:26:11.970Z
Bulk Box,binder,Brambleback Brute,ECL,Lorwyn Eclipsed,128,normal,common,2,110754,5ebb8365-c6e1-46e8-a242-6aa27b21e68a,0.06,false,false,near_mint,en,USD,2026-04-27T16:26:11.971Z
Bulk Box,binder,Feisty Spikeling,ECL,Lorwyn Eclipsed,223,normal,common,3,110868,f69f3a27-ecda-4d27-82fe-612ed57dbb28,0.14,false,false,near_mint,en,USD,2026-04-27T16:26:11.973Z
Bulk Box,binder,Island,ECL,Lorwyn Eclipsed,275,normal,common,1,110300,12ebd9c8-6587-456e-aba9-7aad1c2a09ea,0.23,false,false,near_mint,en,USD,2026-04-27T16:26:11.976Z
Bulk Box,binder,Gathering Stone,ECL,Lorwyn Eclipsed,257,normal,uncommon,1,110547,81dfbfe1-143a-4637-b683-a34cfc51993d,0.68,false,false,near_mint,en,USD,2026-04-27T16:26:11.977Z
Bulk Box,binder,Champion of the Weird,ECL,Lorwyn Eclipsed,95,normal,rare,1,110421,e600dd01-65ac-489c-a52a-decbc3a9a4f3,0.23,false,false,near_mint,en,USD,2026-04-27T16:26:11.978Z
Bulk Box,binder,Lys Alana Informant,ECL,Lorwyn Eclipsed,181,normal,common,4,110386,a79649c4-559e-4306-a102-5fd8750629c7,0.14,false,false,near_mint,en,USD,2026-04-27T16:26:11.897Z
Bulk Box,binder,Silvergill Peddler,ECL,Lorwyn Eclipsed,70,normal,common,2,110669,feba2bb6-6005-4ade-a4c5-97bbd54b43a3,0.09,false,false,near_mint,en,USD,2026-04-27T16:26:11.899Z
Bulk Box,binder,Great Forest Druid,ECL,Lorwyn Eclipsed,178,normal,common,2,110554,8793a19e-6743-4031-86d9-2ff55f384549,0.21,false,false,near_mint,en,USD,2026-04-27T16:26:11.901Z
Bulk Box,binder,Unexpected Assistance,ECL,Lorwyn Eclipsed,80,normal,common,3,110077,7b540a5f-7f1b-421a-864f-5af469556fc6,0.16,false,false,near_mint,en,USD,2026-04-27T16:26:11.904Z
Bulk Box,binder,Mischievous Sneakling,ECL,Lorwyn Eclipsed,235,normal,common,3,110726,3b66fa00-2fa6-4060-9e7f-8e3fde6deb73,0.13,false,false,near_mint,en,USD,2026-04-27T16:26:11.906Z
Bulk Box,binder,Wildvine Pummeler,ECL,Lorwyn Eclipsed,203,normal,common,4,110689,11bad5c7-fe9a-4d89-a531-8d4f03d5a0e4,0.13,false,false,near_mint,en,USD,2026-04-27T16:26:11.909Z
Bulk Box,binder,Boneclub Berserker,ECL,Lorwyn Eclipsed,126,normal,common,4,110597,b3dbbe30-3d6e-46f8-92c1-caee995cba1a,0.19,false,false,near_mint,en,USD,2026-04-27T16:26:11.921Z
Bulk Box,binder,Heirloom Auntie,ECL,Lorwyn Eclipsed,107,normal,common,2,110623,cac251b2-d2cc-45b6-9ca8-678e0eab56ea,0.17,false,false,near_mint,en,USD,2026-04-27T16:26:11.927Z
Bulk Box,binder,Chitinous Graspling,ECL,Lorwyn Eclipsed,211,normal,common,3,110810,a9767360-d536-4902-9d2d-1f3474ce89d6,0.1,false,false,near_mint,en,USD,2026-04-27T16:26:11.932Z
Bulk Box,binder,Lightning Bolt,FCA,Final Fantasy: Through the Ages,40,normal,uncommon,1,106371,e89794ab-6070-4916-936f-2b42fe41d31b,0.84,false,false,near_mint,en,USD,2026-04-27T16:27:59.276Z
Bulk Box,binder,Reclaiming Vines,BFZ,Battle for Zendikar,185,normal,common,1,10166,18be4c1a-58d7-409e-b7e0-aadb5ccf814d,0.14,false,false,near_mint,en,USD,2026-04-27T16:32:00.868Z
Bulk Box,binder,Enduring Victory,DTK,Dragons of Tarkir,16,normal,common,1,11798,54fef763-7ee2-4341-9c67-546e4b6710b7,0.03,false,false,near_mint,en,USD,2026-04-27T16:32:00.869Z
Bulk Box,binder,Inspirational Antelope,CMB2,Mystery Booster Playtest Cards 2021,78,normal,rare,1,61278,f11cf298-d810-4ee6-8334-78bf2b4c6b39,0.26,false,false,near_mint,en,USD,2026-04-27T16:32:00.870Z
Bulk Box,binder,Search for Tomorrow,CMR,Commander Legends,436,normal,common,1,55986,029b6d93-0f7a-4df4-8c01-96cbd5e03315,0.31,false,false,near_mint,en,USD,2026-04-27T16:32:00.872Z
Bulk Box,binder,Bow of Nylea,THS,Theros,153,normal,rare,1,15511,89a2c408-e953-4386-abaf-4af85aba9620,5.02,false,false,near_mint,en,USD,2026-04-27T16:32:00.873Z
Bulk Box,binder,Courser of Kruphix,CMM,Commander Masters,888,normal,rare,1,84955,dc63d2ea-a980-466e-9ebb-f28008f84c3d,2.69,false,false,near_mint,en,USD,2026-04-27T16:32:00.874Z
Bulk Box,binder,Kozilek's Predator,CMM,Commander Masters,301,normal,common,1,85079,fa828bc7-0f5a-45de-9608-da42dda8f3f9,0.15,false,false,near_mint,en,USD,2026-04-27T16:32:00.875Z
Bulk Box,binder,Ainok Survivalist,MKC,Murders at Karlov Manor Commander,165,normal,uncommon,1,90263,0f4b5b18-569f-4f61-ad2f-966ba4fbabdc,0.29,false,false,near_mint,en,USD,2026-04-27T16:32:00.876Z
Bulk Box,binder,Sunrise Seeker,XLN,Ixalan,40,normal,common,1,3972,709d87b3-bf42-47ed-961d-d0e86d3e1d90,0.03,false,false,near_mint,en,USD,2026-04-27T16:32:00.877Z
Bulk Box,binder,Soul Summons,FRF,Fate Reforged,26,normal,common,1,12100,fb884ac2-c990-4ab0-8610-e07d93da2f13,0.02,false,false,near_mint,en,USD,2026-04-27T16:32:00.878Z
Bulk Box,binder,Shamanic Revelation,BLC,Bloomburrow Commander,237,normal,rare,1,96431,b4e193e8-1127-475b-9af6-d0d0c44adf49,0.86,false,false,near_mint,en,USD,2026-04-27T16:32:00.879Z
Bulk Box,binder,Briarhorn,DDR,Duel Decks: Nissa vs. Ob Nixilis,3,normal,uncommon,1,7860,0fd09615-bcd2-4a2e-b9bf-8b4fd83291ce,0.09,false,false,near_mint,en,USD,2026-04-27T16:32:00.880Z
Bulk Box,binder,Bitterblade Warrior,AKH,Amonkhet,157,normal,common,1,5528,dd54edbb-c35d-4f7f-b5ce-d39b0f766ab8,0.05,false,false,near_mint,en,USD,2026-04-27T16:32:00.881Z
Bulk Box,binder,March of the Drowned,XLN,Ixalan,112,normal,common,1,3900,3dfb8ae9-c6ea-4fab-ac9e-b25c62c540c6,0.22,false,false,near_mint,en,USD,2026-04-27T16:32:00.882Z
Bulk Box,binder,Esper Charm,C18,Commander 2018,179,normal,uncommon,1,664,62add4fe-c19e-40bd-82f6-cb1307a331b1,0.38,false,false,near_mint,en,USD,2026-04-27T16:32:00.883Z
Bulk Box,binder,Call of the Nightwing,GK1,GRN Guild Kit,8,normal,uncommon,1,138,f299929e-507f-4e94-96ca-49708181a4f7,0.3,false,false,near_mint,en,USD,2026-04-27T16:32:00.884Z
Bulk Box,binder,Feral Krushok,FRF,Fate Reforged,128,normal,common,1,11998,5041996b-c265-4c4f-a52c-dfe29b2e282d,0.03,false,false,near_mint,en,USD,2026-04-27T16:32:00.885Z
Bulk Box,binder,Watcher in the Web,SOI,Shadows over Innistrad,239,normal,common,1,8757,be1ee2d4-5992-4081-9907-4bc26750aff0,0.25,false,false,near_mint,en,USD,2026-04-27T16:32:00.886Z
Bulk Box,binder,Engineered Might,KLD,Kaladesh,181,normal,uncommon,1,7462,675b5fc7-51b2-4425-b053-a5d19c1595e0,0.1,false,false,near_mint,en,USD,2026-04-27T16:32:00.887Z
Bulk Box,binder,Fierce Empath,FDN,Foundations,636,normal,common,1,100290,28a1dd7f-2e42-4062-a941-b489b98a49fc,0.12,false,false,near_mint,en,USD,2026-04-27T16:32:00.888Z
Bulk Box,binder,Dauntless Cathar,INR,Innistrad Remastered,19,normal,common,2,102745,b680d42c-8198-43b0-b934-2add08a02bbc,0.04,false,false,near_mint,en,USD,2026-04-27T16:32:00.889Z
Bulk Box,binder,Dismantling Blow,MH1,Modern Horizons,5,normal,uncommon,1,44929,70edc5da-4477-49f6-bbcc-f208fdaae0d3,0.16,false,false,near_mint,en,USD,2026-04-27T16:32:00.890Z
Bulk Box,binder,Plummet,M20,Core Set 2020,188,normal,common,1,45273,4a1a0c7b-ce1c-4284-9362-04b21861f69d,0.05,false,false,near_mint,en,USD,2026-04-27T16:32:00.891Z
Bulk Box,binder,Angelic Gift,AFC,Forgotten Realms Commander,64,normal,common,1,60723,5a2122c0-5fb4-4767-b969-c61bd959d604,0.39,false,false,near_mint,en,USD,2026-04-27T16:32:00.892Z
Bulk Box,binder,Regrowth,MH1,Modern Horizons,175,normal,uncommon,1,44759,d771fc5d-b9a1-4637-8241-3f54616b64af,0.47,false,false,near_mint,en,USD,2026-04-27T16:32:00.893Z
Bulk Box,binder,Glass of the Guildpact,RNA,Ravnica Allegiance,233,normal,rare,1,43632,d1022d41-c1d0-42bf-b3e5-d6fb02d47119,0.24,false,false,near_mint,en,USD,2026-04-27T16:32:00.894Z
Bulk Box,binder,Charge,DOM,Dominaria,10,normal,common,1,2266,000eded9-854c-408a-aadf-c26209e27432,0.05,false,false,near_mint,en,USD,2026-04-27T16:32:00.895Z
Bulk Box,binder,Shape the Sands,DTK,Dragons of Tarkir,205,normal,common,1,11609,0243dde4-29c9-4e47-9129-8e01296851cc,0.1,false,false,near_mint,en,USD,2026-04-27T16:32:00.896Z
Bulk Box,binder,Bonesplitter,CMR,Commander Legends,458,normal,common,1,56091,690972a8-72df-4050-a353-16e45589167c,0.24,false,false,near_mint,en,USD,2026-04-27T16:32:00.897Z
Bulk Box,binder,Ranger's Guile,M21,Core Set 2021,199,normal,common,1,50685,02392840-f0c4-462e-84ce-9a7cdd9f5efb,0.25,false,false,near_mint,en,USD,2026-04-27T16:32:00.898Z
Bulk Box,binder,Charging Rhino,BBD,Battlebond,192,normal,common,1,1801,f12724b4-3c73-4b16-b5f8-482dc3f56a3c,0.04,false,false,near_mint,en,USD,2026-04-27T16:32:00.900Z
Bulk Box,binder,Jushi Apprentice // Tomoya the Revealer,CHK,Champions of Kamigawa,70,normal,rare,1,29156,33a8e5b9-6bfb-4ff2-a16d-3168a5412807,0.57,false,false,near_mint,en,USD,2026-04-27T16:32:00.901Z
Bulk Box,binder,Thrive,2X2,Double Masters 2022,161,normal,common,1,70186,43c8bdb1-fa35-462e-ac3f-6953fe7f3476,0.11,false,false,near_mint,en,USD,2026-04-27T16:32:00.902Z
Bulk Box,binder,Silent Observer,SOI,Shadows over Innistrad,86,normal,common,1,8910,535e3d1b-b71b-406a-bec6-73b2cb45f6c8,0.04,false,false,near_mint,en,USD,2026-04-27T16:32:00.903Z
Bulk Box,binder,Hornet Nest,TDC,Tarkir: Dragonstorm Commander,259,normal,rare,1,104957,cc4693c6-f532-4726-b51a-21b04f820448,0.3,false,false,near_mint,en,USD,2026-04-27T16:32:00.904Z
Bulk Box,binder,Aerie Bowmasters,DTK,Dragons of Tarkir,170,normal,common,1,11644,a6db26b5-d28c-4524-9347-eec412d584bc,0.05,false,false,near_mint,en,USD,2026-04-27T16:32:00.905Z
Bulk Box,binder,Broken Bond,DOM,Dominaria,157,normal,common,1,2119,b4dcb59f-2a47-4461-9831-204ad15696b5,0.36,false,false,near_mint,en,USD,2026-04-27T16:32:00.906Z
Bulk Box,binder,Devilthorn Fox,SOI,Shadows over Innistrad,14,normal,common,1,8982,57bea4c2-7a15-4f31-938d-c4c906e4ebe7,0.19,false,false,near_mint,en,USD,2026-04-27T16:32:00.907Z
Bulk Box,binder,Avacyn's Pilgrim,MIC,Midnight Hunt Commander,132,normal,common,1,63658,a390a7df-b8da-41aa-93e5-2c0db938a27e,0.75,false,false,near_mint,en,USD,2026-04-27T16:32:00.908Z
Bulk Box,binder,Commune with Nature,MM2,Modern Masters 2015,142,normal,common,1,11075,a59eafb3-3ce6-4056-a7f7-8d0a8fc12294,0.11,false,false,near_mint,en,USD,2026-04-27T16:32:00.909Z
Bulk Box,binder,Rhonas's Monument,AKH,Amonkhet,236,normal,uncommon,1,5449,53d2260a-e001-4d03-a108-759591e4d233,1.47,false,false,near_mint,en,USD,2026-04-27T16:32:00.910Z
Bulk Box,binder,Hidden Blade,ACR,Assassin's Creed,307,foil,rare,1,91742,f4e2d197-48bf-4df1-bcd3-caf07339e383,0.26,false,false,near_mint,en,USD,2026-04-27T16:32:00.911Z
Bulk Box,binder,"Giada, Font of Hope",FDN,Foundations,141,normal,rare,1,100804,8ae6fc26-cfad-4da8-98d9-49c27c24d293,0.45,false,false,near_mint,en,USD,2026-04-27T16:32:00.912Z
Bulk Box,binder,"Magda, the Hoardmaster",OTJ,Outlaws of Thunder Junction,374,foil,rare,1,93097,2834e84e-e932-4052-9dad-2e1c8e76fbbc,0.45,false,false,near_mint,en,USD,2026-04-27T16:32:00.913Z
Bulk Box,binder,Twitching Doll,DSK,Duskmourn: House of Horror,417,foil,rare,1,95592,23684053-024e-4e15-8aec-de3d4bc7f126,1.18,false,false,near_mint,en,USD,2026-04-27T16:32:00.914Z
Bulk Box,binder,Dreamstealer,HOU,Hour of Devastation,63,normal,rare,1,4612,5c4fcde3-03c9-43e6-a34b-29f6ce44e7c4,0.27,false,false,near_mint,en,USD,2026-04-27T16:32:00.915Z
Bulk Box,binder,"Eluge, the Shoreless Sea",BLB,Bloomburrow,49,normal,mythic,1,96006,1f2bf6ba-cd1a-4382-9572-6dfbcf6ed0c6,4.04,false,false,near_mint,en,USD,2026-04-27T16:32:00.916Z
Bulk Box,binder,Lifecraft Engine,DFT,Aetherdrift,423,foil,rare,1,102952,23eda600-af1e-4444-a822-830037133c0d,0.19,false,false,near_mint,en,USD,2026-04-27T16:32:00.917Z
Bulk Box,binder,Tireless Tracker,FIC,Final Fantasy Commander,316,normal,rare,1,106255,fd5a8a4c-4d66-48a1-bc3e-caaa2dbb64d4,0.21,false,false,near_mint,en,USD,2026-04-27T16:32:00.918Z
Bulk Box,binder,Congregate,DMR,Dominaria Remastered,4,normal,uncommon,2,78018,89396f5e-5bc3-4c8a-976b-2cb2946eb35d,0.33,false,false,near_mint,en,USD,2026-04-27T16:32:00.871Z
Bulk Box,binder,White Auracite,FIN,Final Fantasy,41,normal,common,1,105873,2df6f515-9d21-4769-b1c4-c219611bccbb,0.12,false,false,near_mint,en,USD,2026-04-27T16:44:41.893Z
Bulk Box,binder,Locke Cole,FIN,Final Fantasy,234,normal,uncommon,2,106552,572feb8c-6976-40a8-8a34-b4db836cca56,0.13,false,false,near_mint,en,USD,2026-04-27T16:44:41.898Z
Bulk Box,binder,Stuck in Summoner's Sanctum,FIN,Final Fantasy,76,normal,common,2,106562,6678501e-6349-4e37-ab4c-a31a3d408d52,0.13,false,false,near_mint,en,USD,2026-04-27T16:44:41.906Z
Bulk Box,binder,Coliseum Behemoth,FIN,Final Fantasy,181,normal,uncommon,1,106594,900206f1-7dd6-4db9-a430-73e560fd196b,0.11,false,false,near_mint,en,USD,2026-04-27T16:44:41.910Z
Bulk Box,binder,Prismabasher,ECL,Lorwyn Eclipsed,188,normal,uncommon,1,110761,65c057a7-70af-4464-bd8d-1e7e158d1ae7,0.12,false,false,near_mint,en,USD,2026-04-27T16:44:41.925Z
Bulk Box,binder,Tanufel Rimespeaker,ECL,Lorwyn Eclipsed,77,normal,uncommon,1,110822,b357022c-7cd5-4e82-a183-7144f5a84102,0.22,false,false,near_mint,en,USD,2026-04-27T16:44:41.926Z
Bulk Box,binder,Shimmercreep,ECL,Lorwyn Eclipsed,120,normal,uncommon,1,110662,f7c02899-5f0f-4b38-bbbc-fbc8c46419a6,0.13,false,false,near_mint,en,USD,2026-04-27T16:44:41.927Z
Bulk Box,binder,Giantfall,ECL,Lorwyn Eclipsed,141,normal,uncommon,1,110697,1ac52728-adb3-4220-8392-73f7bd379ab4,0.25,false,false,near_mint,en,USD,2026-04-27T16:44:41.928Z
Bulk Box,binder,Gallant Fowlknight,ECL,Lorwyn Eclipsed,17,normal,common,1,110665,fb6096ba-8083-4207-9a3f-c1e4ff095204,0.04,false,false,near_mint,en,USD,2026-04-27T16:44:41.930Z
Bulk Box,binder,Blossombind,ECL,Lorwyn Eclipsed,45,normal,common,1,110479,382b83c0-bbbc-4db8-bc04-cfea79aed1b3,0.15,false,false,near_mint,en,USD,2026-04-27T16:44:41.931Z
Bulk Box,binder,Scarblade's Malice,ECL,Lorwyn Eclipsed,119,normal,common,1,110815,aea9b5c0-3b32-44be-9773-566b9daafa6b,0.15,false,false,near_mint,en,USD,2026-04-27T16:44:41.932Z
Bulk Box,binder,Dawn's Light Archer,ECL,Lorwyn Eclipsed,174,normal,common,1,110771,76e80656-6bcb-4d99-8bd2-ca5f75f40daf,0.2,false,false,near_mint,en,USD,2026-04-27T16:44:41.934Z
Bulk Box,binder,Liminal Hold,ECL,Lorwyn Eclipsed,24,normal,common,1,110583,a5a40c16-7a5c-4ad1-be53-6b1b1be2affe,0.04,false,false,near_mint,en,USD,2026-04-27T16:44:41.935Z
Bulk Box,binder,Swat Away,ECL,Lorwyn Eclipsed,75,normal,uncommon,1,110467,2fb0ea3f-2f6d-4b64-a9d7-e822c8854a03,0.14,false,false,near_mint,en,USD,2026-04-27T16:44:41.938Z
Bulk Box,binder,Chaos Spewer,ECL,Lorwyn Eclipsed,210,normal,common,2,110599,b5918fa5-1d13-447b-8838-633b6b61e791,0.12,false,false,near_mint,en,USD,2026-04-27T16:44:41.939Z
Bulk Box,binder,Moonglove Extractor,ECL,Lorwyn Eclipsed,109,normal,common,1,110369,8383e0ab-81b4-4a6b-b87b-dd9180dca1c2,0.13,false,false,near_mint,en,USD,2026-04-27T16:44:41.940Z
Bulk Box,binder,Dawnhand Eulogist,ECL,Lorwyn Eclipsed,99,foil,common,1,110536,75a97f69-f3dc-4d33-8008-c1f1a7c15a2f,0.21,false,false,near_mint,en,USD,2026-04-27T16:44:41.945Z
Bulk Box,binder,Shadow Urchin,ECL,Lorwyn Eclipsed,242,normal,rare,1,110745,4e54c39b-6149-467b-a9a8-7ad09ca0cbd4,0.21,false,false,near_mint,en,USD,2026-04-27T16:44:41.946Z
Bulk Box,binder,Unwelcome Sprite,ECL,Lorwyn Eclipsed,81,normal,uncommon,1,110566,902f8d86-fde2-4cdf-88f0-bf63d616f3af,0.25,false,false,near_mint,en,USD,2026-04-27T16:44:41.947Z
Bulk Box,binder,Squawkroaster,ECL,Lorwyn Eclipsed,160,normal,uncommon,1,110734,4112f960-70af-4e2d-bcd4-9e9cf7aac4fb,0.07,false,false,near_mint,en,USD,2026-04-27T16:44:41.948Z
Bulk Box,binder,Unbury,ECL,Lorwyn Eclipsed,123,normal,uncommon,1,110819,b00766db-4109-4225-a62a-fa12fd526970,0.26,false,false,near_mint,en,USD,2026-04-27T16:44:41.949Z
Bulk Box,binder,Thoughtweft Imbuer,ECL,Lorwyn Eclipsed,38,normal,uncommon,1,110773,7e585a6c-2d95-450e-98cb-8794d7d8ecca,0.15,false,false,near_mint,en,USD,2026-04-27T16:44:41.950Z
Bulk Box,binder,Stratosoarer,ECL,Lorwyn Eclipsed,72,normal,common,1,110746,4f607889-6f3f-4511-8920-88a39f3b28ca,0.04,false,false,near_mint,en,USD,2026-04-27T16:44:41.953Z
Bulk Box,binder,Barbed Bloodletter,ECL,Lorwyn Eclipsed,86,normal,common,1,110790,8ff1a13c-e338-42e9-8eb3-b303fabd67de,0.11,false,false,near_mint,en,USD,2026-04-27T16:44:41.954Z
Bulk Box,binder,Cinder Strike,ECL,Lorwyn Eclipsed,131,normal,common,1,110767,6fb6faa4-236c-4cae-9140-0981c44d2392,0.17,false,false,near_mint,en,USD,2026-04-27T16:44:41.955Z
Bulk Box,binder,Surly Farrier,ECL,Lorwyn Eclipsed,196,normal,common,1,110431,056f7f51-18a9-4d80-8928-decaf4d12c0d,0.05,false,false,near_mint,en,USD,2026-04-27T16:44:41.956Z
Bulk Box,binder,Goldmeadow Nomad,ECL,Lorwyn Eclipsed,18,foil,common,1,110672,00ddbe6c-11de-4bc6-aabe-d6d8385a838a,0.13,false,false,near_mint,en,USD,2026-04-27T16:44:41.958Z
Bulk Box,binder,Slumbering Walker,ECL,Lorwyn Eclipsed,302,normal,rare,1,110763,69f6248e-d8d0-40eb-a89e-bc3017327711,0.2,false,false,near_mint,en,USD,2026-04-27T16:44:41.959Z
Bulk Box,binder,Omni-Changeling,ECL,Lorwyn Eclipsed,62,normal,uncommon,1,110660,f29ce8f9-42a3-43fa-8197-666cc26e2c76,0.31,false,false,near_mint,en,USD,2026-04-27T16:44:41.960Z
Bulk Box,binder,Nameless Inversion,ECL,Lorwyn Eclipsed,113,normal,uncommon,1,110772,7a4944ac-839e-4aa1-8200-78cff36bb2ed,0.19,false,false,near_mint,en,USD,2026-04-27T16:44:41.961Z
Bulk Box,binder,Wild Unraveling,ECL,Lorwyn Eclipsed,84,normal,common,2,110673,01522fec-9136-4fa6-91a3-370a8bb08b42,0.14,false,false,near_mint,en,USD,2026-04-27T16:44:41.964Z
Bulk Box,binder,Dawnhand Eulogist,ECL,Lorwyn Eclipsed,99,normal,common,2,110536,75a97f69-f3dc-4d33-8008-c1f1a7c15a2f,0.15,false,false,near_mint,en,USD,2026-04-27T16:44:41.965Z
Bulk Box,binder,Appeal to Eirdu,ECL,Lorwyn Eclipsed,5,normal,common,2,110356,68ce9752-21f9-48e9-bf48-7f76f1cecbc5,0.04,false,false,near_mint,en,USD,2026-04-27T16:44:41.968Z
Bulk Box,binder,Gilt-Leaf's Embrace,ECL,Lorwyn Eclipsed,177,normal,common,2,110769,739e5ab5-d562-407a-906e-c5c5173ad325,0.16,false,false,near_mint,en,USD,2026-04-27T16:44:41.974Z
Bulk Box,binder,Evolving Wilds,ECL,Lorwyn Eclipsed,264,normal,common,1,110560,8c632984-5176-4c37-91df-6577cc294b85,0.22,false,false,near_mint,en,USD,2026-04-27T16:44:41.975Z
Bulk Box,binder,Aquitect's Defenses,ECL,Lorwyn Eclipsed,44,normal,common,1,110799,9af9a907-fd2e-4ae0-ac7b-529074b79a14,0.13,false,false,near_mint,en,USD,2026-04-27T16:44:41.976Z
Bulk Box,binder,Sygg's Command,ECL,Lorwyn Eclipsed,244,foil,rare,1,110786,8bc13fc2-e254-4db5-ad4d-f92711a1a6ca,0.38,false,false,near_mint,en,USD,2026-04-27T16:44:41.977Z
Bulk Box,binder,Hecteyes,FIN,Final Fantasy,103,normal,common,1,106585,8680d052-c07b-4d9b-bda9-b5f69f44f424,0.16,false,false,near_mint,en,USD,2026-04-27T16:55:56.089Z
Bulk Box,binder,Blazing Bomb,FIN,Final Fantasy,130,normal,common,1,106573,70f47277-ca47-428a-808f-0fb32e820a71,0.1,false,false,near_mint,en,USD,2026-04-27T16:55:56.090Z
Bulk Box,binder,Sleep Magic,FIN,Final Fantasy,74,normal,uncommon,1,106650,c96cae63-7625-48e3-aaba-5b1632a8642d,0.04,false,false,near_mint,en,USD,2026-04-27T16:55:56.099Z
Bulk Box,binder,The Emperor of Palamecia // The Lord Master of Hell,FIN,Final Fantasy,219,foil,uncommon,1,105596,3d75e8fd-6139-4b10-9ce3-195b47d72e0c,0.31,false,false,near_mint,en,USD,2026-04-27T16:55:56.100Z
Bulk Box,binder,The Lunar Whale,FIN,Final Fantasy,60,normal,rare,2,106630,ae875471-346c-4a76-b26f-b7205dad5b80,0.23,false,false,near_mint,en,USD,2026-04-27T16:55:56.101Z
Bulk Box,binder,"Rydia, Summoner of Mist",FIN,Final Fantasy,239,normal,uncommon,1,106724,99450143-6ab5-463d-9e04-e8e6703a8b92,0.24,false,false,near_mint,en,USD,2026-04-27T16:55:56.109Z
Bulk Box,binder,Travel the Overworld,FIN,Final Fantasy,82,normal,uncommon,1,106625,aa5086e0-e2f2-498f-9035-1b31e1d21e0a,0.12,false,false,near_mint,en,USD,2026-04-27T16:55:56.110Z
Bulk Box,binder,Zack Fair,FIN,Final Fantasy,45,normal,uncommon,1,106237,f21f9161-5945-40da-8da0-446f6a4a1c23,0.25,false,false,near_mint,en,USD,2026-04-27T16:55:56.111Z
Bulk Box,binder,Reach the Horizon,FIN,Final Fantasy,195,normal,uncommon,1,106644,c25960e0-5779-4e20-89f3-03950ad9d91c,0.25,false,false,near_mint,en,USD,2026-04-27T16:55:56.120Z
Bulk Box,binder,Vayne's Treachery,FIN,Final Fantasy,124,foil,common,1,106569,6de6d23b-7d42-41c1-be1c-010fe43ee586,0.2,false,false,near_mint,en,USD,2026-04-27T16:55:56.123Z
Bulk Box,binder,Iron Giant,FIN,Final Fantasy,260,foil,common,1,106675,e48cf6d5-4d32-4b66-80be-3495ecd3e906,0.19,false,false,near_mint,en,USD,2026-04-27T16:55:56.137Z
Bulk Box,binder,"Ashe, Princess of Dalmasca",FIN,Final Fantasy,7,normal,uncommon,2,106699,ffe0596f-ef99-4862-9386-0fe455259995,0.15,false,false,near_mint,en,USD,2026-04-27T16:55:56.143Z
Bulk Box,binder,"Ashe, Princess of Dalmasca",FIN,Final Fantasy,7,foil,uncommon,1,106699,ffe0596f-ef99-4862-9386-0fe455259995,0.28,false,false,near_mint,en,USD,2026-04-27T16:55:56.144Z
Bulk Box,binder,"Sidequest: Play Blitzball // World Champion, Celestial Weapon",FIN,Final Fantasy,158,normal,uncommon,1,106401,31e2ad37-73cf-4858-8a3a-fc1165cd21a7,0.09,false,false,near_mint,en,USD,2026-04-27T16:55:56.162Z
Bulk Box,binder,Cornered by Black Mages,FIN,Final Fantasy,93,foil,common,2,106564,688fcf8a-0a44-416a-8086-83acf9a6fe69,0.31,false,false,near_mint,en,USD,2026-04-27T16:55:56.164Z
Bulk Box,binder,Combat Tutorial,FIN,Final Fantasy,48,normal,common,1,106679,ec195607-ac30-4931-acfd-f9d8ac8b047f,0.17,false,false,near_mint,en,USD,2026-04-27T16:55:56.168Z
Bulk Box,binder,Self-Destruct,FIN,Final Fantasy,157,normal,uncommon,1,106285,7661003c-bf83-46bb-bcc0-8fbf5819ffa8,0.22,false,false,near_mint,en,USD,2026-04-27T16:55:56.172Z
Bulk Box,binder,Summon: Choco/Mog,FIN,Final Fantasy,35,foil,common,1,106493,00546117-018a-4286-bc20-b5446c5be56f,0.24,false,false,near_mint,en,USD,2026-04-27T16:55:56.177Z
Bulk Box,binder,Ninja's Blades,FIN,Final Fantasy,108,normal,rare,1,106620,a6b5af82-3646-44f9-ac12-1d7fa698f037,0.64,false,false,near_mint,en,USD,2026-04-27T18:46:28.647Z
Bulk Box,binder,Altered Ego,FIC,Final Fantasy Commander,317,normal,rare,1,106257,fda23b02-c650-4092-a35d-ae330547c425,0.25,false,false,near_mint,en,USD,2026-04-27T18:46:28.648Z
Bulk Box,binder,Dragonfire Blade,TDM,Tarkir: Dragonstorm,324,normal,rare,1,104597,45f039ce-cbfd-46d7-a575-5e6c049f83ff,1.5,false,false,near_mint,en,USD,2026-04-27T18:46:28.649Z
Bulk Box,binder,Summoner's Grimoire,FIN,Final Fantasy,205,normal,rare,1,105730,d9fda3fc-569d-49f8-a2ed-e0b1d6668426,0.32,false,false,near_mint,en,USD,2026-04-27T18:46:28.650Z
Bulk Box,binder,"Baron, Airship Kingdom",FIN,Final Fantasy,273,foil,common,1,106570,6e4bf840-802d-47d5-bffd-8ba495e19cf6,0.23,false,false,near_mint,en,USD,2026-04-27T18:46:28.662Z
Bulk Box,binder,Hero,TFIN,Final Fantasy Tokens,2,normal,common,1,106175,d0657ce1-bf75-4007-ac1b-0623eb263357,,false,false,near_mint,en,USD,2026-04-27T18:46:28.664Z
Bulk Box,binder,Dark Knight's Greatsword,FIN,Final Fantasy,95,normal,uncommon,1,106634,b50dcc7c-260f-4d8c-9a9e-9244ec23a91e,0.19,false,false,near_mint,en,USD,2026-04-27T18:46:28.674Z
Bulk Box,binder,Rufus Shinra,FIN,Final Fantasy,238,normal,uncommon,1,106685,f5fff00b-c9a0-4e90-abc0-349f8716c885,0.18,false,false,near_mint,en,USD,2026-04-27T18:46:28.676Z
Bulk Box,binder,"Lindblum, Industrial Regency // Mage Siege",FIN,Final Fantasy,285,normal,rare,1,106405,548dd152-f0b6-4e8f-9afc-a4ec1671b648,1.94,false,false,near_mint,en,USD,2026-04-27T18:46:28.679Z
Bulk Box,binder,Stroke of Midnight,FCA,Final Fantasy: Through the Ages,26,normal,uncommon,1,106574,711135d0-7769-4154-873a-e2505f8795f0,0.83,false,false,near_mint,en,USD,2026-04-27T18:46:28.680Z
Trade Binder,binder,"Emet-Selch, Unsundered // Hades, Sorcerer of Eld",FIN,Final Fantasy,218,foil,mythic,1,103792,75cf4eb8-33e7-4dfc-b890-a7e3b5c1b9d5,3.29,false,false,near_mint,en,USD,2026-04-27T18:46:41.625Z
Bulk Box,binder,Giant Killer // Chop Down,ELD,Throne of Eldraine,275,normal,rare,1,46032,d0960ccb-6952-4398-aa94-816e6fb04c2d,0.34,false,false,near_mint,en,USD,2026-04-27T18:49:21.274Z
Bulk Box,binder,Creeping Tar Pit,EOS,Edge of Eternities: Stellar Sights,9,normal,rare,1,107508,a2184faf-6fa0-4d3c-b811-814beffe4320,0.47,false,false,near_mint,en,USD,2026-04-27T18:49:21.276Z
Bulk Box,binder,Endless Sands,EOS,Edge of Eternities: Stellar Sights,15,normal,rare,1,106949,0d79548c-bcef-46b5-929c-efbaf72cb29e,0.35,false,false,near_mint,en,USD,2026-04-27T18:49:21.277Z
Bulk Box,binder,"Mm'menon, the Right Hand",EOE,Edge of Eternities,68,normal,rare,1,107473,82add0a0-e402-4b31-b101-81c0bf332015,0.34,false,false,near_mint,en,USD,2026-04-27T18:49:21.278Z
Bulk Box,binder,Wurmwall Sweeper,EOE,Edge of Eternities,249,foil,common,1,107105,9ace282a-5901-4d36-ad21-17eb88bc5138,0.2,false,false,near_mint,en,USD,2026-04-27T18:49:21.279Z
Bulk Box,binder,Cosmogoyf,EOE,Edge of Eternities,215,normal,rare,2,107030,5e07d3c6-60a5-44d1-a926-6414be85bd50,0.29,false,false,near_mint,en,USD,2026-04-27T18:49:21.282Z
Bulk Box,binder,Wedgelight Rammer,EOE,Edge of Eternities,43,normal,uncommon,1,107397,2cb0984f-dc8b-4bb3-a4fd-8d6d4ae20198,0.07,false,false,near_mint,en,USD,2026-04-27T18:49:21.284Z
Bulk Box,binder,Fungal Colossus,EOE,Edge of Eternities,184,normal,common,1,107502,9dc9559f-cece-4c85-807c-158291666007,0.09,false,false,near_mint,en,USD,2026-04-27T18:49:21.286Z
Bulk Box,binder,Rescue Skiff,EOE,Edge of Eternities,32,normal,uncommon,1,107459,6fe86bfb-c67d-4df9-88c9-f083091f4cda,0.08,false,false,near_mint,en,USD,2026-04-27T18:49:21.287Z
Bulk Box,binder,Ruinous Rampage,EOE,Edge of Eternities,158,normal,uncommon,2,107299,91d7a4c2-1a4b-4e9f-b543-225b6906752f,0.2,false,false,near_mint,en,USD,2026-04-27T18:49:21.290Z
Bulk Box,binder,Honor,EOE,Edge of Eternities,21,normal,uncommon,1,107551,d0b4e925-1d59-41a1-bc06-9982695d778f,0.27,false,false,near_mint,en,USD,2026-04-27T18:49:21.291Z
Bulk Box,binder,Pain for All,EOE,Edge of Eternities,151,normal,rare,1,107553,d2948913-817b-4715-92d5-ed3cde347be7,0.62,false,false,near_mint,en,USD,2026-04-27T18:49:21.292Z
Bulk Box,binder,Hardlight Containment,EOE,Edge of Eternities,20,normal,rare,1,107368,0b934241-4d6b-4b9c-99f1-c49cb387cf56,0.23,false,false,near_mint,en,USD,2026-04-27T18:49:21.293Z
Bulk Box,binder,Banishing Light,EOE,Edge of Eternities,6,normal,common,1,107153,c45f11cd-a0aa-4d14-aa21-57f0969f3e2b,0.16,false,false,near_mint,en,USD,2026-04-27T18:49:21.294Z
Bulk Box,binder,Memorial Team Leader,EOE,Edge of Eternities,144,foil,uncommon,1,107413,3ddc240a-62df-4773-98d7-48a9adaf1846,0.05,false,false,near_mint,en,USD,2026-04-27T18:49:21.297Z
Bulk Box,binder,Dual-Sun Adepts,EOE,Edge of Eternities,12,normal,uncommon,1,107771,c7e8c830-77ae-437f-8e28-ce61c5fde6b6,0.04,false,false,near_mint,en,USD,2026-04-27T18:49:21.301Z
Bulk Box,binder,Susurian Voidborn,EOE,Edge of Eternities,118,normal,uncommon,2,107765,beb97e7b-0ae7-4b08-9ceb-6a7f825bcd49,0.29,false,false,near_mint,en,USD,2026-04-27T18:49:21.302Z
Bulk Box,binder,Knight Luminary,EOE,Edge of Eternities,23,foil,common,1,107708,34334971-c1b7-4506-a6dd-77f66b3ae4e7,0.11,false,false,near_mint,en,USD,2026-04-27T18:49:21.304Z
Bulk Box,binder,Emergency Eject,EOE,Edge of Eternities,14,normal,uncommon,2,107216,fc98b2d4-86fc-4c47-b2a7-1f3c89463607,0.26,false,false,near_mint,en,USD,2026-04-27T18:49:21.307Z
Bulk Box,binder,Reroute Systems,EOE,Edge of Eternities,31,normal,uncommon,2,107409,3bbdba38-2b99-4226-98e3-6d2580345d6d,0.11,false,false,near_mint,en,USD,2026-04-27T18:49:21.308Z
Bulk Box,binder,Emissary Escort,EOE,Edge of Eternities,56,normal,rare,3,107138,b52ba87f-3ac7-4f32-901c-d089df979f94,0.27,false,false,near_mint,en,USD,2026-04-27T18:49:21.280Z
Bulk Box,binder,Brightspear Zealot,EOE,Edge of Eternities,8,normal,common,3,107782,e7f7541a-5910-4f33-8c1d-3507ce3a426e,0.06,false,false,near_mint,en,USD,2026-04-27T18:49:21.295Z
Bulk Box,binder,Honored Knight-Captain,EOE,Edge of Eternities,22,foil,uncommon,2,107362,05a6ab03-f0b9-4738-a5f9-5d95bb22de75,0.13,false,false,near_mint,en,USD,2026-04-27T18:49:21.296Z
Trade Binder,binder,Weftstalker Ardent,EOE,Edge of Eternities,169,normal,uncommon,2,107165,cddb48cc-8eb1-47ce-90f0-7aad1e93e2c4,1.14,false,false,near_mint,en,USD,2026-04-27T18:49:21.298Z
Bulk Box,binder,Monoist Sentry,EOE,Edge of Eternities,111,normal,uncommon,1,107753,acc503e2-5c3a-4200-beb0-7d193d6c869e,0.09,false,false,near_mint,en,USD,2026-04-27T18:59:29.033Z
Bulk Box,binder,Cloudsculpt Technician,EOE,Edge of Eternities,49,normal,common,2,107718,51077a54-15cf-4088-8e84-088d72e8e861,0.03,false,false,near_mint,en,USD,2026-04-27T18:59:29.047Z
Bulk Box,binder,Beamsaw Prospector,EOE,Edge of Eternities,89,normal,common,1,107734,6f717a3f-c6db-4e8d-8b62-6361ab33d000,0.1,false,false,near_mint,en,USD,2026-04-27T18:59:29.053Z
Bulk Box,binder,Astelli Reclaimer,EOE,Edge of Eternities,4,normal,rare,1,107017,4fb36405-cd28-432f-b0a4-e74ff8be928d,0.25,false,false,near_mint,en,USD,2026-04-27T18:59:29.060Z
Bulk Box,binder,Divert Disaster,EOE,Edge of Eternities,55,normal,common,1,107770,c5f7d2fe-628b-4493-8281-0e5f91ce5d61,0.18,false,false,near_mint,en,USD,2026-04-27T18:59:29.064Z
Bulk Box,binder,Kav Landseeker,EOE,Edge of Eternities,138,normal,common,2,107065,7a5a7e89-50e3-43cb-af93-d7d80a630c11,0.12,false,false,near_mint,en,USD,2026-04-27T18:59:29.065Z
Bulk Box,binder,Galvanizing Sawship,EOE,Edge of Eternities,136,normal,uncommon,1,107273,5bbce9fb-401f-4e78-acd5-9d3b506687fd,0.1,false,false,near_mint,en,USD,2026-04-27T18:59:29.066Z
Bulk Box,binder,Oreplate Pangolin,EOE,Edge of Eternities,150,normal,common,1,107747,90209957-95db-4b59-979a-316d14ef876c,0.06,false,false,near_mint,en,USD,2026-04-27T18:59:29.067Z
Bulk Box,binder,Thespian's Stage,EOS,Edge of Eternities: Stellar Sights,44,normal,rare,1,107183,dc03cbbf-6157-48ee-9687-c91513a95f18,1.11,false,false,near_mint,en,USD,2026-04-27T18:59:29.068Z
Bulk Box,binder,Tapestry Warden,EOE,Edge of Eternities,209,normal,uncommon,1,107068,7cbbab6c-43ae-4e50-97ce-532a3316591a,0.1,false,false,near_mint,en,USD,2026-04-27T18:59:29.073Z
Bulk Box,binder,Eumidian Terrabotanist,EOE,Edge of Eternities,180,normal,uncommon,2,107729,64fb2981-86ed-478a-89cd-c6bb078a5bc7,0.15,false,false,near_mint,en,USD,2026-04-27T18:59:29.074Z
Bulk Box,binder,Survey Mechan,EOE,Edge of Eternities,245,foil,uncommon,1,107499,9b4278ea-6cd8-45ad-b024-daf3dedd29e0,0.34,false,false,near_mint,en,USD,2026-04-27T18:59:29.075Z
Bulk Box,binder,Meltstrider's Resolve,EOE,Edge of Eternities,199,normal,uncommon,1,107596,53c08af4-b975-4d9d-baba-73e6727f2778,0.27,false,false,near_mint,en,USD,2026-04-27T18:59:29.081Z
Bulk Box,binder,Sledge-Class Seedship,EOE,Edge of Eternities,208,normal,rare,1,107562,dc0cb4b6-cc20-49ea-84b2-2f3af3b0a19e,0.24,false,false,near_mint,en,USD,2026-04-27T18:59:29.083Z
Bulk Box,binder,Skystinger,EOE,Edge of Eternities,207,normal,common,2,107777,dfea9941-3675-4c0f-bc4d-981c28deed36,0.04,false,false,near_mint,en,USD,2026-04-27T18:59:29.084Z
Bulk Box,binder,Selfcraft Mechan,EOE,Edge of Eternities,74,normal,common,2,107724,5b2de056-5c27-44d6-871d-909411bd52dd,0.05,false,false,near_mint,en,USD,2026-04-27T18:59:29.087Z
Bulk Box,binder,Blooming Stinger,EOE,Edge of Eternities,174,normal,common,2,107705,2ee859bd-d99c-4b1d-9372-7ff4fc1e8c6a,0.14,false,false,near_mint,en,USD,2026-04-27T18:59:29.088Z
Bulk Box,binder,Debris Field Crusher,EOE,Edge of Eternities,131,normal,uncommon,1,107197,ea713f35-6442-4388-8839-2714374fb4b6,0.13,false,false,near_mint,en,USD,2026-04-27T18:59:29.090Z
Bulk Box,binder,Knight Luminary,EOE,Edge of Eternities,23,normal,common,1,107708,34334971-c1b7-4506-a6dd-77f66b3ae4e7,0.05,false,false,near_mint,en,USD,2026-04-27T18:59:29.091Z
Bulk Box,binder,"Alpharael, Stonechosen",EOE,Edge of Eternities,87,normal,mythic,1,107257,33063d26-37f7-4e35-8da2-5770dfabdc41,0.53,false,false,near_mint,en,USD,2026-04-27T18:59:29.093Z
Bulk Box,binder,"Xu-Ifit, Osteoharmonist",EOE,Edge of Eternities,127,normal,rare,1,107534,c0838f25-2193-4305-b73a-bf0c0bb4981a,0.33,false,false,near_mint,en,USD,2026-04-27T18:59:29.095Z
Bulk Box,binder,Focus Fire,EOE,Edge of Eternities,18,foil,common,2,107515,a9ddfcbc-0f84-4315-aaa3-ca54ff64d7de,0.09,false,false,near_mint,en,USD,2026-04-27T18:59:29.097Z
Bulk Box,binder,Cut Propulsion,EOE,Edge of Eternities,130,foil,uncommon,1,107560,d96f1c41-3d11-48a8-b962-db46a2d054de,0.21,false,false,near_mint,en,USD,2026-04-27T18:59:29.100Z
Bulk Box,binder,Squire's Lightblade,EOE,Edge of Eternities,36,normal,common,1,107699,2a0accba-85d4-4aa4-a70c-80fcce48c261,0.09,false,false,near_mint,en,USD,2026-04-27T18:59:29.102Z
Bulk Box,binder,Seedship Broodtender,EOE,Edge of Eternities,227,normal,uncommon,2,107379,1abc176f-2ccf-4371-b4b5-030dd99ff7fc,0.21,false,false,near_mint,en,USD,2026-04-27T18:59:29.108Z
Bulk Box,binder,Perigee Beckoner,EOE,Edge of Eternities,112,normal,common,1,107786,f3666a08-d449-496f-969a-bf21d4afbd77,0.15,false,false,near_mint,en,USD,2026-04-27T18:59:29.109Z
Bulk Box,binder,Mechan Assembler,EOE,Edge of Eternities,63,normal,uncommon,1,107416,3fd46726-095e-4eb2-a804-eeeb988eee1d,0.21,false,false,near_mint,en,USD,2026-04-27T18:59:29.110Z
Bulk Box,binder,Illvoi Infiltrator,EOE,Edge of Eternities,59,normal,uncommon,2,107702,2db4ed41-0426-4d7f-bb43-e43392bed83b,0.08,false,false,near_mint,en,USD,2026-04-27T18:59:29.115Z
Bulk Box,binder,Timeline Culler,EOE,Edge of Eternities,121,normal,uncommon,1,106991,33410410-72f2-49c4-9e63-a72202cd075a,0.35,false,false,near_mint,en,USD,2026-04-27T18:59:29.120Z
Bulk Box,binder,Temporal Intervention,EOE,Edge of Eternities,120,foil,common,1,107064,79f9525a-4cb7-411e-b7b5-2113e93bcbc3,0.14,false,false,near_mint,en,USD,2026-04-27T18:59:29.126Z
Bulk Box,binder,Selfcraft Mechan,EOE,Edge of Eternities,74,foil,common,1,107724,5b2de056-5c27-44d6-871d-909411bd52dd,0.07,false,false,near_mint,en,USD,2026-04-27T18:59:29.132Z
Bulk Box,binder,Cryogen Relic,EOE,Edge of Eternities,52,normal,common,1,107466,7bfb33b6-e2bf-498f-8c58-ae21a840cf75,0.22,false,false,near_mint,en,USD,2026-04-27T18:59:29.134Z
Bulk Box,binder,Steelswarm Operator,EOE,Edge of Eternities,80,normal,uncommon,1,107544,ca468b86-f31a-4cd7-a574-eb984bc4bc3e,0.08,false,false,near_mint,en,USD,2026-04-27T18:59:29.137Z
Bulk Box,binder,"Mm'menon, Uthros Exile",EOE,Edge of Eternities,221,normal,uncommon,1,107597,5546c044-5826-48c3-9d28-866f3c3c5f2c,0.12,false,false,near_mint,en,USD,2026-04-27T18:59:29.138Z
Bulk Box,binder,Station Monitor,EOE,Edge of Eternities,230,normal,uncommon,1,107529,ba9f6d16-ee3e-4fbb-b78a-6292188eb61f,0.08,false,false,near_mint,en,USD,2026-04-27T18:59:29.142Z
Bulk Box,binder,Faller's Faithful,EOE,Edge of Eternities,100,normal,uncommon,1,107607,cbb1b46f-72e0-4c2f-8012-74529bd29a0d,0.06,false,false,near_mint,en,USD,2026-04-27T18:59:29.143Z
Trade Binder,binder,"Dawnsire, Sunstar Dreadnought",EOE,Edge of Eternities,238,foil,mythic,1,107035,6133355c-3dcf-466a-b771-fe6c44d4fa4d,6.56,false,false,near_mint,en,USD,2026-04-27T18:59:29.146Z
Bulk Box,binder,Kavaron Turbodrone,EOE,Edge of Eternities,141,normal,common,2,107788,f5e92cdd-75df-499e-94f7-22287f1000b3,0.05,false,false,near_mint,en,USD,2026-04-27T18:59:29.035Z
Bulk Box,binder,Invasive Maneuvers,EOE,Edge of Eternities,137,normal,uncommon,2,107524,b68010e2-7810-43cb-a52e-e73b1834e54e,0.06,false,false,near_mint,en,USD,2026-04-27T18:59:29.039Z
Bulk Box,binder,Larval Scoutlander,EOE,Edge of Eternities,194,normal,uncommon,2,107555,d6083f43-58dc-46fc-aeff-347b1080417b,0.21,false,false,near_mint,en,USD,2026-04-27T18:59:29.055Z
Bulk Box,binder,Virulent Silencer,EOE,Edge of Eternities,248,normal,uncommon,2,107009,4120fcfc-3547-4774-a15d-b9cccac04e76,0.25,false,false,near_mint,en,USD,2026-04-27T18:59:29.056Z
Bulk Box,binder,Sunstar Chaplain,EOE,Edge of Eternities,40,normal,rare,2,107476,83719626-3ff8-4566-9911-88212e753c69,0.21,false,false,near_mint,en,USD,2026-04-27T18:59:29.070Z
Bulk Box,binder,Seedship Impact,EOE,Edge of Eternities,205,normal,uncommon,2,107169,d060d95f-f33a-4fc0-b002-c394d4cd82ce,0.18,false,false,near_mint,en,USD,2026-04-27T18:59:29.071Z
Bulk Box,binder,Gravpack Monoist,EOE,Edge of Eternities,104,normal,common,2,107701,2a968f01-36ef-4cf6-b1db-630c9cde2064,0.05,false,false,near_mint,en,USD,2026-04-27T18:59:29.085Z
Bulk Box,binder,Gene Pollinator,EOE,Edge of Eternities,186,normal,common,2,107772,ce7a8eec-a029-4ee1-b2d6-405d903d4640,0.14,false,false,near_mint,en,USD,2025-08-04T05:23:28.318Z
Bulk Box,binder,Illvoi Light Jammer,EOE,Edge of Eternities,60,normal,common,3,107785,efb3d961-543c-4404-b4ed-1cb28ee411b3,0.12,false,false,near_mint,en,USD,2025-08-04T05:23:28.318Z
Bulk Box,binder,Dual-Sun Technique,EOE,Edge of Eternities,13,normal,uncommon,4,107583,f8931132-391f-4f16-b480-0a245ab2ec21,0.14,false,false,near_mint,en,USD,2025-08-04T05:23:28.318Z
Bulk Box,binder,Biomechan Engineer,EOE,Edge of Eternities,213,normal,uncommon,3,107468,7edcef2c-029c-46bd-bfeb-ff56a57dd63a,0.07,false,false,near_mint,en,USD,2025-08-04T05:23:28.318Z
Bulk Box,binder,Galactic Wayfarer,EOE,Edge of Eternities,185,normal,common,4,107078,85b898d2-050f-49a2-87af-07d54d105336,0.04,false,false,near_mint,en,USD,2025-08-04T05:23:28.318Z
Bulk Box,binder,Dockworker Drone,EOE,Edge of Eternities,11,normal,common,4,107784,eeff069f-427b-42ad-afb1-36f0e547fb74,0.05,false,false,near_mint,en,USD,2025-08-04T05:23:28.318Z
Bulk Box,binder,Weftblade Enhancer,EOE,Edge of Eternities,44,normal,common,4,107745,8d72b00c-5043-4630-949a-fc17eeb962bc,0.05,false,false,near_mint,en,USD,2025-08-04T05:23:28.318Z
Bulk Box,binder,Pinnacle Kill-Ship,EOE,Edge of Eternities,244,normal,common,2,107533,bf784de8-5ae2-4c07-92bb-a5b7f593b773,0.12,false,false,near_mint,en,USD,2025-08-04T05:23:28.318Z
Bulk Box,binder,Intrepid Tenderfoot,EOE,Edge of Eternities,193,normal,common,3,107740,809df0ea-deff-47b9-83df-cc1f360d377e,0.12,false,false,near_mint,en,USD,2025-08-04T05:23:28.318Z
Bulk Box,binder,Sami's Curiosity,EOE,Edge of Eternities,203,normal,common,3,107460,703ad0f3-bd05-42b0-85fb-0cd37807dc91,0.11,false,false,near_mint,en,USD,2025-08-04T05:23:28.318Z
Bulk Box,binder,Decode Transmissions,EOE,Edge of Eternities,94,normal,common,4,107166,cecb4936-14ca-49f9-b209-6519cab54b30,0.11,false,false,near_mint,en,USD,2025-08-04T05:23:28.318Z
Bulk Box,binder,Gigastorm Titan,EOE,Edge of Eternities,57,normal,uncommon,2,107603,abc83e0a-0ae5-4087-a751-058a1ba6a920,0.06,false,false,near_mint,en,USD,2025-08-04T05:23:28.318Z
Bulk Box,binder,Shattered Wings,EOE,Edge of Eternities,206,normal,common,4,107142,bbece737-bd4f-4dc8-bf5c-f77930246ab1,0.06,false,false,near_mint,en,USD,2025-08-04T05:23:28.318Z
Bulk Box,binder,Starfighter Pilot,EOE,Edge of Eternities,38,normal,common,3,106970,1e571246-aadc-4d1f-a284-9a529e150fe0,0.09,false,false,near_mint,en,USD,2025-08-04T05:23:28.318Z
Bulk Box,binder,Illvoi Operative,EOE,Edge of Eternities,61,normal,common,4,107773,d0ae9fc7-1802-4806-9996-1f1f458ff6a7,0.04,false,false,near_mint,en,USD,2025-08-04T05:23:28.318Z
Bulk Box,binder,Gravkill,EOE,Edge of Eternities,103,normal,common,5,107333,cfa6c57f-a193-48cc-9764-d8348548a111,0.04,false,false,near_mint,en,USD,2025-08-04T05:23:28.318Z
Bulk Box,binder,Systems Override,EOE,Edge of Eternities,161,normal,uncommon,3,106980,2a34c71b-8d3c-435b-9cf8-4902f997d10d,0.06,false,false,near_mint,en,USD,2025-08-04T05:23:28.318Z
Bulk Box,binder,Mechan Shieldmate,EOE,Edge of Eternities,65,normal,common,2,107736,745b2119-4d9f-431f-89b9-10ad48b6dc47,0.08,false,false,near_mint,en,USD,2025-08-04T05:23:28.318Z
Bulk Box,binder,Drill Too Deep,EOE,Edge of Eternities,133,normal,common,2,107760,b9d3b6e8-47c8-49e3-b204-8b659e127bde,0.1,false,false,near_mint,en,USD,2025-08-04T05:23:28.318Z
Bulk Box,binder,Starport Security,EOE,Edge of Eternities,39,normal,common,3,107244,238cb1db-6c41-4fe1-bc34-340048dfde18,0.06,false,false,near_mint,en,USD,2025-08-04T05:23:28.318Z
Bulk Box,binder,Lashwhip Predator,EOE,Edge of Eternities,195,normal,uncommon,2,107593,24553e98-29a9-47e3-91c7-9add708d9ad1,0.09,false,false,near_mint,en,USD,2025-08-04T05:23:28.318Z
Bulk Box,binder,Illvoi Operative,EOE,Edge of Eternities,61,foil,common,2,107773,d0ae9fc7-1802-4806-9996-1f1f458ff6a7,0.06,false,false,near_mint,en,USD,2025-08-04T05:23:28.318Z
Bulk Box,binder,Temporal Intervention,EOE,Edge of Eternities,120,normal,common,4,107064,79f9525a-4cb7-411e-b7b5-2113e93bcbc3,0.06,false,false,near_mint,en,USD,2025-08-04T05:23:28.318Z
Bulk Box,binder,Cryoshatter,EOE,Edge of Eternities,53,normal,common,4,107738,7b62b1e2-9e43-4a66-a647-7e5de2871f2a,0.11,false,false,near_mint,en,USD,2025-08-04T05:23:28.318Z
Bulk Box,binder,Focus Fire,EOE,Edge of Eternities,18,normal,common,3,107515,a9ddfcbc-0f84-4315-aaa3-ca54ff64d7de,0.06,false,false,near_mint,en,USD,2025-08-04T05:23:28.318Z
Bulk Box,binder,Nebula Dragon,EOE,Edge of Eternities,147,normal,common,3,107692,0ee509dd-9fba-4b6d-a9d4-cc8bf5822ddd,0.1,false,false,near_mint,en,USD,2025-08-04T05:23:28.318Z
Bulk Box,binder,Mechanozoa,EOE,Edge of Eternities,66,normal,common,2,106948,0cb8d8ce-329a-4a97-b3d8-796703ebcb37,0.11,false,false,near_mint,en,USD,2025-08-04T05:23:28.318Z
Bulk Box,binder,Uthros Psionicist,EOE,Edge of Eternities,84,normal,uncommon,2,107566,e23cc5fd-afe4-480c-8858-ed80a082584e,0.15,false,false,near_mint,en,USD,2025-08-04T05:23:28.318Z
Bulk Box,binder,Glacier Godmaw,EOE,Edge of Eternities,188,normal,uncommon,3,107608,d3291c51-e963-4970-813d-9a06a47aa71e,0.18,false,false,near_mint,en,USD,2025-08-04T05:23:28.318Z
Bulk Box,binder,Nanoform Sentinel,EOE,Edge of Eternities,71,normal,common,3,107711,3eeae8c3-7939-4c79-92f0-fbdb9c1b71d3,0.03,false,false,near_mint,en,USD,2025-08-04T05:23:28.318Z
Bulk Box,binder,Starbreach Whale,EOE,Edge of Eternities,77,normal,common,3,107085,8a1a0476-7145-4493-97e5-4fc05c85e476,0.13,false,false,near_mint,en,USD,2025-08-04T05:23:28.318Z
Bulk Box,binder,Depressurize,EOE,Edge of Eternities,95,normal,common,3,107697,25520d5a-1a83-42cc-8ace-8b1156019d64,0.1,false,false,near_mint,en,USD,2025-08-04T05:23:28.318Z
Bulk Box,binder,Lost in Space,EOE,Edge of Eternities,62,normal,common,3,107733,6d9d7979-97af-4c85-86f5-1b3704f74e8b,0.05,false,false,near_mint,en,USD,2025-08-04T05:23:28.318Z
Bulk Box,binder,Slagdrill Scrapper,EOE,Edge of Eternities,160,normal,common,4,107694,155dcf54-8fdb-4715-97dc-4eb5d3d80d78,0.11,false,false,near_mint,en,USD,2025-08-04T05:23:28.318Z
Bulk Box,binder,Meltstrider's Gear,EOE,Edge of Eternities,198,normal,common,3,107775,d75629cb-91e2-46fa-9c80-6feb29e1ceb8,0.06,false,false,near_mint,en,USD,2025-08-04T05:23:28.318Z
Bulk Box,binder,Insatiable Skittermaw,EOE,Edge of Eternities,108,normal,common,3,107195,e9d30cca-ea33-418f-bba3-5103f1dbd751,0.07,false,false,near_mint,en,USD,2025-09-16T20:20:14.158Z
Bulk Box,binder,Frontline War-Rager,EOE,Edge of Eternities,134,normal,common,4,107789,fa232943-818b-4944-be60-2d80c806bf62,0.04,false,false,near_mint,en,USD,2025-09-16T20:20:14.158Z
Bulk Box,binder,Rig for War,EOE,Edge of Eternities,156,normal,common,3,107710,3edd0515-dcc4-4cb5-8b54-9c00173d8a6d,0.04,false,false,near_mint,en,USD,2025-09-16T20:20:14.158Z
Bulk Box,binder,Chrome Companion,EOE,Edge of Eternities,236,normal,common,2,107088,8ef269a0-1cb9-4901-81e6-43db3ae3756c,0.15,false,false,near_mint,en,USD,2025-09-16T20:20:14.158Z
Bulk Box,binder,Bombard,EOE,Edge of Eternities,129,normal,common,2,107698,29492df8-3077-4ded-a6e2-51d3bd4669b4,0.05,false,false,near_mint,en,USD,2025-09-16T20:20:14.158Z
Bulk Box,binder,Virus Beetle,EOE,Edge of Eternities,124,normal,common,3,107570,e96c986c-684c-4546-a9c9-b6b903bda101,0.14,false,false,near_mint,en,USD,2025-09-16T20:20:14.158Z
Bulk Box,binder,Voidforged Titan,EOE,Edge of Eternities,125,normal,uncommon,2,107034,6119c016-01b2-44f3-9550-6988324c1d1f,0.06,false,false,near_mint,en,USD,2025-09-16T20:20:14.158Z
Bulk Box,binder,Dark Endurance,EOE,Edge of Eternities,93,normal,common,3,107790,fac87b49-a0cd-42d5-b30a-efc6d5526fc3,0.04,false,false,near_mint,en,USD,2025-09-16T20:20:14.158Z
Bulk Box,binder,Forest,RIX,Rivals of Ixalan,196,normal,common,2,2822,92c9e16d-525b-4ba9-890d-fa2719206ba0,0.79,false,false,near_mint,en,USD,2025-11-18T00:43:14.078Z
Bulk Box,binder,Assault Suit,CMM,Commander Masters,369,normal,uncommon,1,84628,92b22076-b04e-4d65-9d9c-d3e4c7a3cf1c,0.34,false,false,near_mint,en,USD,2026-04-27T19:09:12.788Z
Bulk Box,binder,Specter's Shroud,DST,Darksteel,142,normal,uncommon,1,29519,9a6d2e20-3887-4996-adbe-304dff27dea6,0.27,false,false,near_mint,en,USD,2026-04-27T19:09:12.789Z
Bulk Box,binder,Barrow-Blade,LTR,The Lord of the Rings: Tales of Middle-earth,237,normal,uncommon,1,83629,f0eb7284-78a5-4b5e-8f6d-6be540e0bef8,0.22,false,false,near_mint,en,USD,2026-04-27T19:09:12.790Z
Bulk Box,binder,Snakeskin Veil,TDM,Tarkir: Dragonstorm,159,foil,common,1,104856,a3d2c692-7566-468e-9c86-47a9f768fde2,0.36,false,false,near_mint,en,USD,2026-04-27T19:09:12.791Z
Bulk Box,binder,Lightfoot Technique,TDM,Tarkir: Dragonstorm,14,normal,common,1,104910,baac1a41-d44d-4184-9147-b4233e73de65,0.12,false,false,near_mint,en,USD,2026-04-27T19:09:12.792Z
Bulk Box,binder,Karn's Bastion,PWAR,War of the Spark Promos,248,foil,rare,1,44404,729114ab-6c0d-4962-b6fa-0eb07d9b1020,3.55,false,false,near_mint,en,USD,2026-04-27T19:09:12.794Z
Bulk Box,binder,Essence Channeler,BLB,Bloomburrow,12,foil,rare,1,96042,5aaf7e4c-4d5d-4acc-a834-e6c4a7629408,1.35,false,false,near_mint,en,USD,2026-04-27T19:09:12.796Z
Bulk Box,binder,Burrowguard Mentor,BLB,Bloomburrow,206,foil,uncommon,1,95945,87138ace-3594-499e-bad5-ec76148613ea,0.33,false,false,near_mint,en,USD,2026-04-27T19:09:12.797Z
Bulk Box,binder,Hard-Won Jitte,TMT,Teenage Mutant Ninja Turtles,91,normal,uncommon,1,111250,5d3dc219-f024-49de-b88d-dc1e9e84184c,0.22,false,false,near_mint,en,USD,2026-04-27T19:09:12.798Z
Bulk Box,binder,Metalhead,TMT,Teenage Mutant Ninja Turtles,44,normal,uncommon,1,111563,3c2d8b09-8694-45ab-be01-f8dc17378cf0,0.08,false,false,near_mint,en,USD,2026-04-27T19:09:12.799Z
Bulk Box,binder,Primordial Pachyderm,TMT,Teenage Mutant Ninja Turtles,129,foil,common,1,111531,e1a866e6-4108-4290-9680-8f1652fbcf77,0.17,false,false,near_mint,en,USD,2026-04-27T19:09:12.800Z
Bulk Box,binder,TCRI Building,TMT,Teenage Mutant Ninja Turtles,189,foil,common,1,111586,8817a1d6-ef39-4e7c-8277-74aea012803b,0.2,false,false,near_mint,en,USD,2026-04-27T19:09:12.801Z
Bulk Box,binder,"Donatello, Way with Machines",TMT,Teenage Mutant Ninja Turtles,38,normal,uncommon,1,111499,a3a5b63a-3263-4f06-a643-808c38f64c77,0.16,false,false,near_mint,en,USD,2026-04-27T19:09:12.802Z
Bulk Box,binder,Mechanized Ninja Cavalry,TMT,Teenage Mutant Ninja Turtles,156,normal,common,1,111445,2cb65388-dc6c-4e2a-93ac-49ea484849e9,0.08,false,false,near_mint,en,USD,2026-04-27T19:09:12.808Z
Bulk Box,binder,Negate,TMT,Teenage Mutant Ninja Turtles,47,normal,common,1,111242,52d58fe4-6070-4022-9cd7-c35a11b44525,0.11,false,false,near_mint,en,USD,2026-04-27T19:09:12.809Z
Bulk Box,binder,"Karai, Future of the Foot",TMT,Teenage Mutant Ninja Turtles,151,normal,uncommon,1,111180,0dded2d4-1640-4431-809e-403b51b27db6,0.2,false,false,near_mint,en,USD,2026-04-27T19:09:12.810Z
Bulk Box,binder,Retro-Mutation,TMT,Teenage Mutant Ninja Turtles,51,foil,common,1,111571,4af284ba-fa54-43c5-8c76-3e1128957452,0.19,false,false,near_mint,en,USD,2026-04-27T19:09:12.812Z
Bulk Box,binder,Return to the Sewers,TMT,Teenage Mutant Ninja Turtles,52,normal,common,1,111574,52e99505-17dc-4051-99f6-e23559fc6c95,0.09,false,false,near_mint,en,USD,2026-04-27T19:09:12.814Z
Bulk Box,binder,EPF Point Squad,TMT,Teenage Mutant Ninja Turtles,145,normal,common,1,111545,faab52c0-ce79-40af-a156-b193a62d439e,0.09,false,false,near_mint,en,USD,2026-04-27T19:09:12.818Z
Bulk Box,binder,Skateboard,TMT,Teenage Mutant Ninja Turtles,178,normal,uncommon,1,111527,deadb6d8-3eea-4261-a07c-8536df89e85c,0.32,false,false,near_mint,en,USD,2026-04-27T19:09:12.819Z
Bulk Box,binder,Quintessential Katana,TMT,Teenage Mutant Ninja Turtles,23,normal,uncommon,1,111538,ef9e227e-c581-479c-a962-2f191352b07f,0.21,false,false,near_mint,en,USD,2026-04-27T19:09:12.820Z
Bulk Box,binder,Genghis Frog,TMT,Teenage Mutant Ninja Turtles,148,normal,uncommon,1,111283,7df26085-eedb-4bdd-a60a-aabfbe9c3157,0.25,false,false,near_mint,en,USD,2026-04-27T19:09:12.821Z
Bulk Box,binder,Donatello's Technique,TMT,Teenage Mutant Ninja Turtles,228,normal,uncommon,1,111564,3d3d0a9a-3bde-451f-9d5a-af6c2a393953,0.3,false,false,near_mint,en,USD,2026-04-27T19:09:12.822Z
Bulk Box,binder,Northampton Farm,TMT,Teenage Mutant Ninja Turtles,188,foil,rare,1,110954,dbca168e-095f-4fbc-88f8-3048d83caf94,0.59,false,false,near_mint,en,USD,2026-04-27T19:09:12.823Z
Bulk Box,binder,Make Your Move,TMT,Teenage Mutant Ninja Turtles,20,normal,common,1,111537,ed8bdd98-6377-40cf-b381-cee38b1bda2a,0.14,false,false,near_mint,en,USD,2026-04-27T19:09:12.827Z
Bulk Box,binder,Null Group Biological Assets,TMT,Teenage Mutant Ninja Turtles,98,normal,common,1,111536,eb44c134-fcd8-4ad8-841c-f1723ba93216,0.03,false,false,near_mint,en,USD,2026-04-27T19:09:12.830Z
Bulk Box,binder,Ice Cream Kitty,TMT,Teenage Mutant Ninja Turtles,150,normal,common,1,111579,66081fd3-2457-4602-96c4-3075ddfec1c2,0.1,false,false,near_mint,en,USD,2026-04-27T19:09:12.831Z
Bulk Box,binder,Mutant Town Musicians,TMT,Teenage Mutant Ninja Turtles,97,normal,common,1,111446,2dbe9207-06e8-4837-8227-0f960490771b,0.08,false,false,near_mint,en,USD,2026-04-27T19:09:12.832Z
Bulk Box,binder,"Raphael, Tough Turtle",TMT,Teenage Mutant Ninja Turtles,104,normal,common,1,111390,f24c90c8-ed04-4b4e-8b19-c7d07a90c6b8,0.19,false,false,near_mint,en,USD,2026-04-27T19:09:12.833Z
Bulk Box,binder,Karai's Technique,TMT,Teenage Mutant Ninja Turtles,152,normal,uncommon,1,111549,037fe188-3355-4724-b2eb-e2448fc55607,0.2,false,false,near_mint,en,USD,2026-04-27T19:09:12.834Z
Bulk Box,binder,Crib Swap,ECL,Lorwyn Eclipsed,11,normal,uncommon,1,110563,8f2fb3c6-af75-47a3-9f97-521872c32890,0.21,false,false,near_mint,en,USD,2026-04-27T19:09:12.835Z
Bulk Box,binder,Glamer Gifter,ECL,Lorwyn Eclipsed,49,normal,uncommon,1,110609,bd764dd4-2395-4138-ac29-260eac1aeaae,0.21,false,false,near_mint,en,USD,2026-04-27T19:09:12.836Z
Bulk Box,binder,Flamebraider,ECL,Lorwyn Eclipsed,139,normal,uncommon,1,110604,b8aa428c-5a77-444f-b75e-a113e46fe4e0,0.16,false,false,near_mint,en,USD,2026-04-27T19:09:12.837Z
Bulk Box,binder,Lys Alana Dignitary,ECL,Lorwyn Eclipsed,180,normal,uncommon,1,110793,94e8d6a9-7aa3-4e93-8e4d-e50da7ff09d2,0.25,false,false,near_mint,en,USD,2026-04-27T19:09:12.838Z
Bulk Box,binder,Flaring Cinder,ECL,Lorwyn Eclipsed,225,normal,common,1,110675,0691a1a9-18e7-44b7-9a34-764b1ab45a76,0.05,false,false,near_mint,en,USD,2026-04-27T19:09:12.839Z
Bulk Box,binder,Kulrath Zealot,ECL,Lorwyn Eclipsed,148,normal,common,1,110718,3502685d-4e57-4c5c-94c6-ae69048cdfbf,0.13,false,false,near_mint,en,USD,2026-04-27T19:09:12.840Z
Bulk Box,binder,Retched Wretch,ECL,Lorwyn Eclipsed,117,foil,uncommon,1,110838,c7a4d7f1-976a-4a28-97a9-ff089a241c9d,0.18,false,false,near_mint,en,USD,2026-04-27T19:09:12.846Z
Bulk Box,binder,Hovel Hurler,ECL,Lorwyn Eclipsed,230,normal,uncommon,1,110594,adc6a4c5-4e92-43ee-8d0c-204042965eb7,0.07,false,false,near_mint,en,USD,2026-04-27T19:09:12.848Z
Bulk Box,binder,Eclipsed Realms,ECL,Lorwyn Eclipsed,263,normal,uncommon,1,110801,a174f0db-8b4f-4c37-9583-44c92d37b9c0,0.41,false,false,near_mint,en,USD,2026-04-27T19:09:12.849Z
Bulk Box,binder,Keep Out,ECL,Lorwyn Eclipsed,19,normal,common,1,110741,4ab1601c-634c-4f21-8926-ba3cb92008c1,0.1,false,false,near_mint,en,USD,2026-04-27T19:09:12.856Z
Bulk Box,binder,Unexpected Assistance,ECL,Lorwyn Eclipsed,80,foil,common,1,110077,7b540a5f-7f1b-421a-864f-5af469556fc6,0.25,false,false,near_mint,en,USD,2026-04-27T19:09:12.857Z
Bulk Box,binder,Springleaf Drum,ECL,Lorwyn Eclipsed,260,normal,uncommon,1,110640,e15ab0aa-4059-4923-9816-6f7a9e5b5a18,0.31,false,false,near_mint,en,USD,2026-04-27T19:09:12.858Z
Bulk Box,binder,Pyrrhic Strike,ECL,Lorwyn Eclipsed,30,normal,uncommon,1,110626,cce5b16d-07fb-4e64-8ec9-b8b29ba86cff,0.17,false,false,near_mint,en,USD,2026-04-27T19:09:12.859Z
Bulk Box,binder,Rimekin Recluse,ECL,Lorwyn Eclipsed,66,normal,uncommon,1,110827,ba6b5368-3262-4002-bf1e-fce62f7f7901,0.16,false,false,near_mint,en,USD,2026-04-27T19:09:12.860Z
Bulk Box,binder,Tributary Vaulter,ECL,Lorwyn Eclipsed,40,normal,common,1,110802,a1db2c83-41d1-4cc6-b9a3-fed504b01127,0.04,false,false,near_mint,en,USD,2026-04-27T19:09:12.864Z
Bulk Box,binder,Kulrath Mystic,ECL,Lorwyn Eclipsed,56,normal,common,1,110477,377d257c-920c-4dd4-a4b1-01cbc631ef8f,0.04,false,false,near_mint,en,USD,2026-04-27T19:09:12.865Z
Bulk Box,binder,Blight Rot,ECL,Lorwyn Eclipsed,89,normal,common,1,110748,5201bdeb-ba47-459b-ac0d-603367914578,0.26,false,false,near_mint,en,USD,2026-04-27T19:09:12.866Z
Bulk Box,binder,Kinbinding,ECL,Lorwyn Eclipsed,407,foil,rare,1,110418,df94f428-f097-42cb-be03-3046e6867344,0.31,false,false,near_mint,en,USD,2026-04-27T19:09:12.867Z
Bulk Box,binder,Boggart Prankster,ECL,Lorwyn Eclipsed,93,normal,common,1,110861,eb228ea6-9235-4093-aea7-708e743b1b44,0.08,false,false,near_mint,en,USD,2026-04-27T19:09:12.868Z
Bulk Box,binder,Thirst for Identity,ECL,Lorwyn Eclipsed,79,normal,uncommon,1,110834,c3949f8c-d1c5-45c2-80ed-a57f4f9af86e,0.25,false,false,near_mint,en,USD,2026-04-27T19:09:12.869Z
Bulk Box,binder,Thoughtweft Charge,ECL,Lorwyn Eclipsed,198,normal,uncommon,1,110695,19cfc015-b6d5-4918-99a7-990209e77441,0.11,false,false,near_mint,en,USD,2026-04-27T19:09:12.870Z
Bulk Box,binder,Perfect Intimidation,ECL,Lorwyn Eclipsed,115,normal,uncommon,1,110082,ff05b7f4-e0d0-4304-99b3-66ac804129fe,0.09,false,false,near_mint,en,USD,2026-04-27T19:09:12.871Z
Bulk Box,binder,Firdoch Core,ECL,Lorwyn Eclipsed,255,normal,common,1,110788,8e45cd37-bf97-4742-978d-96f96ed653cd,0.33,false,false,near_mint,en,USD,2026-04-27T19:09:12.872Z
Bulk Box,binder,Enraged Flamecaster,ECL,Lorwyn Eclipsed,135,normal,common,1,110686,104baa2c-75c5-44fc-a3b9-b19efcf3d7c2,0.16,false,false,near_mint,en,USD,2026-04-27T19:09:12.874Z
Bulk Box,binder,Crossroads Watcher,ECL,Lorwyn Eclipsed,173,normal,common,1,110359,6d62fcbb-f1a0-46ce-a4af-2a33bcc3ac8e,0.09,false,false,near_mint,en,USD,2026-04-27T19:09:12.875Z
Bulk Box,binder,Timid Shieldbearer,ECL,Lorwyn Eclipsed,39,normal,common,1,110699,1c672d38-a1a6-4912-a9a6-b11e7bf0cc67,0.11,false,false,near_mint,en,USD,2026-04-27T19:09:12.876Z
Bulk Box,binder,Summit Sentinel,ECL,Lorwyn Eclipsed,73,normal,common,1,110776,81251057-f270-4f05-9dc5-205c70e1f295,0.05,false,false,near_mint,en,USD,2026-04-27T19:09:12.877Z
Bulk Box,binder,Safewright Cavalry,ECL,Lorwyn Eclipsed,191,foil,common,1,110870,f7de412a-9731-4bfc-8fbc-c95988a3dd70,0.12,false,false,near_mint,en,USD,2026-04-27T19:09:12.878Z
Bulk Box,binder,Action News Crew,TMT,Teenage Mutant Ninja Turtles,1,normal,common,2,111347,bc0f5ca8-47bd-4451-8fd1-a312ff7d31ec,0.08,false,false,near_mint,en,USD,2026-04-27T19:09:12.803Z
Bulk Box,binder,Bot Bashing Time,TMT,Teenage Mutant Ninja Turtles,85,normal,common,3,111552,08b3af61-d516-45ca-aede-2f50ba23cb07,0.05,false,false,near_mint,en,USD,2026-04-27T19:09:12.804Z
Bulk Box,binder,Tenderize,TMT,Teenage Mutant Ninja Turtles,133,normal,common,3,111511,bc19807b-09e8-4923-abc3-d4bbe8cde5fc,0.14,false,false,near_mint,en,USD,2026-04-27T19:09:12.805Z
Bulk Box,binder,Retro-Mutation,TMT,Teenage Mutant Ninja Turtles,51,normal,common,2,111571,4af284ba-fa54-43c5-8c76-3e1128957452,0.12,false,false,near_mint,en,USD,2026-04-27T19:09:12.806Z
Bulk Box,binder,Shredder's Revenge,TMT,Teenage Mutant Ninja Turtles,76,normal,common,3,111272,72fadf47-2e0b-4b24-b1bc-7c86780716b6,0.14,false,false,near_mint,en,USD,2026-04-27T19:09:12.807Z
Bulk Box,binder,Escape Tunnel,TMT,Teenage Mutant Ninja Turtles,184,normal,common,2,111251,5df90940-15ea-418c-8547-6c75d69ec6d3,0.16,false,false,near_mint,en,USD,2026-04-27T19:09:12.811Z
Bulk Box,binder,Foraging Wickermaw,ECL,Lorwyn Eclipsed,256,normal,common,2,110867,f524bc08-caeb-4362-b960-eb8e0e4159d0,0.19,false,false,near_mint,en,USD,2026-04-27T19:09:12.850Z
Bulk Box,binder,Body of Knowledge,DSC,Duskmourn: House of Horror Commander,112,normal,rare,1,99063,185b2e8f-ab37-42e4-b3a1-f38b19a2e05a,0.3,false,false,near_mint,en,USD,2026-04-27T19:10:14.607Z
Bulk Box,binder,"Drana, Liberator of Malakir",LCC,The Lost Caverns of Ixalan Commander,193,normal,mythic,1,88248,0850b41d-3589-40cd-ae22-cc5b4ddee1c4,0.58,false,false,near_mint,en,USD,2026-04-27T19:10:14.608Z
Trade Binder,binder,"Skrelv, Defector Mite",SLD,Secret Lair Drop,1926,normal,rare,1,104142,509c00d2-6a84-4760-8927-483ed123b05f,4.8,false,false,near_mint,en,USD,2026-04-27T19:11:43.421Z
Trade Binder,binder,Baleful Strix,OTC,Outlaws of Thunder Junction Commander,215,normal,rare,1,93828,be8439e6-f779-49f0-806a-b04995697a6a,2.04,false,false,near_mint,en,USD,2026-04-27T19:11:43.422Z
Trade Binder,binder,Batterskull,2XM,Double Masters,234,normal,mythic,1,51998,b7f16fdf-a3f5-462d-a64a-789d893b6ef5,4.89,false,false,near_mint,en,USD,2026-04-27T19:11:43.423Z
Trade Binder,binder,Ninja of the Deep Hours,C18,Commander 2018,95,normal,common,1,748,5fea7980-55e1-47c1-ab18-a89c976b55fc,1.75,false,false,near_mint,en,USD,2026-04-27T19:11:43.424Z
Trade Binder,binder,Summon: Yojimbo,FIC,Final Fantasy Commander,28,normal,rare,1,106169,cdbc2d28-ea35-47c6-af7e-07924e9d5794,1.34,false,false,near_mint,en,USD,2026-04-27T19:11:43.425Z
Bulk Box,binder,Emissary Escort,EOE,Edge of Eternities,399,foil,rare,2,107206,f32df6a8-d77f-40ce-bcac-9495db458210,0.19,false,false,near_mint,en,USD,2026-04-27T19:27:26.976Z
Bulk Box,binder,Astelli Reclaimer,EOE,Edge of Eternities,288,normal,rare,1,107204,f01aaada-2525-4f92-83e8-bbc61fa7b9cd,0.92,false,false,near_mint,en,USD,2026-04-27T19:27:26.984Z
Bulk Box,binder,Focus the Mind,TDM,Tarkir: Dragonstorm,45,normal,common,1,105153,abb0ba34-6904-4c17-a04d-ea4f12c7cf21,0.13,false,false,near_mint,en,USD,2026-04-27T19:27:26.989Z
Bulk Box,binder,Mardu Devotee,TDM,Tarkir: Dragonstorm,16,normal,common,1,104366,da45e9b0-a4f6-413b-9e62-666c511eb5b0,0.04,false,false,near_mint,en,USD,2026-04-27T19:27:26.990Z
Bulk Box,binder,Meticulous Artisan,TDM,Tarkir: Dragonstorm,112,normal,common,1,104912,baf4c9dd-0546-41ac-a7ba-0bc312fef31e,0.08,false,false,near_mint,en,USD,2026-04-27T19:27:26.991Z
Bulk Box,binder,Rebellious Strike,TDM,Tarkir: Dragonstorm,20,normal,common,1,104949,c9bafe19-3bd6-4da0-b3e5-e0b89262504c,0.08,false,false,near_mint,en,USD,2026-04-27T19:27:26.993Z
Bulk Box,binder,Rally the Monastery,TDM,Tarkir: Dragonstorm,19,normal,uncommon,1,104136,b56e0037-8143-4c13-83e1-0c3f44e685ea,0.11,false,false,near_mint,en,USD,2026-04-27T19:27:26.994Z
Bulk Box,binder,Reverberating Summons,TDM,Tarkir: Dragonstorm,117,normal,uncommon,1,104475,1af19ce8-bc0c-420c-9e3b-9059b4df32cb,0.07,false,false,near_mint,en,USD,2026-04-27T19:27:26.995Z
Bulk Box,binder,Jeskai Brushmaster,TDM,Tarkir: Dragonstorm,195,normal,uncommon,1,104526,2eb06c36-cf7e-47a9-819e-adfc54284153,0.08,false,false,near_mint,en,USD,2026-04-27T19:27:26.996Z
Bulk Box,binder,Knockout Maneuver,TDM,Tarkir: Dragonstorm,147,normal,uncommon,1,105149,9d218831-2a41-46a3-8e9d-93462cae5cab,0.1,false,false,near_mint,en,USD,2026-04-27T19:27:26.997Z
Bulk Box,binder,Delta Bloodflies,TDM,Tarkir: Dragonstorm,77,foil,common,1,104457,119bb72d-aed9-47dc-9285-7bc836cc3776,0.13,false,false,near_mint,en,USD,2026-04-27T19:27:26.999Z
Bulk Box,binder,Melded Moxite,EOE,Edge of Eternities,143,normal,common,1,107421,474c067f-eb24-4ae8-b4c0-f6f8e24cdb2a,0.18,false,false,near_mint,en,USD,2026-04-27T19:27:27.003Z
Bulk Box,binder,Comet Crawler,EOE,Edge of Eternities,92,normal,common,1,107766,becca990-ab2e-4aa4-be7d-293ec727cb08,0.03,false,false,near_mint,en,USD,2026-04-27T19:27:27.004Z
Bulk Box,binder,Zealous Display,EOE,Edge of Eternities,45,normal,common,1,107787,f5973fd3-d6bc-48f1-8a44-57d2a6dda228,0.06,false,false,near_mint,en,USD,2026-04-27T19:27:27.005Z
Bulk Box,binder,Swarm Culler,EOE,Edge of Eternities,119,normal,common,1,107700,2a8f583c-88b6-4797-b93e-3086845fc326,0.06,false,false,near_mint,en,USD,2026-04-27T19:27:27.018Z
Bulk Box,binder,Red Tiger Mechan,EOE,Edge of Eternities,154,normal,common,1,107139,b7b2fa48-cd2d-42ea-afd8-8cbd7a1bcdab,0.06,false,false,near_mint,en,USD,2026-04-27T19:27:27.019Z
Bulk Box,binder,Desculpting Blast,EOE,Edge of Eternities,54,normal,uncommon,1,107464,77fdbf32-b5f4-4346-846d-d8e0e53e6e53,0.09,false,false,near_mint,en,USD,2026-04-27T19:27:27.021Z
Bulk Box,binder,Close Encounter,EOE,Edge of Eternities,176,normal,uncommon,1,107513,a8a77351-9115-470f-8141-222c1916b337,0.07,false,false,near_mint,en,USD,2026-04-27T19:27:27.022Z
Bulk Box,binder,Territorial Bruntar,EOE,Edge of Eternities,165,normal,uncommon,1,107776,dbb25585-6048-4a85-828e-675bf0da6508,0.06,false,false,near_mint,en,USD,2026-04-27T19:27:27.023Z
Bulk Box,binder,Zero Point Ballad,EOE,Edge of Eternities,128,normal,rare,1,107722,59cf9f4d-54cd-4cda-9726-65e16100ab46,0.32,false,false,near_mint,en,USD,2026-04-27T19:27:27.025Z
Bulk Box,binder,Embrace Oblivion,EOE,Edge of Eternities,98,normal,common,1,106927,3754fc20-7aaa-437d-97df-d6cf1c29586c,0.09,false,false,near_mint,en,USD,2026-04-27T19:27:27.028Z
Bulk Box,binder,Command Bridge,EOE,Edge of Eternities,252,normal,common,1,106926,247670d2-a7cd-4ed7-9c77-704c7962b815,0.19,false,false,near_mint,en,USD,2026-04-27T19:27:27.032Z
Bulk Box,binder,Susurian Dirgecraft,EOE,Edge of Eternities,117,normal,uncommon,1,107757,b67cdb6e-9a3b-4887-924d-318faa3c443d,0.13,false,false,near_mint,en,USD,2026-04-27T19:27:27.033Z
Bulk Box,binder,Vaultguard Trooper,EOE,Edge of Eternities,166,normal,uncommon,1,107709,36afe3b1-43a2-47b4-bc0a-24efb1e2e5a0,0.04,false,false,near_mint,en,USD,2026-04-27T19:27:27.034Z
Bulk Box,binder,Rayblade Trooper,EOE,Edge of Eternities,30,normal,uncommon,1,107535,c08c7bf9-a2ed-45c6-8b48-15122d9d9e37,0.07,false,false,near_mint,en,USD,2026-04-27T19:27:27.035Z
Bulk Box,binder,Terminal Velocity,EOE,Edge of Eternities,163,normal,rare,1,107696,1d18dc06-16f0-4a3b-8d52-dbf4aa2c393d,0.2,false,false,near_mint,en,USD,2026-04-27T19:27:27.036Z
Bulk Box,binder,Uthros Psionicist,EOE,Edge of Eternities,84,foil,uncommon,1,107566,e23cc5fd-afe4-480c-8858-ed80a082584e,0.31,false,false,near_mint,en,USD,2026-04-27T19:27:27.037Z
Bulk Box,binder,Robot,TEOE,Edge of Eternities Tokens,10,normal,common,1,107769,c46f9a07-005c-44b7-8057-b2f00b274dd6,,false,false,near_mint,en,USD,2026-04-27T19:27:27.038Z
Bulk Box,binder,Daily Bugle Building,SPM,Marvel's Spider-Man,179,normal,uncommon,1,108449,669bbcb1-0981-40e7-905e-b94e74bc4861,0.27,false,false,near_mint,en,USD,2026-04-27T19:27:27.043Z
Bulk Box,binder,Spectacular Tactics,SPM,Marvel's Spider-Man,15,normal,common,1,107648,836b4246-f1f2-4495-8664-650dda70ed4f,0.2,false,false,near_mint,en,USD,2026-04-27T19:27:27.044Z
Bulk Box,binder,Spider Manifestation,SPM,Marvel's Spider-Man,148,normal,common,1,108553,99223677-b8a5-48f1-8009-e8475eada7db,0.2,false,false,near_mint,en,USD,2026-04-27T19:27:27.045Z
Bulk Box,binder,Wurmwall Sweeper,EOE,Edge of Eternities,249,normal,common,2,107105,9ace282a-5901-4d36-ad21-17eb88bc5138,0.19,false,false,near_mint,en,USD,2026-04-27T19:27:26.979Z
Bulk Box,binder,Germinating Wurm,EOE,Edge of Eternities,187,foil,common,2,107792,fcde173a-6314-4904-bddd-68b2ab1e4867,0.14,false,false,near_mint,en,USD,2026-04-27T19:27:26.985Z
Bulk Box,binder,Germinating Wurm,EOE,Edge of Eternities,187,normal,common,2,107792,fcde173a-6314-4904-bddd-68b2ab1e4867,0.15,false,false,near_mint,en,USD,2026-04-27T19:27:27.017Z
Ryan Grave,deck,Akul the Unrepentant,OTJ,Outlaws of Thunder Junction,189,normal,rare,1,93198,68fd8548-50db-4243-9154-377f32408d58,0.31,false,false,near_mint,en,USD,2026-05-23T16:02:47.042Z
Ryan Grave,deck,Ammit Eternal,HOU,Hour of Devastation,57,normal,rare,1,4618,1b04934f-87d1-4768-b7b5-5f7249a09771,0.86,false,false,near_mint,en,USD,2026-05-23T16:02:47.042Z
Ryan Grave,deck,Amplifire,RNA,Ravnica Allegiance,92,normal,rare,1,43772,7a58c77f-7c15-44f4-8011-6046482a2d08,0.16,false,false,near_mint,en,USD,2026-05-23T16:02:47.042Z
Ryan Grave,deck,Ash Barrens,TDC,Tarkir: Dragonstorm Commander,339,normal,common,1,105054,f5314520-b8af-4416-b57c-74388542ecb6,0.3,false,false,near_mint,en,USD,2026-05-23T16:02:47.042Z
Ryan Grave,deck,Ashnod's Intervention,BRO,The Brothers' War,85,foil,common,1,75740,bcf491db-d12b-4c58-9c05-085cac34a73e,0.21,false,false,near_mint,en,USD,2026-05-23T16:02:47.042Z
Ryan Grave,deck,Bellowing Bruiser // Beat a Path,WOE,Wilds of Eldraine,121,normal,common,1,85304,26ece013-f3ef-4c12-9dea-b2789f61f8a0,0.14,false,false,near_mint,en,USD,2026-05-23T16:02:47.042Z
Ryan Grave,deck,Bloodwater Entity,2X2,Double Masters 2022,185,foil,common,1,70511,cdddab31-1455-4b31-ba81-c346e608c34e,0.2,false,false,near_mint,en,USD,2026-05-23T16:02:47.042Z
Ryan Grave,deck,"Braids, Conjurer Adept",CMM,Commander Masters,76,normal,rare,1,84667,9ea0a701-1349-4d32-9fe7-8a2563c9613d,0.41,false,false,near_mint,en,USD,2026-05-23T16:02:47.042Z
Ryan Grave,deck,Callous Sell-Sword // Burn Together,WOE,Wilds of Eldraine,221,normal,uncommon,1,85498,770ee3da-d33e-466f-9a2e-ad2d08ef5012,0.28,false,false,near_mint,en,USD,2026-05-23T16:02:47.042Z
Ryan Grave,deck,Canyon Slough,ECC,Lorwyn Eclipsed Commander,145,normal,rare,1,110629,d2ba7cfa-36f2-410f-80c3-5a06f4b48372,0.29,false,false,near_mint,en,USD,2026-05-23T16:02:47.042Z
Ryan Grave,deck,Coastal Bulwark,BRO,The Brothers' War,76,foil,common,1,75843,e24567f8-d195-4547-bba4-7a8131dc7889,0.23,false,false,near_mint,en,USD,2026-05-23T16:02:47.042Z
Ryan Grave,deck,Command Tower,TDC,Tarkir: Dragonstorm Commander,107,normal,common,1,104302,5fc770b6-03ac-45c3-a2ca-bd508096384e,0.32,false,false,near_mint,en,USD,2026-05-23T16:02:47.042Z
Ryan Grave,deck,Contaminated Aquifer,TDC,Tarkir: Dragonstorm Commander,353,normal,common,1,104842,9fad6994-1280-4a8e-a2f5-34b4ed6ef6f5,0.28,false,false,near_mint,en,USD,2026-05-23T16:02:47.042Z
Ryan Grave,deck,Cost of Brilliance,SOS,Secrets of Strixhaven,77,normal,common,1,112594,3a46816b-9f75-4c72-9ec6-cded6a4a0d01,0.15,false,false,near_mint,en,USD,2026-05-23T16:02:47.042Z
Ryan Grave,deck,Darkwater Catacombs,TDC,Tarkir: Dragonstorm Commander,355,normal,rare,1,104429,03fbf51d-f622-4629-a228-a03ce7caf500,0.37,false,false,near_mint,en,USD,2026-05-23T16:02:47.042Z
Ryan Grave,deck,Disdainful Stroke,WOE,Wilds of Eldraine,47,normal,uncommon,1,85411,588c6217-c460-417e-98bf-de5475780baf,0.18,false,false,near_mint,en,USD,2026-05-23T16:02:47.042Z
Ryan Grave,deck,Eel Umbra,2X2,Double Masters 2022,48,foil,common,1,70449,b4ab47ce-a6dd-4839-ab41-053c5c5de768,0.26,false,false,near_mint,en,USD,2026-05-23T16:02:47.042Z
Ryan Grave,deck,Eternal Taskmaster,WAR,War of the Spark,90,normal,uncommon,1,44314,7789188e-5caa-4500-b3e4-bb95f7657903,0.1,false,false,near_mint,en,USD,2026-05-23T16:02:47.042Z
Ryan Grave,deck,Evolving Wilds,TDM,Tarkir: Dragonstorm,255,normal,common,1,104685,62209251-4118-4843-895b-46afb7284c75,0.3,false,false,near_mint,en,USD,2026-05-23T16:02:47.042Z
Ryan Grave,deck,Exotic Orchard,ECC,Lorwyn Eclipsed Commander,148,normal,rare,1,110638,dc0a1bc1-ba94-4494-a196-5363fde85194,0.24,false,false,near_mint,en,USD,2026-05-23T16:02:47.042Z
Ryan Grave,deck,Extravagant Replication,FDN,Foundations,154,normal,rare,1,100634,6a41dfae-bc7e-4105-8f7e-fd0109197ad8,0.4,false,false,near_mint,en,USD,2026-05-23T16:02:47.042Z
Ryan Grave,deck,Falcon Abomination,MID,Innistrad: Midnight Hunt,52,normal,common,1,63498,f0668413-859d-4ec4-a4d8-17ec7f5b1b8b,0.22,false,false,near_mint,en,USD,2026-05-23T16:02:47.042Z
Ryan Grave,deck,Fell Horseman // Deathly Ride,WOE,Wilds of Eldraine,92,normal,common,1,85365,43bb3890-4013-48be-8cb5-54fd8fd8ec52,0.17,false,false,near_mint,en,USD,2026-05-23T16:02:47.042Z
Ryan Grave,deck,Ferrous Lake,TDC,Tarkir: Dragonstorm Commander,361,normal,rare,1,104583,4105785e-cbaa-4017-ae93-ba5ac8f2fd4c,0.34,false,false,near_mint,en,USD,2026-05-23T16:02:47.042Z
Ryan Grave,deck,Fetid Pools,TDC,Tarkir: Dragonstorm Commander,363,normal,rare,1,104971,d036dfb9-7da2-4375-83ee-b01eb95b64e6,0.26,false,false,near_mint,en,USD,2026-05-23T16:02:47.042Z
Ryan Grave,deck,Firemind's Foresight,DDS,Duel Decks: Mind vs. Might,21,normal,rare,1,5922,555778df-8ed9-4eb3-859b-4246d9e05ee5,0.19,false,false,near_mint,en,USD,2026-05-23T16:02:47.042Z
Ryan Grave,deck,Flip the Switch,MID,Innistrad: Midnight Hunt,54,normal,common,1,63263,5cdbe4e3-f030-46fa-ae84-edf261b61706,0.18,false,false,near_mint,en,USD,2026-05-23T16:02:47.042Z
Ryan Grave,deck,Frolicking Familiar // Blow Off Steam,WOE,Wilds of Eldraine,226,normal,uncommon,1,85455,64c432d5-4f5b-44ac-9d61-891e78460d58,0.28,false,false,near_mint,en,USD,2026-05-23T16:02:47.042Z
Ryan Grave,deck,Frostcliff Siege,TDM,Tarkir: Dragonstorm,187,normal,rare,1,104338,a750aabb-9788-494a-841f-bf75717970a7,2.33,false,false,near_mint,en,USD,2026-05-23T16:02:47.042Z
Ryan Grave,deck,Gixian Skullflayer,BRO,The Brothers' War,100,foil,common,1,75874,ebdcf02b-1876-44d7-8a22-679ea1272856,0.07,false,false,near_mint,en,USD,2026-05-23T16:02:47.042Z
Ryan Grave,deck,Grave Titan,M12,Magic 2012,98,normal,mythic,1,19169,5c70da33-ce5d-4b8b-9c1d-9a356a7e196f,1.72,false,false,near_mint,en,USD,2026-05-23T16:02:47.042Z
Ryan Grave,deck,Hellspur Posse Boss,OTJ,Outlaws of Thunder Junction,128,normal,rare,1,93180,5f348c7e-7d72-40f1-a65f-ee7ff4b09412,0.17,false,false,near_mint,en,USD,2026-05-23T16:02:47.042Z
Ryan Grave,deck,Hissing Iguanar,2X2,Double Masters 2022,113,foil,common,1,70106,2268cf4b-de6d-4447-86e8-f8298728a3bd,0.23,false,false,near_mint,en,USD,2026-05-23T16:02:47.042Z
Ryan Grave,deck,Howl of the Horde,KTK,Khans of Tarkir,112,normal,rare,1,13286,5db4baf3-f0dc-4b27-8323-a76764332590,0.24,false,false,near_mint,en,USD,2026-05-23T16:02:47.042Z
Ryan Grave,deck,Icewrought Sentry,WOE,Wilds of Eldraine,55,normal,uncommon,1,85535,859419d3-cd15-4362-98b3-a7ff98e29692,0.26,false,false,near_mint,en,USD,2026-05-23T16:02:47.042Z
Ryan Grave,deck,Island,SOM,Scars of Mirrodin,235,normal,common,9,20797,b6549f83-e3da-4df2-a1e4-f01773607d56,0.13,false,false,near_mint,en,USD,2026-05-23T16:02:47.042Z
Ryan Grave,deck,Jace's Mindseeker,M14,Magic 2014,61,foil,rare,1,15990,f67852a6-ae75-44e7-9e2d-d458c7b9d869,0.41,false,false,near_mint,en,USD,2026-05-23T16:02:47.042Z
Ryan Grave,deck,Liliana's Devotee,MIC,Midnight Hunt Commander,122,normal,uncommon,1,63621,6cffbebb-db4c-4bbd-aa4d-9ddae4c88a44,0.27,false,false,near_mint,en,USD,2026-05-23T16:02:47.042Z
Ryan Grave,deck,Liliana's Elite,2X2,Double Masters 2022,82,normal,common,1,70415,a3da81fa-0bd1-4415-b112-3fa4438efe4b,0.22,false,false,near_mint,en,USD,2026-05-23T16:02:47.042Z
Ryan Grave,deck,Living Lightning,CLU,Ravnica: Clue Edition,142,normal,uncommon,1,90612,010d93c7-4764-4271-9765-fde1d79f46a0,0.17,false,false,near_mint,en,USD,2026-05-23T16:02:47.042Z
Ryan Grave,deck,Mage Tower Referee,SOS,Secrets of Strixhaven,249,normal,common,1,112568,1ceb704a-97a8-49f9-b799-30f001404144,0.11,false,false,near_mint,en,USD,2026-05-23T16:02:47.042Z
Ryan Grave,deck,"Malcolm, the Eyes",OTJ,Outlaws of Thunder Junction,219,normal,rare,1,93159,521dffaa-813b-41e4-b7c2-a8c407167875,0.29,false,false,near_mint,en,USD,2026-05-23T16:02:47.042Z
Ryan Grave,deck,"Marchesa, Dealer of Death",OTJ,Outlaws of Thunder Junction,220,normal,rare,1,93412,ee29b59c-d57c-4a03-bae7-e9dfa57d6bb1,0.27,false,false,near_mint,en,USD,2026-05-23T16:02:47.042Z
Ryan Grave,deck,Messenger's Speed,THS,Theros,129,normal,common,1,15535,93d7f033-217f-4fb3-a57b-e32291257ec8,0.14,false,false,near_mint,en,USD,2026-05-23T16:02:47.042Z
Ryan Grave,deck,Minecart Daredevil // Ride the Rails,WOE,Wilds of Eldraine,141,normal,common,1,85421,5b2a02f3-3921-4f40-9ffa-70bc08b052e1,0.06,false,false,near_mint,en,USD,2026-05-23T16:02:47.042Z
Ryan Grave,deck,Mintstrosity,WOE,Wilds of Eldraine,100,normal,common,1,85756,d902f154-6fe8-4b97-aa67-4d4696abf887,0.22,false,false,near_mint,en,USD,2026-05-23T16:02:47.042Z
Ryan Grave,deck,Mishra's Domination,BRO,The Brothers' War,142,foil,common,1,75609,87c71fb1-a30b-4e0e-a6d6-4656cfff2da1,0.17,false,false,near_mint,en,USD,2026-05-23T16:02:47.042Z
Ryan Grave,deck,Molten Monstrosity,DMU,Dominaria United,139,normal,common,1,71317,240957e5-ab0a-443f-92de-ae999b08c44f,0.07,false,false,near_mint,en,USD,2026-05-23T16:02:47.042Z
Ryan Grave,deck,Morkrut Behemoth,MID,Innistrad: Midnight Hunt,114,normal,common,1,63190,318fe8a2-a68a-4c7e-9581-ae6800826164,0.1,false,false,near_mint,en,USD,2026-05-23T16:02:47.042Z
Ryan Grave,deck,Mountain,DDL,Duel Decks: Heroes vs. Monsters,76,normal,common,8,15689,dd2ac135-2411-4753-ba4f-41c33de526db,0.24,false,false,near_mint,en,USD,2026-05-23T16:02:47.042Z
Ryan Grave,deck,Muse's Encouragement,SOS,Secrets of Strixhaven,61,normal,common,1,112301,c59e0004-1d6a-42a1-8ce4-31da2af2e1bf,0.07,false,false,near_mint,en,USD,2026-05-23T16:02:47.042Z
Ryan Grave,deck,"Obeka, Splitter of Seconds",OTJ,Outlaws of Thunder Junction,222,normal,rare,1,93029,03415c42-086e-4a2e-9be8-5cdcde83f134,0.31,false,false,near_mint,en,USD,2026-05-23T16:02:47.042Z
Ryan Grave,deck,Raze to the Ground,BRO,The Brothers' War,149,normal,common,1,75598,838b25d2-7615-4375-a5e6-3d762c9072a5,0.06,false,false,near_mint,en,USD,2026-05-23T16:02:47.042Z
Ryan Grave,deck,Roil Eruption,ZNR,Zendikar Rising,155,normal,common,1,54634,86572747-8faa-4242-b059-07d11e6be1cd,0.15,false,false,near_mint,en,USD,2026-05-23T16:02:47.042Z
Ryan Grave,deck,Run Amok,KHM,Kaldheim,147,normal,common,1,56845,44c8136f-2826-476c-a103-7094670506a6,0.24,false,false,near_mint,en,USD,2026-05-23T16:02:47.042Z
Ryan Grave,deck,Run Behind,SOS,Secrets of Strixhaven,66,normal,common,1,112601,40ecc34b-4cd0-4998-bbf4-7faa6fd3d7e0,0.05,false,false,near_mint,en,USD,2026-05-23T16:02:47.042Z
Ryan Grave,deck,Send in the Pest,SOS,Secrets of Strixhaven,100,normal,common,1,112576,283b508b-89f0-4c23-9686-b049e402b73c,0.24,false,false,near_mint,en,USD,2026-05-23T16:02:47.042Z
Ryan Grave,deck,Shipwreck Dowser,FDN,Foundations,596,normal,uncommon,1,100230,1f20fe3d-792a-4030-a25c-e81b48b2bcb4,0.1,false,false,near_mint,en,USD,2026-05-23T16:02:47.042Z
Ryan Grave,deck,Siphon Insight,OTP,Breaking News,54,normal,rare,1,93036,07fb25f7-1fb7-4c2a-abb8-adfb24860bce,0.21,false,false,near_mint,en,USD,2026-05-23T16:02:47.042Z
Ryan Grave,deck,Skeleton Archer,FDN,Foundations,526,normal,common,1,100708,7a959048-0d8a-41bb-8a33-52264e525085,0.09,false,false,near_mint,en,USD,2026-05-23T16:02:47.042Z
Ryan Grave,deck,Skyline Despot,CMM,Commander Masters,254,normal,uncommon,1,84349,4e080dc5-361e-4e0b-b0d6-9ca060edceed,0.49,false,false,near_mint,en,USD,2026-05-23T16:02:47.042Z
Ryan Grave,deck,Stir the Sands,AKH,Amonkhet,110,foil,uncommon,1,5575,0cb84193-9648-46e5-a34d-c12cc3f1d7f2,0.43,false,false,near_mint,en,USD,2026-05-23T16:02:47.042Z
Ryan Grave,deck,Stoic Sphinx,OTJ,Outlaws of Thunder Junction,71,normal,rare,1,93434,f93f5055-30d8-4fc4-afa5-29212e8c7536,0.2,false,false,near_mint,en,USD,2026-05-23T16:02:47.042Z
Ryan Grave,deck,Stormrider Spirit,MID,Innistrad: Midnight Hunt,79,normal,common,1,63325,81a95edb-9f5b-4e42-8b27-0b3d978dcefe,0.09,false,false,near_mint,en,USD,2026-05-23T16:02:47.042Z
Ryan Grave,deck,Sugar Rush,WOE,Wilds of Eldraine,110,normal,common,1,85626,a638c9ba-45d6-4b50-a8ab-ef580a0a5d8e,0.23,false,false,near_mint,en,USD,2026-05-23T16:02:47.042Z
Ryan Grave,deck,Swamp,DDM,Duel Decks: Jace vs. Vraska,79,normal,common,8,14671,11fd1aaf-b33d-4a27-8394-c0dadf889b1b,0.13,false,false,near_mint,en,USD,2026-05-23T16:02:47.042Z
Ryan Grave,deck,Tablet of Discovery,SOS,Secrets of Strixhaven,132,normal,uncommon,1,112565,13059664-a940-4a66-8100-0c90b884bab4,0.44,false,false,near_mint,en,USD,2026-05-23T16:02:47.042Z
Ryan Grave,deck,Temple of Epiphany,EOC,Edge of Eternities Commander,187,normal,rare,1,107309,a4ee2565-a630-4c7b-93c2-8baba3d3441e,0.29,false,false,near_mint,en,USD,2026-05-23T16:02:47.042Z
Ryan Grave,deck,Temple of the False God,OTC,Outlaws of Thunder Junction Commander,334,normal,uncommon,1,93938,f55a1775-9672-4f0c-9aab-30ba90f0d1e6,0.2,false,false,near_mint,en,USD,2026-05-23T16:02:47.042Z
Ryan Grave,deck,Terramorphic Expanse,TDC,Tarkir: Dragonstorm Commander,408,normal,common,1,104843,9ff6e014-4811-44df-a7f8-a667a4a01f4f,0.27,false,false,near_mint,en,USD,2026-05-23T16:02:47.042Z
Ryan Grave,deck,The Everflowing Well // The Myriad Pools,LCI,The Lost Caverns of Ixalan,56,normal,rare,1,88861,bf573fb7-fa6c-4df7-8e5e-1e071585361e,0.35,false,false,near_mint,en,USD,2026-05-23T16:02:47.042Z
Ryan Grave,deck,"Totentanz, Swarm Piper",WOE,Wilds of Eldraine,216,normal,uncommon,1,85267,1422d6db-fe5b-4a89-951a-fbd7985a29fc,0.3,false,false,near_mint,en,USD,2026-05-23T16:02:47.042Z
Ryan Grave,deck,Transmogrant Altar,BRO,The Brothers' War,124,foil,uncommon,1,75778,ca28d210-a35d-491e-beda-76b95d09dc2d,0.32,false,false,near_mint,en,USD,2026-05-23T16:02:47.042Z
Ryan Grave,deck,Twilight Prophet,LCC,The Lost Caverns of Ixalan Commander,211,normal,mythic,1,88437,41f90e2b-cdbb-4a7c-aba0-c72055b414ed,0.9,false,false,near_mint,en,USD,2026-05-23T16:02:47.042Z
Ryan Grave,deck,Unholy Indenture,M20,Core Set 2020,119,normal,common,1,45342,31e22edb-a815-413d-b62d-f32f8932b6e6,0.1,false,false,near_mint,en,USD,2026-05-23T16:02:47.042Z
Ryan Grave,deck,"Vadmir, New Blood",OTJ,Outlaws of Thunder Junction,113,normal,rare,1,93239,828b5855-af5a-46a6-8fd4-0a2e28f3bb01,0.27,false,false,near_mint,en,USD,2026-05-23T16:02:47.042Z
Ryan Grave,deck,Visionary's Dance,SOS,Secrets of Strixhaven,242,normal,common,1,112638,846a0e79-a530-429e-8f7f-4b87f1b0156e,0.15,false,false,near_mint,en,USD,2026-05-23T16:02:47.042Z
Ryan Grave,deck,Weakstone's Subjugation,BRO,The Brothers' War,72,normal,common,1,75880,ef93ac79-8575-40f8-a222-63c2ffb30f60,0.1,false,false,near_mint,en,USD,2026-05-23T16:02:47.042Z
