Binder Name,Binder Type,Name,Set code,Set name,Collector number,Foil,Rarity,Quantity,ManaBox ID,Scryfall ID,Purchase price,Misprint,Altered,Condition,Language,Purchase price currency,Added
Alte Karten,binder,Temple of the False God,DSC,Duskmourn: House of Horror Commander,313,normal,uncommon,1,99079,23d62c88-3a7a-4eef-8ec4-ff1243e6ce93,0.17,false,false,near_mint,en,CHF,2026-06-17T06:12:24.557Z
Alte Karten,binder,Forgotten Cave,CMR,Commander Legends,483,normal,common,1,55995,084bf9fe-78d2-4fef-8514-ed64d6c771e6,0.21,false,false,near_mint,en,CHF,2026-06-17T06:12:24.551Z
Alte Karten,binder,Smoldering Crater,DMR,Dominaria Remastered,257,normal,common,1,78150,ddcfaaed-c139-4787-946f-59800bde71e4,0.23,false,false,near_mint,en,CHF,2026-06-17T06:12:24.548Z
Alte Karten,binder,Mind Stone,BLC,Bloomburrow Commander,280,normal,uncommon,1,96305,5cf95476-27ed-487d-8459-c97a921bb808,0.27,false,false,near_mint,en,CHF,2026-06-17T06:12:24.543Z
Alte Karten,binder,Buried Ruin,EOC,Edge of Eternities Commander,150,normal,uncommon,1,107287,7ab1a074-9d92-4125-9200-84cd035f8f53,0.26,false,false,near_mint,en,CHF,2026-06-17T06:12:24.541Z
Alte Karten,binder,Ghost Quarter,CM2,Commander Anthology Volume II,253,normal,uncommon,1,1484,12f8071c-8955-4aa2-889c-6043df047223,0.72,false,false,near_mint,en,CHF,2026-06-17T06:12:24.536Z
Alte Karten,binder,Phyrexia's Core,C21,Commander 2021,309,normal,uncommon,1,58626,8d8df09f-d22f-4f29-b920-358433f81b76,0.28,false,false,near_mint,en,CHF,2026-06-17T06:12:24.535Z
Alte Karten,binder,Reliquary Tower,TDC,Tarkir: Dragonstorm Commander,386,normal,uncommon,1,104714,6be3be55-7f9d-4a4c-b916-a1cb64f833c8,2.55,false,false,near_mint,en,CHF,2026-06-17T06:12:24.531Z
Alte Karten,binder,Great Furnace,EOC,Edge of Eternities Commander,161,normal,common,1,107282,74c5bb44-d72c-4c1a-a38f-86b4a8f49ae1,1.74,false,false,near_mint,en,CHF,2026-06-17T06:12:24.530Z
Alte Karten,binder,Arcane Lighthouse,CMM,Commander Masters,985,normal,uncommon,1,84527,7c247fd6-09f3-40cd-b3fb-53b6526e1dcf,5.54,false,false,near_mint,en,CHF,2026-06-17T06:12:24.529Z
Alte Karten,binder,Dormant Volcano,CM2,Commander Anthology Volume II,246,normal,uncommon,1,1491,83f90da4-9b01-431d-83b1-f54c132efec1,0.86,false,false,near_mint,en,CHF,2026-06-17T06:12:24.526Z
Alte Karten,binder,Flamekin Village,ECC,Lorwyn Eclipsed Commander,149,normal,rare,1,110639,df0affe7-92d8-422f-833d-74089626b829,0.25,false,false,near_mint,en,CHF,2026-06-17T06:12:24.525Z
Alte Karten,binder,Faithless Looting,TDC,Tarkir: Dragonstorm Commander,213,normal,common,1,104933,c43aeb5a-8bdc-4aa9-89d1-156f97ac38aa,0.24,false,false,near_mint,en,CHF,2026-06-17T06:12:24.520Z
Alte Karten,binder,Hoard-Smelter Dragon,AFC,Forgotten Realms Commander,128,normal,rare,1,60663,2f4c5867-73c4-4e10-bbf5-6a69df879547,0.25,false,false,near_mint,en,CHF,2026-06-17T06:12:24.519Z
Alte Karten,binder,Dreamstone Hedron,M3C,Modern Horizons 3 Commander,289,normal,uncommon,1,94918,25c5e6f8-eec6-4a90-b7c6-36f882bab64a,0.26,false,false,near_mint,en,CHF,2026-06-17T06:12:24.518Z
Alte Karten,binder,Spitebellows,CM2,Commander Anthology Volume II,117,normal,uncommon,1,1620,497f8aae-fd62-4cc6-9ccc-22d5ee4f6b81,0.2,false,false,near_mint,en,CHF,2026-06-17T06:12:24.517Z
Alte Karten,binder,Sol Ring,M3C,Modern Horizons 3 Commander,305,normal,uncommon,1,94714,19911e6e-7c35-4281-b31c-266382f052cc,1.32,false,false,near_mint,en,CHF,2026-06-17T06:12:24.516Z
Alte Karten,binder,Unstable Obelisk,CMM,Commander Masters,416,normal,common,1,84634,94eba26e-7c9e-46f3-ad13-aa684f3365cb,0.21,false,false,near_mint,en,CHF,2026-06-17T06:12:24.515Z
Alte Karten,binder,Myr Sire,CMM,Commander Masters,400,normal,common,1,84063,11ba43d1-e879-40e0-b49c-e009deb7e3aa,0.13,false,false,near_mint,en,CHF,2026-06-17T06:12:24.514Z
Alte Karten,binder,Steel Hellkite,TDC,Tarkir: Dragonstorm Commander,327,normal,rare,1,104651,548cbc66-d915-4b94-86da-4c909a1ce645,0.25,false,false,near_mint,en,CHF,2026-06-17T06:12:24.513Z
Alte Karten,binder,Tuktuk the Explorer,2XM,Double Masters,149,normal,rare,1,51992,b17f5403-7692-41ca-a3c9-b81c31bddc00,0.28,false,false,near_mint,en,CHF,2026-06-17T06:12:24.512Z
Alte Karten,binder,"Bosh, Iron Golem",C21,Commander 2021,237,normal,rare,1,58494,09fb3b1f-c3a0-4da4-9b29-eff81fc1d562,0.24,false,false,near_mint,en,CHF,2026-06-17T06:12:24.511Z
Alte Karten,binder,Feldon of the Third Path,MOC,March of the Machine Commander,277,normal,mythic,1,81491,0360f1ff-15c9-48e3-89eb-fbc4bf140c55,1.17,false,false,near_mint,en,CHF,2026-06-17T06:12:24.510Z
Alte Karten,binder,Bogardan Hellkite,AFC,Forgotten Realms Commander,115,normal,mythic,1,60644,22dd2242-2fd8-4752-886c-fc6dbabcf89a,0.56,false,false,near_mint,en,CHF,2026-06-17T06:12:24.509Z
Alte Karten,binder,Warmonger Hellkite,CLB,Commander Legends: Battle for Baldur's Gate,814,normal,rare,1,69641,bbedbf64-cd51-4f40-9735-272bd86fdf84,0.24,false,false,near_mint,en,CHF,2026-06-17T06:12:24.508Z
Alte Karten,binder,Trading Post,CM2,Commander Anthology Volume II,225,normal,rare,1,1512,1ae64bb3-115a-4c68-99c9-a45b6f788b80,0.27,false,false,near_mint,en,CHF,2026-06-17T06:12:24.507Z
Alte Karten,binder,Jalum Tome,DMR,Dominaria Remastered,226,normal,common,1,77868,3d2db45f-4cdb-4b7f-a270-44b2b1482f69,0.07,false,false,near_mint,en,CHF,2026-06-17T06:12:24.506Z
Alte Karten,binder,Cathodion,2XM,Double Masters,237,normal,common,1,52096,13ddba34-e627-4f4c-b78c-ea0c48a22537,0.13,false,false,near_mint,en,CHF,2026-06-17T06:12:24.505Z
Alte Karten,binder,Alloy Myr,MM2,Modern Masters 2015,201,normal,common,1,11016,f4a82ecd-ce0c-456e-bb79-b3b8d6602e1b,0.32,false,false,near_mint,en,CHF,2026-06-17T06:12:24.504Z
Alte Karten,binder,Pilgrim's Eye,CMM,Commander Masters,402,normal,common,1,84319,48bfc25b-f73c-431c-b173-adcd65c5d491,0.09,false,false,near_mint,en,CHF,2026-06-17T06:12:24.503Z
Alte Karten,binder,Mycosynth Wellspring,C21,Commander 2021,252,normal,common,1,58683,c11c16ff-1786-4426-86b0-d7beb7a71798,0.3,false,false,near_mint,en,CHF,2026-06-17T06:12:24.502Z
Alte Karten,binder,Beetleback Chief,CM2,Commander Anthology Volume II,83,normal,uncommon,1,1654,3228ed6c-523b-4739-a10a-6867ba4b6c06,0.33,false,false,near_mint,en,CHF,2026-06-17T06:12:24.501Z
Alte Karten,binder,Bottle Gnomes,CM2,Commander Anthology Volume II,177,normal,uncommon,1,1560,fa29a4ce-a8fa-499d-9994-f294c38b2ce5,0.15,false,false,near_mint,en,CHF,2026-06-17T06:12:24.499Z
Alte Karten,binder,Word of Seizing,CMR,Commander Legends,420,normal,rare,1,56062,4aa93215-9848-42d4-a386-6a248c2a1742,0.17,false,false,near_mint,en,CHF,2026-06-17T06:12:24.498Z
Alte Karten,binder,Starstorm,BLC,Bloomburrow Commander,203,normal,rare,1,96414,a5f3ab82-2a24-4c6c-bdd9-f2bd5adca144,0.23,false,false,near_mint,en,CHF,2026-06-17T06:12:24.497Z
Alte Karten,binder,Chaos Warp,TDC,Tarkir: Dragonstorm Commander,208,normal,rare,1,104572,3e78cf93-3b4e-4cd7-a9f8-0a8737013856,0.32,false,false,near_mint,en,CHF,2026-06-17T06:12:24.496Z
Alte Karten,binder,Liquimetal Coating,CM2,Commander Anthology Volume II,197,normal,uncommon,1,1540,f631447c-36e3-4d82-a658-19c9767a216b,1.13,false,false,near_mint,en,CHF,2026-06-17T06:12:24.495Z
Alte Karten,binder,Loreseeker's Stone,CMR,Commander Legends,320,normal,uncommon,1,56235,e95365a8-514a-4212-9d65-b0cdf2cd06e5,0.1,false,false,near_mint,en,CHF,2026-06-17T06:12:24.494Z
Alte Karten,binder,Magmaquake,AFC,Forgotten Realms Commander,133,normal,rare,1,60796,8a8945b4-d2e1-4779-9c33-a8b062637fa6,0.26,false,false,near_mint,en,CHF,2026-06-17T06:12:24.493Z
Alte Karten,binder,Darksteel Citadel,C21,Commander 2021,285,normal,uncommon,1,58530,2ba7597d-6d76-45b8-b172-342999e401bd,3.06,false,false,near_mint,en,CHF,2026-06-17T06:12:24.492Z
Alte Karten,binder,Fire Diamond,VOC,Crimson Vow Commander,164,normal,common,1,64549,5df5e4e9-b52a-454f-b28d-c12430a952bd,0.9,false,false,near_mint,en,CHF,2026-06-17T06:12:24.491Z
Alte Karten,binder,Ichor Wellspring,C21,Commander 2021,245,normal,common,1,58519,1ccdb407-ac8f-4736-89d3-ab0d086096ea,1.32,false,false,near_mint,en,CHF,2026-06-17T06:12:24.490Z
Alte Karten,binder,Blasphemous Act,ECC,Lorwyn Eclipsed Commander,89,normal,rare,1,110661,f349a283-a3ee-468b-92c5-d74f53f4d621,0.7,false,false,near_mint,en,CHF,2026-06-17T06:12:24.489Z
Alte Karten,binder,Golem's Heart,DCI,DCI Promos,60,foil,rare,1,22200,1630b54b-b580-4d64-8926-72df69065a9b,0.65,false,false,near_mint,en,CHF,2026-06-17T06:12:24.488Z
Alte Karten,binder,Pristine Talisman,C21,Commander 2021,258,normal,common,1,58803,6b6307f3-bc63-463c-8ffc-a8b8b829e5d7,0.3,false,false,near_mint,en,CHF,2026-06-17T06:12:24.487Z
Alte Karten,binder,Spine of Ish Sah,BLC,Bloomburrow Commander,285,normal,rare,1,96147,033b1ee0-494f-4881-8bdf-f9436d58fd66,0.22,false,false,near_mint,en,CHF,2026-06-17T06:12:24.486Z
Alte Karten,binder,Incite Rebellion,CM2,Commander Anthology Volume II,108,normal,rare,1,1629,3633c759-f86a-436d-b54d-0d6c9ef14b63,0.36,false,false,near_mint,en,CHF,2026-06-17T06:12:24.485Z
Alte Karten,binder,Impact Resonance,CM2,Commander Anthology Volume II,107,normal,rare,1,1630,cd1742a6-adbd-4fbe-82c7-fe3589623d14,0.65,false,false,near_mint,en,CHF,2026-06-17T06:12:24.484Z
Alte Karten,binder,Panic Spellbomb,CM2,Commander Anthology Volume II,208,normal,common,1,1529,6d572487-de58-4ec0-9649-0cdacff4bb48,0.26,false,false,near_mint,en,CHF,2026-06-17T06:12:24.483Z
Alte Karten,binder,Commander's Sphere,ECC,Lorwyn Eclipsed Commander,139,normal,common,1,110579,a0d50603-e31f-4cd7-b4b6-49847d99eb2e,0.26,false,false,near_mint,en,CHF,2026-06-17T06:12:24.482Z
Alte Karten,binder,Flametongue Kavu,DMR,Dominaria Remastered,120,normal,uncommon,1,77801,1b3a5139-3341-409e-be33-184897c7398e,0.13,false,false,near_mint,en,CHF,2026-06-17T06:12:24.481Z
Alte Karten,binder,Ingot Chewer,ECC,Lorwyn Eclipsed Commander,95,normal,common,1,110615,c2086d4e-c202-4677-8dee-ecabd61cf921,0.17,false,false,near_mint,en,CHF,2026-06-17T06:12:24.480Z
Alte Karten,binder,Whipflare,CM2,Commander Anthology Volume II,130,normal,uncommon,1,1607,81a3f7f3-da33-48d6-89c0-faf42998a08b,0.25,false,false,near_mint,en,CHF,2026-06-17T06:12:24.479Z
Alte Karten,binder,Tribal Flames,MM2,Modern Masters 2015,132,normal,common,1,11085,d22418cd-4c49-4754-aa75-17f6eaf1639a,0.17,false,false,near_mint,en,CHF,2026-06-17T06:12:24.478Z
Alte Karten,binder,Pentavus,CM2,Commander Anthology Volume II,209,normal,rare,1,1528,abf08ea2-187c-4067-81b6-a63db49b50ab,0.16,false,false,near_mint,en,CHF,2026-06-17T06:12:24.476Z
Alte Karten,binder,Everflowing Chalice,EOC,Edge of Eternities Commander,137,normal,uncommon,1,107346,e4ed0052-d6dd-4f69-8313-10863baefac9,0.25,false,false,near_mint,en,CHF,2026-06-17T06:12:24.475Z
Alte Karten,binder,Bitter Feud,CM2,Commander Anthology Volume II,84,normal,rare,1,1653,26387ab4-74da-49d7-965e-352da48d6a90,0.51,false,false,near_mint,en,CHF,2026-06-17T06:12:24.474Z
Alte Karten,binder,Palladium Myr,CMM,Commander Masters,967,normal,uncommon,1,85065,f7c6aba3-38c3-45d1-83e1-40829eb07862,1.01,false,false,near_mint,en,CHF,2026-06-17T06:12:24.473Z
Alte Karten,binder,Solemn Simulacrum,TDC,Tarkir: Dragonstorm Commander,325,normal,rare,1,104953,cb1563a1-c8dc-4fcb-b9c8-e7432235d31e,0.27,false,false,near_mint,en,CHF,2026-06-17T06:12:24.472Z
Alte Karten,binder,Junk Diver,MH3,Modern Horizons 3,293,normal,uncommon,1,94491,6b5d53cb-bf80-43b0-b839-b11a64ff4c1b,0.23,false,false,near_mint,en,CHF,2026-06-17T06:12:24.471Z
Alte Karten,binder,Wayfarer's Bauble,M3C,Modern Horizons 3 Commander,315,normal,common,1,94740,45794583-7f65-48e4-8d91-b2f8994c4215,0.27,false,false,near_mint,en,CHF,2026-06-17T06:12:24.470Z
Alte Karten,binder,Myr Retriever,2XM,Double Masters,277,normal,common,1,51931,7f0149d4-0731-474a-a1c3-28c25e486c14,2.63,false,false,near_mint,en,CHF,2026-06-17T06:12:24.469Z
Alte Karten,binder,Epochrasite,CM2,Commander Anthology Volume II,187,normal,rare,1,1550,6d4fafc8-3466-42f7-9d8d-8c6250da7bd5,0.3,false,false,near_mint,en,CHF,2026-06-17T06:12:24.468Z
Alte Karten,binder,Myr Battlesphere,TDC,Tarkir: Dragonstorm Commander,322,normal,rare,1,104730,71e7ef4a-2032-4571-afc6-5207d4b40c3d,0.27,false,false,near_mint,en,CHF,2026-06-17T06:12:24.466Z
Alte Karten,binder,Dualcaster Mage,C21,Commander 2021,165,normal,rare,1,58712,defcc4a3-40e0-4f5d-b23c-6cd6a614abc1,3.94,false,false,near_mint,en,CHF,2026-06-17T06:12:24.465Z
Alte Karten,binder,Swiftfoot Boots,TDC,Tarkir: Dragonstorm Commander,328,normal,uncommon,1,104473,1969b151-3192-4d35-80ca-c4e180601ec8,2.2,false,false,near_mint,en,CHF,2026-06-17T06:12:24.464Z
Alte Karten,binder,Tyrant's Familiar,CM2,Commander Anthology Volume II,125,normal,rare,1,1612,08076c82-edb6-4c3c-abda-3d3ad7bdd78f,0.73,false,false,near_mint,en,CHF,2026-06-17T06:12:24.463Z
Alte Karten,binder,Colossus of Akros,THS,Theros,214,normal,rare,1,15450,3e394ffe-7460-4c59-a403-e9404b0d10c1,1.55,false,false,near_mint,en,CHF,2026-06-17T06:12:24.462Z
Alte Karten,binder,Wurmcoil Engine,2XM,Double Masters,308,normal,mythic,1,51904,5d275f04-cc60-4e3f-95cc-3d02bc916b82,8.41,false,false,near_mint,en,CHF,2026-06-17T06:12:24.461Z
Alte Karten,binder,Volcanic Offering,CM2,Commander Anthology Volume II,126,normal,rare,1,1611,4c30b821-09ec-4b66-9963-f97e3ef5005c,2.66,false,false,near_mint,en,CHF,2026-06-17T06:12:24.460Z
Alte Karten,binder,Caged Sun,CM2,Commander Anthology Volume II,178,normal,rare,1,1559,dfe6f9ec-3b7f-4c11-acd1-440e14217e5d,2.85,false,false,near_mint,en,CHF,2026-06-17T06:12:24.459Z
Alte Karten,binder,Scrap Mastery,CM2,Commander Anthology Volume II,116,normal,rare,1,1621,bc6d966e-fa6b-4eb4-b854-7425f5553518,3.43,false,false,near_mint,en,CHF,2026-06-17T06:12:24.458Z
Alte Karten,binder,Ruby Medallion,MH3,Modern Horizons 3,295,normal,rare,1,94477,630febf5-58ff-4dab-a5a8-575ebc5435a6,10.07,false,false,near_mint,en,CHF,2026-06-17T06:12:24.457Z
Alte Karten,binder,Goblin Welder,CM2,Commander Anthology Volume II,101,normal,rare,1,1636,17cd920a-de09-454a-a9da-c84512e3aff1,16.67,false,false,near_mint,en,CHF,2026-06-17T06:12:24.456Z
Alte Karten,binder,"Daretti, Scrap Savant",CMM,Commander Masters,213,normal,rare,1,84532,7cb9d4a0-66bd-454d-b676-80192a96c723,1.04,false,false,near_mint,en,CHF,2026-06-17T06:12:24.455Z
Alte Karten,binder,Djinn Monk,TIMA,Iconic Masters Tokens,4,normal,common,1,3298,12b5e32a-b86b-4f8b-ae93-19f0b95c4514,0.03,false,false,near_mint,en,CHF,2026-06-17T06:12:24.449Z
Alte Karten,binder,Radiant Purge,DTK,Dragons of Tarkir,31,normal,rare,1,11783,c34d94f4-c504-4cf1-9bc7-d318fbee54d7,0.22,false,false,near_mint,en,CHF,2026-06-17T06:12:24.448Z
Alte Karten,binder,Tireless Missionaries,M15,Magic 2015,39,normal,common,1,13813,c47b7386-168f-4b8e-9a26-9da6d697a501,0.05,false,false,near_mint,en,CHF,2026-06-17T06:12:24.446Z
Alte Karten,binder,Herald of Dromoka,DTK,Dragons of Tarkir,22,normal,common,1,11792,8987b2af-66d6-4271-a139-37e544cdec62,0.15,false,false,near_mint,en,CHF,2026-06-17T06:12:24.445Z
Alte Karten,binder,Skywise Teachings,IMA,Iconic Masters,73,normal,uncommon,1,3552,e55ba092-abc0-49ba-b756-6cb714165fec,0.09,false,false,near_mint,en,CHF,2026-06-17T06:12:24.444Z
Alte Karten,binder,Dromoka Warrior,DTK,Dragons of Tarkir,14,normal,common,1,11800,13ae001b-556f-4576-8cf4-0b8902997bb1,0.05,false,false,near_mint,en,CHF,2026-06-17T06:12:24.443Z
Alte Karten,binder,Divine Favor,M15,Magic 2015,10,normal,common,1,13842,43c1ddf8-e38a-44df-9195-40e2b0d4cd5f,0.05,false,false,near_mint,en,CHF,2026-06-17T06:12:24.442Z
Alte Karten,binder,Tranquil Cove,KHC,Kaldheim Commander,119,normal,common,1,57260,be3a2d81-adda-49f7-980f-64bd567f89b6,0.23,false,false,near_mint,en,CHF,2026-06-17T06:12:24.432Z
Alte Karten,binder,Radiant Fountain,C21,Commander 2021,310,normal,common,1,58812,7ee5e77f-ca43-480d-ac37-48336d3bf044,0.62,false,false,near_mint,en,CHF,2026-06-17T06:12:24.428Z
Alte Karten,binder,Smite the Monstrous,KTK,Khans of Tarkir,24,normal,common,1,13374,1405bb2e-2204-43ab-82a3-5d0c8537325a,0.05,false,false,near_mint,en,CHF,2026-06-17T06:12:24.425Z
Alte Karten,binder,End Hostilities,KTK,Khans of Tarkir,8,normal,rare,1,13390,80a53ed7-a7b7-40d8-9239-cf6f205dbc59,0.28,false,false,near_mint,en,CHF,2026-06-17T06:12:24.424Z
Alte Karten,binder,Dragonloft Idol,IMA,Iconic Masters,215,normal,uncommon,1,3410,0bdff68c-ad98-48b0-9e00-8c5032a3cdb1,0.13,false,false,near_mint,en,CHF,2026-06-17T06:12:24.421Z
Alte Karten,binder,Kill Shot,CN2,Conspiracy: Take the Crown,94,normal,common,1,8003,1977d0d0-a7cc-48b8-ab61-199de54fb591,0.03,false,false,near_mint,en,CHF,2026-06-17T06:12:24.420Z
Alte Karten,binder,Solemn Offering,BBD,Battlebond,107,normal,uncommon,1,1886,e30d14b8-b431-4764-9b30-f511bd40fd08,0.09,false,false,near_mint,en,CHF,2026-06-17T06:12:24.419Z
Alte Karten,binder,Icefall Regent,E01,Archenemy: Nicol Bolas,24,normal,rare,1,4902,b2dc9693-3c27-4afe-84f3-2618a0e4ca1c,0.44,false,false,near_mint,en,CHF,2026-06-17T06:12:24.417Z
Alte Karten,binder,Pristine Skywise,C19,Commander 2019,196,normal,rare,1,45738,516512f5-b4ce-46d3-bdda-c88b357192ca,0.15,false,false,near_mint,en,CHF,2026-06-17T06:12:24.416Z
Alte Karten,binder,Center Soul,DTK,Dragons of Tarkir,8,normal,common,1,11806,bfca3763-9823-4fa4-968d-c701434b3d28,0.06,false,false,near_mint,en,CHF,2026-06-17T06:12:24.415Z
Alte Karten,binder,Suspension Field,KTK,Khans of Tarkir,25,normal,uncommon,1,13373,ba5c9628-1801-43d9-8bb4-4cca168510b2,0.13,false,false,near_mint,en,CHF,2026-06-17T06:12:24.414Z
Alte Karten,binder,Pristine Skywise,PDTK,Dragons of Tarkir Promos,228,foil,rare,1,11816,7e921c01-3cd7-4ff1-a676-043ec4c2bdfd,0.29,false,false,near_mint,en,CHF,2026-06-17T06:12:24.413Z
Alte Karten,binder,Illusory Gains,DTK,Dragons of Tarkir,59,normal,rare,1,11755,747dfb21-a00c-46ba-9da3-739f570e1246,0.16,false,false,near_mint,en,CHF,2026-06-17T06:12:24.406Z
Alte Karten,binder,Ulamog's Crusher,M3C,Modern Horizons 3 Commander,161,normal,common,1,95006,ac896541-b271-4bbb-a45c-753869361df6,0.28,false,false,near_mint,en,CHF,2026-06-17T06:12:24.402Z
Alte Karten,binder,Chasm Skulker,BLC,Bloomburrow Commander,164,normal,rare,1,96371,87523249-4397-41b8-8ee8-fcb1d2dd9853,0.29,false,false,near_mint,en,CHF,2026-06-17T06:12:24.400Z
Alte Karten,binder,Jungle Barrier,APC,Apocalypse,106,normal,uncommon,1,32350,4eb114a4-44e5-4375-92b8-00a0b0acbe94,0.13,false,false,near_mint,en,CHF,2026-06-17T06:12:24.399Z
Alte Karten,binder,Ornithopter,DMR,Dominaria Remastered,233,normal,common,1,77845,305078a5-ac18-4721-bba2-3434eba5b1cf,0.25,false,false,near_mint,en,CHF,2026-06-17T06:12:24.398Z
Alte Karten,binder,Brave the Elements,C14,Commander 2014,66,normal,uncommon,1,12790,4c8ff6cd-e3ac-4024-aacb-86f7e1f43ba0,0.36,false,false,near_mint,en,CHF,2026-06-17T06:12:24.397Z
Alte Karten,binder,Invisibility,M15,Magic 2015,61,normal,common,1,13791,348d6493-681a-4ea9-9154-ea09f2648e8a,0.07,false,false,near_mint,en,CHF,2026-06-17T06:12:24.396Z
Alte Karten,binder,Ojutai Monument,DTK,Dragons of Tarkir,242,normal,uncommon,1,11572,8ef29942-a7e3-4e47-9f95-527a5d7e4f1d,0.1,false,false,near_mint,en,CHF,2026-06-17T06:12:24.394Z
Alte Karten,binder,Meditation Puzzle,M15,Magic 2015,19,normal,common,1,13833,f31f5c19-9650-4fdc-a316-866eddd29c1a,0.07,false,false,near_mint,en,CHF,2026-06-17T06:12:24.392Z
Alte Karten,binder,Narset Transcendent,DTK,Dragons of Tarkir,225,normal,mythic,1,11589,4816d092-e34b-4397-8599-43d8e85a8f39,6.26,false,false,near_mint,en,CHF,2026-06-17T06:12:24.387Z
Alte Karten,binder,Dragonlord Ojutai,NCC,New Capenna Commander,337,normal,mythic,1,68346,a9f39d28-08eb-4eff-ae55-abd377877a27,0.61,false,false,near_mint,en,CHF,2026-06-17T06:12:24.386Z
Alte Karten,binder,Ruthless Deathfang,MIC,Midnight Hunt Commander,154,normal,uncommon,1,63713,f9e22bb7-eb50-434e-a0d0-2151bb9eb5a7,0.23,false,false,near_mint,en,CHF,2026-06-17T06:12:24.370Z
Alte Karten,binder,Acid-Spewer Dragon,DTK,Dragons of Tarkir,86,normal,uncommon,1,11728,aa8f58f1-4843-4926-b3c4-98898201c216,0.12,false,false,near_mint,en,CHF,2026-06-17T06:12:24.367Z
Alte Karten,binder,Swamp,THS,Theros,240,normal,common,1,15424,e49a9a01-46fb-4e9d-8e7d-5f2c267ab1f9,0.07,false,false,near_mint,en,CHF,2026-06-17T06:12:24.366Z
Alte Karten,binder,Island,KTK,Khans of Tarkir,256,normal,common,1,13142,a45827e8-d4b9-4a42-8516-22560568e678,0.08,false,false,near_mint,en,CHF,2026-06-17T06:12:24.363Z
Alte Karten,binder,Island,CMA,Commander Anthology,293,normal,common,1,4993,232d56d0-1df6-4517-bbe9-9bd7ef12de15,0.08,false,false,near_mint,en,CHF,2026-06-17T06:12:24.361Z
Alte Karten,binder,Island,KTK,Khans of Tarkir,257,normal,common,1,13141,a61c4c14-e45d-45a8-87c7-fec98d46ee79,0.14,false,false,near_mint,en,CHF,2026-06-17T06:12:24.358Z
Alte Karten,binder,Mountain,KTK,Khans of Tarkir,263,normal,common,1,13135,5037330a-6e9b-4ce5-ba81-ae1ccef63334,0.07,false,false,near_mint,en,CHF,2026-06-17T06:12:24.356Z
Alte Karten,binder,Mountain,M19,Core Set 2019,273,normal,common,1,1039,71f2030b-f622-4cc3-ac83-258ae3645fd6,0.09,false,false,near_mint,en,CHF,2026-06-17T06:12:24.355Z
Alte Karten,binder,Forest,DTK,Dragons of Tarkir,264,normal,common,1,11550,67becef5-cd70-4fe9-b8a3-1bff2ea04ab4,0.14,false,false,near_mint,en,CHF,2026-06-17T06:12:24.354Z
Alte Karten,binder,Forest,DTK,Dragons of Tarkir,263,normal,common,1,11551,23c9425a-2093-40c1-b3a9-a882d80cf198,0.08,false,false,near_mint,en,CHF,2026-06-17T06:12:24.353Z
Alte Karten,binder,Forest,DTK,Dragons of Tarkir,262,normal,common,1,11552,0f341b39-ac40-436b-967c-568265354886,0.07,false,false,near_mint,en,CHF,2026-06-17T06:12:24.352Z
Alte Karten,binder,Swiftwater Cliffs,BLB,Bloomburrow,397,normal,common,1,96078,89e43510-c444-4b2e-b2a0-528dcc09c899,0.1,false,false,near_mint,en,CHF,2026-06-17T06:12:24.351Z
Alte Karten,binder,Rugged Highlands,FDN,Foundations,265,normal,common,1,101400,fd6eaf8e-8881-4d7b-bafc-75e4ca5cbef6,0.2,false,false,near_mint,en,CHF,2026-06-17T06:12:24.350Z
Alte Karten,binder,Evolving Wilds,EOC,Edge of Eternities Commander,158,normal,common,1,106990,31181bd2-3a1f-4cb9-ba30-637ac479133a,0.18,false,false,near_mint,en,CHF,2026-06-17T06:12:24.349Z
Alte Karten,binder,Sheltered Aerie,DTK,Dragons of Tarkir,206,normal,common,1,11608,afecf5a8-3c9e-48e0-8818-e2e3183e958c,0.06,false,false,near_mint,en,CHF,2026-06-17T06:12:24.348Z
Alte Karten,binder,Keeper of the Lens,DTK,Dragons of Tarkir,240,normal,common,1,11574,86d6c502-ae3e-4e67-8f1d-3323b4468f72,0.1,false,false,near_mint,en,CHF,2026-06-17T06:12:24.347Z
Alte Karten,binder,Palace Familiar,DTK,Dragons of Tarkir,69,normal,common,1,11745,fc0c17c9-54af-4dd4-8d4a-fd5a7b8c3c77,0.05,false,false,near_mint,en,CHF,2026-06-17T06:12:24.346Z
Alte Karten,binder,Crypsis,BNG,Born of the Gods,34,normal,common,1,14926,bd445b01-34af-4132-a9fe-a03858624492,0.1,false,false,near_mint,en,CHF,2026-06-17T06:12:24.345Z
Alte Karten,binder,Harbinger of the Hunt,TDC,Tarkir: Dragonstorm Commander,291,normal,rare,1,104870,a6d448c2-ea3b-4098-9e0e-3b0832d6ad24,0.2,false,false,near_mint,en,CHF,2026-06-17T06:12:24.341Z
Alte Karten,binder,Savage Ventmaw,FDN,Foundations,665,normal,uncommon,1,100489,50027d69-8bb0-444c-8e9b-4c9afd91cbda,0.31,false,false,near_mint,en,CHF,2026-06-17T06:12:24.340Z
Alte Karten,binder,Divination,CN2,Conspiracy: Take the Crown,109,normal,common,1,7988,ae04d500-5b2d-4661-bbd2-66cf29456b2b,0.03,false,false,near_mint,en,CHF,2026-06-17T06:12:24.339Z
Alte Karten,binder,Dragon Fodder,FDN,Foundations,535,normal,common,1,101626,f9abe517-f601-4784-8d62-2350bd755146,0.1,false,false,near_mint,en,CHF,2026-06-17T06:12:24.337Z
Alte Karten,binder,Atarka's Command,2X2,Double Masters 2022,176,normal,rare,1,70483,c57b152e-c94e-4c10-9f0d-d960e878a430,1.17,false,false,near_mint,en,CHF,2026-06-17T06:12:24.334Z
Alte Karten,binder,Sarkhan Unbroken,DTK,Dragons of Tarkir,230,normal,mythic,1,11584,192452f8-93c2-4a20-a52b-0093741a9e45,16.95,false,false,near_mint,de,CHF,2026-06-17T06:12:24.332Z
Alte Karten,binder,Anticipate,DTK,Dragons of Tarkir,45,normal,common,3,11769,7028d9e8-002f-43a1-bdce-0db0b6a642b0,0.12,false,false,near_mint,en,CHF,2026-06-17T06:12:24.333Z
Alte Karten,binder,Updraft Elemental,DTK,Dragons of Tarkir,82,normal,common,3,11732,9621c700-569d-4d07-847e-68b97113415f,0.05,false,false,near_mint,en,CHF,2026-06-17T06:12:24.335Z
Alte Karten,binder,Negate,CN2,Conspiracy: Take the Crown,117,normal,common,3,7980,3d5e6fdf-022a-480d-96fc-bfadbf7ee5f6,0.21,false,false,near_mint,en,CHF,2026-06-17T06:12:24.336Z
Alte Karten,binder,Tormenting Voice,DTK,Dragons of Tarkir,163,normal,common,4,11651,bcfc312c-13c6-45e7-a780-229186be69f4,0.07,false,false,near_mint,en,CHF,2026-06-17T06:12:24.338Z
Alte Karten,binder,Sidisi's Faithful,DTK,Dragons of Tarkir,74,normal,common,4,11740,d02daad9-701f-40d4-ad0b-44a3cbd32c3f,0.21,false,false,near_mint,en,CHF,2026-06-17T06:12:24.342Z
Alte Karten,binder,Contradict,DTK,Dragons of Tarkir,49,normal,common,2,11765,a0b3d4ff-09d1-4d9f-8c83-cdfbd7bb1079,0.08,false,false,near_mint,en,CHF,2026-06-17T06:12:24.343Z
Alte Karten,binder,Belltoll Dragon,DTK,Dragons of Tarkir,46,normal,uncommon,3,11768,97e8fba0-fcb4-440c-9442-92278e21c5e9,0.22,false,false,near_mint,en,CHF,2026-06-17T06:12:24.344Z
Alte Karten,binder,Island,KTK,Khans of Tarkir,254,normal,common,2,13144,9c010ca5-b609-4ae9-8c23-adf5723a9daa,0.07,false,false,near_mint,en,CHF,2026-06-17T06:12:24.357Z
Alte Karten,binder,Island,C19,Commander 2019,292,normal,common,2,45642,8cf9b48e-cf58-43a9-94ff-2d50846c3386,0.07,false,false,near_mint,en,CHF,2026-06-17T06:12:24.359Z
Alte Karten,binder,Island,DTK,Dragons of Tarkir,253,normal,common,5,11561,f8c2f901-7d7b-47ec-a3d4-96ddcbd9218c,0.13,false,false,near_mint,en,CHF,2026-06-17T06:12:24.360Z
Alte Karten,binder,Island,DTK,Dragons of Tarkir,255,normal,common,4,11559,966ac118-6d94-4f3b-9873-7a2440ab92d9,0.1,false,false,near_mint,en,CHF,2026-06-17T06:12:24.365Z
Alte Karten,binder,Swift Warkite,DTK,Dragons of Tarkir,233,normal,uncommon,2,11581,f62db9d7-3cc7-49cb-bffc-d2f9c286aa36,0.17,false,false,near_mint,en,CHF,2026-06-17T06:12:24.371Z
Alte Karten,binder,Cunning Breezedancer,DTK,Dragons of Tarkir,215,normal,uncommon,4,11599,bdbfe3b0-3b1d-4b0c-9d98-07f1cecce4b7,0.12,false,false,near_mint,en,CHF,2026-06-17T06:12:24.373Z
Alte Karten,binder,Celestial Colonnade,PWWK,Worldwake Promos,133,foil,rare,2,22041,e2915763-2b63-4408-b014-49d52e3d65f6,2.93,false,false,near_mint,en,CHF,2026-06-17T06:12:24.388Z
Alte Karten,binder,Seeker of the Way,2X2,Double Masters 2022,28,normal,common,2,70584,e9e3cb28-d318-4d5d-b5bf-1ea7c6249a89,0.22,false,false,near_mint,en,CHF,2026-06-17T06:12:24.391Z
Alte Karten,binder,Dragon's Eye Sentry,DTK,Dragons of Tarkir,11,normal,common,2,11803,750880cd-59bf-4b67-a2d5-9b66e4d05665,0.03,false,false,near_mint,en,CHF,2026-06-17T06:12:24.393Z
Alte Karten,binder,Serra Angel,FDN,Foundations,147,normal,uncommon,2,100391,3cee9303-9d65-45a2-93d4-ef4aba59141b,0.22,false,false,near_mint,en,CHF,2026-06-17T06:12:24.395Z
Alte Karten,binder,Orator of Ojutai,C17,Commander 2017,67,normal,uncommon,2,4388,46f90a7e-e11c-43bd-b4a2-a0970848fe1b,0.16,false,false,near_mint,en,CHF,2026-06-17T06:12:24.401Z
Alte Karten,binder,Artful Maneuver,DTK,Dragons of Tarkir,4,normal,common,2,11810,7fcaf67e-ba97-4af9-8c47-dbca703cba35,0.08,false,false,near_mint,en,CHF,2026-06-17T06:12:24.403Z
Alte Karten,binder,Resupply,DTK,Dragons of Tarkir,32,normal,common,2,11782,ecf47c52-4065-4b81-acdc-878e74767bba,0.04,false,false,near_mint,en,CHF,2026-06-17T06:12:24.408Z
Alte Karten,binder,Pacifism,DTK,Dragons of Tarkir,29,normal,common,2,11785,f7939502-d6aa-4bde-b42f-67ed433f95f1,0.07,false,false,near_mint,en,CHF,2026-06-17T06:12:24.409Z
Alte Karten,binder,Island,DTK,Dragons of Tarkir,254,normal,common,2,11560,78732e7f-421d-43e8-8f43-341bb01e993e,0.08,false,false,near_mint,en,CHF,2026-06-17T06:12:24.426Z
Alte Karten,binder,Plains,DTK,Dragons of Tarkir,251,normal,common,2,11563,2484c9db-44bc-411c-af43-bfe0e30f0ffa,0.1,false,false,near_mint,en,CHF,2026-06-17T06:12:24.429Z
Alte Karten,binder,Plains,DTK,Dragons of Tarkir,250,normal,common,4,11564,cdf91075-8d8d-43c3-8125-2469e2dcd132,0.07,false,false,near_mint,en,CHF,2026-06-17T06:12:24.434Z
Alte Karten,binder,Plains,DTK,Dragons of Tarkir,252,normal,common,3,11562,910f2bcd-8d37-417c-a969-86e04f1daf23,0.08,false,false,near_mint,en,CHF,2026-06-17T06:12:24.436Z
Alte Karten,binder,Mountain,M21,Core Set 2021,269,normal,common,8,50968,b92c8925-ecfc-4ece-b83a-f12e98a938ab,0.2,false,false,near_mint,en,CHF,2026-06-17T06:12:24.521Z
Alte Karten,binder,Mountain,M20,Core Set 2020,274,normal,common,7,45186,cbe67eb3-f10d-4f34-b4b0-fd00ee8cc325,0.17,false,false,near_mint,en,CHF,2026-06-17T06:12:24.522Z
Alte Karten,binder,Mountain,M21,Core Set 2021,271,normal,common,7,51062,ed6fd37e-a5b3-48c6-b881-cedadfd94833,0.09,false,false,near_mint,en,CHF,2026-06-17T06:12:24.523Z
Alte Karten,binder,Mountain,M21,Core Set 2021,270,normal,common,7,50849,70ff4fd5-c26f-4274-b899-1f995d4d8c25,0.14,false,false,near_mint,en,CHF,2026-06-17T06:12:24.524Z
Alte Karten,binder,Forest,DTK,Dragons of Tarkir,264,normal,common,1,11550,67becef5-cd70-4fe9-b8a3-1bff2ea04ab4,0.14,false,false,near_mint,de,CHF,2026-06-17T06:56:04.302Z
Alte Karten,binder,Forest,DDM,Duel Decks: Jace vs. Vraska,87,normal,common,1,14663,b0b6e3d0-bbb0-4fa3-8c01-9e2926fed10f,0.24,false,false,near_mint,de,CHF,2026-06-17T06:56:04.300Z
Alte Karten,binder,Forest,DDM,Duel Decks: Jace vs. Vraska,88,normal,common,1,14662,543aeea7-23c1-4c7c-a377-f39c94846b5e,,false,false,near_mint,de,CHF,2026-06-17T06:56:04.299Z
Alte Karten,binder,Forest,KTK,Khans of Tarkir,269,normal,common,1,13129,b742ffa7-915f-45ce-b3f2-8391723bb34c,0.1,false,false,near_mint,de,CHF,2026-06-17T06:56:04.298Z
Alte Karten,binder,Forest,C19,Commander 2019,301,normal,common,1,45633,af042ca5-da40-498b-a7dc-87ab41863ddc,0.11,false,false,near_mint,de,CHF,2026-06-17T06:56:04.296Z
Alte Karten,binder,Forest,KTK,Khans of Tarkir,266,normal,common,1,13132,3e5342f9-3f91-48e4-bfd1-49fbf9ca89cf,0.13,false,false,near_mint,de,CHF,2026-06-17T06:56:04.295Z
Alte Karten,binder,Forest,DTK,Dragons of Tarkir,262,normal,common,1,11552,0f341b39-ac40-436b-967c-568265354886,0.07,false,false,near_mint,de,CHF,2026-06-17T06:56:04.293Z
Alte Karten,binder,Plummet,M19,Core Set 2019,193,normal,common,1,1119,78a29ddb-fc76-407a-aa58-ec92d011bd44,0.02,false,false,near_mint,de,CHF,2026-06-17T06:56:04.292Z
Alte Karten,binder,Awaken the Bear,KTK,Khans of Tarkir,129,normal,common,1,13269,803a6ac7-9327-4c2f-b023-93f5f65f83b8,0.13,false,false,near_mint,de,CHF,2026-06-17T06:56:04.290Z
Alte Karten,binder,Savage Surge,THS,Theros,176,normal,common,1,15488,5916d5e7-0825-4d72-82e4-1e4c86d1fafe,0.04,false,false,near_mint,de,CHF,2026-06-17T06:56:04.289Z
Alte Karten,binder,Shredding Winds,THS,Theros,178,normal,common,1,15486,33f36143-85b6-412c-8c79-053728b45c25,0.07,false,false,near_mint,de,CHF,2026-06-17T06:56:04.288Z
Alte Karten,binder,Hunter's Ambush,M15,Magic 2015,180,normal,common,1,13672,d2971049-b916-4b76-b18f-8650d8d2545d,0.07,false,false,near_mint,de,CHF,2026-06-17T06:56:04.287Z
Alte Karten,binder,Vines of Vastwood,MM2,Modern Masters 2015,168,normal,common,1,11049,6203e3d4-8998-41d6-9f7e-b68af0f1f8b5,0.85,false,false,near_mint,de,CHF,2026-06-17T06:56:04.286Z
Alte Karten,binder,Inspiring Call,FDN,Foundations,226,normal,uncommon,1,100400,3e241642-5172-4437-b694-f6aa159d5cd9,0.28,false,false,near_mint,de,CHF,2026-06-17T06:56:04.285Z
Alte Karten,binder,Windstorm,KTK,Khans of Tarkir,157,normal,uncommon,1,13241,154dc31c-ac9d-4b78-b92b-e7bacc532915,0.06,false,false,near_mint,de,CHF,2026-06-17T06:56:04.282Z
Alte Karten,binder,Fade into Antiquity,CN2,Conspiracy: Take the Crown,181,normal,common,1,7916,d74b6f74-9021-467a-974f-8b04ed1bac9a,0.09,false,false,near_mint,de,CHF,2026-06-17T06:56:04.277Z
Alte Karten,binder,Scout the Borders,KTK,Khans of Tarkir,148,normal,common,1,13250,eb15c6c7-8fe6-496c-9977-3e7942b920c4,0.09,false,false,near_mint,de,CHF,2026-06-17T06:56:04.275Z
Alte Karten,binder,Incremental Growth,KTK,Khans of Tarkir,138,normal,uncommon,1,13260,bcc7d833-f71b-4ec4-aad1-07b7583bad64,0.05,false,false,near_mint,de,CHF,2026-06-17T06:56:04.273Z
Alte Karten,binder,Frontier Siege,TDC,Tarkir: Dragonstorm Commander,256,normal,rare,1,105051,f419710e-3a73-4db0-bf2e-e76730f22c4d,0.3,false,false,near_mint,de,CHF,2026-06-17T06:56:04.251Z
Alte Karten,binder,Glade Watcher,DTK,Dragons of Tarkir,188,normal,common,1,11626,02c9c6d9-e715-4b70-a10e-8bc5a4e9e938,0.08,false,false,near_mint,de,CHF,2026-06-17T06:56:04.250Z
Alte Karten,binder,Matca Rioters,MM2,Modern Masters 2015,148,normal,common,1,11069,0eac937f-9d61-4da2-8946-187839e13590,0.1,false,false,near_mint,de,CHF,2026-06-17T06:56:04.249Z
Alte Karten,binder,Invasive Species,M15,Magic 2015,181,normal,common,1,13671,c1fb5a98-94f4-419f-850b-e3a01f17080f,0.03,false,false,near_mint,de,CHF,2026-06-17T06:56:04.248Z
Alte Karten,binder,Runeclaw Bear,M15,Magic 2015,197,normal,common,1,13655,d1995238-79cc-4381-9595-71ef11ea1e36,0.1,false,false,near_mint,de,CHF,2026-06-17T06:56:04.247Z
Alte Karten,binder,Living Totem,M15,Magic 2015,184,normal,common,1,13668,ca21890c-68be-4929-913e-d28ace6b40a7,0.04,false,false,near_mint,de,CHF,2026-06-17T06:56:04.246Z
Alte Karten,binder,Brushstrider,CN2,Conspiracy: Take the Crown,177,normal,uncommon,1,7920,7f45508b-467d-4504-b13b-650b798396d2,0.03,false,false,near_mint,de,CHF,2026-06-17T06:56:04.245Z
Alte Karten,binder,Centaur Battlemaster,2X2,Double Masters 2022,140,normal,uncommon,1,70520,d190aac9-9ac8-4b54-9f51-d7d1561dc743,0.11,false,false,near_mint,de,CHF,2026-06-17T06:56:04.244Z
Alte Karten,binder,Nessian Courser,THS,Theros,165,normal,common,1,15499,4697f3aa-abde-4379-af82-f30115f59be0,0.05,false,false,near_mint,de,CHF,2026-06-17T06:56:04.243Z
Alte Karten,binder,Sedge Scorpion,M20,Core Set 2020,192,normal,common,1,45269,9864f811-db2e-4d6d-ad59-a491a790bdd4,0.13,false,false,near_mint,de,CHF,2026-06-17T06:56:04.242Z
Alte Karten,binder,Agent of Horizons,THS,Theros,148,normal,common,1,15516,cc08576f-1d48-4db4-9bb9-e039f75c98b8,0.02,false,false,near_mint,de,CHF,2026-06-17T06:56:04.241Z
Alte Karten,binder,Archweaver,RTR,Return to Ravnica,114,normal,uncommon,1,17308,f99dc8ff-932c-4d56-9253-99ce9e145306,0.06,false,false,near_mint,de,CHF,2026-06-17T06:56:04.240Z
Alte Karten,binder,Tukatongue Thallid,PCA,Planechase Anthology,79,normal,common,1,6610,e870e12e-feed-46e1-ac3c-3b6687780825,0.14,false,false,near_mint,de,CHF,2026-06-17T06:56:04.239Z
Alte Karten,binder,Satyr Hedonist,THS,Theros,174,normal,common,1,15490,88c67e15-833c-406a-b75f-8de97fbacf5a,0.06,false,false,near_mint,de,CHF,2026-06-17T06:56:04.238Z
Alte Karten,binder,Alpine Grizzly,KTK,Khans of Tarkir,127,normal,common,1,13271,38bbf983-df71-4403-86f3-2e86aa8765b8,0.19,false,false,near_mint,de,CHF,2026-06-17T06:56:04.237Z
Alte Karten,binder,Abzan Kin-Guard,FRF,Fate Reforged,120,normal,uncommon,1,12006,cec0ef55-57fd-404f-b9f6-b5d41e77b58c,0.04,false,false,near_mint,de,CHF,2026-06-17T06:56:04.227Z
Alte Karten,binder,Aerie Bowmasters,DTK,Dragons of Tarkir,170,normal,common,1,11644,a6db26b5-d28c-4524-9347-eec412d584bc,0.03,false,false,near_mint,de,CHF,2026-06-17T06:56:04.191Z
Alte Karten,binder,Sandsteppe Scavenger,DTK,Dragons of Tarkir,200,normal,common,1,11614,861f215b-4f3b-4aca-9664-3ef9a0ddea1a,0.02,false,false,near_mint,de,CHF,2026-06-17T06:56:04.190Z
Alte Karten,binder,Servant of the Scale,DTK,Dragons of Tarkir,203,normal,common,1,11611,ca887c41-a8ee-4751-a902-87149c29a9df,0.07,false,false,near_mint,de,CHF,2026-06-17T06:56:04.189Z
Alte Karten,binder,Nylea's Presence,THS,Theros,169,normal,common,1,15495,e68f1fd4-1a2f-405b-a592-6c4af6214eae,0.1,false,false,near_mint,de,CHF,2026-06-17T06:56:04.186Z
Alte Karten,binder,Restock,INV,Invasion,206,normal,rare,1,33127,11a013ff-7c99-445a-b9e0-0fc45036f068,0.31,false,false,near_mint,de,CHF,2026-06-17T06:56:04.185Z
Alte Karten,binder,Hunt the Hunter,THS,Theros,159,normal,uncommon,1,15505,61d4899f-11a4-4a2c-a499-3a447b792f86,0.05,false,false,near_mint,de,CHF,2026-06-17T06:56:04.184Z
Alte Karten,binder,Sudden Reclamation,FRF,Fate Reforged,139,normal,uncommon,1,11987,2ac7645d-ea10-4ca6-92a5-ac3418c6a510,0.05,false,false,near_mint,de,CHF,2026-06-17T06:56:04.181Z
Alte Karten,binder,Sylvan Bounty,E01,Archenemy: Nicol Bolas,74,normal,common,1,4852,53e467a6-810b-4caa-bc56-aec7272177b4,0.17,false,false,near_mint,de,CHF,2026-06-17T06:56:04.180Z
Alte Karten,binder,Chorus of Might,RTR,Return to Ravnica,119,normal,common,1,17303,214dc9c1-154d-4c35-845d-dd2928f1e142,0.06,false,false,near_mint,de,CHF,2026-06-17T06:56:04.179Z
Alte Karten,binder,Swamp,KTK,Khans of Tarkir,258,normal,common,1,13140,09d7e861-8dda-4073-bfd6-4ade3bca5cff,0.1,false,false,near_mint,de,CHF,2026-06-17T06:56:04.159Z
Alte Karten,binder,Swamp,KTK,Khans of Tarkir,259,normal,common,1,13139,f2a8d790-61e5-4b46-94b8-54ea68ed18ea,0.13,false,false,near_mint,de,CHF,2026-06-17T06:56:04.158Z
Alte Karten,binder,Swamp,KTK,Khans of Tarkir,260,normal,common,1,13138,cd11fd2a-d872-4abc-ac2b-c0678c1be773,0.16,false,false,near_mint,de,CHF,2026-06-17T06:56:04.157Z
Alte Karten,binder,Swamp,C19,Commander 2019,296,normal,common,1,45638,d6d027bd-d8bf-4592-9ba9-ee4a917a1904,0.16,false,false,near_mint,de,CHF,2026-06-17T06:56:04.156Z
Alte Karten,binder,Returned Centaur,ORI,Magic Origins,116,normal,common,1,10826,103b369c-da58-40e7-98aa-5a5471434bca,0.03,false,false,near_mint,de,CHF,2026-06-17T06:56:04.155Z
Alte Karten,binder,Zanikev Locust,RTR,Return to Ravnica,84,normal,uncommon,1,17338,adcbd7ee-8958-46fe-abb0-e899e7d2e654,0.06,false,false,near_mint,de,CHF,2026-06-17T06:56:04.154Z
Alte Karten,binder,Xathrid Slyblade,M15,Magic 2015,124,normal,uncommon,1,13728,909a9252-1e97-4e85-9648-66050f301f8a,0.15,false,false,near_mint,de,CHF,2026-06-17T06:56:04.153Z
Alte Karten,binder,Vampire Lacerator,A25,Masters 25,114,normal,common,1,2602,0c947c96-b4a5-4c3b-aacb-85ee0bf3afda,0.08,false,false,near_mint,de,CHF,2026-06-17T06:56:04.152Z
Alte Karten,binder,Hooded Assassin,FRF,Fate Reforged,73,normal,common,6,12053,05d4da1d-5b8c-43be-aa30-22df69c0cc23,0.06,false,false,near_mint,de,CHF,2026-06-17T06:56:04.151Z
Alte Karten,binder,Crippling Blight,M15,Magic 2015,92,normal,common,1,13760,3f9c1ba3-8b7c-413b-865d-0ca4b2f55903,0.04,false,false,near_mint,de,CHF,2026-06-17T06:56:04.150Z
Alte Karten,binder,Gravedigger,M19,Core Set 2019,98,normal,uncommon,1,1214,3c6d2a84-5e47-4f7a-83f7-ee4e670980c7,0.09,false,false,near_mint,de,CHF,2026-06-17T06:56:04.149Z
Alte Karten,binder,Typhoid Rats,FRF,Fate Reforged,89,normal,common,6,12037,d13cb90b-50c3-46ef-83f8-812dfb7ff881,0.29,false,false,near_mint,de,CHF,2026-06-17T06:56:04.148Z
Alte Karten,binder,Tasigur's Cruelty,FRF,Fate Reforged,88,normal,common,6,12038,169748df-10ac-4db4-ba94-192345c6fad3,0.07,false,false,near_mint,de,CHF,2026-06-17T06:56:04.147Z
Alte Karten,binder,Sibsig Muckdraggers,FRF,Fate Reforged,83,normal,uncommon,1,12043,f88297c1-c612-47bf-80b7-374099b00e07,0.06,false,false,near_mint,de,CHF,2026-06-17T06:56:04.146Z
Alte Karten,binder,Battle Brawler,FRF,Fate Reforged,63,normal,uncommon,2,12063,7c9b5baf-6163-48a9-b58d-195edfeb437d,0.1,false,false,near_mint,de,CHF,2026-06-17T06:56:04.145Z
Alte Karten,binder,Scuttling Death,MM2,Modern Masters 2015,94,normal,common,1,11123,7f68a90c-1afb-43d3-aed2-4704f4599e75,0.04,false,false,near_mint,de,CHF,2026-06-17T06:56:04.144Z
Alte Karten,binder,Shambling Attendants,KTK,Khans of Tarkir,89,normal,common,1,13309,459ca25c-775f-4110-8d70-59720692ab27,0.06,false,false,near_mint,de,CHF,2026-06-17T06:56:04.143Z
Alte Karten,binder,Sibsig Host,FRF,Fate Reforged,82,normal,common,6,12044,2791f1a5-bf29-48ac-8a41-88b7f97ede41,0.1,false,false,near_mint,de,CHF,2026-06-17T06:56:04.142Z
Alte Karten,binder,Sidisi's Pet,KTK,Khans of Tarkir,90,normal,common,1,13308,e6e02a99-da37-4cea-9182-39ccb1e35ee9,0.05,false,false,near_mint,de,CHF,2026-06-17T06:56:04.141Z
Alte Karten,binder,Sultai Scavenger,KTK,Khans of Tarkir,91,normal,common,1,13307,2cb8e423-f7e7-4ac3-acc2-2a3722e409e7,0.08,false,false,near_mint,de,CHF,2026-06-17T06:56:04.139Z
Alte Karten,binder,Sickle Ripper,MM2,Modern Masters 2015,96,normal,common,1,11121,831462c0-476b-4106-8381-e4177626b570,0.1,false,false,near_mint,de,CHF,2026-06-17T06:56:04.137Z
Alte Karten,binder,Disciple of Phenax,THS,Theros,84,normal,common,1,15580,81c1137c-1cbd-4918-9d1c-a9d2bd88562e,0.1,false,false,near_mint,de,CHF,2026-06-17T06:56:04.136Z
Alte Karten,binder,Stab Wound,RVR,Ravnica Remastered,93,normal,uncommon,1,89901,cbe656e7-ae71-45c2-a263-588b73f70d73,0.13,false,false,near_mint,de,CHF,2026-06-17T06:56:04.135Z
Alte Karten,binder,Sip of Hemlock,THS,Theros,106,normal,common,1,15558,22051427-9b2a-4571-8c9f-ee84d8d0e4d1,0.05,false,false,near_mint,de,CHF,2026-06-17T06:56:04.134Z
Alte Karten,binder,Reach of Shadows,FRF,Fate Reforged,81,normal,common,6,12045,bbf9a803-473a-4c38-b352-d47c4fd93d5e,0.04,false,false,near_mint,de,CHF,2026-06-17T06:56:04.133Z
Alte Karten,binder,Spread the Sickness,MM2,Modern Masters 2015,98,normal,uncommon,1,11119,003bc8f1-f282-491c-984d-1ce7ac027053,0.1,false,false,near_mint,de,CHF,2026-06-17T06:56:04.132Z
Alte Karten,binder,Returned Phalanx,A25,Masters 25,106,normal,common,1,2610,aeaa1dc6-b2e7-457b-9ad4-d024f21e8888,0.06,false,false,near_mint,de,CHF,2026-06-17T06:56:04.131Z
Alte Karten,binder,Ancestral Vengeance,FRF,Fate Reforged,61,normal,common,5,12065,e0d0094e-07ff-4b47-8c6e-500adabf12e4,0.04,false,false,near_mint,de,CHF,2026-06-17T06:56:04.130Z
Alte Karten,binder,Orc Sureshot,FRF,Fate Reforged,78,normal,uncommon,1,12048,292326cd-4b90-40c6-88b1-f8560fde236c,0.23,false,false,near_mint,de,CHF,2026-06-17T06:56:04.127Z
Alte Karten,binder,Nameless Inversion,MM2,Modern Masters 2015,87,normal,common,1,11130,563c6f58-267a-4ae9-bf72-e0ae0be3b884,0.15,false,false,near_mint,de,CHF,2026-06-17T06:56:04.126Z
Alte Karten,binder,Instill Infection,MM2,Modern Masters 2015,85,normal,common,1,11132,a7a14b58-e0d9-4203-a9da-ad8e997a7936,0.1,false,false,near_mint,de,CHF,2026-06-17T06:56:04.125Z
Alte Karten,binder,Mogis's Marauder,THS,Theros,97,normal,uncommon,1,15567,9dfd36c5-a484-4973-873c-b6a433da8e7a,0.24,false,false,near_mint,de,CHF,2026-06-17T06:56:04.124Z
Alte Karten,binder,Mardu Shadowspear,FRF,Fate Reforged,74,normal,uncommon,2,12052,c1f55b50-b3b1-4336-914c-1cc2669b8fac,0.15,false,false,near_mint,de,CHF,2026-06-17T06:56:04.123Z
Alte Karten,binder,Mardu Skullhunter,KTK,Khans of Tarkir,78,normal,common,1,13320,dd3ca5e7-96f3-4326-9315-34bb396a054c,0.02,false,false,near_mint,de,CHF,2026-06-17T06:56:04.122Z
Alte Karten,binder,Catacomb Slug,ORI,Magic Origins,86,normal,common,1,10856,d30d6df7-6199-4b06-9d45-785ee1e2ed3b,0.03,false,false,near_mint,de,CHF,2026-06-17T06:56:04.121Z
Alte Karten,binder,Cremate,RTR,Return to Ravnica,59,normal,common,1,17363,013d5260-f906-4f6a-97ed-725197743b60,0.06,false,false,near_mint,de,CHF,2026-06-17T06:56:04.120Z
Alte Karten,binder,Merciless Executioner,FRF,Fate Reforged,76,normal,uncommon,1,12050,7c588d7a-e352-40a0-9fc7-55c7b4bfd013,0.52,false,false,near_mint,de,CHF,2026-06-17T06:56:04.119Z
Alte Karten,binder,Noxious Dragon,CMR,Commander Legends,139,normal,uncommon,2,55539,01afdb32-d9a8-42d4-9ad2-4608ffd661f0,0.12,false,false,near_mint,de,CHF,2026-06-17T06:56:04.118Z
Alte Karten,binder,Sultai Emissary,FRF,Fate Reforged,85,normal,common,6,12041,12421e1c-5144-4391-abf2-a2fb864920e9,0.12,false,false,near_mint,de,CHF,2026-06-17T06:56:04.117Z
Alte Karten,binder,Gurmag Angler,UMA,Ultimate Masters,102,normal,common,6,43403,cedd44eb-f381-46e1-bcb0-88416b4ce33d,0.19,false,false,near_mint,de,CHF,2026-06-17T06:56:04.116Z
Alte Karten,binder,Grim Roustabout,RTR,Return to Ravnica,68,normal,common,1,17354,1a5ae3f5-5466-4058-a2cd-1a036cb38a8e,0.08,false,false,near_mint,de,CHF,2026-06-17T06:56:04.115Z
Alte Karten,binder,Grave Strength,UMA,Ultimate Masters,101,normal,uncommon,2,43404,b51b6c19-d8f8-4249-83c8-f3c4fa12291e,0.11,false,false,near_mint,de,CHF,2026-06-17T06:56:04.114Z
Alte Karten,binder,Fleshmad Steed,THS,Theros,88,normal,common,1,15576,378c5ba0-bf4f-43d5-b371-0991db5a2e32,0.02,false,false,near_mint,de,CHF,2026-06-17T06:56:04.113Z
Alte Karten,binder,Fearsome Awakening,FRF,Fate Reforged,69,normal,uncommon,2,12057,5a672979-024a-4f69-91ae-a2cf4055e0a8,0.18,false,false,near_mint,de,CHF,2026-06-17T06:56:04.112Z
Alte Karten,binder,Dark Revenant,RTR,Return to Ravnica,61,normal,uncommon,1,17361,2167cc6d-ddb5-4f13-8905-a0c5123b852a,0.06,false,false,near_mint,de,CHF,2026-06-17T06:56:04.111Z
Alte Karten,binder,Duskhunter Bat,MM2,Modern Masters 2015,81,normal,common,3,11136,6723d783-e2c5-4c01-8adc-fade22e4936e,0.09,false,false,near_mint,de,CHF,2026-06-17T06:56:04.110Z
Alte Karten,binder,Diplomacy of the Wastes,FRF,Fate Reforged,67,normal,uncommon,2,12059,69faf63b-f39b-4005-a35d-1204faaa6d57,0.03,false,false,near_mint,de,CHF,2026-06-17T06:56:04.109Z
Alte Karten,binder,Debilitating Injury,KTK,Khans of Tarkir,68,normal,common,1,13330,09b2b263-34db-4961-bf41-1eaaba3701da,0.02,false,false,near_mint,de,CHF,2026-06-17T06:56:04.108Z
Alte Karten,binder,Dark Deal,FRF,Fate Reforged,66,normal,uncommon,2,12060,69dfaafe-2fbd-4f2f-913d-ea64e4ce44cd,2.67,false,false,near_mint,de,CHF,2026-06-17T06:56:04.107Z
Alte Karten,binder,Bloodthrone Vampire,DDP,Duel Decks: Zendikar vs. Eldrazi,46,normal,common,1,10519,ee7354fe-fb76-4196-a69b-0916af73bf45,0.11,false,false,near_mint,de,CHF,2026-06-17T06:56:04.106Z
Alte Karten,binder,Blood-Toll Harpy,CN2,Conspiracy: Take the Crown,129,normal,common,1,7968,c081f3e2-e4e6-4ef5-9969-64aca9c11413,0.03,false,false,near_mint,de,CHF,2026-06-17T06:56:04.105Z
Alte Karten,binder,Daggerdrome Imp,BBD,Battlebond,140,normal,common,1,1853,6d9417ab-e2af-436b-9677-6e0120770d80,0.1,false,false,near_mint,de,CHF,2026-06-17T06:56:04.104Z
Alte Karten,binder,Covenant of Blood,M15,Magic 2015,91,normal,common,1,13761,752b7d05-19d7-4765-9bf8-05a7cb539c3f,0.04,false,false,near_mint,de,CHF,2026-06-17T06:56:04.101Z
Alte Karten,binder,Carrion Crow,M15,Magic 2015,88,normal,common,1,13764,97d80cc4-f3be-4306-8126-e60f7b00d384,0.05,false,false,near_mint,de,CHF,2026-06-17T06:56:04.098Z
Alte Karten,binder,Ogre Jailbreaker,MM3,Modern Masters 2017,80,normal,common,1,6133,da55a961-9eb7-4b9b-9be3-d4a0a5b76efb,0.02,false,false,near_mint,de,CHF,2026-06-17T06:56:04.097Z
Alte Karten,binder,Alesha's Vanguard,FRF,Fate Reforged,60,normal,common,5,12066,69bb135f-1c58-42ed-bbf2-4a2e842f99d7,0.02,false,false,near_mint,de,CHF,2026-06-17T06:56:04.099Z
Alte Karten,binder,Douse in Gloom,FRF,Fate Reforged,68,normal,common,7,12058,9b710fcd-0721-4720-a8fa-6d9ceb7b8104,0.04,false,false,near_mint,de,CHF,2026-06-17T06:56:04.102Z
Alte Karten,binder,Qarsi High Priest,FRF,Fate Reforged,80,normal,uncommon,3,12046,58c1bdbc-2bf4-4036-bf83-669c27458c6e,0.11,false,false,near_mint,de,CHF,2026-06-17T06:56:04.128Z
Alte Karten,binder,Sultai Runemark,FRF,Fate Reforged,86,normal,common,7,12040,98d73ae0-de01-4a70-a51c-b990687561a1,0.11,false,false,near_mint,de,CHF,2026-06-17T06:56:04.138Z
Alte Karten,binder,Swamp,C18,Commander 2018,301,normal,common,4,542,cb5fabce-2488-470a-82ce-e40992657811,0.12,false,false,near_mint,de,CHF,2026-06-17T06:56:04.160Z
Alte Karten,binder,Swamp,M21,Core Set 2021,267,normal,common,6,50974,be68e315-ffef-40a8-8a46-1c042b148c03,0.11,false,false,near_mint,de,CHF,2026-06-17T06:56:04.161Z
Alte Karten,binder,Swamp,CMA,Commander Anthology,302,normal,common,4,4984,a88de1af-d97b-4228-85ff-41e484c18662,0.4,false,false,near_mint,de,CHF,2026-06-17T06:56:04.163Z
Alte Karten,binder,Swamp,M20,Core Set 2020,271,normal,common,3,45189,a9023215-035f-4f12-9f75-04b995b5d24a,0.09,false,false,near_mint,de,CHF,2026-06-17T06:56:04.165Z
Alte Karten,binder,Destructor Dragon,FRF,Fate Reforged,127,normal,uncommon,2,11999,a87cb2f2-00ed-46a3-a69d-5360e1558b03,0.23,false,false,near_mint,de,CHF,2026-06-17T06:56:04.177Z
Alte Karten,binder,Return to the Earth,BBD,Battlebond,210,normal,common,4,1783,0e7a0409-02f1-43c2-b4f1-e7ce7f371789,0.05,false,false,near_mint,de,CHF,2026-06-17T06:56:04.178Z
Alte Karten,binder,Ruthless Instincts,FRF,Fate Reforged,136,normal,uncommon,2,11990,d2c8bfde-c4c5-40de-83de-ff236999d79b,0.06,false,false,near_mint,de,CHF,2026-06-17T06:56:04.182Z
Alte Karten,binder,Winds of Qal Sisma,FRF,Fate Reforged,147,normal,uncommon,2,11979,0c45d98d-b8bd-409d-bce9-d7d73be735a9,0.25,false,false,near_mint,de,CHF,2026-06-17T06:56:04.183Z
Alte Karten,binder,Fruit of the First Tree,FRF,Fate Reforged,132,normal,uncommon,2,11994,2d3e6a6a-4a19-41e1-b29e-a8f19838efe3,0.29,false,false,near_mint,de,CHF,2026-06-17T06:56:04.187Z
Alte Karten,binder,Temur Runemark,FRF,Fate Reforged,140,normal,common,6,11986,ddd76874-842e-4f4c-b18e-0e441dae59d7,0.04,false,false,near_mint,de,CHF,2026-06-17T06:56:04.188Z
Alte Karten,binder,Ambush Krotiq,FRF,Fate Reforged,122,normal,common,5,12004,fd3068c6-d403-46d5-b3d7-1c3b00b9a9b1,0.02,false,false,near_mint,de,CHF,2026-06-17T06:56:04.192Z
Alte Karten,binder,Temur Sabertooth,NCC,New Capenna Commander,315,normal,uncommon,2,68387,c3a5a175-e963-42cc-a0ba-d8914bb93c00,1.1,false,false,near_mint,de,CHF,2026-06-17T06:56:04.193Z
Alte Karten,binder,Frontier Mastodon,FRF,Fate Reforged,130,normal,common,7,11996,46c09fe7-d55f-49b4-95c9-a3bb36baa3aa,0.04,false,false,near_mint,de,CHF,2026-06-17T06:56:04.194Z
Alte Karten,binder,Whisperer of the Wilds,2XM,Double Masters,187,normal,common,6,52110,2cf17d8a-c7ee-4909-bc80-4138dcfe7e67,0.21,false,false,near_mint,de,CHF,2026-06-17T06:56:04.195Z
Alte Karten,binder,Ainok Guide,FRF,Fate Reforged,121,normal,common,5,12005,c361ea9c-a989-4ded-8b2c-f565aa9d8a1d,0.1,false,false,near_mint,de,CHF,2026-06-17T06:56:04.196Z
Alte Karten,binder,Feral Krushok,FRF,Fate Reforged,128,normal,common,5,11998,5041996b-c265-4c4f-a52c-dfe29b2e282d,0.08,false,false,near_mint,de,CHF,2026-06-17T06:56:04.197Z
Alte Karten,binder,Battlefront Krushok,CLU,Ravnica: Clue Edition,157,normal,uncommon,2,90817,3f365bd0-a979-4b86-afa5-426f1813851e,0.1,false,false,near_mint,de,CHF,2026-06-17T06:56:04.198Z
Alte Karten,binder,Archers of Qarsi,FRF,Fate Reforged,124,normal,common,7,12002,0fcf0074-162a-4cc0-9726-8672a0261307,0.04,false,false,near_mint,de,CHF,2026-06-17T06:56:04.200Z
Alte Karten,binder,Abzan Beastmaster,FRF,Fate Reforged,119,normal,uncommon,2,12007,219c4ab2-1f7c-469b-a72a-d435213f130c,0.15,false,false,near_mint,de,CHF,2026-06-17T06:56:04.214Z
Alte Karten,binder,Arashin War Beast,FRF,Fate Reforged,123,normal,uncommon,2,12003,66aed11a-0831-4619-931f-7dfded999c66,0.05,false,false,near_mint,de,CHF,2026-06-17T06:56:04.224Z
Alte Karten,binder,Formless Nurturing,FRF,Fate Reforged,129,normal,common,8,11997,f70646e4-936a-4c2a-8d4a-a2c659733093,0.05,false,false,near_mint,de,CHF,2026-06-17T06:56:04.256Z
Alte Karten,binder,Cached Defenses,FRF,Fate Reforged,126,normal,uncommon,2,12000,41ad36cf-5f29-41c4-b2a3-6b8e8c0c493f,0.07,false,false,near_mint,de,CHF,2026-06-17T06:56:04.257Z
Alte Karten,binder,Map the Wastes,FRF,Fate Reforged,134,normal,common,5,11992,039b61b1-79d5-44b6-8c0f-b8e8e508e5a9,0.05,false,false,near_mint,de,CHF,2026-06-17T06:56:04.259Z
Alte Karten,binder,Hunt the Weak,IMA,Iconic Masters,167,normal,common,6,3458,52f763a4-8a79-4056-8066-74899a0fb304,0.08,false,false,near_mint,de,CHF,2026-06-17T06:56:04.260Z
Alte Karten,binder,Savage Punch,KTK,Khans of Tarkir,147,normal,common,2,13251,6c6b50dc-244a-4df5-a9a9-5a2b8f30d40c,0.04,false,false,near_mint,de,CHF,2026-06-17T06:56:04.274Z
Alte Karten,binder,Rampant Growth,TDC,Tarkir: Dragonstorm Commander,265,normal,common,2,104904,b7c47024-5e08-4b17-b41a-7647f8b814b9,0.33,false,false,near_mint,de,CHF,2026-06-17T06:56:04.278Z
Alte Karten,binder,Bestial Menace,MIC,Midnight Hunt Commander,134,normal,uncommon,2,63559,14003109-ec2c-40ad-b005-67218ec75cbd,0.07,false,false,near_mint,de,CHF,2026-06-17T06:56:04.279Z
Alte Karten,binder,Forest,KTK,Khans of Tarkir,268,normal,common,2,13130,1abe7f25-71c5-4fd2-8696-0a4ce8c4b0b6,0.13,false,false,near_mint,de,CHF,2026-06-17T06:56:04.294Z
Alte Karten,binder,Forest,M21,Core Set 2021,274,normal,common,5,51011,d4558304-7c17-4aa0-bd50-cdd95547f1a7,0.13,false,false,near_mint,de,CHF,2026-06-17T06:56:04.301Z
Alte Karten,binder,Forest,M21,Core Set 2021,272,normal,common,5,50758,3279314f-d639-4489-b2ab-3621bb3ca64b,0.23,false,false,near_mint,de,CHF,2026-06-17T06:56:04.304Z
Alte Karten,binder,Forest,M14,Magic 2014,249,normal,common,4,15802,10b3dce8-9c28-41f6-823f-a7d64dd9e33a,0.11,false,false,near_mint,de,CHF,2026-06-17T06:56:04.305Z
Alte Karten,binder,Forest,M21,Core Set 2021,273,normal,common,3,50932,a4df3e89-610c-4f42-a93a-e694342307cc,0.17,false,false,near_mint,de,CHF,2026-06-17T06:56:04.307Z
Alte Karten,binder,Keeper of the Lens,DTK,Dragons of Tarkir,240,normal,common,1,11574,86d6c502-ae3e-4e67-8f1d-3323b4468f72,0.1,false,false,near_mint,de,CHF,2026-06-17T07:21:51.805Z
Alte Karten,binder,Dragonloft Idol,IMA,Iconic Masters,215,normal,uncommon,1,3410,0bdff68c-ad98-48b0-9e00-8c5032a3cdb1,0.13,false,false,near_mint,de,CHF,2026-06-17T07:21:51.801Z
Alte Karten,binder,Lens of Clarity,KTK,Khans of Tarkir,223,normal,common,1,13175,3c82e2b8-f0f6-44da-83ee-8a671344ac62,0.06,false,false,near_mint,de,CHF,2026-06-17T07:21:51.800Z
Alte Karten,binder,Witness of the Ages,KTK,Khans of Tarkir,228,normal,uncommon,1,13170,763ac4c4-af2d-4b71-9fb3-244c96f93860,0.02,false,false,near_mint,de,CHF,2026-06-17T07:21:51.799Z
Alte Karten,binder,Cranial Archive,KTK,Khans of Tarkir,218,normal,uncommon,1,13180,1284b15f-2a70-48d6-89d3-e787af3f07eb,0.21,false,false,near_mint,de,CHF,2026-06-17T07:21:51.798Z
Alte Karten,binder,Sultai Banner,KTK,Khans of Tarkir,225,normal,common,1,13173,1695cf35-8f7c-4674-bfd3-43520b13d084,0.08,false,false,near_mint,de,CHF,2026-06-17T07:21:51.797Z
Alte Karten,binder,Pilgrim of the Fires,FRF,Fate Reforged,162,normal,uncommon,1,11964,45a60623-d523-4b43-89b0-8e89568546c7,0.11,false,false,near_mint,de,CHF,2026-06-17T07:21:51.793Z
Alte Karten,binder,Sphere of the Suns,MM2,Modern Masters 2015,231,normal,common,1,10986,971f7dd0-290f-4ba4-aa2d-29ff148e7778,0.17,false,false,near_mint,de,CHF,2026-06-17T07:21:51.790Z
Alte Karten,binder,Dromoka Monument,DTK,Dragons of Tarkir,238,normal,uncommon,1,11576,d4df975f-b6ef-4e8e-8be8-529c0ffd8a37,0.07,false,false,near_mint,de,CHF,2026-06-17T07:21:51.786Z
Alte Karten,binder,Vial of Dragonfire,CMM,Commander Masters,417,normal,common,1,84863,c924502b-a49e-4bf6-9e1a-9aa83f279228,0.08,false,false,near_mint,de,CHF,2026-06-17T07:21:51.784Z
Alte Karten,binder,Tapestry of the Ages,DTK,Dragons of Tarkir,246,normal,uncommon,1,11568,122e5e24-d704-4f1c-9577-0f25aaabb7ed,0.12,false,false,near_mint,de,CHF,2026-06-17T07:21:51.780Z
Alte Karten,binder,Opaline Unicorn,CN2,Conspiracy: Take the Crown,213,normal,common,1,7884,160d39b0-76c5-4218-97e5-5903f781dafc,0.19,false,false,near_mint,de,CHF,2026-06-17T07:21:51.778Z
Alte Karten,binder,Fleetfeather Sandals,THS,Theros,216,normal,common,1,15448,2222f499-09f9-45a6-8255-9de79df76f1c,0.15,false,false,near_mint,de,CHF,2026-06-17T07:21:51.777Z
Alte Karten,binder,Burnished Hart,FDN,Foundations,250,normal,uncommon,1,100609,65ebbff0-fbe6-4310-a33f-e00bb2534979,0.27,false,false,near_mint,de,CHF,2026-06-17T07:21:51.776Z
Alte Karten,binder,Rakdos Keyrune,GK2,RNA Guild Kit,75,normal,uncommon,1,43952,f5647ef4-736e-4861-8718-06c53a2253b3,0.24,false,false,near_mint,de,CHF,2026-06-17T07:21:51.775Z
Alte Karten,binder,Flayer Husk,2XM,Double Masters,256,normal,common,1,52101,20b394f9-644d-426e-801b-110774092018,0.12,false,false,near_mint,de,CHF,2026-06-17T07:21:51.774Z
Alte Karten,binder,Ojutai Monument,DTK,Dragons of Tarkir,242,normal,uncommon,1,11572,8ef29942-a7e3-4e47-9f95-527a5d7e4f1d,0.1,false,false,near_mint,de,CHF,2026-06-17T07:21:51.771Z
Alte Karten,binder,Mortarpod,MM2,Modern Masters 2015,222,normal,uncommon,1,10995,f1e6b292-41e7-40f9-b9fe-34f27d4526af,0.13,false,false,near_mint,de,CHF,2026-06-17T07:21:51.770Z
Alte Karten,binder,Break Through the Line,FRF,Fate Reforged,94,normal,uncommon,1,12032,81c1cdbe-5ddb-4cc6-975b-42f3f1ee4749,0.29,false,false,near_mint,de,CHF,2026-06-17T07:21:51.717Z
Alte Karten,binder,Ainok Tracker,KTK,Khans of Tarkir,96,normal,common,1,13302,0ff9400d-4842-471f-bf7e-3b21df352e0a,0.04,false,false,near_mint,de,CHF,2026-06-17T07:21:51.702Z
Alte Karten,binder,Mountain,KTK,Khans of Tarkir,264,normal,common,1,13134,4f45c7ed-cf98-455b-b665-81103fdc9331,0.13,false,false,near_mint,de,CHF,2026-06-17T07:21:51.700Z
Alte Karten,binder,Bloodfire Expert,KTK,Khans of Tarkir,101,normal,common,1,13297,0742564e-f7a7-4107-b9ed-63703ca4702c,0.02,false,false,near_mint,de,CHF,2026-06-17T07:21:51.699Z
Alte Karten,binder,Mardu Blazebringer,KTK,Khans of Tarkir,115,normal,uncommon,1,13283,cbf7a797-f32a-4ed2-b835-a356120f5817,0.05,false,false,near_mint,de,CHF,2026-06-17T07:21:51.698Z
Alte Karten,binder,Canyon Lurkers,KTK,Khans of Tarkir,105,normal,common,1,13293,ef6c56d1-6eca-43be-9834-0478bea67b48,0.03,false,false,near_mint,de,CHF,2026-06-17T07:21:51.697Z
Alte Karten,binder,Bring Low,KTK,Khans of Tarkir,103,normal,common,1,13295,9ba5e7bf-2ad8-4061-937a-ef1e9b63da3d,0.07,false,false,near_mint,de,CHF,2026-06-17T07:21:51.696Z
Alte Karten,binder,Barrage of Boulders,KTK,Khans of Tarkir,100,normal,common,1,13298,2eb1a9f7-32ba-48fd-a7f7-788b0ec052c6,0.07,false,false,near_mint,de,CHF,2026-06-17T07:21:51.695Z
Alte Karten,binder,Mountain,M19,Core Set 2019,273,normal,common,1,1039,71f2030b-f622-4cc3-ac83-258ae3645fd6,0.09,false,false,near_mint,de,CHF,2026-06-17T07:21:51.694Z
Alte Karten,binder,Kolaghan Stormsinger,DTK,Dragons of Tarkir,145,normal,common,1,11669,8b6723f5-a7a9-425d-b4b0-f380da578ef8,0.06,false,false,near_mint,de,CHF,2026-06-17T07:21:51.693Z
Alte Karten,binder,Inner-Flame Igniter,MM2,Modern Masters 2015,120,normal,common,1,11097,107b3dbc-fc02-4548-90cf-844da42db13f,0.05,false,false,near_mint,de,CHF,2026-06-17T07:21:51.692Z
Alte Karten,binder,Viashino Slaughtermaster,MM2,Modern Masters 2015,133,normal,common,1,11084,a441fae0-a9c7-4d91-a69e-8ea1f8fa6947,0.09,false,false,near_mint,de,CHF,2026-06-17T07:21:51.691Z
Alte Karten,binder,Fiery Fall,2X2,Double Masters 2022,109,normal,common,1,70094,1ed3229f-40ab-420d-a41a-57f1ff8ab7ad,0.06,false,false,near_mint,de,CHF,2026-06-17T07:21:51.690Z
Alte Karten,binder,Skarrgan Firebird,GK2,RNA Guild Kit,81,normal,rare,1,43949,bb8e19f8-1084-4dac-ad2c-3a7db5c69492,0.25,false,false,near_mint,de,CHF,2026-06-17T07:21:51.689Z
Alte Karten,binder,Wall of Fire,M15,Magic 2015,167,normal,common,1,13685,6f8ac968-3d00-40d8-80b5-e6fe08025de2,0.06,false,false,near_mint,de,CHF,2026-06-17T07:21:51.688Z
Alte Karten,binder,Thundering Giant,W17,Welcome Deck 2017,23,normal,common,1,5846,ddbcc6e9-b5f4-4f20-9c15-b690b4f64304,0.05,false,false,near_mint,de,CHF,2026-06-17T07:21:51.687Z
Alte Karten,binder,Frenzied Goblin,GK1,GRN Guild Kit,81,normal,uncommon,1,65,42d06c9a-f7e0-486b-b1d7-dc70a627c974,0.29,false,false,near_mint,de,CHF,2026-06-17T07:21:51.686Z
Alte Karten,binder,Hammerhand,IMA,Iconic Masters,132,normal,common,1,3493,f980def6-9a87-4948-9d02-956d568a95fe,0.07,false,false,near_mint,de,CHF,2026-06-17T07:21:51.685Z
Alte Karten,binder,Torch Fiend,M15,Magic 2015,166,normal,common,1,13686,3ea18c3f-0ca3-44ba-b8f5-87ce1797c58f,0.03,false,false,near_mint,de,CHF,2026-06-17T07:21:51.684Z
Alte Karten,binder,Crowd's Favor,M15,Magic 2015,138,normal,common,1,13714,536b8104-9d8d-444b-8535-62bcbe279de2,0.15,false,false,near_mint,de,CHF,2026-06-17T07:21:51.683Z
Alte Karten,binder,Minotaur Skullcleaver,THS,Theros,130,normal,common,1,15534,6854c913-d4bd-42f7-901c-f3c25be5c4b2,0.05,false,false,near_mint,de,CHF,2026-06-17T07:21:51.682Z
Alte Karten,binder,Wild Celebrants,CMR,Commander Legends,212,normal,common,1,55717,6b9e72f4-0087-4a79-b9af-296c8b930a25,0.09,false,false,near_mint,de,CHF,2026-06-17T07:21:51.681Z
Alte Karten,binder,Fanatic of Mogis,THS,Theros,121,normal,uncommon,1,15543,581eaadb-442b-40c9-b8f9-9e19d5eba824,0.29,false,false,near_mint,de,CHF,2026-06-17T07:21:51.680Z
Alte Karten,binder,Wrap in Flames,BBD,Battlebond,188,normal,common,1,1805,c059d868-2e4a-466b-9faa-1be76a3a0378,0.02,false,false,near_mint,de,CHF,2026-06-17T07:21:51.679Z
Alte Karten,binder,Survey the Wreckage,RTR,Return to Ravnica,107,normal,common,1,17315,a6e750f9-ad86-4d60-98a3-78d11cd52cd1,0.13,false,false,near_mint,de,CHF,2026-06-17T07:21:51.678Z
Alte Karten,binder,Lobber Crew,RTR,Return to Ravnica,99,normal,common,1,17323,b9d4aa15-a3c2-42a3-a87a-443e7dd20c04,0.15,false,false,near_mint,de,CHF,2026-06-17T07:21:51.677Z
Alte Karten,binder,Dynacharge,MM3,Modern Masters 2017,94,normal,common,1,6119,a9e530cc-21b9-43c2-a6a9-f1d96e06c2cd,0.08,false,false,near_mint,de,CHF,2026-06-17T07:21:51.676Z
Alte Karten,binder,Titan's Strength,2X2,Double Masters 2022,128,normal,common,1,70140,30f1bfbe-7cfd-4b11-be95-0df327a83c12,0.25,false,false,near_mint,de,CHF,2026-06-17T07:21:51.674Z
Alte Karten,binder,Ordeal of Purphoros,THS,Theros,131,normal,uncommon,1,15533,efb74ccc-5ae5-4437-a0b4-c621ab4c2257,0.12,false,false,near_mint,de,CHF,2026-06-17T07:21:51.673Z
Alte Karten,binder,Magma Jet,MM3,Modern Masters 2017,100,normal,common,1,6113,8af1c5b0-973d-467e-a797-51ca75c183c1,0.18,false,false,near_mint,de,CHF,2026-06-17T07:21:51.671Z
Alte Karten,binder,Tenement Crasher,RTR,Return to Ravnica,108,normal,common,1,17314,44af9170-bd99-4fde-b673-62d988312b2d,0.02,false,false,near_mint,de,CHF,2026-06-17T07:21:51.669Z
Alte Karten,binder,Smash to Smithereens,ORI,Magic Origins,163,normal,common,1,10779,655c489f-bffb-45a4-8e7c-2d1a35220197,0.22,false,false,near_mint,de,CHF,2026-06-17T07:21:51.634Z
Alte Karten,binder,Sarkhan's Rage,DTK,Dragons of Tarkir,153,normal,common,1,11661,4787924f-3186-4e18-b53c-dd67c5f42220,0.06,false,false,near_mint,de,CHF,2026-06-17T07:21:51.633Z
Alte Karten,binder,Roast,DTK,Dragons of Tarkir,151,normal,uncommon,1,11663,1ba2e9a8-fcbb-4328-b475-36730182b765,0.18,false,false,near_mint,de,CHF,2026-06-17T07:21:51.632Z
Alte Karten,binder,Sarkhan's Triumph,DTK,Dragons of Tarkir,154,normal,uncommon,1,11660,f9a0ff4d-060e-41dc-8b79-1fa42838adf2,1.81,false,false,near_mint,de,CHF,2026-06-17T07:21:51.631Z
Alte Karten,binder,Shockmaw Dragon,FRF,Fate Reforged,114,normal,uncommon,1,12012,e4810919-b379-40db-a68b-a769dd3ee32d,0.13,false,false,near_mint,de,CHF,2026-06-17T07:21:51.627Z
Alte Karten,binder,Lightning Shrieker,FRF,Fate Reforged,106,normal,common,6,12020,0071bf6e-a78b-4286-b3e7-acf44631a001,0.04,false,false,near_mint,de,CHF,2026-06-17T07:21:51.628Z
Alte Karten,binder,Dragonrage,FRF,Fate Reforged,97,normal,uncommon,2,12029,77b7bf2a-9d68-4aa8-a0b1-5df22a5a3c1b,0.15,false,false,near_mint,de,CHF,2026-06-17T07:21:51.629Z
Alte Karten,binder,Tormenting Voice,M19,Core Set 2019,164,normal,common,2,1148,48dbbc83-5549-480f-bf98-da90495d2a29,0.25,false,false,near_mint,de,CHF,2026-06-17T07:21:51.630Z
Alte Karten,binder,Rageform,FRF,Fate Reforged,112,normal,uncommon,2,12014,038ed726-bde8-46b0-bdf5-f88e2f074434,0.08,false,false,near_mint,de,CHF,2026-06-17T07:21:51.635Z
Alte Karten,binder,Temur Battle Rage,CMM,Commander Masters,264,normal,common,6,84236,375bc646-942e-4bf5-9c71-2c5471828e35,0.17,false,false,near_mint,de,CHF,2026-06-17T07:21:51.636Z
Alte Karten,binder,Friendly Fire,FRF,Fate Reforged,101,normal,uncommon,2,12025,ac4272ca-bb15-415c-a589-a472953a0dd9,0.03,false,false,near_mint,de,CHF,2026-06-17T07:21:51.637Z
Alte Karten,binder,Fierce Invocation,FRF,Fate Reforged,98,normal,common,7,12028,0137de04-9fd7-41b0-b497-163e6e93432b,0.07,false,false,near_mint,de,CHF,2026-06-17T07:21:51.638Z
Alte Karten,binder,Gore Swine,FRF,Fate Reforged,103,normal,common,5,12023,31c36d53-1173-4a55-8fb8-63a624fde7de,0.06,false,false,near_mint,de,CHF,2026-06-17T07:21:51.639Z
Alte Karten,binder,Goblin Heelcutter,FRF,Fate Reforged,102,normal,common,5,12024,5b3bfeb6-95d6-4f00-8981-c6d3c9c93f67,0.06,false,false,near_mint,de,CHF,2026-06-17T07:21:51.641Z
Alte Karten,binder,Hungering Yeti,FRF,Fate Reforged,105,normal,uncommon,2,12021,02f7c596-5633-41e8-adcd-d4dc6eae5c88,0.09,false,false,near_mint,de,CHF,2026-06-17T07:21:51.643Z
Alte Karten,binder,Defiant Ogre,FRF,Fate Reforged,96,normal,common,6,12030,09cfd3d5-1b44-4dc7-b35d-703f3a75da88,0.03,false,false,near_mint,de,CHF,2026-06-17T07:21:51.644Z
Alte Karten,binder,Smoldering Efreet,FRF,Fate Reforged,115,normal,common,5,12011,af33b204-6b50-4404-b986-9f6b970a7f06,0.07,false,false,near_mint,de,CHF,2026-06-17T07:21:51.645Z
Alte Karten,binder,Collateral Damage,FRF,Fate Reforged,95,normal,common,6,12031,fb738362-b0b4-4811-9fbf-5f45c852c822,0.04,false,false,near_mint,de,CHF,2026-06-17T07:21:51.646Z
Alte Karten,binder,Mardu Scout,FRF,Fate Reforged,108,normal,common,6,12018,0e7891b8-ba69-4c5b-a29f-ee7bcf2374f0,0.04,false,false,near_mint,de,CHF,2026-06-17T07:21:51.647Z
Alte Karten,binder,Wild Slash,FRF,Fate Reforged,118,normal,uncommon,2,12008,6975490f-7679-48b3-ba34-04dec97a29c2,0.2,false,false,near_mint,de,CHF,2026-06-17T07:21:51.648Z
Alte Karten,binder,Mardu Runemark,FRF,Fate Reforged,107,normal,common,6,12019,333df10b-7db4-4f8a-a754-e8a630b26cac,0.06,false,false,near_mint,de,CHF,2026-06-17T07:21:51.650Z
Alte Karten,binder,Humble Defector,OTC,Outlaws of Thunder Junction Commander,170,normal,uncommon,2,93870,d17c10a1-12fe-4a58-81ed-03a8bdd06686,0.21,false,false,near_mint,de,CHF,2026-06-17T07:21:51.653Z
Alte Karten,binder,Bathe in Dragonfire,BBD,Battlebond,164,normal,common,6,1829,85eff8ed-ba1c-492f-ae29-0698bb7f9849,0.13,false,false,near_mint,de,CHF,2026-06-17T07:21:51.659Z
Alte Karten,binder,Gore-House Chainwalker,RTR,Return to Ravnica,96,normal,common,2,17326,56ba132f-95fc-4b99-a1dc-ebe6f622bb41,0.03,false,false,near_mint,de,CHF,2026-06-17T07:21:51.668Z
Alte Karten,binder,Akroan Crusader,UMA,Ultimate Masters,121,normal,common,2,43388,73d295ac-3c83-47db-a324-aa4907bcefdd,0.07,false,false,near_mint,de,CHF,2026-06-17T07:21:51.670Z
Alte Karten,binder,Pyrotechnics,FRF,Fate Reforged,111,normal,uncommon,3,12015,51893dd5-e70f-44bb-85d4-e31480ba84d6,0.04,false,false,near_mint,de,CHF,2026-06-17T07:21:51.707Z
Alte Karten,binder,Vaultbreaker,FRF,Fate Reforged,117,normal,uncommon,2,12009,12891fcf-7118-428a-bdfe-9495a77f8b3d,0.03,false,false,near_mint,de,CHF,2026-06-17T07:21:51.721Z
Alte Karten,binder,Bloodfire Enforcers,FRF,Fate Reforged,93,normal,uncommon,2,12033,e72f0a37-32d6-4c1f-858d-7eec096dd42a,0.04,false,false,near_mint,de,CHF,2026-06-17T07:21:51.725Z
Alte Karten,binder,Mountain,M20,Core Set 2020,274,normal,common,4,45186,cbe67eb3-f10d-4f34-b4b0-fd00ee8cc325,0.17,false,false,near_mint,de,CHF,2026-06-17T07:21:51.752Z
Alte Karten,binder,Mountain,M21,Core Set 2021,269,normal,common,6,50968,b92c8925-ecfc-4ece-b83a-f12e98a938ab,0.2,false,false,near_mint,de,CHF,2026-06-17T07:21:51.753Z
Alte Karten,binder,Mountain,M21,Core Set 2021,271,normal,common,3,51062,ed6fd37e-a5b3-48c6-b881-cedadfd94833,0.09,false,false,near_mint,de,CHF,2026-06-17T07:21:51.754Z
Alte Karten,binder,Mountain,M21,Core Set 2021,270,normal,common,3,50849,70ff4fd5-c26f-4274-b899-1f995d4d8c25,0.14,false,false,near_mint,de,CHF,2026-06-17T07:21:51.756Z
Alte Karten,binder,Hewed Stone Retainers,FRF,Fate Reforged,161,normal,uncommon,2,11965,250bc19c-b882-42ae-b516-fe876d0d047d,0.06,false,false,near_mint,de,CHF,2026-06-17T07:21:51.768Z
Alte Karten,binder,Myr Enforcer,MM2,Modern Masters 2015,224,normal,common,2,10993,dff51ae7-4b68-4770-915b-fb6bcf9ca1ed,1.05,false,false,near_mint,de,CHF,2026-06-17T07:21:51.769Z
Alte Karten,binder,Blinding Souleater,MM2,Modern Masters 2015,202,normal,common,2,11015,7a0dfbd3-4b19-4f56-b6c2-7107a3cba4ec,0.07,false,false,near_mint,de,CHF,2026-06-17T07:21:51.772Z
Alte Karten,binder,Abzan Banner,KTK,Khans of Tarkir,215,normal,common,3,13183,7855528a-ede9-49a9-8749-795a004fd927,0.16,false,false,near_mint,de,CHF,2026-06-17T07:21:51.779Z
Alte Karten,binder,Spidersilk Net,DTK,Dragons of Tarkir,244,normal,common,2,11570,9561b47c-b863-463a-8a10-56fede2cb42c,0.21,false,false,near_mint,de,CHF,2026-06-17T07:21:51.781Z
Alte Karten,binder,Kolaghan Monument,IMA,Iconic Masters,217,normal,uncommon,2,3408,3efb210e-00a9-470e-ac30-4036a7befd4c,0.2,false,false,near_mint,de,CHF,2026-06-17T07:21:51.782Z
Alte Karten,binder,Ancestral Statue,DTK,Dragons of Tarkir,234,normal,common,4,11580,c7124a6f-b690-4326-93b5-036a8c520c1f,0.13,false,false,near_mint,de,CHF,2026-06-17T07:21:51.783Z
Alte Karten,binder,Silumgar Monument,DTK,Dragons of Tarkir,243,normal,uncommon,3,11571,3243e300-1420-4e96-a3d3-610c3723a11f,0.19,false,false,near_mint,de,CHF,2026-06-17T07:21:51.788Z
Alte Karten,binder,Ugin's Construct,FRF,Fate Reforged,164,normal,uncommon,2,11962,7ee009a4-72d0-4828-b826-3ed7c7d87b53,0.08,false,false,near_mint,de,CHF,2026-06-17T07:21:51.792Z
Alte Karten,binder,Hero's Blade,CMM,Commander Masters,391,normal,uncommon,2,84462,6da612ec-983b-4a7b-8d52-b853a4c565de,0.24,false,false,near_mint,de,CHF,2026-06-17T07:21:51.795Z
Alte Karten,binder,Goblin Boom Keg,FRF,Fate Reforged,159,normal,uncommon,2,11967,14343e23-83fb-4d2e-a272-20d7787ef2ca,0.05,false,false,near_mint,de,CHF,2026-06-17T07:21:51.807Z
Alte Karten,binder,Bloodstained Mire,KTK,Khans of Tarkir,230,normal,rare,1,13168,7f430794-0d86-4f6a-97e0-4bbb6716d613,14.92,false,false,near_mint,de,CHF,2026-06-17T07:31:56.659Z
Alte Karten,binder,Jungle Hollow,FDN,Foundations,263,normal,common,1,101224,dc758e14-d370-45e4-bbc5-938fb4d21127,0.21,false,false,near_mint,de,CHF,2026-06-17T07:31:56.649Z
Alte Karten,binder,Wind-Scarred Crag,M21,Core Set 2021,259,normal,common,1,50814,56d7428b-25a7-4185-8c3e-69017bd1ba6d,0.09,false,false,near_mint,de,CHF,2026-06-17T07:31:56.648Z
Alte Karten,binder,Dismal Backwater,FDN,Foundations,261,normal,common,1,101220,dbb0df36-8467-4a41-8e1c-6c3584d4fd10,0.26,false,false,near_mint,de,CHF,2026-06-17T07:31:56.647Z
Alte Karten,binder,Bloodfell Caves,M21,Core Set 2021,243,normal,common,1,50827,5d89a0e2-1163-4a11-b0df-deef2e6c8108,0.14,false,false,near_mint,de,CHF,2026-06-17T07:31:56.646Z
Alte Karten,binder,Thornwood Falls,M21,Core Set 2021,257,normal,common,1,51077,f82851a5-5f70-488a-b21c-bdd65d2fca7c,0.08,false,false,near_mint,de,CHF,2026-06-17T07:31:56.645Z
Alte Karten,binder,Polluted Delta,KTK,Khans of Tarkir,239,normal,rare,1,13159,ff2f5f58-9a95-4ca6-93a0-813738f0072f,16.57,false,false,near_mint,de,CHF,2026-06-17T07:31:56.641Z
Alte Karten,binder,Eldrazi Temple,CMM,Commander Masters,992,normal,uncommon,1,84880,cbab7e1f-305e-4733-aa70-b27285740925,3.12,false,false,near_mint,de,CHF,2026-06-17T07:31:56.633Z
Alte Karten,binder,Izzet Guildgate,C18,Commander 2018,257,normal,common,1,586,771ddb6f-607c-487e-b64b-5c9ff0579183,0.18,false,false,near_mint,de,CHF,2026-06-17T07:31:56.632Z
Alte Karten,binder,Evolving Wilds,DSC,Duskmourn: House of Horror Commander,274,normal,common,1,99386,e524216c-ed35-49a3-868f-7ad0a0027a80,0.21,false,false,near_mint,de,CHF,2026-06-17T07:31:56.631Z
Alte Karten,binder,Teleportal,MM3,Modern Masters 2017,193,normal,uncommon,1,6020,b8322a64-f1a0-49c6-ad59-2b803598f7d1,0.1,false,false,near_mint,de,CHF,2026-06-17T07:31:56.620Z
Alte Karten,binder,Pillory of the Sleepless,GK2,RNA Guild Kit,44,normal,uncommon,1,43980,bb649e48-6775-4a65-801e-76a8c1cfe2e8,0.13,false,false,near_mint,de,CHF,2026-06-17T07:31:56.619Z
Alte Karten,binder,Jeskai Charm,2X2,Double Masters 2022,232,normal,uncommon,1,70532,d4c0fcdb-a312-4976-bcfb-73930c0a556c,0.18,false,false,near_mint,de,CHF,2026-06-17T07:31:56.608Z
Alte Karten,binder,Sultai Charm,DMC,Dominaria United Commander,168,normal,uncommon,1,71535,72af6c1f-33a0-4e02-95b7-74ecaa6a6d87,0.18,false,false,near_mint,de,CHF,2026-06-17T07:31:56.607Z
Alte Karten,binder,Sultai Charm,PKTK,Khans of Tarkir Promos,204,foil,uncommon,1,13406,0c72495e-3c03-4dff-b671-47764af5058d,0.29,false,false,near_mint,de,CHF,2026-06-17T07:31:56.606Z
Alte Karten,binder,Dramatic Rescue,GK2,RNA Guild Kit,12,normal,common,1,44009,416e6241-72c6-4d6d-b839-d96c35695b9d,0.28,false,false,near_mint,de,CHF,2026-06-17T07:31:56.594Z
Alte Karten,binder,Dimir Guildmage,CLU,Ravnica: Clue Edition,186,normal,uncommon,1,90646,0b963389-6231-4095-a1f4-33457ce51ff2,0.1,false,false,near_mint,de,CHF,2026-06-17T07:31:56.593Z
Alte Karten,binder,Azorius Charm,GK2,RNA Guild Kit,8,normal,uncommon,1,44013,a0653bda-a9de-4d4d-ab95-21458b31c652,0.38,false,false,near_mint,de,CHF,2026-06-17T07:31:56.591Z
Alte Karten,binder,Common Bond,RTR,Return to Ravnica,151,normal,common,1,17271,59965953-1522-4103-9a6c-5534205d34d9,0.08,false,false,near_mint,de,CHF,2026-06-17T07:31:56.590Z
Alte Karten,binder,Sigil Blessing,MM2,Modern Masters 2015,187,normal,uncommon,1,11030,72b5a580-c267-43f7-be77-fbc2928ff0ab,0.09,false,false,near_mint,de,CHF,2026-06-17T07:31:56.589Z
Alte Karten,binder,Efreet Weaponmaster,KTK,Khans of Tarkir,175,normal,common,1,13223,8986cb2e-76e0-41f3-8810-3d11c39a527a,0.04,false,false,near_mint,de,CHF,2026-06-17T07:31:56.578Z
Alte Karten,binder,Icefeather Aven,C19,Commander 2019,194,normal,uncommon,1,45740,dc8b7dc7-b7a2-40fe-823c-642d8867973c,0.12,false,false,near_mint,de,CHF,2026-06-17T07:31:56.577Z
Alte Karten,binder,Goblin Electromancer,OTC,Outlaws of Thunder Junction Commander,228,normal,common,1,93692,71808155-db49-4027-a2fc-76f53475ac05,0.29,false,false,near_mint,de,CHF,2026-06-17T07:31:56.575Z
Alte Karten,binder,Sluiceway Scorpion,RTR,Return to Ravnica,198,normal,common,1,17224,7b6dbadf-a6f7-4876-9c3f-44e4a33b2bee,0.04,false,false,near_mint,de,CHF,2026-06-17T07:31:56.574Z
Alte Karten,binder,Snowhorn Rider,KTK,Khans of Tarkir,201,normal,common,2,13197,f5d9aa9b-1ed4-46db-89d1-6c9593c29f55,0.09,false,false,near_mint,de,CHF,2026-06-17T07:31:56.576Z
Alte Karten,binder,Grim Contest,FRF,Fate Reforged,153,normal,common,6,11973,24c44722-c65a-41ae-92a9-9c9d7d759a8e,0.2,false,false,near_mint,de,CHF,2026-06-17T07:31:56.580Z
Alte Karten,binder,Cunning Strike,FRF,Fate Reforged,150,normal,common,6,11976,e4991f81-3190-4d33-bf09-9d5387cbec11,0.1,false,false,near_mint,de,CHF,2026-06-17T07:31:56.581Z
Alte Karten,binder,War Flare,FRF,Fate Reforged,158,normal,common,6,11968,243f33d8-ec20-4376-99c2-a12098773dee,0.03,false,false,near_mint,de,CHF,2026-06-17T07:31:56.582Z
Alte Karten,binder,Ethereal Ambush,FRF,Fate Reforged,152,normal,common,6,11974,825d3f4d-eba3-4c45-8846-03b246e93f6c,0.09,false,false,near_mint,de,CHF,2026-06-17T07:31:56.584Z
Alte Karten,binder,Harsh Sustenance,FRF,Fate Reforged,154,normal,common,6,11972,770d60a0-23fc-4224-873c-2e5549b3a816,0.07,false,false,near_mint,de,CHF,2026-06-17T07:31:56.586Z
Alte Karten,binder,Essence Backlash,RTR,Return to Ravnica,160,normal,common,2,17262,a98609dc-ea90-4c7e-a191-5e5d0ba16847,0.08,false,false,near_mint,de,CHF,2026-06-17T07:31:56.592Z
Alte Karten,binder,Rugged Highlands,FDN,Foundations,265,normal,common,4,101400,fd6eaf8e-8881-4d7b-bafc-75e4ca5cbef6,0.2,false,false,near_mint,de,CHF,2026-06-17T07:31:56.621Z
Alte Karten,binder,Scoured Barrens,M20,Core Set 2020,251,normal,common,4,45209,3b9edd33-a64e-4526-a89f-edd31ac4b175,0.13,false,false,near_mint,de,CHF,2026-06-17T07:31:56.622Z
Alte Karten,binder,Blossoming Sands,BLB,Bloomburrow,396,normal,common,6,96135,ecfa2cc9-e427-4104-bad7-b0294e392b1f,0.1,false,false,near_mint,de,CHF,2026-06-17T07:31:56.623Z
Alte Karten,binder,Jungle Hollow,C19,Commander 2019,254,normal,common,3,45680,7fc11a2d-7592-46ca-9e9c-fa14c21dc38c,0.13,false,false,near_mint,de,CHF,2026-06-17T07:31:56.625Z
Alte Karten,binder,Swiftwater Cliffs,BLB,Bloomburrow,397,normal,common,4,96078,89e43510-c444-4b2e-b2a0-528dcc09c899,0.1,false,false,near_mint,de,CHF,2026-06-17T07:31:56.626Z
Alte Karten,binder,Wind-Scarred Crag,CMR,Commander Legends,502,normal,common,2,56139,9bf1fd55-9e9f-49c2-bf4f-439a18f7f36a,0.14,false,false,near_mint,de,CHF,2026-06-17T07:31:56.627Z
Alte Karten,binder,Thornwood Falls,FDN,Foundations,269,normal,common,3,100424,42799f51-0f8c-444b-974e-dae281a5c697,0.18,false,false,near_mint,de,CHF,2026-06-17T07:31:56.629Z
Alte Karten,binder,Bloodfell Caves,FDN,Foundations,259,normal,common,3,100806,8b90dc92-cb66-41d9-89f9-2b6e3cfc8082,0.26,false,false,near_mint,de,CHF,2026-06-17T07:31:56.630Z
Alte Karten,binder,Tranquil Cove,C19,Commander 2019,284,normal,common,2,45650,36c70a1d-c129-4c97-a190-6b3eaa83d48c,0.11,false,false,near_mint,de,CHF,2026-06-17T07:31:56.637Z
Alte Karten,binder,Dismal Backwater,M20,Core Set 2020,245,normal,common,4,45215,a5ff247f-82d1-4b79-9ac0-1471a1f0f58b,0.14,false,false,near_mint,de,CHF,2026-06-17T07:31:56.642Z
Alte Karten,binder,Great-Horn Krushok,FRF,Fate Reforged,13,normal,common,6,12113,122e08cb-407b-4b3d-8af0-077ff96bf160,0.03,false,false,near_mint,de,CHF,2026-06-17T08:03:14.383Z
Alte Karten,binder,Artful Maneuver,DTK,Dragons of Tarkir,4,normal,common,4,11810,7fcaf67e-ba97-4af9-8c47-dbca703cba35,0.08,false,false,near_mint,de,CHF,2026-06-17T08:03:14.382Z
Alte Karten,binder,Raise the Alarm,CMR,Commander Legends,41,normal,common,1,55721,6c7c8527-55f6-494d-b4f7-c427a5735053,0.25,false,false,near_mint,de,CHF,2026-06-17T08:03:14.381Z
Alte Karten,binder,Righteous Charge,GTC,Gatecrash,23,normal,uncommon,1,16801,f52cb325-4f16-4cf3-9999-feafe0fde8c2,0.02,false,false,near_mint,de,CHF,2026-06-17T08:03:14.380Z
Alte Karten,binder,Shieldhide Dragon,DTK,Dragons of Tarkir,37,normal,uncommon,1,11777,fcfd0af4-44e1-424b-8e55-87f84a42d40a,0.17,false,false,near_mint,de,CHF,2026-06-17T08:03:14.379Z
Alte Karten,binder,Pacifism,DTK,Dragons of Tarkir,29,normal,common,3,11785,f7939502-d6aa-4bde-b42f-67ed433f95f1,0.07,false,false,near_mint,de,CHF,2026-06-17T08:03:14.378Z
Alte Karten,binder,Pacifism,BBD,Battlebond,101,normal,common,2,1892,73d4f469-ff5c-4122-a254-2a4a2b1b7bf7,0.09,false,false,near_mint,de,CHF,2026-06-17T08:03:14.377Z
Alte Karten,binder,Orator of Ojutai,C17,Commander 2017,67,normal,uncommon,1,4388,46f90a7e-e11c-43bd-b4a2-a0970848fe1b,0.16,false,false,near_mint,de,CHF,2026-06-17T08:03:14.376Z
Alte Karten,binder,Misthoof Kirin,DTK,Dragons of Tarkir,25,normal,common,5,11789,ccef8595-96e8-4df3-aa5a-9fc8c5fa9a3d,0.08,false,false,near_mint,de,CHF,2026-06-17T08:03:14.375Z
Alte Karten,binder,Resupply,DTK,Dragons of Tarkir,32,normal,common,3,11782,ecf47c52-4065-4b81-acdc-878e74767bba,0.04,false,false,near_mint,de,CHF,2026-06-17T08:03:14.374Z
Alte Karten,binder,Nyxborn Shieldmate,BNG,Born of the Gods,21,normal,common,1,14939,64204816-6e1d-4bf8-acd0-8f83ca7eb8c7,0.17,false,false,near_mint,de,CHF,2026-06-17T08:03:14.373Z
Alte Karten,binder,Strongarm Monk,DTK,Dragons of Tarkir,39,normal,uncommon,6,11775,0f5f5ead-b9e0-44c0-893f-0e3ae01933d3,0.06,false,false,near_mint,de,CHF,2026-06-17T08:03:14.372Z
Alte Karten,binder,Graceblade Artisan,DTK,Dragons of Tarkir,20,normal,uncommon,2,11794,9eedcf6c-5796-4843-b6b8-df78e11e72c2,0.1,false,false,near_mint,de,CHF,2026-06-17T08:03:14.371Z
Alte Karten,binder,Master of Diversion,M14,Magic 2014,24,normal,common,2,16027,2bec89b3-640e-4093-a6e9-5639610769b9,0.09,false,false,near_mint,de,CHF,2026-06-17T08:03:14.370Z
Alte Karten,binder,Moonlit Strider,MM2,Modern Masters 2015,27,normal,common,1,11190,04fe00af-1634-45bd-bf1b-42997c4c3359,0.18,false,false,near_mint,de,CHF,2026-06-17T08:03:14.369Z
Alte Karten,binder,Mardu Woe-Reaper,FRF,Fate Reforged,18,normal,uncommon,1,12108,0bf14a32-b97b-48c7-8395-d9c3626735c1,0.15,false,false,near_mint,de,CHF,2026-06-17T08:03:14.368Z
Alte Karten,binder,Geist of the Moors,A25,Masters 25,15,normal,common,1,2701,6fd246d1-a7cb-45a0-b735-53509ba2d5ca,0.1,false,false,near_mint,de,CHF,2026-06-17T08:03:14.367Z
Alte Karten,binder,Show of Valor,M14,Magic 2014,33,normal,common,1,16018,c07932c2-7b97-4abe-be2b-02fc04de780f,0.1,false,false,near_mint,de,CHF,2026-06-17T08:03:14.366Z
Alte Karten,binder,Sage's Reverie,WOC,Wilds of Eldraine Commander,73,normal,uncommon,2,85319,2ad9d5f2-f41b-47f6-acdf-bd8974446a9a,1.28,false,false,near_mint,de,CHF,2026-06-17T08:03:14.365Z
Alte Karten,binder,Lightwalker,BBD,Battlebond,95,normal,common,5,1898,76724f0d-d588-4043-9fe9-f741599fd214,0.03,false,false,near_mint,de,CHF,2026-06-17T08:03:14.364Z
Alte Karten,binder,Leonin Snarecaster,DDN,Duel Decks: Speed vs. Cunning,4,normal,common,2,13526,9745cc70-d6a0-43c5-b8d7-a930d95e94c7,0.06,false,false,near_mint,de,CHF,2026-06-17T08:03:14.363Z
Alte Karten,binder,Lotus-Eye Mystics,UMA,Ultimate Masters,23,normal,common,2,43476,c3170852-60a9-46bc-8183-b1a65fc3b82b,0.14,false,false,near_mint,de,CHF,2026-06-17T08:03:14.362Z
Alte Karten,binder,Last Breath,THS,Theros,22,normal,common,1,15642,1857fc37-1e7e-4b93-9fa9-ec139f16b7fa,0.04,false,false,near_mint,de,CHF,2026-06-17T08:03:14.361Z
Alte Karten,binder,Cavalry Pegasus,C20,Commander 2020,81,normal,common,1,50337,c552cb9e-41f2-4006-8ff4-5e214b91652e,0.09,false,false,near_mint,de,CHF,2026-06-17T08:03:14.357Z
Alte Karten,binder,Kor Duelist,MM2,Modern Masters 2015,22,normal,uncommon,1,11195,d7cd85ac-e826-4b16-b9ab-864ae2cabed1,0.06,false,false,near_mint,de,CHF,2026-06-17T08:03:14.356Z
Alte Karten,binder,Battle Mastery,BBD,Battlebond,89,normal,uncommon,2,1904,5266595d-5320-4dea-8e4a-dd6c1a032871,0.17,false,false,near_mint,de,CHF,2026-06-17T08:03:14.355Z
Alte Karten,binder,Jeskai Student,KTK,Khans of Tarkir,14,normal,common,1,13384,9007c528-0107-40fd-a97e-e5576f297eb2,0.13,false,false,near_mint,de,CHF,2026-06-17T08:03:14.354Z
Alte Karten,binder,Jeskai Barricade,FRF,Fate Reforged,15,normal,uncommon,2,12111,3aa2d511-6eec-42dd-9ebe-1260c8527856,0.33,false,false,near_mint,de,CHF,2026-06-17T08:03:14.353Z
Alte Karten,binder,Dragon Hunter,DTK,Dragons of Tarkir,10,normal,uncommon,3,11804,ae8a0362-b973-445a-a355-5a2f3dc67f16,0.07,false,false,near_mint,de,CHF,2026-06-17T08:03:14.352Z
Alte Karten,binder,Herald of Dromoka,DTK,Dragons of Tarkir,22,normal,common,4,11792,8987b2af-66d6-4271-a139-37e544cdec62,0.15,false,false,near_mint,de,CHF,2026-06-17T08:03:14.351Z
Alte Karten,binder,Oppressive Rays,M15,Magic 2015,21,normal,common,2,13831,53555768-edad-4441-b6a7-ea2a7cb38abd,0.09,false,false,near_mint,de,CHF,2026-06-17T08:03:14.350Z
Alte Karten,binder,Territorial Roc,DTK,Dragons of Tarkir,43,normal,common,4,11771,0c83aa5e-b607-4c4f-a5f6-db61c93a1152,0.04,false,false,near_mint,de,CHF,2026-06-17T08:03:14.349Z
Alte Karten,binder,Heliod's Emissary,THS,Theros,18,normal,uncommon,1,15646,49663acb-582e-495a-b45e-5fc5f4949f22,0.04,false,false,near_mint,de,CHF,2026-06-17T08:03:14.348Z
Alte Karten,binder,Scholar of Athreos,THS,Theros,28,normal,common,1,15636,95a36e06-39f3-47d0-b6a9-43728afceb4a,0.05,false,false,near_mint,de,CHF,2026-06-17T08:03:14.347Z
Alte Karten,binder,Divine Verdict,THS,Theros,8,normal,common,1,15656,79f46ac0-9e2f-4f9f-beee-0a7914475ac1,0.02,false,false,near_mint,de,CHF,2026-06-17T08:03:14.346Z
Alte Karten,binder,Divine Favor,M15,Magic 2015,10,normal,common,1,13842,43c1ddf8-e38a-44df-9195-40e2b0d4cd5f,0.05,false,false,near_mint,de,CHF,2026-06-17T08:03:14.345Z
Alte Karten,binder,Firehoof Cavalry,KTK,Khans of Tarkir,11,normal,common,1,13387,edb2b284-f79c-41eb-a25f-4710d4a5228f,0.02,false,false,near_mint,de,CHF,2026-06-17T08:03:14.344Z
Alte Karten,binder,Feat of Resistance,M21,Core Set 2021,19,normal,common,2,50852,73148b3b-73d3-4f57-8b67-1e91fbe112b9,0.28,false,false,near_mint,de,CHF,2026-06-17T08:03:14.343Z
Alte Karten,binder,Excoriate,E01,Archenemy: Nicol Bolas,5,normal,common,1,4937,ba8db734-1923-40e9-821b-17b534ba5995,0.2,false,false,near_mint,de,CHF,2026-06-17T08:03:14.342Z
Alte Karten,binder,Erase,KTK,Khans of Tarkir,9,normal,common,1,13389,d1dd0e10-2ad7-467f-8d4b-c70b95bf2e9c,0.05,false,false,near_mint,de,CHF,2026-06-17T08:03:14.341Z
Alte Karten,binder,Pressure Point,FRF,Fate Reforged,21,normal,common,6,12105,d0027360-736c-4b3e-b2cd-0d821cca587a,0.04,false,false,near_mint,de,CHF,2026-06-17T08:03:14.340Z
Alte Karten,binder,Dromoka Warrior,DTK,Dragons of Tarkir,14,normal,common,3,11800,13ae001b-556f-4576-8cf4-0b8902997bb1,0.05,false,false,near_mint,de,CHF,2026-06-17T08:03:14.339Z
Alte Karten,binder,Dromoka Captain,DTK,Dragons of Tarkir,12,normal,uncommon,3,11802,2d11837c-613f-4e36-b5dd-99baf8b38532,0.09,false,false,near_mint,de,CHF,2026-06-17T08:03:14.338Z
Alte Karten,binder,Dromoka Dunecaster,DTK,Dragons of Tarkir,13,normal,common,6,11801,fc98e542-4bcc-43e1-9616-64ce40348a34,0.06,false,false,near_mint,de,CHF,2026-06-17T08:03:14.337Z
Alte Karten,binder,Dragon Bell Monk,IMA,Iconic Masters,17,normal,common,7,3608,d1244c95-a066-412d-bd04-c906ea4b4dd0,0.06,false,false,near_mint,de,CHF,2026-06-17T08:03:14.336Z
Alte Karten,binder,Center Soul,DTK,Dragons of Tarkir,8,normal,common,7,11806,bfca3763-9823-4fa4-968d-c701434b3d28,0.06,false,false,near_mint,de,CHF,2026-06-17T08:03:14.335Z
Alte Karten,binder,Great Teacher's Decree,IMA,Iconic Masters,21,normal,uncommon,3,3604,7fc449dc-60c7-4b78-9a73-afa1de64a41e,0.12,false,false,near_mint,de,CHF,2026-06-17T08:03:14.334Z
Alte Karten,binder,Concordia Pegasus,RTR,Return to Ravnica,8,normal,common,1,17414,f0333d0b-ae42-48aa-83d8-a4f2c7483a46,0.06,false,false,near_mint,de,CHF,2026-06-17T08:03:14.333Z
Alte Karten,binder,Champion of Arashin,BBD,Battlebond,90,normal,common,4,1903,2f7e5122-89ff-4a25-96a5-fee5f96da7f2,0.07,false,false,near_mint,de,CHF,2026-06-17T08:03:14.332Z
Alte Karten,binder,Chief of the Edge,KTK,Khans of Tarkir,169,normal,uncommon,1,13229,28822a9a-97fa-4784-ad97-072fcfc7b9ed,0.06,false,false,near_mint,de,CHF,2026-06-17T08:03:14.331Z
Alte Karten,binder,Glaring Aegis,M20,Core Set 2020,18,normal,common,7,45443,daa83dc2-4ec0-4e4f-8bfd-4f6d6df06a2d,0.13,false,false,near_mint,de,CHF,2026-06-17T08:03:14.330Z
Alte Karten,binder,Honor's Reward,FRF,Fate Reforged,14,normal,uncommon,2,12112,084c8b16-7aae-4d1f-87c2-6a150f11bb15,0.05,false,false,near_mint,de,CHF,2026-06-17T08:03:14.329Z
Alte Karten,binder,Chosen by Heliod,THS,Theros,5,normal,common,2,15659,d8ead499-920c-465a-a23d-f08710d7e9bc,0.06,false,false,near_mint,de,CHF,2026-06-17T08:03:14.328Z
Alte Karten,binder,Aven Skirmisher,FRF,Fate Reforged,6,normal,common,4,12120,05f7a3b1-4d92-4d32-a823-2e774c6e7e73,0.21,false,false,near_mint,de,CHF,2026-06-17T08:03:14.327Z
Alte Karten,binder,Aven Sunstriker,DTK,Dragons of Tarkir,5,normal,uncommon,3,11809,4a54b36b-5a8d-41a1-9371-1a59d81c2733,0.14,false,false,near_mint,de,CHF,2026-06-17T08:03:14.326Z
Alte Karten,binder,Aven Tactician,DTK,Dragons of Tarkir,6,normal,common,4,11808,b9dfc3ec-ca06-40a6-b77c-c2432af9802f,0.04,false,false,near_mint,de,CHF,2026-06-17T08:03:14.325Z
Alte Karten,binder,Arashin Cleric,FRF,Fate Reforged,5,normal,common,6,12121,10aeac19-6892-448e-9e5f-302051a089fc,0.06,false,false,near_mint,de,CHF,2026-06-17T08:03:14.324Z
Alte Karten,binder,Arrest,MM2,Modern Masters 2015,9,normal,common,1,11208,9fc0be19-e041-4347-a51c-7e93a3d9e712,0.17,false,false,near_mint,de,CHF,2026-06-17T08:03:14.323Z
Alte Karten,binder,Ethereal Armor,WOC,Wilds of Eldraine Commander,67,normal,common,1,85277,19557197-521d-4900-a260-1a21e49113f5,0.81,false,false,near_mint,de,CHF,2026-06-17T08:03:14.322Z
Alte Karten,binder,Sandsteppe Outcast,FRF,Fate Reforged,25,normal,common,6,12101,f29943bb-aa89-443b-96b7-8f6f24672a9d,0.02,false,false,near_mint,de,CHF,2026-06-17T08:03:14.321Z
Alte Karten,binder,Auramancer,DSC,Duskmourn: House of Horror Commander,97,normal,common,1,99355,d0957032-6d98-4cac-889b-890e9bfe1f86,0.24,false,false,near_mint,de,CHF,2026-06-17T08:03:14.320Z
Alte Karten,binder,Assault Griffin,GTC,Gatecrash,4,normal,common,1,16820,704286a5-e3a8-4517-85e5-6447c5c2530f,0.02,false,false,near_mint,de,CHF,2026-06-17T08:03:14.319Z
Alte Karten,binder,Enduring Victory,DTK,Dragons of Tarkir,16,normal,common,6,11798,54fef763-7ee2-4341-9c67-546e4b6710b7,0.05,false,false,near_mint,de,CHF,2026-06-17T08:03:14.318Z
Alte Karten,binder,Alabaster Kirin,KTK,Khans of Tarkir,4,normal,common,2,13394,ad1ce529-06ed-4e85-9988-8c8b58401ed5,0.05,false,false,near_mint,de,CHF,2026-06-17T08:03:14.317Z
Alte Karten,binder,Abzan Advantage,FRF,Fate Reforged,2,normal,common,6,12124,3ffd46f5-afd1-4130-b019-d8822e61fdfa,0.1,false,false,near_mint,de,CHF,2026-06-17T08:03:14.316Z
Alte Karten,binder,Abzan Skycaptain,FRF,Fate Reforged,4,normal,common,4,12122,c4195373-e902-4fc3-aead-1f6e728dbbae,0.05,false,false,near_mint,de,CHF,2026-06-17T08:03:14.314Z
Alte Karten,binder,Abzan Runemark,FRF,Fate Reforged,3,normal,common,7,12123,fe356261-3126-41f1-ae71-b69ca5641f84,0.07,false,false,near_mint,de,CHF,2026-06-17T08:03:14.315Z
Alte Karten,binder,Lightform,C18,Commander 2018,68,normal,uncommon,2,775,82b194d0-8f1c-4864-b2dd-603cbe1d9dc6,0.25,false,false,near_mint,de,CHF,2026-06-17T08:03:14.358Z
Alte Karten,binder,Silumgar's Scorn,DTK,Dragons of Tarkir,78,normal,uncommon,1,11736,077bee72-62f6-4d90-8557-ff9cac42ec9a,0.22,false,false,near_mint,de,CHF,2026-06-17T08:47:08.812Z
Alte Karten,binder,Blinding Spray,KTK,Khans of Tarkir,32,normal,uncommon,1,13366,9b588355-c349-458d-aeb7-0e2780caa3f9,0.03,false,false,near_mint,de,CHF,2026-06-17T08:47:08.800Z
Alte Karten,binder,Wetland Sambar,KTK,Khans of Tarkir,62,normal,common,1,13336,f71a86e0-d15a-4fba-94f6-bfbaade8d837,0.02,false,false,near_mint,de,CHF,2026-06-17T08:47:08.776Z
Alte Karten,binder,Whirlwind Adept,UMA,Ultimate Masters,82,normal,common,1,43419,9fdbe6b5-7f67-42f1-be8f-637c35417925,0.03,false,false,near_mint,de,CHF,2026-06-17T08:47:08.775Z
Alte Karten,binder,Riverwheel Aerialists,IMA,Iconic Masters,71,normal,common,1,3554,2e1d59d6-7f53-4139-b2f2-3189f24bdc84,0.05,false,false,near_mint,de,CHF,2026-06-17T08:47:08.774Z
Alte Karten,binder,Amphin Pathmage,M15,Magic 2015,45,normal,common,1,13807,eafd2e27-01d0-4894-886e-2b8776904ab9,0.06,false,false,near_mint,de,CHF,2026-06-17T08:47:08.773Z
Alte Karten,binder,Welkin Tern,M15,Magic 2015,84,normal,common,1,13768,ea98c545-42d7-47f6-a155-4db092c178c1,0.05,false,false,near_mint,de,CHF,2026-06-17T08:47:08.772Z
Alte Karten,binder,Prescient Chimera,THS,Theros,59,normal,common,1,15605,f9342aba-e3aa-4210-ad72-e609c7c027b8,0.05,false,false,near_mint,de,CHF,2026-06-17T08:47:08.768Z
Alte Karten,binder,Omenspeaker,CMR,Commander Legends,83,normal,common,1,55579,1b635abe-ad7e-44b8-b3fe-6e365db87c29,0.1,false,false,near_mint,de,CHF,2026-06-17T08:47:08.767Z
Alte Karten,binder,Voidwielder,RTR,Return to Ravnica,56,normal,common,1,17366,23723bc7-a68e-4810-bc87-60df916cbb8a,0.08,false,false,near_mint,de,CHF,2026-06-17T08:47:08.766Z
Alte Karten,binder,Breaching Hippocamp,THS,Theros,43,normal,common,1,15621,8841c01e-015e-4541-942a-f8859dd03fea,0.09,false,false,near_mint,de,CHF,2026-06-17T08:47:08.765Z
Alte Karten,binder,Somber Hoverguard,MM2,Modern Masters 2015,57,normal,common,1,11160,13cfe45f-0b1f-489b-a0a6-679668589726,0.06,false,false,near_mint,de,CHF,2026-06-17T08:47:08.764Z
Alte Karten,binder,Novijen Sages,MM2,Modern Masters 2015,53,normal,uncommon,1,11164,3f75658e-43de-4091-acf6-5d6d571f9e99,0.17,false,false,near_mint,de,CHF,2026-06-17T08:47:08.763Z
Alte Karten,binder,Cloud Elemental,MM2,Modern Masters 2015,42,normal,common,1,11175,3639ad50-6e39-48bd-9055-c32369d2f676,0.02,false,false,near_mint,de,CHF,2026-06-17T08:47:08.762Z
Alte Karten,binder,Vigean Graftmage,MM2,Modern Masters 2015,68,normal,common,1,11149,4aa0a951-0018-41bb-8e82-c3844983a753,0.13,false,false,near_mint,de,CHF,2026-06-17T08:47:08.761Z
Alte Karten,binder,Thassa's Emissary,THS,Theros,68,normal,uncommon,1,15596,f52b325b-3ea9-4a99-ae99-9d158560e45b,0.21,false,false,near_mint,de,CHF,2026-06-17T08:47:08.760Z
Alte Karten,binder,Youthful Scholar,DTK,Dragons of Tarkir,84,normal,uncommon,1,11730,43ae8147-bf25-44f9-b75f-837b81ebe0de,0.04,false,false,near_mint,de,CHF,2026-06-17T08:47:08.759Z
Alte Karten,binder,Nyxborn Triton,BNG,Born of the Gods,46,normal,common,1,14914,65371de6-13a2-401f-9334-ae9e19619487,0.12,false,false,near_mint,de,CHF,2026-06-17T08:47:08.758Z
Alte Karten,binder,Mystic of the Hidden Way,A25,Masters 25,67,normal,common,1,2649,45261b50-e7cc-40f6-9d0d-44b5ada45e42,0.03,false,false,near_mint,de,CHF,2026-06-17T08:47:08.750Z
Alte Karten,binder,Qarsi Deceiver,DTK,Dragons of Tarkir,71,normal,uncommon,1,11743,64d64264-895f-4d4d-8e5c-ab1d0d6e340b,0.08,false,false,near_mint,de,CHF,2026-06-17T08:47:08.701Z
Alte Karten,binder,Archetype of Imagination,DSC,Duskmourn: House of Horror Commander,111,normal,uncommon,1,99073,204972f7-8111-4e7d-97c4-53bcdc222230,0.36,false,false,near_mint,de,CHF,2026-06-17T08:47:08.700Z
Alte Karten,binder,Glacial Stalker,KTK,Khans of Tarkir,41,normal,common,1,13357,8821c7b9-702b-416f-b006-941ad57f9e11,0.07,false,false,near_mint,de,CHF,2026-06-17T08:47:08.694Z
Alte Karten,binder,Embodiment of Spring,KTK,Khans of Tarkir,39,normal,common,1,13359,88e07226-f180-4972-b7f8-90c743d45fb8,0.1,false,false,near_mint,de,CHF,2026-06-17T08:47:08.693Z
Alte Karten,binder,Force Away,KTK,Khans of Tarkir,40,normal,common,1,13358,dda70b3e-4b70-404e-a579-41dd126be084,0.08,false,false,near_mint,de,CHF,2026-06-17T08:47:08.657Z
Alte Karten,binder,Disdainful Stroke,CM2,Commander Anthology Volume II,40,normal,common,1,1697,5f6677e9-cd9a-4690-8f1c-6c5910c5605a,0.26,false,false,near_mint,de,CHF,2026-06-17T08:47:08.656Z
Alte Karten,binder,Will of the Naga,FRF,Fate Reforged,58,normal,common,7,12068,9fed1c4d-f11e-476a-bbb2-06ffc6e261f3,0.03,false,false,near_mint,de,CHF,2026-06-17T08:47:08.651Z
Alte Karten,binder,Learn from the Past,DTK,Dragons of Tarkir,60,normal,uncommon,2,11754,347c6e76-dba4-4448-a4f4-d9591d4539c7,0.13,false,false,near_mint,de,CHF,2026-06-17T08:47:08.650Z
Alte Karten,binder,Nullify,BNG,Born of the Gods,45,normal,common,1,14915,a940d859-3fb1-4946-8277-b7c503605b1e,0.05,false,false,near_mint,de,CHF,2026-06-17T08:47:08.649Z
Alte Karten,binder,Weave Fate,ORI,Magic Origins,279,normal,common,1,10663,04e57fc1-1633-447f-ae32-ad7da25a4177,0.06,false,false,near_mint,de,CHF,2026-06-17T08:47:08.648Z
Alte Karten,binder,Telling Time,GK1,GRN Guild Kit,4,normal,uncommon,1,142,1b921881-6967-477e-a419-6fd7462e768a,0.17,false,false,near_mint,de,CHF,2026-06-17T08:47:08.647Z
Alte Karten,binder,Mana Leak,2X2,Double Masters 2022,58,normal,common,1,70084,179236d9-6fe2-4db6-bdfb-f851e8d531a2,0.29,false,false,near_mint,de,CHF,2026-06-17T08:47:08.646Z
Alte Karten,binder,Cancel,RTR,Return to Ravnica,31,normal,common,1,17391,fd994a26-65ff-43be-8d52-476e887d3ed2,0.17,false,false,near_mint,de,CHF,2026-06-17T08:47:08.645Z
Alte Karten,binder,Dispel,RTR,Return to Ravnica,36,normal,common,1,17386,08d4a8d7-c136-472f-8146-a1100701ca4f,0.23,false,false,near_mint,de,CHF,2026-06-17T08:47:08.644Z
Alte Karten,binder,Triton Tactics,DDT,Duel Decks: Merfolk vs. Goblins,23,normal,uncommon,1,3688,da8134a6-7fd7-4f41-8127-dc32400fb04b,0.16,false,false,near_mint,de,CHF,2026-06-17T08:47:08.643Z
Alte Karten,binder,Crippling Chill,KTK,Khans of Tarkir,35,normal,common,1,13363,acf53a79-7573-43c2-bd3a-93abea58ba80,0.04,false,false,near_mint,de,CHF,2026-06-17T08:47:08.642Z
Alte Karten,binder,Blustersquall,C15,Commander 2015,89,normal,uncommon,1,9947,1736aaf7-b61d-426e-af5e-f70272e7b07e,0.37,false,false,near_mint,de,CHF,2026-06-17T08:47:08.641Z
Alte Karten,binder,Dance of the Skywise,DTK,Dragons of Tarkir,50,normal,uncommon,2,11764,c548d140-3d81-4b33-9985-87703d316a83,0.19,false,false,near_mint,de,CHF,2026-06-17T08:47:08.640Z
Alte Karten,binder,Fascination,FRF,Fate Reforged,34,normal,uncommon,1,12092,37c96615-0dcb-4108-978a-b41b43e12f38,0.29,false,false,near_mint,de,CHF,2026-06-17T08:47:08.639Z
Alte Karten,binder,Shifting Loyalties,FRF,Fate Reforged,51,normal,uncommon,2,12075,ed9ff175-2e4c-4658-813e-1bfb4b9a6ca0,0.06,false,false,near_mint,de,CHF,2026-06-17T08:47:08.638Z
Alte Karten,binder,Taigam's Scheming,KTK,Khans of Tarkir,57,normal,common,1,13341,87f4b533-7113-4b36-9c7a-e4cf798c88a9,0.05,false,false,near_mint,de,CHF,2026-06-17T08:47:08.637Z
Alte Karten,binder,Write into Being,FRF,Fate Reforged,59,normal,common,4,12067,a85e6fbe-cda0-4fbf-853c-c03c567a7de9,0.1,false,false,near_mint,de,CHF,2026-06-17T08:47:08.636Z
Alte Karten,binder,Void Squall,DTK,Dragons of Tarkir,83,normal,uncommon,2,11731,3d8a7aee-6403-44ce-a119-66147aa311fd,0.1,false,false,near_mint,de,CHF,2026-06-17T08:47:08.635Z
Alte Karten,binder,Sight Beyond Sight,DTK,Dragons of Tarkir,75,normal,uncommon,2,11739,def0df83-fe20-497f-b372-1d2e4d7c8df9,0.06,false,false,near_mint,de,CHF,2026-06-17T08:47:08.634Z
Alte Karten,binder,Divination,M19,Core Set 2019,51,normal,common,1,1261,cb3b35b8-f321-46d8-a441-6b9a6efa9021,0.18,false,false,near_mint,de,CHF,2026-06-17T08:47:08.633Z
Alte Karten,binder,Void Snare,M15,Magic 2015,82,normal,common,1,13770,94efe426-0fb2-4a24-9b50-914e48105b57,0.25,false,false,near_mint,de,CHF,2026-06-17T08:47:08.632Z
Alte Karten,binder,Singing Bell Strike,KTK,Khans of Tarkir,55,normal,common,1,13343,670f24e1-dec9-42e6-b762-c447366ed16c,0.03,false,false,near_mint,de,CHF,2026-06-17T08:47:08.631Z
Alte Karten,binder,Encase in Ice,DTK,Dragons of Tarkir,54,normal,uncommon,3,11760,bcad5bd9-3236-48d4-920f-c3ed12d5f329,0.06,false,false,near_mint,de,CHF,2026-06-17T08:47:08.630Z
Alte Karten,binder,Cloudform,C18,Commander 2018,83,normal,uncommon,1,760,00e3ff89-9901-48ba-900c-5778cdd1b112,0.28,false,false,near_mint,de,CHF,2026-06-17T08:47:08.629Z
Alte Karten,binder,Reduce in Stature,DTK,Dragons of Tarkir,72,normal,common,6,11742,8bad1d13-c4f6-4440-9988-e1db40039f02,0.03,false,false,near_mint,de,CHF,2026-06-17T08:47:08.628Z
Alte Karten,binder,Skywise Teachings,IMA,Iconic Masters,73,normal,uncommon,2,3552,e55ba092-abc0-49ba-b756-6cb714165fec,0.09,false,false,near_mint,de,CHF,2026-06-17T08:47:08.627Z
Alte Karten,binder,Jeskai Runemark,FRF,Fate Reforged,37,normal,common,5,12089,2ada6302-326b-4ab1-a9a3-ae4fa6a9001c,0.04,false,false,near_mint,de,CHF,2026-06-17T08:47:08.626Z
Alte Karten,binder,Aqueous Form,CMR,Commander Legends,56,normal,common,1,56189,c859f7cb-ac12-490e-b769-6f019791f2a5,0.36,false,false,near_mint,de,CHF,2026-06-17T08:47:08.625Z
Alte Karten,binder,Paralyzing Grasp,RTR,Return to Ravnica,46,normal,common,1,17376,3dfd97b3-d83e-406f-af45-40eec6347462,0.04,false,false,near_mint,de,CHF,2026-06-17T08:47:08.624Z
Alte Karten,binder,Military Intelligence,ZNC,Zendikar Rising Commander,31,normal,uncommon,1,55352,28ba3c56-94f2-4bb3-86e2-e84d5b9fb013,0.3,false,false,near_mint,de,CHF,2026-06-17T08:47:08.623Z
Alte Karten,binder,Plains,ORI,Magic Origins,256,normal,common,1,10686,ed4f7329-9c72-4369-8b66-2a89423e957d,0.06,false,false,near_mint,de,CHF,2026-06-17T08:47:08.589Z
Alte Karten,binder,Plains,RTR,Return to Ravnica,252,normal,common,1,17170,b0b9bcca-b41a-4a6a-b380-36bfea9f0715,0.1,false,false,near_mint,de,CHF,2026-06-17T08:47:08.588Z
Alte Karten,binder,Waxmane Baku,MM2,Modern Masters 2015,38,normal,common,1,11179,fd0c47e0-c87b-4304-b412-00496c2c289f,0.02,false,false,near_mint,de,CHF,2026-06-17T08:47:08.570Z
Alte Karten,binder,Wardscale Dragon,FRF,Fate Reforged,30,normal,uncommon,1,12096,d4290215-3aec-40b8-aac5-e5c39c035cfe,0.13,false,false,near_mint,de,CHF,2026-06-17T08:47:08.569Z
Alte Karten,binder,Surge of Righteousness,DTK,Dragons of Tarkir,42,normal,uncommon,1,11772,114366f3-237f-4f96-b644-5bd82d97b18b,0.06,false,false,near_mint,de,CHF,2026-06-17T08:47:08.568Z
Alte Karten,binder,Armory Guard,RVR,Ravnica Remastered,3,normal,common,1,89626,322fdd11-7874-46f6-adc5-051119a6c978,0.09,false,false,near_mint,de,CHF,2026-06-17T08:47:08.567Z
Alte Karten,binder,Wandering Champion,UMA,Ultimate Masters,42,normal,common,2,43457,f02599bd-c5d8-4bdc-9478-a7bad8185552,0.03,false,false,near_mint,de,CHF,2026-06-17T08:47:08.566Z
Alte Karten,binder,Dragon's Eye Sentry,DTK,Dragons of Tarkir,11,normal,common,5,11803,750880cd-59bf-4b67-a2d5-9b66e4d05665,0.03,false,false,near_mint,de,CHF,2026-06-17T08:47:08.565Z
Alte Karten,binder,Rootborn Defenses,CLU,Ravnica: Clue Edition,71,normal,common,1,91281,eb3ef4da-27c0-4364-a198-f70bea869d9b,0.19,false,false,near_mint,de,CHF,2026-06-17T08:47:08.564Z
Alte Karten,binder,Fate Forgotten,DTK,Dragons of Tarkir,17,normal,common,5,11797,9b2161d9-ad52-45a6-9be9-e7ff09ec8f5a,0.06,false,false,near_mint,de,CHF,2026-06-17T08:47:08.563Z
Alte Karten,binder,Channel Harm,FRF,Fate Reforged,7,normal,uncommon,1,12119,8801465e-295f-4b6b-a321-120f1b1edd0b,0.11,false,false,near_mint,de,CHF,2026-06-17T08:47:08.562Z
Alte Karten,binder,Timely Hordemate,KTK,Khans of Tarkir,27,normal,uncommon,1,13371,dcb3c08e-b591-421a-898a-533021cbabd2,0.03,false,false,near_mint,de,CHF,2026-06-17T08:47:08.561Z
Alte Karten,binder,Sage-Eye Harrier,KTK,Khans of Tarkir,20,normal,common,1,13378,3cc7b4c3-647e-48da-86f8-f55e3e990ac1,0.02,false,false,near_mint,de,CHF,2026-06-17T08:47:08.560Z
Alte Karten,binder,Sandblast,FRF,Fate Reforged,24,normal,common,7,12102,b7305cd4-a9f1-4801-bdfe-b07869ed5b56,0.03,false,false,near_mint,de,CHF,2026-06-17T08:47:08.559Z
Alte Karten,binder,Stonehorn Chanter,M14,Magic 2014,39,normal,uncommon,1,16012,cd6ec61b-c039-4526-a359-a7947eeba5c3,0.07,false,false,near_mint,de,CHF,2026-06-17T08:47:08.558Z
Alte Karten,binder,Silent Artisan,THS,Theros,31,normal,common,1,15633,dce5647d-1546-4eff-a2a2-9e9ef26db533,0.02,false,false,near_mint,de,CHF,2026-06-17T08:47:08.557Z
Alte Karten,binder,Valorous Stance,FDN,Foundations,583,normal,uncommon,2,101069,bc4c47e3-04b6-4760-9a80-b6acef1e4524,0.08,false,false,near_mint,de,CHF,2026-06-17T08:47:08.555Z
Alte Karten,binder,Elite Scaleguard,CMM,Commander Masters,22,normal,uncommon,2,84902,d0ca5bcc-f49f-4370-9f95-031836bb771b,0.14,false,false,near_mint,de,CHF,2026-06-17T08:47:08.554Z
Alte Karten,binder,Seller of Songbirds,CLU,Ravnica: Clue Edition,72,normal,common,1,91253,df84d9ce-9ff0-438a-96e1-2aadd60dcaba,0.12,false,false,near_mint,de,CHF,2026-06-17T08:47:08.553Z
Alte Karten,binder,Selesnya Sentry,RTR,Return to Ravnica,21,normal,common,1,17401,9c34c1f5-d509-4c66-ba41-c7958ef5ee44,0.05,false,false,near_mint,de,CHF,2026-06-17T08:47:08.552Z
Alte Karten,binder,Sunspire Griffin,RTR,Return to Ravnica,25,normal,common,2,17397,1388ce6e-8199-46c1-8ee3-71266b0929bf,0.08,false,false,near_mint,de,CHF,2026-06-17T08:47:08.551Z
Alte Karten,binder,Sandstorm Charger,DTK,Dragons of Tarkir,34,normal,common,5,11780,9757be26-4480-43b7-a38a-8e4bde4e2d50,0.06,false,false,near_mint,de,CHF,2026-06-17T08:47:08.550Z
Alte Karten,binder,Sandcrafter Mage,DTK,Dragons of Tarkir,33,normal,common,5,11781,8998b4a5-d94b-45b3-b619-bd850e240ce0,0.02,false,false,near_mint,de,CHF,2026-06-17T08:47:08.549Z
Alte Karten,binder,Skyhunter Skirmisher,MM2,Modern Masters 2015,32,normal,common,1,11185,adbf772f-ebdf-4c04-996f-0dbf1826049b,0.14,false,false,near_mint,de,CHF,2026-06-17T08:47:08.548Z
Alte Karten,binder,Student of Ojutai,IMA,Iconic Masters,33,normal,common,5,3592,df49884b-9e12-488c-8381-ec543349b97b,0.2,false,false,near_mint,de,CHF,2026-06-17T08:47:08.547Z
Alte Karten,binder,Soulmender,M20,Core Set 2020,37,normal,common,1,45424,31b83ffd-bd08-48c6-98a3-811abc203f60,0.19,false,false,near_mint,de,CHF,2026-06-17T08:47:08.546Z
Alte Karten,binder,Terashi's Grasp,MM2,Modern Masters 2015,37,normal,common,1,11180,44f0d818-b463-4ef7-93b4-1ae341b52e2c,0.16,false,false,near_mint,de,CHF,2026-06-17T08:47:08.545Z
Alte Karten,binder,Scale Blessing,2X2,Double Masters 2022,27,normal,uncommon,3,70331,79d5ed22-c0af-47dd-b6e8-49b51e354c7d,0.13,false,false,near_mint,de,CHF,2026-06-17T08:47:08.544Z
Alte Karten,binder,Smite the Monstrous,KTK,Khans of Tarkir,24,normal,common,1,13374,1405bb2e-2204-43ab-82a3-5d0c8537325a,0.05,false,false,near_mint,de,CHF,2026-06-17T08:47:08.543Z
Alte Karten,binder,Silkwrap,DTK,Dragons of Tarkir,38,normal,uncommon,4,11776,68ee9009-59a7-40e6-bf1a-1d26d4b399e8,0.11,false,false,near_mint,de,CHF,2026-06-17T08:47:08.542Z
Alte Karten,binder,Sunlance,TSR,Time Spiral Remastered,47,normal,common,1,57727,82ab72c3-1f76-45ff-84b4-05f403866d44,0.18,false,false,near_mint,de,CHF,2026-06-17T08:47:08.541Z
Alte Karten,binder,Soul Summons,FRF,Fate Reforged,26,normal,common,5,12100,fb884ac2-c990-4ab0-8610-e07d93da2f13,0.02,false,false,near_mint,de,CHF,2026-06-17T08:47:08.540Z
Alte Karten,binder,Capashen Knight,M14,Magic 2014,11,normal,common,1,16040,78802af4-46b5-4bac-8cdf-5b77d0b19895,0.13,false,false,near_mint,de,CHF,2026-06-17T08:47:08.539Z
Alte Karten,binder,Plains,DTK,Dragons of Tarkir,250,normal,common,3,11564,cdf91075-8d8d-43c3-8125-2469e2dcd132,0.07,false,false,near_mint,de,CHF,2026-06-17T08:47:08.571Z
Alte Karten,binder,Plains,DDN,Duel Decks: Speed vs. Cunning,38,normal,common,7,13492,cd97a3ed-e266-4cf3-bdf3-305d87373742,0.1,false,false,near_mint,de,CHF,2026-06-17T08:47:08.572Z
Alte Karten,binder,Plains,M21,Core Set 2021,261,normal,common,6,50707,0d4e5bc1-f0c3-4ea7-a549-c36d932103b1,0.1,false,false,near_mint,de,CHF,2026-06-17T08:47:08.573Z
Alte Karten,binder,Plains,M21,Core Set 2021,262,normal,common,7,50888,8a299a1e-1ce9-4668-a5f5-c587081acf6b,0.21,false,false,near_mint,de,CHF,2026-06-17T08:47:08.574Z
Alte Karten,binder,Plains,M21,Core Set 2021,260,normal,common,9,50800,4be96696-aff8-4ef9-97dc-8221ef745de9,0.1,false,false,near_mint,de,CHF,2026-06-17T08:47:08.575Z
Alte Karten,binder,Plains,DTK,Dragons of Tarkir,251,normal,common,5,11563,2484c9db-44bc-411c-af43-bfe0e30f0ffa,0.1,false,false,near_mint,de,CHF,2026-06-17T08:47:08.590Z
Alte Karten,binder,Plains,KTK,Khans of Tarkir,252,normal,common,3,13146,a5bfb654-ab99-4272-a184-b95e1022af5c,0.1,false,false,near_mint,de,CHF,2026-06-17T08:47:08.592Z
Alte Karten,binder,Plains,KTK,Khans of Tarkir,251,normal,common,3,13147,40337e60-065e-425d-ae35-c639d2bb5b42,0.14,false,false,near_mint,de,CHF,2026-06-17T08:47:08.594Z
Alte Karten,binder,Plains,CMR,Commander Legends,504,normal,common,2,56025,272e4d2b-2ba7-492f-9f0f-b2b2a2e4c049,0.08,false,false,near_mint,de,CHF,2026-06-17T08:47:08.595Z
Alte Karten,binder,Plains,KTK,Khans of Tarkir,253,normal,common,3,13145,324b97fb-da4a-4867-abde-825383c74b63,0.09,false,false,near_mint,de,CHF,2026-06-17T08:47:08.597Z
Alte Karten,binder,Plains,DTK,Dragons of Tarkir,252,normal,common,2,11562,910f2bcd-8d37-417c-a969-86e04f1daf23,0.08,false,false,near_mint,de,CHF,2026-06-17T08:47:08.600Z
Alte Karten,binder,Glint,DTK,Dragons of Tarkir,55,normal,common,6,11759,35fa105f-c76b-4fd0-9b83-34b46648e0d6,0.13,false,false,near_mint,de,CHF,2026-06-17T08:47:08.652Z
Alte Karten,binder,Ojutai's Breath,IMA,Iconic Masters,68,normal,common,7,3557,428c4985-95de-4703-9cda-7762d7fee04f,0.06,false,false,near_mint,de,CHF,2026-06-17T08:47:08.653Z
Alte Karten,binder,Refocus,FRF,Fate Reforged,47,normal,common,6,12079,35c78973-f2ae-4c76-802f-793d1022fcbd,0.11,false,false,near_mint,de,CHF,2026-06-17T08:47:08.654Z
Alte Karten,binder,Rakshasa's Disdain,FRF,Fate Reforged,45,normal,common,4,12081,bd9e8a25-2e71-431b-897f-8b62520a3ce9,0.06,false,false,near_mint,de,CHF,2026-06-17T08:47:08.655Z
Alte Karten,binder,Enhanced Awareness,FRF,Fate Reforged,33,normal,common,6,12093,21df7db7-c23b-4dca-b9c8-c785d7007285,0.02,false,false,near_mint,de,CHF,2026-06-17T08:47:08.658Z
Alte Karten,binder,Reality Shift,ECC,Lorwyn Eclipsed Commander,68,normal,uncommon,2,110492,459f0dd1-3a52-4642-8c3e-11de9467507a,0.21,false,false,near_mint,de,CHF,2026-06-17T08:47:08.659Z
Alte Karten,binder,Whisk Away,FRF,Fate Reforged,57,normal,common,6,12069,5b5d96a9-11dd-44cc-baf1-bab298ae03f0,0.05,false,false,near_mint,de,CHF,2026-06-17T08:47:08.660Z
Alte Karten,binder,Neutralizing Blast,FRF,Fate Reforged,44,normal,uncommon,3,12082,e549a8fc-6001-43db-88b1-ce8ed42a3443,0.07,false,false,near_mint,de,CHF,2026-06-17T08:47:08.661Z
Alte Karten,binder,Mindscour Dragon,FRF,Fate Reforged,41,normal,uncommon,2,12085,c5708290-60ae-400c-b149-2a63153c2890,0.12,false,false,near_mint,de,CHF,2026-06-17T08:47:08.662Z
Alte Karten,binder,Crackling Triton,THS,Theros,45,normal,common,2,15619,8d6bb19c-3610-4609-b23c-21d4d80e4582,0.02,false,false,near_mint,de,CHF,2026-06-17T08:47:08.664Z
Alte Karten,binder,Marang River Prowler,ZNC,Zendikar Rising Commander,29,normal,uncommon,2,55375,491a3dc5-d297-47e1-acf9-dda103136519,0.1,false,false,near_mint,de,CHF,2026-06-17T08:47:08.666Z
Alte Karten,binder,Frost Walker,FRF,Fate Reforged,35,normal,uncommon,2,12091,ebb2c83d-48db-4d0b-8c3a-f4b0353eeb86,0.06,false,false,near_mint,de,CHF,2026-06-17T08:47:08.668Z
Alte Karten,binder,Sultai Skullkeeper,UMA,Ultimate Masters,75,normal,common,6,43425,f83c3936-1d30-4b1b-85ae-64c2be7d37c0,0.06,false,false,near_mint,de,CHF,2026-06-17T08:47:08.670Z
Alte Karten,binder,Jeskai Sage,FRF,Fate Reforged,38,normal,common,6,12088,6dff4734-7b2a-4089-a78a-46199818f39d,0.08,false,false,near_mint,de,CHF,2026-06-17T08:47:08.675Z
Alte Karten,binder,Aven Surveyor,CMR,Commander Legends,57,normal,common,5,56243,f4981d99-c33d-4451-8f6a-28fffb3dcd1c,0.13,false,false,near_mint,de,CHF,2026-06-17T08:47:08.681Z
Alte Karten,binder,Renowned Weaponsmith,CMM,Commander Masters,114,normal,common,2,84395,5a397298-9d7d-495f-983a-1683291a7b9f,0.17,false,false,near_mint,de,CHF,2026-06-17T08:47:08.686Z
Alte Karten,binder,Mistfire Adept,2X2,Double Masters 2022,59,normal,uncommon,2,70576,e8a2dd0d-8034-47f7-801d-c893f32f0708,0.14,false,false,near_mint,de,CHF,2026-06-17T08:47:08.688Z
Alte Karten,binder,Jeskai Elder,2X2,Double Masters 2022,53,normal,common,3,70158,38fd9091-2d22-411f-955a-24c32293cdca,0.09,false,false,near_mint,de,CHF,2026-06-17T08:47:08.690Z
Alte Karten,binder,Dirgur Nemesis,DTK,Dragons of Tarkir,51,normal,common,5,11763,54c388de-c2c9-4975-9eac-86a8030a9884,0.06,false,false,near_mint,de,CHF,2026-06-17T08:47:08.695Z
Alte Karten,binder,Palace Familiar,DTK,Dragons of Tarkir,69,normal,common,4,11745,fc0c17c9-54af-4dd4-8d4a-fd5a7b8c3c77,0.05,false,false,near_mint,de,CHF,2026-06-17T08:47:08.702Z
Alte Karten,binder,Zephyr Scribe,DTK,Dragons of Tarkir,85,normal,common,6,11729,d23ae0d2-0ca1-4095-8710-be5800e389cd,0.06,false,false,near_mint,de,CHF,2026-06-17T08:47:08.706Z
Alte Karten,binder,Silumgar Spell-Eater,DTK,Dragons of Tarkir,77,normal,uncommon,2,11737,20a99655-34b2-4756-bf12-b344eb71ad37,0.08,false,false,near_mint,de,CHF,2026-06-17T08:47:08.707Z
Alte Karten,binder,Monastery Loremaster,DTK,Dragons of Tarkir,63,normal,common,5,11751,19b9d8de-5746-4af0-9353-a19fa977df41,0.1,false,false,near_mint,de,CHF,2026-06-17T08:47:08.708Z
Alte Karten,binder,Elusive Spellfist,IMA,Iconic Masters,54,normal,common,8,3571,aac94901-f4ec-4888-82ef-87fd2b20cf11,0.06,false,false,near_mint,de,CHF,2026-06-17T08:47:08.713Z
Alte Karten,binder,Silumgar Sorcerer,DTK,Dragons of Tarkir,76,normal,uncommon,2,11738,6a914304-e774-49fd-9ac7-09e36989b1d5,0.1,false,false,near_mint,de,CHF,2026-06-17T08:47:08.721Z
Alte Karten,binder,Ancient Carp,DTK,Dragons of Tarkir,44,normal,common,5,11770,1fef6e95-e7f1-4646-be5e-130c8b5a3ca6,0.04,false,false,near_mint,de,CHF,2026-06-17T08:47:08.723Z
Alte Karten,binder,Gurmag Drowner,DTK,Dragons of Tarkir,57,normal,common,4,11757,5087a664-6ed7-43a1-8851-71bbee204eb1,0.08,false,false,near_mint,de,CHF,2026-06-17T08:47:08.730Z
Alte Karten,binder,Ojutai Interceptor,DTK,Dragons of Tarkir,66,normal,common,4,11748,59a84666-ad2b-494c-b52b-ecee14788ef2,0.04,false,false,near_mint,de,CHF,2026-06-17T08:47:08.733Z
Alte Karten,binder,Lotus Path Djinn,FRF,Fate Reforged,39,normal,common,7,12087,197ec248-70d9-47f4-a53b-99b23f021116,0.03,false,false,near_mint,de,CHF,2026-06-17T08:47:08.742Z
Alte Karten,binder,Gudul Lurker,DTK,Dragons of Tarkir,56,normal,uncommon,2,11758,c84d5344-2d15-43da-b536-27e0d308606b,0.58,false,false,near_mint,de,CHF,2026-06-17T08:47:08.751Z
Alte Karten,binder,Aethersnipe,2X2,Double Masters 2022,37,normal,common,2,70129,2cc9b5ee-4d6d-42ea-8b13-b8a7059781c9,0.1,false,false,near_mint,de,CHF,2026-06-17T08:47:08.753Z
Alte Karten,binder,Updraft Elemental,DTK,Dragons of Tarkir,82,normal,common,3,11732,9621c700-569d-4d07-847e-68b97113415f,0.05,false,false,near_mint,de,CHF,2026-06-17T08:47:08.755Z
Alte Karten,binder,Jeskai Windscout,KTK,Khans of Tarkir,44,normal,common,3,13354,66356e38-38e1-4b09-80c2-be26007ff99c,0.04,false,false,near_mint,de,CHF,2026-06-17T08:47:08.769Z
Alte Karten,binder,Rite of Undoing,FRF,Fate Reforged,49,normal,uncommon,2,12077,20afe614-a367-461a-a67b-02d5ed634cc5,0.07,false,false,near_mint,de,CHF,2026-06-17T08:47:08.779Z
Alte Karten,binder,Thassa's Bounty,THS,Theros,67,normal,common,1,15597,3ac987ac-3f81-4704-b42c-651f44670641,0.06,false,false,near_mint,de,CHF,2026-06-17T09:00:38.085Z
Alte Karten,binder,Thoughtcast,MOC,March of the Machine Commander,242,normal,common,1,81643,466a0be8-31b9-4ea0-9a96-b09a76f4ec69,2.93,false,false,near_mint,de,CHF,2026-06-17T09:00:38.084Z
Alte Karten,binder,Griptide,THS,Theros,50,normal,common,1,15614,9fe8228b-ff9c-4a2a-a0e3-12f6d388a3c2,0.04,false,false,near_mint,de,CHF,2026-06-17T09:00:38.056Z
Alte Karten,binder,Voyage's End,THS,Theros,73,normal,common,1,15591,3992ae67-ad0b-40be-a97d-d7fb36754918,0.12,false,false,near_mint,de,CHF,2026-06-17T09:00:38.055Z
Alte Karten,binder,Stoic Rebuttal,MM2,Modern Masters 2015,59,normal,common,1,11158,e9f8146e-ca33-4fa2-8f39-5a44b0db4bd6,0.23,false,false,near_mint,de,CHF,2026-06-17T09:00:38.054Z
Alte Karten,binder,Lost in a Labyrinth,THS,Theros,52,normal,common,1,15612,09aa7744-680f-4c2a-8fa0-9cb0c176ae8f,0.04,false,false,near_mint,de,CHF,2026-06-17T09:00:38.053Z
Alte Karten,binder,Sudden Storm,BNG,Born of the Gods,53,normal,common,1,14907,6beffc33-58fd-4364-b87b-d4573ecaf4bd,0.1,false,false,near_mint,de,CHF,2026-06-17T09:00:38.048Z
Alte Karten,binder,Cancel,KTK,Khans of Tarkir,33,normal,common,1,13365,9f540dcb-8d0b-4d33-8c0d-893fa5db54eb,0.12,false,false,near_mint,de,CHF,2026-06-17T09:00:38.033Z
Alte Karten,binder,Negate,CN2,Conspiracy: Take the Crown,117,normal,common,2,7980,3d5e6fdf-022a-480d-96fc-bfadbf7ee5f6,0.21,false,false,near_mint,de,CHF,2026-06-17T09:00:38.041Z
Alte Karten,binder,Anticipate,DTK,Dragons of Tarkir,45,normal,common,5,11769,7028d9e8-002f-43a1-bdce-0db0b6a642b0,0.12,false,false,near_mint,de,CHF,2026-06-17T09:00:38.043Z
Alte Karten,binder,Contradict,DTK,Dragons of Tarkir,49,normal,common,2,11765,a0b3d4ff-09d1-4d9f-8c83-cdfbd7bb1079,0.08,false,false,near_mint,de,CHF,2026-06-17T09:00:38.049Z
Alte Karten,binder,Repeal,C15,Commander 2015,104,normal,common,2,9932,db5f59ca-6125-45ca-a9db-1962be003741,0.29,false,false,near_mint,de,CHF,2026-06-17T09:00:38.051Z
Alte Karten,binder,Ojutai's Summons,DTK,Dragons of Tarkir,68,normal,common,9,11746,6769341a-1331-456d-a2bb-cd7fffe7b51d,0.06,false,false,near_mint,de,CHF,2026-06-17T09:00:38.063Z
Alte Karten,binder,Mystic Meditation,DTK,Dragons of Tarkir,64,normal,common,5,11750,d169f469-10d5-4ae8-88fe-12a8e20ab01b,0.06,false,false,near_mint,de,CHF,2026-06-17T09:00:38.073Z
Alte Karten,binder,Taigam's Strike,DTK,Dragons of Tarkir,81,normal,common,6,11733,2ef5e279-14c4-4f91-b24d-c7098140efcd,0.06,false,false,near_mint,de,CHF,2026-06-17T09:00:38.078Z
Alte Karten,binder,Island,M21,Core Set 2021,265,normal,common,4,50693,0600d6d5-f6a1-47c3-a898-733fab10bbf5,0.09,false,false,near_mint,de,CHF,2026-06-17T09:00:38.098Z
Alte Karten,binder,Island,M21,Core Set 2021,264,normal,common,3,50684,017fb3fc-433e-4853-bbac-99fa04b40233,0.22,false,false,near_mint,de,CHF,2026-06-17T09:00:38.100Z
Alte Karten,binder,Island,M21,Core Set 2021,263,normal,common,3,51090,fc9a66a1-367c-4035-a22e-00fab55be5a0,0.08,false,false,near_mint,de,CHF,2026-06-17T09:00:38.101Z
Alte Karten,binder,Island,CMA,Commander Anthology,293,normal,common,5,4993,232d56d0-1df6-4517-bbe9-9bd7ef12de15,0.08,false,false,near_mint,de,CHF,2026-06-17T09:00:38.102Z
Yoris Karten,binder,Maalfeld Twins,FDN,Foundations,523,normal,uncommon,3,101087,c166df8f-9508-427a-8ec7-bc8541b6ed88,0.07,false,false,near_mint,de,CHF,2026-06-21T17:36:08.040Z
Yoris Karten,binder,Walking Corpse,M21,Core Set 2021,128,normal,common,5,50691,053b59b4-a22c-4228-aadc-ae9da6bb465e,0.16,false,false,near_mint,de,CHF,2026-06-21T17:36:08.039Z
Yoris Karten,binder,Eviscerate,DOM,Dominaria,91,normal,common,2,2185,62ba90b8-3a30-4058-b8d3-72900b1f4fe0,0.04,false,false,near_mint,de,CHF,2026-06-21T17:36:08.037Z
Yoris Karten,binder,Caligo Skin-Witch,DOM,Dominaria,80,normal,common,1,2196,2e23ee25-2005-4e81-a807-f52c0dbfb192,0.12,false,false,near_mint,de,CHF,2026-06-21T17:36:08.036Z
Yoris Karten,binder,Cabal Evangel,DOM,Dominaria,78,normal,common,1,2198,d218d2a2-bb5d-4ea8-a131-341c574410b2,0.04,false,false,near_mint,de,CHF,2026-06-21T17:36:08.035Z
Yoris Karten,binder,Fungal Infection,DOM,Dominaria,94,normal,common,1,2182,a3f6baa5-666d-40b0-82e8-b0df10ff3cdd,0.21,false,false,near_mint,de,CHF,2026-06-21T17:36:08.034Z
Yoris Karten,binder,Vicious Offering,DOM,Dominaria,110,normal,common,1,2166,aaed7828-57c1-4ad3-a91b-209c66f0876b,0.08,false,false,near_mint,de,CHF,2026-06-21T17:36:08.033Z
Yoris Karten,binder,Drudge Sentinel,DOM,Dominaria,89,normal,common,1,2187,9764a718-1748-4c2a-925c-370e22003b62,0.03,false,false,near_mint,de,CHF,2026-06-21T17:36:08.032Z
Yoris Karten,binder,Windgrace Acolyte,DOM,Dominaria,112,normal,common,2,2164,f835285e-96d9-4574-a497-3b612cae8e22,0.1,false,false,near_mint,de,CHF,2026-06-21T17:36:08.031Z
Yoris Karten,binder,Duress,DMR,Dominaria Remastered,81,normal,common,2,77953,68cd43ba-646b-44b3-a1a5-0e6b6ceca866,0.12,false,false,near_mint,de,CHF,2026-06-21T17:36:08.030Z
Yoris Karten,binder,Elvish Doomsayer,CMR,Commander Legends,120,normal,common,2,56112,7b1264d2-c7c8-477f-84f6-c17b422aa45e,0.19,false,false,near_mint,de,CHF,2026-06-21T17:36:08.028Z
Yoris Karten,binder,Goblin Trailblazer,CMR,Commander Legends,182,normal,common,2,56194,ca382425-2454-4300-b903-fdefd31582d3,0.12,false,false,near_mint,de,CHF,2026-06-21T17:36:08.027Z
Yoris Karten,binder,Touch of Moonglove,ORI,Magic Origins,123,normal,common,6,10819,bf659f2f-983c-4a62-a969-4176e5fbe193,0.08,false,false,near_mint,de,CHF,2026-06-21T17:36:08.026Z
Yoris Karten,binder,Macabre Waltz,FDN,Foundations,177,normal,common,2,101509,4d1f3c84-89ba-4426-a80b-d524f172c912,0.22,false,false,near_mint,de,CHF,2026-06-21T17:36:08.022Z
Yoris Karten,binder,Cabal Paladin,DOM,Dominaria,79,normal,common,1,2197,2cff2cb9-f4e6-4fee-94ef-ad11e24525c1,0.1,false,false,near_mint,de,CHF,2026-06-21T17:36:08.021Z
Yoris Karten,binder,Feral Abomination,M20,Core Set 2020,101,normal,common,2,45360,b2890cb5-7899-42f4-9686-a8b5ac796c23,0.03,false,false,near_mint,de,CHF,2026-06-21T17:36:08.019Z
Yoris Karten,binder,Gloom Sower,M21,Core Set 2021,100,normal,common,2,50921,a1b4f7ec-ea2e-4d90-98cd-0c92bd9f64c1,0.14,false,false,near_mint,de,CHF,2026-06-21T17:36:08.016Z
Yoris Karten,binder,Alesha's Vanguard,FRF,Fate Reforged,60,normal,common,2,12066,69bb135f-1c58-42ed-bbf2-4a2e842f99d7,0.02,false,false,near_mint,de,CHF,2026-06-21T17:36:08.015Z
Yoris Karten,binder,Scavenger Regent // Exude Toxin,TDM,Tarkir: Dragonstorm,90,normal,rare,1,104446,0d4b46a3-847a-44a7-9f68-2cb4657cad61,0.43,false,false,near_mint,de,CHF,2026-06-21T17:36:08.013Z
Yoris Karten,binder,Thallid Omnivore,DOM,Dominaria,106,normal,common,2,2170,99b35391-f1dc-434b-b581-ca6cb6f3439f,0.18,false,false,near_mint,de,CHF,2026-06-21T17:36:08.014Z
Yoris Karten,binder,Dark Bargain,DOM,Dominaria,83,normal,common,2,2193,71cbedc6-482e-42de-b310-22d3a955ad7e,0.17,false,false,near_mint,de,CHF,2026-06-21T17:36:08.017Z
Yoris Karten,binder,Pharika's Cure,THS,Theros,100,normal,common,5,15564,c0efc963-5848-44eb-a654-c08b5bd4501d,0.08,false,false,near_mint,de,CHF,2026-06-21T17:36:08.023Z
Yoris Karten,binder,Crypt Lurker,M21,Core Set 2021,93,normal,common,3,50977,c0bba170-5176-4fab-a10d-e23d70128875,0.07,false,false,near_mint,de,CHF,2026-06-21T17:36:08.029Z
Yoris Karten,binder,Corpulent Corpse,TSR,Time Spiral Remastered,104,normal,common,1,57849,c8680e7c-f180-45b9-9af6-a8e93037b851,0.06,false,false,near_mint,de,CHF,2026-06-21T17:42:52.777Z
Yoris Karten,binder,Undead Minotaur,M14,Magic 2014,119,normal,common,2,15932,5e5ae910-ee1d-4958-92d9-0b06872913c6,0.04,false,false,near_mint,de,CHF,2026-06-21T17:42:52.776Z
Yoris Karten,binder,Nim Shambler,MRD,Mirrodin,72,normal,uncommon,1,29973,e59c09a0-a374-46c1-978f-ec7478dc7ab7,0.12,false,false,near_mint,de,CHF,2026-06-21T17:42:52.775Z
Yoris Karten,binder,Foreboding Fruit,ELD,Throne of Eldraine,88,normal,common,1,46250,c5f79ec4-3722-4fda-824b-e80dc7608d01,0.13,false,false,near_mint,de,CHF,2026-06-21T17:42:52.772Z
Yoris Karten,binder,Worthy Cost,TDM,Tarkir: Dragonstorm,99,normal,common,1,104883,adc18edc-01d8-4a7e-a87b-a854e50aa75e,0.1,false,false,near_mint,de,CHF,2026-06-21T17:42:52.771Z
Yoris Karten,binder,Dragon's Prey,TDM,Tarkir: Dragonstorm,79,normal,common,1,104754,7a6004ff-4180-4332-8b51-960f8c7521d9,0.1,false,false,near_mint,de,CHF,2026-06-21T17:42:52.767Z
Yoris Karten,binder,Abzan Devotee,TDM,Tarkir: Dragonstorm,68,normal,common,1,104305,66555946-e747-46fa-b1ac-b103a8edcd93,0.1,false,false,near_mint,de,CHF,2026-06-21T17:42:52.758Z
Yoris Karten,binder,Delta Bloodflies,TDM,Tarkir: Dragonstorm,77,normal,common,1,104457,119bb72d-aed9-47dc-9285-7bc836cc3776,0.12,false,false,near_mint,de,CHF,2026-06-21T17:42:52.756Z
Yoris Karten,binder,Nightblade Brigade,TDM,Tarkir: Dragonstorm,85,normal,common,1,105134,648debd9-d4cf-4788-8882-f1601a3d87f5,0.14,false,false,near_mint,de,CHF,2026-06-21T17:42:52.754Z
Yoris Karten,binder,Eyeblight Cullers,KHC,Kaldheim Commander,48,normal,common,3,57242,89b47813-9b6c-4e8f-9212-fe37fb50e405,0.15,false,false,near_mint,de,CHF,2026-06-21T17:42:52.751Z
Yoris Karten,binder,Sanitarium Skeleton,INR,Innistrad Remastered,129,normal,common,5,102424,119020b3-9d26-4153-b7b9-28375f7fa915,0.11,false,false,near_mint,de,CHF,2026-06-21T17:42:52.748Z
Yoris Karten,binder,Corpse Churn,CMR,Commander Legends,113,normal,common,3,56098,6fedb37f-4f3c-477c-84c0-aa864e87c111,0.23,false,false,near_mint,de,CHF,2026-06-21T17:42:52.747Z
Yoris Karten,binder,Dhund Operative,CMR,Commander Legends,119,normal,common,2,56226,e0efe5b1-c515-4642-aca2-3eba68fe63ff,0.07,false,false,near_mint,de,CHF,2026-06-21T17:42:52.743Z
Yoris Karten,binder,Eyeblight Massacre,KHC,Kaldheim Commander,49,normal,uncommon,8,57178,00652c09-c50c-40da-8f0f-86b5cc3f6c26,0.12,false,false,near_mint,de,CHF,2026-06-21T17:42:52.742Z
Yoris Karten,binder,Spark Harvest,CMR,Commander Legends,150,normal,common,3,55942,e4d42177-dd1b-482c-a549-6f563b3f3249,0.2,false,false,near_mint,de,CHF,2026-06-21T17:42:52.741Z
Yoris Karten,binder,Eyeblight Assassin,CMR,Commander Legends,123,normal,common,4,56128,8a480da7-1b5d-41a5-b603-e63af100724a,0.12,false,false,near_mint,de,CHF,2026-06-21T17:42:52.744Z
Yoris Karten,binder,Thorn of the Black Rose,CMM,Commander Masters,190,normal,common,2,84777,b4b266e2-1cad-40df-bc0e-3e1464b299b3,0.1,false,false,near_mint,de,CHF,2026-06-21T17:42:52.745Z
Yoris Karten,binder,Exquisite Huntmaster,CMR,Commander Legends,122,normal,common,5,55647,444b75d9-f7c7-4a13-9318-02d7bbd80c9c,0.15,false,false,near_mint,de,CHF,2026-06-21T17:42:52.749Z
Yoris Karten,binder,Kin-Tree Nurturer,TDM,Tarkir: Dragonstorm,83,normal,common,2,105124,2177ef64-28bf-4acf-b1f1-c1408f03c411,0.07,false,false,near_mint,de,CHF,2026-06-21T17:42:52.752Z
Yoris Karten,binder,Caustic Exhale,TDM,Tarkir: Dragonstorm,74,normal,common,2,104284,488152ce-2048-4ccb-b2d6-b9628958286f,0.06,false,false,near_mint,de,CHF,2026-06-21T17:42:52.753Z
Yoris Karten,binder,Unburied Earthcarver,TDM,Tarkir: Dragonstorm,95,normal,common,2,105126,3ab5e71e-dc8d-4ed8-bcef-6497177c4a9d,0.04,false,false,near_mint,de,CHF,2026-06-21T17:42:52.755Z
Yoris Karten,binder,Adorned Crocodile,TDM,Tarkir: Dragonstorm,69,normal,common,2,105159,bb13a34b-6ac8-47cb-9e91-47106a585fc1,0.14,false,false,near_mint,de,CHF,2026-06-21T17:42:52.757Z
Yoris Karten,binder,Aggressive Negotiations,TDM,Tarkir: Dragonstorm,70,normal,common,2,105146,993ade84-031f-4a3e-bd68-55f61b559248,0.05,false,false,near_mint,de,CHF,2026-06-21T17:42:52.759Z
Yoris Karten,binder,Feral Deathgorger // Dusk Sight,TDM,Tarkir: Dragonstorm,80,normal,common,4,104845,a147b94f-dfcf-44ce-8a73-b2fe6c4efc0e,0.14,false,false,near_mint,de,CHF,2026-06-21T17:42:52.761Z
Yoris Karten,binder,Cruel Truths,TDM,Tarkir: Dragonstorm,76,normal,common,2,104308,6852b4d5-74e0-44ba-ba44-20aa91e3c4c8,0.14,false,false,near_mint,de,CHF,2026-06-21T17:42:52.763Z
Yoris Karten,binder,Night Terrors,MM3,Modern Masters 2017,79,normal,common,1,6134,9b41fe67-daf0-47ed-8f0e-db216f8394d1,0.05,false,false,near_mint,de,CHF,2026-06-21T18:08:44.341Z
Yoris Karten,binder,Oasis Ritualist,HOU,Hour of Devastation,124,normal,common,2,4551,a30bb49b-956e-44bc-8a32-46d4c9c13245,0.1,false,false,near_mint,de,CHF,2026-06-21T18:08:44.340Z
Yoris Karten,binder,Reviving Dose,CN2,Conspiracy: Take the Crown,97,normal,common,1,8000,9a2b2de2-7427-42df-b6ad-b159a0f6a13a,0.1,false,false,near_mint,de,CHF,2026-06-21T18:08:44.339Z
Yoris Karten,binder,Ritual of Rejuvenation,XLN,Ixalan,32,normal,common,1,3980,691c0acb-1882-482f-9513-e7d010cc1d15,0.19,false,false,near_mint,de,CHF,2026-06-21T18:08:44.338Z
Yoris Karten,binder,Guul Draz Overseer,BFZ,Battle for Zendikar,112,normal,rare,1,10239,793bb4e0-8fdd-440e-9e6e-92a899794cae,0.19,false,false,near_mint,de,CHF,2026-06-21T18:08:44.337Z
Yoris Karten,binder,Shadow Rider,WTH,Weatherlight,79,normal,common,1,37218,5bfdec24-e689-4cca-a546-a8f5d0929f8d,0.08,false,false,near_mint,de,CHF,2026-06-21T18:08:44.336Z
Yoris Karten,binder,Pit Scorpion,5ED,Fifth Edition,187,normal,common,1,37819,fe106ff1-cdc6-44cc-adb7-131203a05292,0.1,false,false,near_mint,de,CHF,2026-06-21T18:08:44.335Z
Yoris Karten,binder,Cloak of Confusion,5ED,Fifth Edition,151,normal,common,1,37855,430a4e23-d13c-4413-9032-f18350a128da,0.14,false,false,near_mint,de,CHF,2026-06-21T18:08:44.334Z
Yoris Karten,binder,Dauthi Slayer,TSB,Time Spiral Timeshifted,41,normal,special,1,26980,4a0e40d4-6ecb-4151-be39-7d7c2a6a922e,0.47,false,false,near_mint,de,CHF,2026-06-21T18:08:44.330Z
Yoris Karten,binder,Zombie Mob,MIR,Mirage,153,normal,uncommon,1,38437,ab85551f-c9cc-409c-9fb5-a45de695e521,0.16,false,false,near_mint,de,CHF,2026-06-21T18:08:44.326Z
Yoris Karten,binder,Bone Harvest,BTD,Beatdown Box Set,19,normal,common,4,33404,f22e9279-0f7c-4f82-918f-0a3d794c6be3,0.41,false,false,near_mint,de,CHF,2026-06-21T18:08:44.324Z
Yoris Karten,binder,Dark Banishing,DVD,Duel Decks Anthology: Divine vs. Demonic,50,normal,common,3,12428,dee163ab-c0cd-4636-bf8a-434503975ebe,0.35,false,false,near_mint,de,CHF,2026-06-21T18:08:44.323Z
Yoris Karten,binder,Cat Burglar,EXO,Exodus,54,normal,common,1,36282,947109f9-7035-4a2a-bbc2-a2958f8c5d01,0.06,false,false,near_mint,de,CHF,2026-06-21T18:08:44.322Z
Yoris Karten,binder,Sinister Strength,PLS,Planeshift,54,normal,common,1,32898,afe487b8-c1ae-483d-bcd5-62c62b66a22e,0.15,false,false,near_mint,de,CHF,2026-06-21T18:08:44.321Z
Yoris Karten,binder,Dryad Sophisticate,GPT,Guildpact,83,normal,uncommon,1,27512,0b5bf5ce-f7f8-47cb-abb8-f14ce5f1af67,0.23,false,false,near_mint,de,CHF,2026-06-21T18:08:44.320Z
Yoris Karten,binder,Grollub,EXO,Exodus,63,normal,common,1,36273,47f6301a-d581-4aaf-9993-3013323074aa,0.15,false,false,near_mint,de,CHF,2026-06-21T18:08:44.319Z
Yoris Karten,binder,Corrupt,USG,Urza's Saga,124,normal,common,1,35844,32e1c65c-ced6-484d-b3b4-db913c6bf84b,0.17,false,false,near_mint,de,CHF,2026-06-21T18:08:44.318Z
Yoris Karten,binder,Befoul,USG,Urza's Saga,116,normal,common,2,35852,f92cb48d-315b-4877-b615-ffdf275c4d61,0.1,false,false,near_mint,de,CHF,2026-06-21T18:08:44.317Z
Yoris Karten,binder,Patriarch's Desire,ODY,Odyssey,156,normal,common,1,32021,309bc2e7-bece-493d-b7ab-0e08a9f40909,0.07,false,false,near_mint,de,CHF,2026-06-21T18:08:44.316Z
Yoris Karten,binder,Blessing of Belzenlok,DOM,Dominaria,77,normal,common,1,2199,d224940c-d87c-4317-9ca3-b704ef894a7b,0.15,false,false,near_mint,de,CHF,2026-06-21T18:08:44.311Z
Yoris Karten,binder,Mindlash Sliver,TSP,Time Spiral,118,normal,common,3,26782,f8c54575-dc1d-491c-a4f6-41f76eba2a2d,0.23,false,false,near_mint,de,CHF,2026-06-21T18:08:44.310Z
Yoris Karten,binder,Eyeblight's Ending,2X2,Double Masters 2022,75,normal,common,4,70273,6738c356-734a-4930-acd3-31dead241bea,0.19,false,false,near_mint,de,CHF,2026-06-21T18:08:44.307Z
Yoris Karten,binder,Sign in Blood,DSC,Duskmourn: House of Horror Commander,156,normal,common,2,99312,b89d9372-8682-4a61-a003-8bccfbb6cbb4,2.66,false,false,near_mint,de,CHF,2026-06-21T18:08:44.305Z
Yoris Karten,binder,Warren Pilferers,MMA,Modern Masters,103,normal,common,1,16206,2ac647ea-e81e-46d4-9a65-613d6643362b,0.17,false,false,near_mint,de,CHF,2026-06-21T18:08:44.304Z
Yoris Karten,binder,Hornet Harasser,LRW,Lorwyn,118,normal,common,1,25324,45598727-a8b1-4b3e-87c6-70c36f0d4fe8,0.1,false,false,near_mint,de,CHF,2026-06-21T18:08:44.303Z
Yoris Karten,binder,Boggart Birth Rite,LRW,Lorwyn,101,normal,common,1,25341,1bb4916d-ab50-45c9-bf7e-e7a7e761aef4,0.21,false,false,near_mint,de,CHF,2026-06-21T18:08:44.302Z
Yoris Karten,binder,Footbottom Feast,CMD,Commander 2011,84,normal,common,1,19530,1584404b-c086-4734-89e5-8a10c3f29504,0.31,false,false,near_mint,de,CHF,2026-06-21T18:08:44.301Z
Yoris Karten,binder,Asphyxiate,BNG,Born of the Gods,60,normal,common,5,14900,894f3f5f-586d-45e4-9af7-4de80e44dfae,0.09,false,false,near_mint,de,CHF,2026-06-21T18:08:44.299Z
Yoris Karten,binder,Delirium Skeins,MM3,Modern Masters 2017,65,normal,common,1,6148,64b0d9e7-4a0f-4f07-99ae-31c3c9f0037a,0.26,false,false,near_mint,de,CHF,2026-06-21T18:08:44.296Z
Yoris Karten,binder,Unhallowed Pact,DDR,Duel Decks: Nissa vs. Ob Nixilis,64,normal,common,1,7799,9dd86d89-22a8-4e27-9991-ef89837d0d83,0.15,false,false,near_mint,de,CHF,2026-06-21T18:08:44.293Z
Yoris Karten,binder,Deadly Alliance,ZNR,Zendikar Rising,96,normal,common,3,54407,007a5c8c-ed0b-4844-9393-a3d25d4ffa1d,0.14,false,false,near_mint,de,CHF,2026-06-21T18:08:44.292Z
Yoris Karten,binder,Subtle Strike,ZNR,Zendikar Rising,128,normal,common,1,54442,0d3f531a-ce45-4cba-be24-6db749e38abd,0.04,false,false,near_mint,de,CHF,2026-06-21T18:08:44.291Z
Yoris Karten,binder,Guul Draz Mucklord,ZNR,Zendikar Rising,104,normal,common,2,54719,b996743e-7f48-49d8-948b-ceb75bddf215,0.03,false,false,near_mint,de,CHF,2026-06-21T18:08:44.290Z
Yoris Karten,binder,Smitten Swordmaster // Curry Favor,MOC,March of the Machine Commander,268,normal,common,2,81545,1cd477f5-53e9-446a-b717-5796d87672ba,0.2,false,false,near_mint,de,CHF,2026-06-21T18:08:44.288Z
Yoris Karten,binder,Looming Shade,M10,Magic 2010,103,normal,common,1,23250,84a6703c-38d4-4c86-b5b0-ebfde81bb1bf,0.02,false,false,near_mint,de,CHF,2026-06-21T18:08:44.284Z
Yoris Karten,binder,Highway Robber,DDM,Duel Decks: Jace vs. Vraska,61,normal,common,1,14689,2126c83b-75ce-4526-8f91-5cd8b6ec74a5,0.06,false,false,near_mint,de,CHF,2026-06-21T18:08:44.283Z
Yoris Karten,binder,Foul Imp,DDR,Duel Decks: Nissa vs. Ob Nixilis,49,normal,common,3,7814,2fe63448-1198-4a7c-948b-514fe4934add,0.12,false,false,near_mint,de,CHF,2026-06-21T18:08:44.282Z
Yoris Karten,binder,Ravenous Rats,GVL,Duel Decks Anthology: Garruk vs. Liliana,37,normal,common,5,12317,f87e5072-525e-4b0b-a5c3-ee5e89a81e1d,0.41,false,false,near_mint,de,CHF,2026-06-21T18:08:44.281Z
Yoris Karten,binder,Essence Drain,M13,Magic 2013,93,normal,common,3,17730,58df0c6d-3fd2-4d87-81e2-6640e6e75985,0.07,false,false,near_mint,de,CHF,2026-06-21T18:08:44.279Z
Yoris Karten,binder,Spitting Sliver,PLC,Planar Chaos,80,normal,common,2,26454,cd07649e-c7fc-44f7-ab23-0fb935aff8c7,0.25,false,false,near_mint,de,CHF,2026-06-21T18:08:44.278Z
Yoris Karten,binder,Ridged Kusite,TSR,Time Spiral Remastered,134,normal,common,2,57784,a51ea7d3-a9d7-4b1d-bf3b-3fcfb6a49624,0.05,false,false,near_mint,de,CHF,2026-06-21T18:08:44.277Z
Yoris Karten,binder,Sengir Vampire,W17,Welcome Deck 2017,19,normal,uncommon,3,5850,cc232770-2cbb-4fff-95d0-3acad5b79ae6,0.1,false,false,near_mint,de,CHF,2026-06-21T18:08:44.276Z
Yoris Karten,binder,Altar's Reap,CMA,Commander Anthology,45,normal,common,1,5241,1db55625-25a5-46eb-9d9c-9b3ed219359f,0.33,false,false,near_mint,de,CHF,2026-06-21T18:08:44.275Z
Yoris Karten,binder,Mark of the Vampire,UMA,Ultimate Masters,105,normal,common,1,43401,150090cc-27ac-4d18-b6e6-3ddaa40c822e,0.08,false,false,near_mint,de,CHF,2026-06-21T18:08:44.273Z
Yoris Karten,binder,Dark Favor,M14,Magic 2014,92,normal,common,1,15959,5c1591ae-07aa-4013-bc6d-4cafd09927f0,0.1,false,false,near_mint,de,CHF,2026-06-21T18:08:44.272Z
Yoris Karten,binder,Necrobite,BNG,Born of the Gods,77,normal,common,3,14883,a0955932-8ca9-4896-882c-2969fe7c7818,0.04,false,false,near_mint,de,CHF,2026-06-21T18:08:44.271Z
Yoris Karten,binder,Sip of Hemlock,THS,Theros,106,normal,common,1,15558,22051427-9b2a-4571-8c9f-ee84d8d0e4d1,0.05,false,false,near_mint,de,CHF,2026-06-21T18:08:44.270Z
Yoris Karten,binder,March of the Returned,THS,Theros,96,normal,common,2,15568,983f7521-16e3-4057-a482-7d86392daa57,0.06,false,false,near_mint,de,CHF,2026-06-21T18:08:44.269Z
Yoris Karten,binder,Lash of the Whip,THS,Theros,94,normal,common,2,15570,ba32cf1f-375c-4cc5-9963-c4f9510e3b39,0.04,false,false,near_mint,de,CHF,2026-06-21T18:08:44.268Z
Yoris Karten,binder,Festive Funeral,ELD,Throne of Eldraine,87,normal,common,4,46251,90a90af0-eb40-40da-bf4b-f0af687c6430,0.11,false,false,near_mint,de,CHF,2026-06-21T18:08:44.267Z
Yoris Karten,binder,Briarblade Adept,CMR,Commander Legends,111,normal,common,2,55803,9d3fb5f1-baf5-4934-aac7-ffbaa85b2428,0.1,false,false,near_mint,de,CHF,2026-06-21T18:08:44.265Z
Yoris Karten,binder,Ogre Jailbreaker,MM3,Modern Masters 2017,80,normal,common,1,6133,da55a961-9eb7-4b9b-9be3-d4a0a5b76efb,0.02,false,false,near_mint,de,CHF,2026-06-21T18:08:44.263Z
Yoris Karten,binder,Grim Roustabout,RTR,Return to Ravnica,68,normal,common,3,17354,1a5ae3f5-5466-4058-a2cd-1a036cb38a8e,0.08,false,false,near_mint,de,CHF,2026-06-21T18:08:44.262Z
Yoris Karten,binder,Drag Down,MMA,Modern Masters,80,normal,common,1,16229,4b2f3899-2e2e-418f-b3e7-74426d6255f4,0.02,false,false,near_mint,de,CHF,2026-06-21T18:08:44.260Z
Yoris Karten,binder,Salvage Slasher,CON,Conflux,52,normal,common,2,23677,095b0fd1-7445-4dba-bb90-ddd5f5ee8573,0.11,false,false,near_mint,de,CHF,2026-06-21T18:08:44.255Z
Yoris Karten,binder,Dreadwing,CON,Conflux,43,normal,uncommon,2,23686,afb997b6-d872-438f-bf8a-db976bc27a2d,0.05,false,false,near_mint,de,CHF,2026-06-21T18:08:44.254Z
Yoris Karten,binder,Infectious Horror,M19,Core Set 2019,101,normal,common,1,1211,d17aaa92-10ca-4f70-b45e-5a51e9192efb,0.21,false,false,near_mint,de,CHF,2026-06-21T18:08:44.253Z
Yoris Karten,binder,Absorb Vis,CN2,Conspiracy: Take the Crown,126,normal,common,4,7971,e319956e-982b-4bba-829a-67bf4ef79d74,0.1,false,false,near_mint,de,CHF,2026-06-21T18:08:44.252Z
Yoris Karten,binder,Anointed Deacon,XLN,Ixalan,89,normal,common,1,3923,9bae5e75-0048-41fd-8bbb-89607ab96d6e,0.1,false,false,near_mint,de,CHF,2026-06-21T18:08:44.251Z
Yoris Karten,binder,Skymarch Bloodletter,M19,Core Set 2019,119,normal,common,1,1193,2c7f2740-a193-4b4c-af00-2dd22d74a4ba,0.11,false,false,near_mint,de,CHF,2026-06-21T18:08:44.250Z
Yoris Karten,binder,Deadeye Tormentor,XLN,Ixalan,98,normal,common,3,3914,d219fb0a-49a3-4711-9b37-a0c1b36f68d0,0.06,false,false,near_mint,de,CHF,2026-06-21T18:08:44.248Z
Yoris Karten,binder,Spreading Rot,XLN,Ixalan,125,normal,common,1,3887,ca8a160c-5e89-4347-8e88-3541b6d221e0,0.04,false,false,near_mint,de,CHF,2026-06-21T18:08:44.247Z
Yoris Karten,binder,Skittering Heartstopper,XLN,Ixalan,122,normal,common,1,3890,0722fbdf-c092-4e80-913f-29390177cdcb,0.08,false,false,near_mint,de,CHF,2026-06-21T18:08:44.245Z
Yoris Karten,binder,Deadbridge Shaman,EMA,Eternal Masters,85,normal,common,2,8590,f110fa8e-3fbf-4a81-a743-e709f58e4414,0.17,false,false,near_mint,de,CHF,2026-06-21T18:08:44.244Z
Yoris Karten,binder,Vanquish the Weak,XLN,Ixalan,127,normal,common,2,3885,e599ed0b-4b3b-4341-b6ac-7fdfdc6799a3,0.08,false,false,near_mint,de,CHF,2026-06-21T18:08:44.243Z
Yoris Karten,binder,Paragon of Open Graves,M15,Magic 2015,111,normal,uncommon,1,13741,33d7de75-b6e1-44f5-ae1c-e095b41e8d0b,0.28,false,false,near_mint,de,CHF,2026-06-21T18:08:44.242Z
Yoris Karten,binder,Queen's Bay Soldier,XLN,Ixalan,115,normal,common,1,3897,ce2ca2e6-f920-4529-88d2-d984bdb7490a,0.06,false,false,near_mint,de,CHF,2026-06-21T18:08:44.241Z
Yoris Karten,binder,Carrion Screecher,HOU,Hour of Devastation,61,normal,common,3,4614,57b9e3a3-8d01-4273-9658-9ffcbc2d2297,0.06,false,false,near_mint,de,CHF,2026-06-21T18:08:44.239Z
Yoris Karten,binder,Torment of Venom,HOU,Hour of Devastation,79,normal,common,2,4596,2f66410b-67a3-4f6a-b3ae-dcad9858a5da,0.21,false,false,near_mint,de,CHF,2026-06-21T18:08:44.235Z
Yoris Karten,binder,Moaning Wall,HOU,Hour of Devastation,72,normal,common,4,4603,ef494f81-638a-4e5d-b987-0dde7f2a135c,0.1,false,false,near_mint,de,CHF,2026-06-21T18:08:44.225Z
Yoris Karten,binder,Lurching Rotbeast,HOU,Hour of Devastation,69,normal,common,3,4606,9f06be97-71c8-46c8-a1c2-5da3af25e6de,0.14,false,false,near_mint,de,CHF,2026-06-21T18:08:44.220Z
Yoris Karten,binder,Marauding Boneslasher,HOU,Hour of Devastation,70,normal,common,3,4605,ddfb7f50-14b1-4c7d-b4c8-f50bc14f4fb7,0.03,false,false,near_mint,de,CHF,2026-06-21T18:08:44.219Z
Yoris Karten,binder,Wretched Camel,HOU,Hour of Devastation,82,normal,common,2,4593,cdd729df-8a02-4d5e-8432-bc0d006b0d3d,0.06,false,false,near_mint,de,CHF,2026-06-21T18:08:44.218Z
Yoris Karten,binder,Undead Servant,M20,Core Set 2020,118,normal,common,3,45343,bfbc0f7c-546f-4525-bb58-c99ab9b017d5,0.07,false,false,near_mint,de,CHF,2026-06-21T18:08:44.212Z
Yoris Karten,binder,Reave Soul,IMA,Iconic Masters,104,normal,common,1,3521,1018ae45-64b8-4e65-8949-586d62b97132,0.08,false,false,near_mint,de,CHF,2026-06-21T18:08:44.211Z
Yoris Karten,binder,Ransack the Lab,MH1,Modern Horizons,103,normal,common,5,44831,b547513d-8b69-41cd-84c9-4b08b6426f1d,0.18,false,false,near_mint,de,CHF,2026-06-21T18:08:44.210Z
Yoris Karten,binder,Foulmire Knight // Profane Insight,MOC,March of the Machine Commander,249,normal,uncommon,2,81644,4676c019-886c-4b0d-9849-c044c0e03da3,0.22,false,false,near_mint,de,CHF,2026-06-21T18:08:44.208Z
Yoris Karten,binder,Gorging Vulture,CLU,Ravnica: Clue Edition,112,normal,common,2,90854,4e481d5a-6d60-48b3-92fd-96365ae67cf7,0.11,false,false,near_mint,de,CHF,2026-06-21T18:08:44.206Z
Yoris Karten,binder,In Garruk's Wake,CLB,Commander Legends: Battle for Baldur's Gate,759,normal,rare,1,69525,57a6f727-8239-45e6-9dbb-67d2d3c9239d,2.61,false,false,near_mint,de,CHF,2026-06-21T18:08:44.202Z
Yoris Karten,binder,Apocalypse Demon,HOU,Hour of Devastation,58,normal,rare,3,4617,39dfbf99-55e8-468b-bcd9-9179cad7cab6,0.22,false,false,near_mint,de,CHF,2026-06-21T18:08:44.201Z
Yoris Karten,binder,Nighthowler,CLB,Commander Legends: Battle for Baldur's Gate,764,normal,rare,1,69634,b76dab3d-1788-4ab7-8d2b-70f7787cf935,0.24,false,false,near_mint,de,CHF,2026-06-21T18:08:44.200Z
Yoris Karten,binder,Rabid Rats,STH,Stronghold,67,normal,common,1,36578,ed8c028e-6656-47ef-97fb-de99f8833d5f,0.12,false,false,near_mint,de,CHF,2026-06-21T18:08:44.198Z
Yoris Karten,binder,Serpent Warrior,9ED,Ninth Edition,162,normal,common,3,28201,f6d825dc-c56b-4f59-aae0-ed960e18dfab,0.09,false,false,near_mint,de,CHF,2026-06-21T18:08:44.197Z
Yoris Karten,binder,Bog Witch,ARC,Archenemy,11,normal,common,1,21568,92662394-c31d-4348-9b9c-0fe619949ea3,4.84,false,false,near_mint,de,CHF,2026-06-21T18:08:44.196Z
Yoris Karten,binder,Misshapen Fiend,MMQ,Mercadian Masques,147,normal,common,1,34263,a43cf59e-7583-4651-968a-2a7201c69b6b,0.13,false,false,near_mint,de,CHF,2026-06-21T18:08:44.195Z
Yoris Karten,binder,Deepwood Ghoul,8ED,Eighth Edition,127,normal,common,1,30409,cd4c5c2f-0c1e-44e8-a7f8-2dc2954eacd8,0.04,false,false,near_mint,de,CHF,2026-06-21T18:08:44.194Z
Yoris Karten,binder,Soulless One,HOP,Planechase,41,normal,uncommon,2,22993,410a214b-09c4-49bd-a461-3330d0249ae5,1.28,false,false,near_mint,de,CHF,2026-06-21T18:08:44.193Z
Yoris Karten,binder,Soul Scourge,TOR,Torment,85,normal,common,1,31656,4aa7d91b-cfbb-4da0-97fa-3c0a15f1dbb9,0.14,false,false,near_mint,de,CHF,2026-06-21T18:08:44.192Z
Yoris Karten,binder,Unholy Indenture,M20,Core Set 2020,119,normal,common,3,45342,31e22edb-a815-413d-b62d-f32f8932b6e6,0.22,false,false,near_mint,de,CHF,2026-06-21T18:08:44.191Z
Yoris Karten,binder,Distress,10E,Tenth Edition,136,normal,common,2,25959,1ebb7ade-ebbb-49fb-b64f-fa247f9a9af6,0.06,false,false,near_mint,de,CHF,2026-06-21T18:08:44.190Z
Yoris Karten,binder,Brain Maggot,JOU,Journey into Nyx,62,normal,uncommon,1,14587,acdc31d5-6726-453e-94e0-69d2fe9447af,0.25,false,false,near_mint,de,CHF,2026-06-21T18:08:44.187Z
Yoris Karten,binder,Spinal Graft,TMP,Tempest,159,normal,common,1,36840,3a073b0c-2309-4070-a18e-0937ec8d4d1c,0.09,false,false,near_mint,de,CHF,2026-06-21T18:08:44.185Z
Yoris Karten,binder,Drain Life,MIR,Mirage,118,normal,common,2,38472,e8f030a5-62c6-439d-93b6-43f2cf927a7f,0.23,false,false,near_mint,de,CHF,2026-06-21T18:08:44.182Z
Yoris Karten,binder,Urborg Panther,MIR,Mirage,150,normal,common,1,38440,edc9ff0f-adec-4d39-b281-98c5862f506b,0.1,false,false,near_mint,de,CHF,2026-06-21T18:08:44.181Z
Yoris Karten,binder,Shadow Guildmage,TSB,Time Spiral Timeshifted,46,normal,special,1,26975,960c2137-f2de-46c6-9b63-bbb208d3cfa8,0.23,false,false,near_mint,de,CHF,2026-06-21T18:08:44.180Z
Yoris Karten,binder,Sewer Rats,BRB,Battle Royale Box Set,70,normal,common,1,33990,ca135937-c450-411a-914b-0bd54b800cea,3.84,false,false,near_mint,de,CHF,2026-06-21T18:08:44.179Z
Yoris Karten,binder,Skulking Ghost,EMA,Eternal Masters,107,normal,common,1,8568,285f37a0-88ad-4cd6-8a8f-60c2d9805437,0.05,false,false,near_mint,de,CHF,2026-06-21T18:08:44.178Z
Yoris Karten,binder,Gravebane Zombie,6ED,Classic Sixth Edition,133,normal,uncommon,1,35244,df21b384-6073-477e-bd95-fc94ca2f2f2c,0.14,false,false,near_mint,de,CHF,2026-06-21T18:08:44.177Z
Yoris Karten,binder,Binding Agony,MIR,Mirage,106,normal,common,1,38484,b620a9f4-358d-4436-85b8-b0c16602ff57,0.14,false,false,near_mint,de,CHF,2026-06-21T18:08:44.175Z
Yoris Karten,binder,Markov Patrician,ISD,Innistrad,107,normal,common,1,18791,29c3d3f7-5e28-4fec-8422-87856fcd1e8e,0.18,false,false,near_mint,de,CHF,2026-06-21T18:08:44.173Z
Yoris Karten,binder,Caged Zombie,M21,Core Set 2021,91,normal,common,2,51076,f8067745-35b6-4abd-9ae9-712159a26c89,0.16,false,false,near_mint,de,CHF,2026-06-21T18:08:44.172Z
Yoris Karten,binder,Tempting Witch,ELD,Throne of Eldraine,108,normal,common,2,46230,8b217e5a-3c18-48b4-8124-b8c4fd7b2df1,0.2,false,false,near_mint,de,CHF,2026-06-21T18:08:44.171Z
Yoris Karten,binder,Deathbloom Thallid,M21,Core Set 2021,94,normal,common,2,51033,dc4513e1-9978-44ce-b7a5-4e2b5b63ad9e,0.19,false,false,near_mint,de,CHF,2026-06-21T18:08:44.170Z
Yoris Karten,binder,Fetid Imp,M21,Core Set 2021,98,normal,common,2,50813,56a95546-c45a-4da5-b1e8-d5658b5b7d53,0.07,false,false,near_mint,de,CHF,2026-06-21T18:08:44.165Z
Yoris Karten,binder,Blood Glutton,M21,Core Set 2021,90,normal,common,1,50743,28ff52a2-4223-4551-b388-b4dd21cc1437,0.08,false,false,near_mint,de,CHF,2026-06-21T18:08:44.163Z
Yoris Karten,binder,Skeleton Archer,FDN,Foundations,526,normal,common,2,100708,7a959048-0d8a-41bb-8a33-52264e525085,0.07,false,false,near_mint,de,CHF,2026-06-21T18:08:44.158Z
Yoris Karten,binder,Costly Plunder,2XM,Double Masters,80,normal,common,2,52135,598405fd-02d2-4bf8-b241-7a2ae6338913,0.2,false,false,near_mint,de,CHF,2026-06-21T18:08:44.157Z
Yoris Karten,binder,Divest,2XM,Double Masters,87,normal,common,5,52121,4494cb6d-1a99-40b6-96cc-0dc2ddec102f,0.19,false,false,near_mint,de,CHF,2026-06-21T18:08:44.156Z
Yoris Karten,binder,Heartless Pillage,2XM,Double Masters,96,normal,common,1,52139,5b705cd6-da20-4f0a-bb94-2acd1cecd64c,0.08,false,false,near_mint,de,CHF,2026-06-21T18:08:44.153Z
Yoris Karten,binder,Cast Down,CMR,Commander Legends,112,normal,uncommon,1,55589,21c8426e-476a-45e4-b3a9-841da54d966c,0.34,false,false,near_mint,de,CHF,2026-06-21T18:08:44.151Z
Yoris Karten,binder,Drainpipe Vermin,RTR,Return to Ravnica,66,normal,common,5,17356,4d7251f3-df66-4611-a84c-1897f74431f7,0.12,false,false,near_mint,de,CHF,2026-06-21T18:08:44.149Z
Yoris Karten,binder,Returned Centaur,ORI,Magic Origins,116,normal,common,3,10826,103b369c-da58-40e7-98aa-5a5471434bca,0.03,false,false,near_mint,de,CHF,2026-06-21T18:08:44.148Z
Yoris Karten,binder,Nightsnare,ORI,Magic Origins,111,normal,common,2,10831,391a1023-69e7-425c-ac54-987ba366f8f4,0.06,false,false,near_mint,de,CHF,2026-06-21T18:08:44.146Z
Yoris Karten,binder,Infernal Scarring,M21,Core Set 2021,105,normal,common,4,50904,975e4b8e-add9-439c-9463-e2facee96c10,0.07,false,false,near_mint,de,CHF,2026-06-21T18:08:44.145Z
Yoris Karten,binder,Unlikely Aid,WAR,War of the Spark,109,normal,common,1,44295,9c260c5c-e796-4f81-9e15-0c5be75106b9,0.08,false,false,near_mint,de,CHF,2026-06-21T18:08:44.142Z
Yoris Karten,binder,Soul Salvage,M20,Core Set 2020,116,normal,common,2,45345,5d9250f8-9085-4664-ada7-a2ef44deeac8,0.06,false,false,near_mint,de,CHF,2026-06-21T18:08:44.140Z
Yoris Karten,binder,Dreadwurm,ZNR,Zendikar Rising,297,normal,common,1,54768,d60c9b15-c824-4203-bdda-ff9c041f9e2f,0.09,false,false,near_mint,de,CHF,2026-06-21T18:08:44.137Z
Yoris Karten,binder,Accursed Spirit,M15,Magic 2015,85,normal,common,3,13767,2513fe72-4e20-49e6-9970-839f1c635792,0.03,false,false,near_mint,de,CHF,2026-06-21T18:08:44.136Z
Yoris Karten,binder,Child of Night,M19,Core Set 2019,89,normal,common,4,1223,3867704d-d2ef-4185-b53d-84eba6a6776f,0.07,false,false,near_mint,de,CHF,2026-06-21T18:08:44.132Z
Yoris Karten,binder,Kolaghan Skirmisher,DTK,Dragons of Tarkir,107,normal,common,1,11707,ced0adca-d11c-41b6-aec4-4799946425d3,0.04,false,false,near_mint,de,CHF,2026-06-21T18:08:44.131Z
Yoris Karten,binder,Flatten,DTK,Dragons of Tarkir,100,normal,common,1,11714,a2acae67-5238-40bb-a173-6fc858264a6c,0.04,false,false,near_mint,de,CHF,2026-06-21T18:08:44.124Z
Yoris Karten,binder,Butcher's Glee,IMA,Iconic Masters,84,normal,common,1,3541,92a00c8d-9dac-4edc-b66c-ab3245d80969,0.04,false,false,near_mint,de,CHF,2026-06-21T18:08:44.121Z
Yoris Karten,binder,Defeat,DTK,Dragons of Tarkir,97,normal,common,1,11717,60473300-0bdc-4e89-87d9-28c8d7b4d83d,0.06,false,false,near_mint,de,CHF,2026-06-21T18:08:44.119Z
Yoris Karten,binder,Shriekdiver,WAR,War of the Spark,103,normal,common,2,44301,0a1c3148-7a6f-4963-af0b-18d9a156bf22,0.06,false,false,near_mint,de,CHF,2026-06-21T18:08:44.116Z
Yoris Karten,binder,Duskmantle Operative,WAR,War of the Spark,88,normal,common,3,44316,16eb5a6b-5e69-497c-a0c9-4165ad0f5d0b,0.09,false,false,near_mint,de,CHF,2026-06-21T18:08:44.115Z
Yoris Karten,binder,Spark Reaper,MIC,Midnight Hunt Commander,128,normal,common,2,63625,73f0eaab-fd0b-419b-bbf4-9028e965f5fb,0.05,false,false,near_mint,de,CHF,2026-06-21T18:08:44.114Z
Yoris Karten,binder,Davriel's Shadowfugue,WAR,War of the Spark,84,normal,common,2,44320,09c8fe63-37a7-478d-b9ba-33a0f6519cf1,0.07,false,false,near_mint,de,CHF,2026-06-21T18:08:44.113Z
Yoris Karten,binder,Lazotep Behemoth,WAR,War of the Spark,95,normal,common,1,44309,b4be6f22-e9e8-462a-956b-e1c78bbadacc,0.05,false,false,near_mint,de,CHF,2026-06-21T18:08:44.111Z
Yoris Karten,binder,Revenant,ORI,Magic Origins,117,normal,uncommon,1,10825,c7c6dbe5-3375-42c2-88f5-8ead0dc2b094,0.04,false,false,near_mint,de,CHF,2026-06-21T18:08:44.109Z
Yoris Karten,binder,Blightcaster,ORI,Magic Origins,85,normal,uncommon,1,10857,b8986163-6362-4c70-8ece-22ae22da5031,0.13,false,false,near_mint,de,CHF,2026-06-21T18:08:44.100Z
Yoris Karten,binder,Cruel Revival,ORI,Magic Origins,88,normal,uncommon,1,10854,a863ae27-a99a-4a60-ab07-25c1bacec64d,0.1,false,false,near_mint,de,CHF,2026-06-21T18:08:44.098Z
Yoris Karten,binder,Wandering Tombshell,DTK,Dragons of Tarkir,127,normal,common,2,11687,e66e1d97-d676-471a-a140-deb39600a7a9,0.06,false,false,near_mint,de,CHF,2026-06-21T18:08:44.092Z
Yoris Karten,binder,Orc Sureshot,FRF,Fate Reforged,78,normal,uncommon,1,12048,292326cd-4b90-40c6-88b1-f8560fde236c,0.23,false,false,near_mint,de,CHF,2026-06-21T18:08:44.091Z
Yoris Karten,binder,Noxious Dragon,CMR,Commander Legends,139,normal,uncommon,1,55539,01afdb32-d9a8-42d4-9ad2-4608ffd661f0,0.12,false,false,near_mint,de,CHF,2026-06-21T18:08:44.090Z
Yoris Karten,binder,Mardu Shadowspear,FRF,Fate Reforged,74,normal,uncommon,1,12052,c1f55b50-b3b1-4336-914c-1cc2669b8fac,0.16,false,false,near_mint,de,CHF,2026-06-21T18:08:44.089Z
Yoris Karten,binder,Diplomacy of the Wastes,FRF,Fate Reforged,67,normal,uncommon,1,12059,69faf63b-f39b-4005-a35d-1204faaa6d57,0.03,false,false,near_mint,de,CHF,2026-06-21T18:08:44.087Z
Yoris Karten,binder,Mardu Shadowspear,PFRF,Fate Reforged Promos,74,normal,uncommon,1,12148,0eb57b38-3465-45bb-af82-16f4885f1204,0.28,false,false,near_mint,de,CHF,2026-06-21T18:08:44.085Z
Yoris Karten,binder,Retreat to Hagra,C18,Commander 2018,116,normal,uncommon,2,727,c80046c2-021f-448c-9f54-2a1a100ec0aa,2.22,false,false,near_mint,de,CHF,2026-06-21T18:08:44.084Z
Yoris Karten,binder,Culling Drone,BFZ,Battle for Zendikar,91,normal,common,1,10260,1a623415-46c0-45aa-ab75-1e2d9708013a,0.06,false,false,near_mint,de,CHF,2026-06-21T18:08:44.083Z
Yoris Karten,binder,Marang River Skeleton,DTK,Dragons of Tarkir,108,normal,uncommon,1,11706,9497f7e6-2121-44a9-9bd6-258685636b1c,0.1,false,false,near_mint,de,CHF,2026-06-21T18:08:44.079Z
Yoris Karten,binder,Ambuscade Shaman,DTK,Dragons of Tarkir,87,normal,uncommon,3,11727,5b9a91f8-5f9f-46a2-bd80-1ca014591de9,0.05,false,false,near_mint,de,CHF,2026-06-21T18:08:44.076Z
Yoris Karten,binder,Deadly Wanderings,DTK,Dragons of Tarkir,94,normal,uncommon,1,11720,23bb5d9f-9b12-482a-91b4-6786e8310805,0.15,false,false,near_mint,de,CHF,2026-06-21T18:08:44.074Z
Yoris Karten,binder,Renegade's Getaway,AER,Aether Revolt,69,normal,common,1,6345,49b0a5d5-99d7-492b-bd85-77c3cee12c8d,0.1,false,false,near_mint,de,CHF,2026-06-21T18:08:44.072Z
Yoris Karten,binder,Rotfeaster Maggot,BBD,Battlebond,157,normal,common,3,1836,41b5e1d4-2a7e-4d34-8ca7-ba8ccbf8f775,0.05,false,false,near_mint,de,CHF,2026-06-21T18:08:44.069Z
Yoris Karten,binder,Dutiful Return,KTK,Khans of Tarkir,71,normal,common,1,13327,d5f83b3a-ce34-4179-8745-059181dd79b8,0.03,false,false,near_mint,de,CHF,2026-06-21T18:08:44.066Z
Yoris Karten,binder,Despise,KTK,Khans of Tarkir,69,normal,uncommon,10,13329,64216ce3-945e-42d8-9127-cf11c687da67,0.16,false,false,near_mint,de,CHF,2026-06-21T18:08:44.065Z
Yoris Karten,binder,Temple Thief,THB,Theros Beyond Death,116,normal,common,2,46946,fc4a61aa-75d2-46bc-b13f-b863f5f49d32,0.05,false,false,near_mint,de,CHF,2026-06-21T18:08:44.064Z
Yoris Karten,binder,"Tymaret, Chosen from Death",THB,Theros Beyond Death,263,normal,uncommon,4,46799,1bcb02d3-dcf4-41a6-8b9a-f8ad477faea0,0.12,false,false,near_mint,de,CHF,2026-06-21T18:08:44.063Z
Yoris Karten,binder,Pharika's Spawn,THB,Theros Beyond Death,112,normal,uncommon,2,46950,a2c8244b-7d86-4dff-9419-3945beb2a7b7,0.15,false,false,near_mint,de,CHF,2026-06-21T18:08:44.062Z
Yoris Karten,binder,Elite Headhunter,ELD,Throne of Eldraine,209,normal,uncommon,1,46129,aa9d0279-4fe0-4228-a82f-bc3cd91500df,0.1,false,false,near_mint,de,CHF,2026-06-21T18:08:44.058Z
Yoris Karten,binder,Eternal Thirst,IMA,Iconic Masters,89,normal,common,3,3536,14ab1802-1756-44cf-8cf5-ca69f24875f2,0.25,false,false,near_mint,de,CHF,2026-06-21T18:08:44.055Z
Yoris Karten,binder,Vulturous Aven,DTK,Dragons of Tarkir,126,normal,common,1,11688,b2fb0cc9-aebd-4bbf-8735-add3b753c118,0.06,false,false,near_mint,de,CHF,2026-06-21T18:08:44.054Z
Yoris Karten,binder,Spread the Sickness,MM2,Modern Masters 2015,98,normal,uncommon,1,11119,003bc8f1-f282-491c-984d-1ce7ac027053,0.1,false,false,near_mint,de,CHF,2026-06-21T18:08:44.053Z
Yoris Karten,binder,Flesh-Eater Imp,MBS,Mirrodin Besieged,42,normal,uncommon,1,20099,6d5ee9f3-80fe-43b0-be5b-0c93103e1077,0.29,false,false,near_mint,de,CHF,2026-06-21T18:08:44.052Z
Yoris Karten,binder,Corrupted Harvester,SOM,Scars of Mirrodin,59,normal,uncommon,2,20973,b54625ac-484f-4522-8048-38e01c545ac3,0.05,false,false,near_mint,de,CHF,2026-06-21T18:08:44.051Z
Yoris Karten,binder,Flesh Allergy,SOM,Scars of Mirrodin,62,normal,uncommon,1,20970,9c729525-b954-42dd-9877-f4360d99b961,0.13,false,false,near_mint,de,CHF,2026-06-21T18:08:44.049Z
Yoris Karten,binder,Dross Hopper,SOM,Scars of Mirrodin,60,normal,common,1,20972,1a0656f6-a016-479a-a003-72e106e986b0,0.08,false,false,near_mint,de,CHF,2026-06-21T18:08:44.047Z
Yoris Karten,binder,Searchlight Geist,AVR,Avacyn Restored,119,normal,common,2,18159,b0dc1a94-0193-464e-a481-730b34b57db5,0.05,false,false,near_mint,de,CHF,2026-06-21T18:08:44.046Z
Yoris Karten,binder,Driver of the Dead,FDN,Foundations,605,normal,common,2,100431,4443696a-0b9a-4081-91aa-800b5c4065d2,0.06,false,false,near_mint,de,CHF,2026-06-21T18:08:44.045Z
Yoris Karten,binder,Butcher Ghoul,INR,Innistrad Remastered,99,normal,common,1,102766,c4ef03c8-2047-4170-9ac4-f26cc14ebf96,0.19,false,false,near_mint,de,CHF,2026-06-21T18:08:44.042Z
Yoris Karten,binder,Douser of Lights,GRN,Guilds of Ravnica,70,normal,common,1,413,7c554be7-6fd4-4642-aaa0-2781d9c388e4,0.04,false,false,near_mint,de,CHF,2026-06-21T18:08:44.040Z
Yoris Karten,binder,Hired Poisoner,GRN,Guilds of Ravnica,72,normal,common,2,411,bf97e572-90d6-46fc-81c3-956a7ef88983,0.18,false,false,near_mint,de,CHF,2026-06-21T18:08:44.039Z
Yoris Karten,binder,Shambling Goblin,CN2,Conspiracy: Take the Crown,148,normal,common,1,7949,3c0d2e09-e369-4454-914f-ca23da3d0933,0.08,false,false,near_mint,de,CHF,2026-06-21T18:08:44.034Z
Yoris Karten,binder,Shadowcloak Vampire,M15,Magic 2015,113,normal,common,2,13739,4b4911e9-01e6-4c41-9f2a-dfc25bedb2f7,0.03,false,false,near_mint,de,CHF,2026-06-21T18:08:44.031Z
Yoris Karten,binder,Banehound,WAR,War of the Spark,77,normal,common,2,44327,b9e03567-c95a-40b8-a75a-971076093f57,0.18,false,false,near_mint,de,CHF,2026-06-21T18:08:44.029Z
Yoris Karten,binder,Vraska's Finisher,WAR,War of the Spark,112,normal,common,1,44292,f89fa379-7fae-4fbf-8e31-0ef3645353c5,0.1,false,false,near_mint,de,CHF,2026-06-21T18:08:44.027Z
Yoris Karten,binder,Vampire Opportunist,M20,Core Set 2020,326,normal,common,1,45134,ced4b4a9-73a8-4135-b150-cd78d1558aca,0.14,false,false,near_mint,de,CHF,2026-06-21T18:08:44.026Z
Yoris Karten,binder,Charity Extractor,WAR,War of the Spark,81,normal,common,2,44323,3594f726-cdbb-4b7d-bcfe-17d5f8cd5228,0.06,false,false,near_mint,de,CHF,2026-06-21T18:08:44.025Z
Yoris Karten,binder,Gibbering Kami,CHK,Champions of Kamigawa,112,normal,common,1,29114,9a3e988f-314c-4e83-b279-c2a736933e64,0.04,false,false,near_mint,de,CHF,2026-06-21T18:08:44.022Z
Yoris Karten,binder,Deathmark,FDN,Foundations,601,normal,uncommon,1,100423,42592d75-593e-4719-b13b-bca374017e79,0.13,false,false,near_mint,de,CHF,2026-06-21T18:08:44.021Z
Yoris Karten,binder,Cutthroat il-Dal,TSR,Time Spiral Remastered,105,normal,common,1,57876,d4123bab-d61e-4d69-b9ca-1fff3a11335a,0.06,false,false,near_mint,de,CHF,2026-06-21T18:08:44.020Z
Yoris Karten,binder,Vampire Bats,GVL,Duel Decks Anthology: Garruk vs. Liliana,35,normal,common,1,12319,573c35a4-543b-47fe-80b4-d6462abfb82f,0.1,false,false,near_mint,de,CHF,2026-06-21T18:08:44.008Z
Yoris Karten,binder,Big Game Hunter,TSR,Time Spiral Remastered,102,normal,uncommon,3,57577,2cec1014-375c-4877-95e3-093d24c02bc8,0.3,false,false,near_mint,de,CHF,2026-06-21T18:08:44.006Z
Yoris Karten,binder,Deadly Grub,TSR,Time Spiral Remastered,108,normal,common,3,57623,44e872ae-2e41-49f5-9015-e8f9fa7da987,0.05,false,false,near_mint,de,CHF,2026-06-21T18:08:44.005Z
Yoris Karten,binder,Midnight Covenant,CHK,Champions of Kamigawa,125,normal,common,1,29101,5d797e91-3fc7-4f62-8cd8-dbd5f445e69c,0.09,false,false,near_mint,de,CHF,2026-06-21T18:08:44.004Z
Yoris Karten,binder,Devouring Greed,MM2,Modern Masters 2015,78,normal,uncommon,1,11139,4a0f9b26-e1b0-4818-8d70-40a000f274eb,0.18,false,false,near_mint,de,CHF,2026-06-21T18:08:44.003Z
Yoris Karten,binder,Rend Flesh,CHK,Champions of Kamigawa,140,normal,common,1,29086,92b300a3-e6a8-4ca9-bb26-03f57b5ff6ec,0.1,false,false,near_mint,de,CHF,2026-06-21T18:08:44.002Z
Yoris Karten,binder,Cruel Deceiver,CHK,Champions of Kamigawa,106,normal,common,2,29120,7cc6972a-5305-423f-a936-16ee0fbf9200,0.06,false,false,near_mint,de,CHF,2026-06-21T18:08:44.001Z
Yoris Karten,binder,Villainous Ogre,CHK,Champions of Kamigawa,148,normal,common,1,29078,0277c1ba-eae4-442b-8b80-20869ba20568,0.11,false,false,near_mint,de,CHF,2026-06-21T18:08:44.000Z
Yoris Karten,binder,Rag Dealer,CHK,Champions of Kamigawa,138,normal,common,1,29088,18ef007a-fcf4-4293-933e-4f9f7f602002,0.1,false,false,near_mint,de,CHF,2026-06-21T18:08:43.999Z
Yoris Karten,binder,Chimney Imp,MRD,Mirrodin,59,normal,common,1,29986,0a426922-5e96-48f3-b696-f5dc99258943,0.03,false,false,near_mint,de,CHF,2026-06-21T18:08:43.998Z
Yoris Karten,binder,Nim Lasher,MRD,Mirrodin,71,normal,common,1,29974,7b66c698-02bd-48ef-a866-5251bdc02c16,0.04,false,false,near_mint,de,CHF,2026-06-21T18:08:43.996Z
Yoris Karten,binder,Wail of the Nim,MRD,Mirrodin,81,normal,common,1,29964,a8c32faa-c6d1-418a-aed6-ccc5849daa1f,0.3,false,false,near_mint,de,CHF,2026-06-21T18:08:43.995Z
Yoris Karten,binder,Hunger of the Nim,DST,Darksteel,46,normal,common,1,29615,bba50e47-2417-447f-b334-50ef0faecfae,0.09,false,false,near_mint,de,CHF,2026-06-21T18:08:43.993Z
Yoris Karten,binder,Dross Prowler,MRD,Mirrodin,64,normal,common,2,29981,1fff470a-3574-42be-8f0b-ac5e7a70f61a,0.03,false,false,near_mint,de,CHF,2026-06-21T18:08:43.992Z
Yoris Karten,binder,Eye Gouge,BNG,Born of the Gods,67,normal,common,1,14893,94d4eb34-0529-48a0-ac52-b57cead7b651,0.03,false,false,near_mint,de,CHF,2026-06-21T18:08:43.990Z
Yoris Karten,binder,Blood Bairn,CMA,Commander Anthology,49,normal,common,1,5237,433821dd-9a38-4ace-b9d2-cd081784e957,0.26,false,false,near_mint,de,CHF,2026-06-21T18:08:43.988Z
Yoris Karten,binder,Bleak Coven Vampires,SOM,Scars of Mirrodin,55,normal,common,1,20977,9d3386e4-bbd6-4756-b29d-f55619e98d0d,0.14,false,false,near_mint,de,CHF,2026-06-21T18:08:43.987Z
Yoris Karten,binder,Moriok Reaver,SOM,Scars of Mirrodin,70,normal,common,2,20962,e2a0410f-95c5-49bf-856d-dea796c96e3b,0.03,false,false,near_mint,de,CHF,2026-06-21T18:08:43.986Z
Yoris Karten,binder,Blackcleave Goblin,SOM,Scars of Mirrodin,54,normal,common,1,20978,95986875-59f5-414f-867f-94f30cefa5d6,0.08,false,false,near_mint,de,CHF,2026-06-21T18:08:43.985Z
Yoris Karten,binder,Viper's Kiss,THS,Theros,109,normal,common,1,15555,0906ebfc-4756-4caf-83ff-859e181f3bef,0.04,false,false,near_mint,de,CHF,2026-06-21T18:08:43.983Z
Yoris Karten,binder,Death's Approach,GTC,Gatecrash,62,normal,common,1,16762,b0f69c6f-522d-42c8-be7c-ea6d7ffb6a90,0.1,false,false,near_mint,de,CHF,2026-06-21T18:08:43.982Z
Yoris Karten,binder,Relic Putrescence,SOM,Scars of Mirrodin,77,normal,common,1,20955,ca940b4e-6f5e-4492-b6e0-dbf619eddadd,0.14,false,false,near_mint,de,CHF,2026-06-21T18:08:43.980Z
Yoris Karten,binder,Contagious Nim,SOM,Scars of Mirrodin,58,normal,common,2,20974,e83a9dea-2aa1-48cd-afe2-f98057b95f6e,0.22,false,false,near_mint,de,CHF,2026-06-21T18:08:43.979Z
Yoris Karten,binder,Fume Spitter,UMA,Ultimate Masters,95,normal,common,2,43409,bb1ef824-306c-4975-abca-19f0bd77449f,0.29,false,false,near_mint,de,CHF,2026-06-21T18:08:43.981Z
Yoris Karten,binder,Liturgy of Blood,BBD,Battlebond,148,normal,common,2,1845,fbe00ed2-d316-46f8-a5cf-6aad93fe88a0,0.04,false,false,near_mint,de,CHF,2026-06-21T18:08:43.984Z
Yoris Karten,binder,Moriok Scavenger,MRD,Mirrodin,68,normal,common,3,29977,0f27426b-3679-44e4-9249-f57b92baa3f3,0.02,false,false,near_mint,de,CHF,2026-06-21T18:08:43.991Z
Yoris Karten,binder,Contaminated Bond,10E,Tenth Edition,132,normal,common,4,25964,a56b6552-367e-4b0b-9095-42322843b1b2,0.15,false,false,near_mint,de,CHF,2026-06-21T18:08:43.994Z
Yoris Karten,binder,Brain Gorgers,PLC,Planar Chaos,65,normal,common,8,26469,b02161f4-505c-4c01-ae33-5c61598c71d7,0.1,false,false,near_mint,de,CHF,2026-06-21T18:08:44.007Z
Yoris Karten,binder,Festering Goblin,DMR,Dominaria Remastered,85,normal,common,3,78085,b039f65e-1287-4c6e-a1c2-773a008fc0a3,0.07,false,false,near_mint,de,CHF,2026-06-21T18:08:44.009Z
Yoris Karten,binder,Plague Beetle,10E,Tenth Edition,168,normal,common,2,25919,8f5d3dac-98df-433f-a417-bcb9c91722fb,0.2,false,false,near_mint,de,CHF,2026-06-21T18:08:44.011Z
Yoris Karten,binder,Terror,DMR,Dominaria Remastered,103,normal,common,3,78062,a3870eba-4e8f-414d-817c-14ec97f6a93c,0.18,false,false,near_mint,de,CHF,2026-06-21T18:08:44.014Z
Yoris Karten,binder,Putrid Cyclops,FUT,Future Sight,75,normal,common,2,26262,14e82edf-8acc-4024-bb88-f727f632b061,0.06,false,false,near_mint,de,CHF,2026-06-21T18:08:44.018Z
Yoris Karten,binder,Aid the Fallen,WAR,War of the Spark,76,normal,common,2,44328,5f8bc010-f1af-42a2-9009-2039cf3d8f0a,0.12,false,false,near_mint,de,CHF,2026-06-21T18:08:44.023Z
Yoris Karten,binder,Ob Nixilis's Cruelty,WAR,War of the Spark,101,normal,common,5,44303,94db72a8-57f7-4f17-9f09-cae90ef50304,0.06,false,false,near_mint,de,CHF,2026-06-21T18:08:44.024Z
Yoris Karten,binder,Zof Shade,M15,Magic 2015,125,normal,common,5,13727,98b39bdf-445c-40a8-8999-1e8fbbda4ae9,0.03,false,false,near_mint,de,CHF,2026-06-21T18:08:44.030Z
Yoris Karten,binder,Typhoid Rats,M15,Magic 2015,118,normal,common,3,13734,9f8723f6-96b1-4441-8a57-435fb82d6db4,0.15,false,false,near_mint,de,CHF,2026-06-21T18:08:44.033Z
Yoris Karten,binder,Silumgar Butcher,DTK,Dragons of Tarkir,122,normal,common,2,11692,40cb67f7-b4e1-423b-8f55-d44ed383e778,0.05,false,false,near_mint,de,CHF,2026-06-21T18:08:44.035Z
Yoris Karten,binder,Reckless Imp,DTK,Dragons of Tarkir,115,normal,common,3,11699,74a44e0a-5fff-4fc0-a76d-1b097f1d4d5d,0.06,false,false,near_mint,de,CHF,2026-06-21T18:08:44.036Z
Yoris Karten,binder,Mind Rot,M21,Core Set 2021,115,normal,common,4,50879,833a8604-92d5-443b-9bc0-bd91c973ef07,0.16,false,false,near_mint,de,CHF,2026-06-21T18:08:44.037Z
Yoris Karten,binder,Spinal Centipede,GRN,Guilds of Ravnica,86,normal,common,4,397,74d579fb-615a-43a6-a1c1-c535087abf2a,0.08,false,false,near_mint,de,CHF,2026-06-21T18:08:44.038Z
Yoris Karten,binder,Marrow Bats,C13,Commander 2013,82,normal,uncommon,3,15304,a469e9a9-2498-4651-89fb-a86729d8c978,0.25,false,false,near_mint,de,CHF,2026-06-21T18:08:44.043Z
Yoris Karten,binder,Psychic Miasma,SOM,Scars of Mirrodin,76,normal,common,4,20956,fd9c3267-7988-416c-85a4-0e314e42ddb9,0.13,false,false,near_mint,de,CHF,2026-06-21T18:08:44.048Z
Yoris Karten,binder,Barrow Witches,ELD,Throne of Eldraine,77,normal,common,5,46261,45707c22-fce8-4dbd-9d19-73f08c68f449,0.07,false,false,near_mint,de,CHF,2026-06-21T18:08:44.056Z
Yoris Karten,binder,Lash of Thorns,ELD,Throne of Eldraine,92,normal,common,6,46246,ea45e972-6e4a-4854-9be3-6ffb24e7d7a5,0.06,false,false,near_mint,de,CHF,2026-06-21T18:08:44.057Z
Yoris Karten,binder,Cling to Dust,THB,Theros Beyond Death,87,normal,uncommon,3,46975,52c2de5f-e486-4cfe-9fb6-be0078ce5f93,0.26,false,false,near_mint,de,CHF,2026-06-21T18:08:44.059Z
Yoris Karten,binder,Black Cat,M15,Magic 2015,86,normal,common,4,13766,32efcfad-818c-4485-9022-cf94403f370b,0.13,false,false,near_mint,de,CHF,2026-06-21T18:08:44.067Z
Yoris Karten,binder,Daring Demolition,AER,Aether Revolt,55,normal,common,3,6359,a6378898-50b7-47c9-8c25-dc660606be9f,0.03,false,false,near_mint,de,CHF,2026-06-21T18:08:44.070Z
Yoris Karten,binder,Virulent Plague,DTK,Dragons of Tarkir,125,normal,uncommon,2,11689,3c5f82b6-53d9-43ce-8a17-c680c443e586,0.15,false,false,near_mint,de,CHF,2026-06-21T18:08:44.075Z
Yoris Karten,binder,Blood-Chin Rager,DTK,Dragons of Tarkir,89,normal,uncommon,8,11725,e8e93684-a587-4510-b48b-ecf27ff695f4,0.16,false,false,near_mint,de,CHF,2026-06-21T18:08:44.077Z
Yoris Karten,binder,Bone Splinters,M20,Core Set 2020,92,normal,common,3,45369,7e75a7e9-902a-4733-8cd4-767247174a4c,0.18,false,false,near_mint,de,CHF,2026-06-21T18:08:44.082Z
Yoris Karten,binder,Grave Strength,UMA,Ultimate Masters,101,normal,uncommon,2,43404,b51b6c19-d8f8-4249-83c8-f3c4fa12291e,0.12,false,false,near_mint,de,CHF,2026-06-21T18:08:44.086Z
Yoris Karten,binder,Consecrated by Blood,ORI,Magic Origins,87,normal,uncommon,3,10855,3d896df9-f897-4786-b1a1-d2375e81c9ef,0.08,false,false,near_mint,de,CHF,2026-06-21T18:08:44.096Z
Yoris Karten,binder,Shadows of the Past,DDR,Duel Decks: Nissa vs. Ob Nixilis,60,normal,uncommon,3,7803,35139a18-28c7-4a8f-986a-47e909cc23eb,0.28,false,false,near_mint,de,CHF,2026-06-21T18:08:44.099Z
Yoris Karten,binder,Tormented Thoughts,ORI,Magic Origins,122,normal,uncommon,3,10820,6be2be08-5bad-4813-b6f3-45b564e10b2f,0.18,false,false,near_mint,de,CHF,2026-06-21T18:08:44.102Z
Yoris Karten,binder,Mind Rot,DTK,Dragons of Tarkir,110,normal,common,3,11704,272180bd-6afc-4be6-993c-b761acdedec3,0.08,false,false,near_mint,de,CHF,2026-06-21T18:08:44.120Z
Yoris Karten,binder,Foul-Tongue Shriek,DTK,Dragons of Tarkir,103,normal,common,2,11711,81d98ee0-6b32-4735-89f1-b37da766761f,0.24,false,false,near_mint,de,CHF,2026-06-21T18:08:44.123Z
Yoris Karten,binder,Gravepurge,DTK,Dragons of Tarkir,104,normal,common,2,11710,b5bf549c-799f-456f-85d5-8a7302bc729d,0.19,false,false,near_mint,de,CHF,2026-06-21T18:08:44.126Z
Yoris Karten,binder,Duress,DTK,Dragons of Tarkir,98,normal,common,2,11716,e9e79c2c-1b4d-4f20-a769-94890c91b539,0.06,false,false,near_mint,de,CHF,2026-06-21T18:08:44.127Z
Yoris Karten,binder,Murder,CMR,Commander Legends,134,normal,common,5,56053,440bfb8c-f29a-4c11-9fcb-ee935dead03f,0.12,false,false,near_mint,de,CHF,2026-06-21T18:08:44.141Z
Yoris Karten,binder,Executioner's Capsule,2XM,Double Masters,92,normal,common,3,52088,032ea333-96e1-4ad8-8947-21d6bc3a9f91,0.27,false,false,near_mint,de,CHF,2026-06-21T18:08:44.144Z
Yoris Karten,binder,Without Weakness,HOU,Hour of Devastation,81,normal,common,4,4594,d6695fa8-881c-407c-91d9-3ac770372d35,0.12,false,false,near_mint,de,CHF,2026-06-21T18:08:44.147Z
Yoris Karten,binder,Supernatural Stamina,CMM,Commander Masters,188,normal,common,4,84181,2b349b4b-f08d-45e8-81f6-3467a02e6d23,0.19,false,false,near_mint,de,CHF,2026-06-21T18:08:44.150Z
Yoris Karten,binder,Masked Blackguard,CLU,Ravnica: Clue Edition,115,normal,common,2,91201,c7f39361-2e6d-484b-b3ed-5e1426a61680,0.05,false,false,near_mint,de,CHF,2026-06-21T18:08:44.160Z
Yoris Karten,binder,Liliana's Steward,M21,Core Set 2021,111,normal,common,2,50721,1945fc78-8aa4-46fb-9571-eaa1c4729e3d,0.17,false,false,near_mint,de,CHF,2026-06-21T18:08:44.162Z
Yoris Karten,binder,Rise Again,M21,Core Set 2021,119,normal,common,2,50837,660ec88f-2063-404a-853e-c985e21d17b0,0.14,false,false,near_mint,de,CHF,2026-06-21T18:08:44.164Z
Yoris Karten,binder,Restless Dead,MIR,Mirage,138,normal,common,3,38452,a237cff4-af6f-4745-bda1-e3ed2267fa89,0.15,false,false,near_mint,de,CHF,2026-06-21T18:08:44.174Z
Yoris Karten,binder,Death Stroke,BTD,Beatdown Box Set,22,normal,common,4,33401,f77d7d4a-ded4-426a-bbbd-fd7a833e7feb,0.27,false,false,near_mint,de,CHF,2026-06-21T18:08:44.183Z
Yoris Karten,binder,Dauthi Horror,CLB,Commander Legends: Battle for Baldur's Gate,748,normal,common,3,69569,7c41afe6-7eed-4cf5-9bbb-ccc9f82cb4fa,0.29,false,false,near_mint,de,CHF,2026-06-21T18:08:44.184Z
Yoris Karten,binder,Dark Banishing,TMP,Tempest,117,normal,common,2,36882,922d6c8b-70ae-4db4-bf26-1904e4906211,0.14,false,false,near_mint,de,CHF,2026-06-21T18:08:44.186Z
Yoris Karten,binder,Read the Bones,DSC,Duskmourn: House of Horror Commander,154,normal,common,7,99301,b3198f96-f9d8-494f-a556-24ce3ad3895d,0.22,false,false,near_mint,de,CHF,2026-06-21T18:08:44.189Z
Yoris Karten,binder,Order of Midnight // Alter Fate,MOC,March of the Machine Commander,261,normal,uncommon,2,81785,84c63c27-6095-4fbc-9064-0ef602e1ced8,0.17,false,false,near_mint,de,CHF,2026-06-21T18:08:44.207Z
Yoris Karten,binder,Scrounger of Souls,HOU,Hour of Devastation,76,normal,common,7,4599,3d66f3c4-5a11-4e28-a4ae-673b3b36d3ec,0.06,false,false,near_mint,de,CHF,2026-06-21T18:08:44.213Z
Yoris Karten,binder,Ruin Rat,HOU,Hour of Devastation,75,normal,common,4,4600,91652fe0-2064-4996-b484-a1f88e0023f7,0.22,false,false,near_mint,de,CHF,2026-06-21T18:08:44.214Z
Yoris Karten,binder,Grisly Survivor,HOU,Hour of Devastation,64,normal,common,5,4611,035ee44d-63ef-45b7-b36b-38ac341a2ca7,0.19,false,false,near_mint,de,CHF,2026-06-21T18:08:44.215Z
Yoris Karten,binder,Lethal Sting,HOU,Hour of Devastation,67,normal,common,4,4608,eaded6bf-2db7-4b1d-93cc-4b7b571cd2de,0.19,false,false,near_mint,de,CHF,2026-06-21T18:08:44.216Z
Yoris Karten,binder,Khenra Eternal,HOU,Hour of Devastation,66,normal,common,5,4609,abbdc277-4a76-44a9-aeda-edabab1f579e,0.1,false,false,near_mint,de,CHF,2026-06-21T18:08:44.221Z
Yoris Karten,binder,Fathom Fleet Cutthroat,M20,Core Set 2020,100,normal,common,3,45361,65a7004c-1952-41df-b645-b34bcbc3e401,0.09,false,false,near_mint,de,CHF,2026-06-21T18:08:44.246Z
Yoris Karten,binder,Dead Reveler,IMA,Iconic Masters,86,normal,common,5,3539,c5e52f38-2991-429a-a312-a02696c86b05,0.03,false,false,near_mint,de,CHF,2026-06-21T18:08:44.256Z
Yoris Karten,binder,Sewer Shambler,RVR,Ravnica Remastered,91,normal,common,6,89654,450f741d-837e-4993-ad28-7ef23b1ac8a4,0.08,false,false,near_mint,de,CHF,2026-06-21T18:08:44.257Z
Yoris Karten,binder,Gravedigger,M19,Core Set 2019,98,normal,uncommon,6,1214,3c6d2a84-5e47-4f7a-83f7-ee4e670980c7,0.09,false,false,near_mint,de,CHF,2026-06-21T18:08:44.266Z
Yoris Karten,binder,Tragic Slip,INR,Innistrad Remastered,134,normal,common,4,102428,132ccc20-cb42-4474-b747-7e41a661060e,0.2,false,false,near_mint,de,CHF,2026-06-21T18:08:44.295Z
Yoris Karten,binder,Undying Evil,DKA,Dark Ascension,77,normal,common,2,18460,325f2243-54fd-484b-a742-166cea7ec179,0.35,false,false,near_mint,de,CHF,2026-06-21T18:08:44.300Z
Yoris Karten,binder,Breathstealer,MIR,Mirage,109,normal,common,2,38481,0cd9da69-5e57-4719-a712-630c9464fada,0.09,false,false,near_mint,de,CHF,2026-06-21T18:08:44.325Z
Yoris Karten,binder,Headstrong Brute,XLN,Ixalan,147,normal,common,2,3865,66973e90-0c8b-4438-bc22-6e78930c194d,0.15,false,false,near_mint,de,CHF,2026-06-21T18:30:45.450Z
Yoris Karten,binder,Frontline Devastator,HOU,Hour of Devastation,93,normal,common,3,4582,8c869cc4-eed9-4b24-b60f-2d7f85b885dc,0.11,false,false,near_mint,de,CHF,2026-06-21T18:30:45.448Z
Yoris Karten,binder,Thorned Moloch,HOU,Hour of Devastation,108,normal,common,1,4567,01ab2615-5a02-4b59-b8bd-577b91a1a0e3,0.09,false,false,near_mint,de,CHF,2026-06-21T18:30:45.447Z
Yoris Karten,binder,Firebrand Archer,FDN,Foundations,196,normal,common,1,101630,fe0312f1-4c98-4b7f-8a34-0059ea80edef,0.27,false,false,near_mint,de,CHF,2026-06-21T18:30:45.445Z
Yoris Karten,binder,Precise Strike,AER,Aether Revolt,92,normal,common,1,6322,3cd2e7ab-b63e-48e8-a32a-6ff8673241d9,0.02,false,false,near_mint,de,CHF,2026-06-21T18:30:45.443Z
Yoris Karten,binder,Chandra's Revolution,AER,Aether Revolt,77,normal,common,2,6337,2fcee99c-72a0-4db1-b4c9-65c878284450,0.07,false,false,near_mint,de,CHF,2026-06-21T18:30:45.442Z
Yoris Karten,binder,Destructive Tampering,M21,Core Set 2021,141,normal,common,2,50975,bfe6a3a9-8d62-47c4-a78b-9baa9133a540,0.04,false,false,near_mint,de,CHF,2026-06-21T18:30:45.441Z
Yoris Karten,binder,Akki Rockspeaker,CHK,Champions of Kamigawa,154,normal,common,2,29072,9c8b6685-2c74-4026-aef0-73ca7bc43306,0.16,false,false,near_mint,de,CHF,2026-06-21T18:30:45.440Z
Yoris Karten,binder,Path of Anger's Flame,SOK,Saviors of Kamigawa,109,normal,common,1,28429,046fd4b1-d3a4-4859-a0d4-0e8341e6c6c7,0.06,false,false,near_mint,de,CHF,2026-06-21T18:30:45.439Z
Yoris Karten,binder,Ronin Cavekeeper,SOK,Saviors of Kamigawa,111,normal,common,1,28427,3c532e5a-01f4-4258-ba48-99257cc577d4,0.11,false,false,near_mint,de,CHF,2026-06-21T18:30:45.438Z
Yoris Karten,binder,Tectonic Rift,M20,Core Set 2020,161,normal,common,2,45300,abf90bd1-fa00-4af6-aa76-bd6fca7b0ac4,0.03,false,false,near_mint,de,CHF,2026-06-21T18:30:45.437Z
Yoris Karten,binder,Keldon Raider,M20,Core Set 2020,146,normal,common,5,45315,884c47fa-7060-48da-995c-e4037640a208,0.02,false,false,near_mint,de,CHF,2026-06-21T18:30:45.435Z
Yoris Karten,binder,Honor the God-Pharaoh,WAR,War of the Spark,132,normal,common,3,44272,75844d13-74f5-4008-9bc6-2f6d04f378aa,0.2,false,false,near_mint,de,CHF,2026-06-21T18:30:45.434Z
Yoris Karten,binder,Lonesome Unicorn // Rider in Need,ELD,Throne of Eldraine,276,normal,common,1,46031,b6a1b6c9-8e66-475b-807b-4dd6e88b366a,0.27,false,false,near_mint,de,CHF,2026-06-21T18:30:45.430Z
Yoris Karten,binder,Scorch Spitter,M20,Core Set 2020,159,normal,common,2,45302,bb701a84-24bd-41ed-9f06-25c8338902a5,0.2,false,false,near_mint,de,CHF,2026-06-21T18:30:45.427Z
Yoris Karten,binder,Lunk Errant,MOR,Morningtide,94,normal,common,3,24931,f459acfa-a9db-43c6-b0e9-ed66d772a335,0.06,false,false,near_mint,de,CHF,2026-06-21T18:30:45.425Z
Yoris Karten,binder,Fire Juggler,MOR,Morningtide,90,normal,common,3,24935,f04d5eef-da88-496b-a902-b87b0b386f96,0.07,false,false,near_mint,de,CHF,2026-06-21T18:30:45.424Z
Yoris Karten,binder,Mudbutton Clanger,MOR,Morningtide,95,normal,common,4,24930,bc5e2771-ae35-4aff-a92d-7fc7f3ca915f,0.08,false,false,near_mint,de,CHF,2026-06-21T18:30:45.423Z
Yoris Karten,binder,Lobber Crew,RTR,Return to Ravnica,99,normal,common,5,17323,b9d4aa15-a3c2-42a3-a87a-443e7dd20c04,0.16,false,false,near_mint,de,CHF,2026-06-21T18:30:45.421Z
Yoris Karten,binder,Gore-House Chainwalker,RTR,Return to Ravnica,96,normal,common,3,17326,56ba132f-95fc-4b99-a1dc-ebe6f622bb41,0.03,false,false,near_mint,de,CHF,2026-06-21T18:30:45.419Z
Yoris Karten,binder,Onakke Ogre,M21,Core Set 2021,155,normal,common,4,50858,76e42d07-57d9-4de4-8d41-eb42dd1573ed,0.1,false,false,near_mint,de,CHF,2026-06-21T18:30:45.417Z
Yoris Karten,binder,Scorched Rusalka,RVR,Ravnica Remastered,122,normal,common,2,89574,15fecad6-5f0f-4d40-98ba-7849cda9ec4d,0.11,false,false,near_mint,de,CHF,2026-06-21T18:30:45.415Z
Yoris Karten,binder,Shatterstorm,10E,Tenth Edition,229,normal,uncommon,3,25841,f7a1aa93-26d1-40b0-82d8-414f56a36337,0.3,false,false,near_mint,de,CHF,2026-06-21T18:30:45.414Z
Yoris Karten,binder,Rock Badger,10E,Tenth Edition,226,normal,common,1,25845,49dc08b0-491f-470c-b920-2ca961d0d569,0.1,false,false,near_mint,de,CHF,2026-06-21T18:30:45.410Z
Yoris Karten,binder,Somberwald Vigilante,DDL,Duel Decks: Heroes vs. Monsters,2,normal,common,2,15763,45acf61c-0cc6-4f74-8c81-5ea4b8282e2a,0.02,false,false,near_mint,de,CHF,2026-06-21T18:30:45.409Z
Yoris Karten,binder,Jund Battlemage,ALA,Shards of Alara,106,normal,uncommon,2,23993,ee8c962f-11b0-48f7-bbba-a2212e41990f,0.12,false,false,near_mint,de,CHF,2026-06-21T18:30:45.408Z
Yoris Karten,binder,Resounding Thunder,ALA,Shards of Alara,110,normal,common,1,23989,680b7955-d939-4195-aba8-b46a8c925616,0.05,false,false,near_mint,de,CHF,2026-06-21T18:30:45.407Z
Yoris Karten,binder,Thatcher Revolt,AVR,Avacyn Restored,158,normal,common,1,18120,ea28bd68-47a8-47c6-be16-75ae622daf0a,0.06,false,false,near_mint,de,CHF,2026-06-21T18:30:45.403Z
Yoris Karten,binder,Guise of Fire,AVR,Avacyn Restored,137,normal,common,1,18141,beb10d42-fa19-400c-bad8-ec3827f077bc,0.06,false,false,near_mint,de,CHF,2026-06-21T18:30:45.402Z
Yoris Karten,binder,Wandering Goblins,CON,Conflux,76,normal,common,4,23653,217281d9-a8f4-4e7a-987f-7ece0ae15eba,0.1,false,false,near_mint,de,CHF,2026-06-21T18:30:45.401Z
Yoris Karten,binder,Hellspark Elemental,DDK,Duel Decks: Sorin vs. Tibalt,46,normal,uncommon,1,16527,ea080c34-8446-429b-a380-3a95f43089fb,0.19,false,false,near_mint,de,CHF,2026-06-21T18:30:45.400Z
Yoris Karten,binder,Ferocity of the Wilds,ELD,Throne of Eldraine,123,normal,uncommon,4,46215,8f7005fd-5917-4f7d-9a7d-7ccc044d0f87,0.17,false,false,near_mint,de,CHF,2026-06-21T18:30:45.399Z
Yoris Karten,binder,Boulder Salvo,OGW,Oath of the Gatewatch,102,normal,common,1,9280,4e269989-bb22-4da4-a374-434a572e8e8f,0.1,false,false,near_mint,de,CHF,2026-06-21T18:30:45.398Z
Yoris Karten,binder,Wall of Fire,M15,Magic 2015,167,normal,common,1,13685,6f8ac968-3d00-40d8-80b5-e6fe08025de2,0.06,false,false,near_mint,de,CHF,2026-06-21T18:30:45.395Z
Yoris Karten,binder,Generator Servant,UMA,Ultimate Masters,133,normal,common,2,43377,5ea15262-c00f-4865-bb6a-37ccb2ef62bd,0.23,false,false,near_mint,de,CHF,2026-06-21T18:30:45.393Z
Yoris Karten,binder,Lightning Strike,M19,Core Set 2019,152,normal,uncommon,5,1160,084b7337-c06f-4cbf-8fc0-0b20c221f1dc,0.24,false,false,near_mint,de,CHF,2026-06-21T18:30:45.389Z
Yoris Karten,binder,Kragma Butcher,BNG,Born of the Gods,100,normal,common,6,14860,56d1dcab-7e46-4ff1-91f6-77352ef0cd90,0.1,false,false,near_mint,de,CHF,2026-06-21T18:30:45.388Z
Yoris Karten,binder,Ronin Houndmaster,CHK,Champions of Kamigawa,184,normal,common,1,29041,614ead7b-1975-4a99-bdc2-f8afc6cf92d7,0.11,false,false,near_mint,de,CHF,2026-06-21T18:30:45.387Z
Yoris Karten,binder,Ore Gorger,CHK,Champions of Kamigawa,182,normal,uncommon,1,29043,ecc8bbb9-d6a1-474b-8f34-594b5a9d4178,0.11,false,false,near_mint,de,CHF,2026-06-21T18:30:45.386Z
Yoris Karten,binder,Magmatic Chasm,DTK,Dragons of Tarkir,148,normal,common,3,11666,e62a56c4-a3d9-43ab-83a8-6333578bcbc8,0.14,false,false,near_mint,de,CHF,2026-06-21T18:30:45.385Z
Yoris Karten,binder,Hardened Berserker,DTK,Dragons of Tarkir,139,normal,common,2,11675,d10fb883-12b8-4050-967e-4281ea620906,0.02,false,false,near_mint,de,CHF,2026-06-21T18:30:45.383Z
Yoris Karten,binder,Atarka Efreet,DTK,Dragons of Tarkir,128,normal,common,3,11686,b192067c-7cdb-4d3c-95b7-819733e44678,0.06,false,false,near_mint,de,CHF,2026-06-21T18:30:45.381Z
Yoris Karten,binder,Atarka Pummeler,DTK,Dragons of Tarkir,129,normal,uncommon,2,11685,d55f2528-f37f-46b9-b95f-4d142f656723,0.06,false,false,near_mint,de,CHF,2026-06-21T18:30:45.379Z
Yoris Karten,binder,Qal Sisma Behemoth,DTK,Dragons of Tarkir,149,normal,uncommon,1,11665,ea70e96a-bebd-4ca4-aa24-e5fd0df38b8a,0.04,false,false,near_mint,de,CHF,2026-06-21T18:30:45.378Z
Yoris Karten,binder,Kindled Fury,DTK,Dragons of Tarkir,142,normal,common,2,11672,82220a35-a6e0-4482-b514-f964664ec5ec,0.03,false,false,near_mint,de,CHF,2026-06-21T18:30:45.377Z
Yoris Karten,binder,Stormcrag Elemental,DTK,Dragons of Tarkir,158,normal,uncommon,1,11656,a906f718-635b-4d51-8896-530c52b260f7,0.05,false,false,near_mint,de,CHF,2026-06-21T18:30:45.376Z
Yoris Karten,binder,Fling,AKH,Amonkhet,132,normal,common,4,5553,f02363a7-4455-4571-bfff-4ce94c7c1e3b,0.19,false,false,near_mint,de,CHF,2026-06-21T18:30:45.375Z
Yoris Karten,binder,Limits of Solidarity,AKH,Amonkhet,140,normal,uncommon,1,5545,95cb6a18-1222-4e56-8466-0f7bd634ef3d,0.14,false,false,near_mint,de,CHF,2026-06-21T18:30:45.374Z
Yoris Karten,binder,Ahn-Crop Crasher,AKH,Amonkhet,117,normal,uncommon,3,5568,dd5db68c-24d5-44ce-9809-e446f26fac5d,0.19,false,false,near_mint,de,CHF,2026-06-21T18:30:45.373Z
Yoris Karten,binder,Thunder Strike,BBD,Battlebond,185,normal,common,1,1808,abdc38f3-194a-4f43-8ada-9cfc17094d20,0.06,false,false,near_mint,de,CHF,2026-06-21T18:30:45.372Z
Yoris Karten,binder,Goblin Balloon Brigade,CN2,Conspiracy: Take the Crown,159,normal,common,2,7938,485e9d38-1536-4af6-9b58-00c08c07e222,0.09,false,false,near_mint,de,CHF,2026-06-21T18:30:45.371Z
Yoris Karten,binder,Lavastep Raider,BFZ,Battle for Zendikar,147,normal,common,1,10204,2428f13f-c445-4eb4-bab1-309f27cab208,0.02,false,false,near_mint,de,CHF,2026-06-21T18:30:45.368Z
Yoris Karten,binder,Goblin War Paint,BFZ,Battle for Zendikar,146,normal,common,2,10205,b6ff3183-c273-4a61-ad25-526db29111c8,0.08,false,false,near_mint,de,CHF,2026-06-21T18:30:45.361Z
Yoris Karten,binder,Oxidda Scrapmelter,SOM,Scars of Mirrodin,101,normal,uncommon,1,20931,c64fe85b-e471-489a-8c38-2357da1c7969,0.05,false,false,near_mint,de,CHF,2026-06-21T18:30:45.353Z
Yoris Karten,binder,Barrage Ogre,DDU,Duel Decks: Elves vs. Inventors,44,normal,uncommon,1,2423,98e67a2f-7556-47aa-a953-89dcfe57a6ee,0.02,false,false,near_mint,de,CHF,2026-06-21T18:30:45.352Z
Yoris Karten,binder,Bloodshot Trainee,2XM,Double Masters,119,normal,uncommon,1,52160,779a130b-1d23-4a20-9914-dbdc2268ae3b,0.03,false,false,near_mint,de,CHF,2026-06-21T18:30:45.351Z
Yoris Karten,binder,Oxidda Daredevil,SOM,Scars of Mirrodin,100,normal,common,2,20932,4b0bde7b-dc2d-45d2-b124-69b4b51ef3d9,0.03,false,false,near_mint,de,CHF,2026-06-21T18:30:45.350Z
Yoris Karten,binder,Sarkhan's Catharsis,WAR,War of the Spark,144,normal,common,2,44260,2f4b6f26-c66b-4048-9503-af0a886ef14f,0.1,false,false,near_mint,de,CHF,2026-06-21T18:30:45.348Z
Yoris Karten,binder,Grim Initiate,WAR,War of the Spark,130,normal,common,1,44274,29b6ec9d-3861-48bf-a198-dc7efba5d89c,0.1,false,false,near_mint,de,CHF,2026-06-21T18:30:45.346Z
Yoris Karten,binder,Nyxborn Brute,THB,Theros Beyond Death,144,normal,common,3,46918,05bc4236-566f-401b-b9d7-f58126fa228b,0.03,false,false,near_mint,de,CHF,2026-06-21T18:30:45.344Z
Yoris Karten,binder,Blood Aspirant,CMM,Commander Masters,208,normal,common,3,84007,075947cd-2e06-486a-83a7-97321445a679,0.17,false,false,near_mint,de,CHF,2026-06-21T18:30:45.343Z
Yoris Karten,binder,Redcap Raiders,ELD,Throne of Eldraine,136,normal,common,6,46202,686cf5c4-6ba3-4fa0-9732-0a350c637c7a,0.11,false,false,near_mint,de,CHF,2026-06-21T18:30:45.326Z
Yoris Karten,binder,Stampede Rider,THB,Theros Beyond Death,155,normal,common,5,46907,c32c6192-2f8d-4656-af8b-c488e27a75e1,0.08,false,false,near_mint,de,CHF,2026-06-21T18:30:45.325Z
Yoris Karten,binder,Oread of Mountain's Blaze,THB,Theros Beyond Death,146,normal,common,6,46916,0f9bb73a-5b4e-4c9b-b0a6-8e531dc27394,0.15,false,false,near_mint,de,CHF,2026-06-21T18:30:45.324Z
Yoris Karten,binder,Incendiary Oracle,THB,Theros Beyond Death,140,normal,common,2,46922,eb6b9b5c-35ff-47ac-9b04-71257314b686,0.03,false,false,near_mint,de,CHF,2026-06-21T18:30:45.323Z
Yoris Karten,binder,Nahiri's Stoneblades,WAR,War of the Spark,139,normal,common,2,44265,0a14331e-8da5-4455-ac69-e510684e989c,0.11,false,false,near_mint,de,CHF,2026-06-21T18:30:45.321Z
Yoris Karten,binder,Ahn-Crop Invader,WAR,War of the Spark,113,normal,common,3,44291,2dea2466-5c7f-40ce-b749-100ae89d2c90,0.02,false,false,near_mint,de,CHF,2026-06-21T18:30:45.319Z
Yoris Karten,binder,Mage-Ring Bully,ORI,Magic Origins,154,normal,common,6,10788,1a129f22-dd7e-4b2c-a514-a2ac55bb5661,0.04,false,false,near_mint,de,CHF,2026-06-21T18:30:45.318Z
Yoris Karten,binder,Boggart Brute,M19,Core Set 2019,131,normal,common,4,1181,32b7438d-e905-4627-9299-e2224377c8e7,0.17,false,false,near_mint,de,CHF,2026-06-21T18:30:45.317Z
Yoris Karten,binder,Clear a Path,M15,Magic 2015,136,normal,common,1,13716,3738b0d1-06c0-4d6d-a307-478d994ff36e,0.01,false,false,near_mint,de,CHF,2026-06-21T18:30:45.316Z
Yoris Karten,binder,Fire Shrine Keeper,XLN,Ixalan,144,normal,common,1,3868,54135905-9b15-4bf9-8f4d-4ea7a0c75b77,0.18,false,false,near_mint,de,CHF,2026-06-21T18:30:45.315Z
Yoris Karten,binder,Demolish,XLN,Ixalan,139,normal,common,3,3873,d48aa427-b2d5-4562-bd69-e98913d53fb1,0.08,false,false,near_mint,de,CHF,2026-06-21T18:30:45.314Z
Yoris Karten,binder,Firecannon Blast,XLN,Ixalan,145,normal,common,3,3867,b1f083c3-d7b0-4d3d-8551-af52c7883d83,0.03,false,false,near_mint,de,CHF,2026-06-21T18:30:45.313Z
Yoris Karten,binder,Trove of Temptation,XLN,Ixalan,171,normal,uncommon,2,3841,fb2df914-bb56-449e-9ef8-8b1012a76f64,0.21,false,false,near_mint,de,CHF,2026-06-21T18:30:45.312Z
Yoris Karten,binder,Thrash of Raptors,XLN,Ixalan,168,normal,common,1,3844,2a03b859-811c-45ff-8d8a-9e87e4bbf113,0.07,false,false,near_mint,de,CHF,2026-06-21T18:30:45.311Z
Yoris Karten,binder,Rigging Runner,XLN,Ixalan,157,normal,uncommon,1,3855,eb9983ce-8ca6-450a-9cac-5396ba8e1690,0.17,false,false,near_mint,de,CHF,2026-06-21T18:30:45.310Z
Yoris Karten,binder,Storm Fleet Pyromancer,2X2,Double Masters 2022,126,normal,common,1,70089,189836c8-3ffb-4734-8d3e-6a21a28335be,0.06,false,false,near_mint,de,CHF,2026-06-21T18:30:45.309Z
Yoris Karten,binder,Bonded Horncrest,XLN,Ixalan,133,normal,uncommon,1,3879,a50ad54a-73f8-4b97-b890-2be9a178bc42,0.11,false,false,near_mint,de,CHF,2026-06-21T18:30:45.308Z
Yoris Karten,binder,Fathom Fleet Firebrand,XLN,Ixalan,142,normal,common,1,3870,52280963-ba5b-4735-b5cb-67866f8624c9,0.1,false,false,near_mint,de,CHF,2026-06-21T18:30:45.307Z
Yoris Karten,binder,Sun-Crowned Hunters,XLN,Ixalan,164,normal,common,1,3848,3cab793e-0e17-4940-9cab-a30d62df5c20,0.19,false,false,near_mint,de,CHF,2026-06-21T18:30:45.306Z
Yoris Karten,binder,Goma Fada Vanguard,ZNR,Zendikar Rising,141,normal,uncommon,3,54755,ce83962b-445a-4b44-ad8a-fada2c0a15b8,0.06,false,false,near_mint,de,CHF,2026-06-21T18:30:45.305Z
Yoris Karten,binder,Sneaking Guide,ZNR,Zendikar Rising,164,normal,common,2,54554,569c9e8c-7808-49d0-82c1-72d5b835f51c,0.08,false,false,near_mint,de,CHF,2026-06-21T18:30:45.304Z
Yoris Karten,binder,Fire Urchin,CLU,Ravnica: Clue Edition,133,normal,common,6,90619,02530654-03f7-4a42-91f6-f7e0cda71286,0.06,false,false,near_mint,de,CHF,2026-06-21T18:30:45.303Z
Yoris Karten,binder,Rubblebelt Boar,GRN,Guilds of Ravnica,114,normal,common,2,369,196bf114-e135-43f3-83d5-cb08ca766881,0.15,false,false,near_mint,de,CHF,2026-06-21T18:30:45.300Z
Yoris Karten,binder,Barging Sergeant,GRN,Guilds of Ravnica,92,normal,common,1,391,52a54ebc-008a-4180-a023-2e1d5318780c,0.1,false,false,near_mint,de,CHF,2026-06-21T18:30:45.299Z
Yoris Karten,binder,Ornery Goblin,CLU,Ravnica: Clue Edition,143,normal,common,2,91018,83c2a2e9-8ead-4811-ba73-837dd188c3b7,0.1,false,false,near_mint,de,CHF,2026-06-21T18:30:45.298Z
Yoris Karten,binder,Urza's Rage,MH1,Modern Horizons,151,normal,uncommon,4,44783,5c91e364-c157-494e-bb1b-f2cef004900f,0.17,false,false,near_mint,de,CHF,2026-06-21T18:30:45.297Z
Yoris Karten,binder,Hobblefiend,M21,Core Set 2021,152,normal,common,5,50801,4bfffc18-b36a-4dd5-909e-60ea9f8eb60b,0.23,false,false,near_mint,de,CHF,2026-06-21T18:30:45.296Z
Yoris Karten,binder,Chandra's Pyreling,M21,Core Set 2021,138,normal,uncommon,2,51051,e7744fcf-2336-489d-bc05-f3fce78713a9,0.16,false,false,near_mint,de,CHF,2026-06-21T18:30:45.295Z
Yoris Karten,binder,Heartfire Immolator,FDN,Foundations,201,normal,uncommon,1,100390,3ca38f4d-01f5-4a02-9000-01261a440dbf,0.13,false,false,near_mint,de,CHF,2026-06-21T18:30:45.294Z
Yoris Karten,binder,Spellgorger Weird,CLU,Ravnica: Clue Edition,148,normal,common,3,91071,9ba52955-2ab9-48a4-bb12-6127bdef1909,0.08,false,false,near_mint,de,CHF,2026-06-21T18:30:45.293Z
Yoris Karten,binder,Burn Bright,RVR,Ravnica Remastered,103,normal,common,1,89915,d10a0f92-c42d-4257-8f64-89fe26687fba,0.04,false,false,near_mint,de,CHF,2026-06-21T18:30:45.291Z
Yoris Karten,binder,Traitorous Greed,M21,Core Set 2021,166,normal,uncommon,2,50944,ab7052f1-9736-47b6-9da3-8c5ca925ab54,0.17,false,false,near_mint,de,CHF,2026-06-21T18:30:45.290Z
Yoris Karten,binder,Soul's Fire,CMR,Commander Legends,200,normal,common,2,55593,239a9f2e-145b-4f31-8128-4d376af1079d,0.18,false,false,near_mint,de,CHF,2026-06-21T18:30:45.289Z
Yoris Karten,binder,Valakut Invoker,CMR,Commander Legends,206,normal,common,4,55849,b8000d86-60e7-4edd-b685-14ade08b76f2,0.09,false,false,near_mint,de,CHF,2026-06-21T18:30:45.286Z
Yoris Karten,binder,Sparktongue Dragon,CMR,Commander Legends,202,normal,common,1,56027,289a3c60-c740-4e2e-a622-a749ed230c5b,0.12,false,false,near_mint,de,CHF,2026-06-21T18:30:45.285Z
Yoris Karten,binder,Falkenrath Gorger,INR,Innistrad Remastered,152,normal,rare,1,101849,16c376f5-f69b-49d4-95f4-92bdd68c564c,0.24,false,false,near_mint,de,CHF,2026-06-21T18:30:45.283Z
Yoris Karten,binder,Trained Orgg,7ED,Seventh Edition,224,normal,rare,1,32582,14a83031-8b57-41d2-b586-bb4dcf16136a,0.14,false,false,near_mint,de,CHF,2026-06-21T18:30:45.282Z
Yoris Karten,binder,"Subira, Tulzidi Caravanner",CMM,Commander Masters,261,normal,uncommon,1,84941,da62b97e-e4cd-462d-9ab9-2230ca360c32,0.2,false,false,near_mint,de,CHF,2026-06-21T18:30:45.281Z
Yoris Karten,binder,Processor Assault,BFZ,Battle for Zendikar,132,normal,uncommon,1,10219,5a689975-d27b-4b8f-8d46-6e97c754ae81,0.06,false,false,near_mint,de,CHF,2026-06-21T18:30:45.280Z
Yoris Karten,binder,Gremlin Infestation,AER,Aether Revolt,83,normal,uncommon,1,6331,b51438f5-c4d4-434a-b7ea-dee0b60303e4,0.07,false,false,near_mint,de,CHF,2026-06-21T18:30:45.278Z
Yoris Karten,binder,Invigorated Rampage,AER,Aether Revolt,86,normal,uncommon,1,6328,2c1d1727-99d4-4aee-b6f5-8399ac1d0184,0.23,false,false,near_mint,de,CHF,2026-06-21T18:30:45.277Z
Yoris Karten,binder,Brute Force,TSR,Time Spiral Remastered,157,normal,common,2,57740,89db7256-3bd0-4c1d-9c6f-de81f7d3c1a2,0.28,false,false,near_mint,de,CHF,2026-06-21T18:30:45.276Z
Yoris Karten,binder,Traitorous Instinct,RTR,Return to Ravnica,109,normal,common,4,17313,d4456951-844a-4847-b933-c32cfafbfef0,0.06,false,false,near_mint,de,CHF,2026-06-21T18:30:45.275Z
Yoris Karten,binder,Skinbrand Goblin,2XM,Double Masters,144,normal,common,1,52173,9535cdfe-d505-4ee5-bec0-cfd7aa4b2a23,0.09,false,false,near_mint,de,CHF,2026-06-21T18:30:45.274Z
Yoris Karten,binder,Scorchwalker,GTC,Gatecrash,104,normal,common,1,16720,14ac6bde-1fef-45f4-b505-80a66b03140a,0.06,false,false,near_mint,de,CHF,2026-06-21T18:30:45.272Z
Yoris Karten,binder,Guttersnipe,RVR,Ravnica Remastered,110,normal,uncommon,1,89662,48eeb13e-26f8-4fc7-8850-d38790317ea4,0.27,false,false,near_mint,de,CHF,2026-06-21T18:30:45.270Z
Yoris Karten,binder,Scrapyard Mongrel,M15,Magic 2015,160,normal,common,1,13692,eb00bd3a-833e-4226-a73e-17c9043c0994,0.05,false,false,near_mint,de,CHF,2026-06-21T18:30:45.261Z
Yoris Karten,binder,Krenko's Enforcer,M15,Magic 2015,152,normal,common,2,13700,ce2ceeb0-03b6-48bc-a084-069176ebccb2,0.05,false,false,near_mint,de,CHF,2026-06-21T18:30:45.256Z
Yoris Karten,binder,Blastfire Bolt,M15,Magic 2015,130,normal,common,1,13722,34774f01-5976-4ed1-b0f4-71dc7a679999,0.02,false,false,near_mint,de,CHF,2026-06-21T18:30:45.253Z
Yoris Karten,binder,Tormenting Voice,DTK,Dragons of Tarkir,163,normal,common,1,11651,bcfc312c-13c6-45e7-a780-229186be69f4,0.07,false,false,near_mint,de,CHF,2026-06-21T18:30:45.252Z
Yoris Karten,binder,Tail Slash,DTK,Dragons of Tarkir,161,normal,common,3,11653,91a59f12-8d1b-4378-abb8-e266d9b6cdba,0.1,false,false,near_mint,de,CHF,2026-06-21T18:30:45.251Z
Yoris Karten,binder,Screamreach Brawler,DTK,Dragons of Tarkir,155,normal,common,1,11659,6bfab1c5-e267-43a9-ae16-f6b8ae531eef,0.03,false,false,near_mint,de,CHF,2026-06-21T18:30:45.249Z
Yoris Karten,binder,Sprinting Warbrute,DTK,Dragons of Tarkir,157,normal,common,1,11657,a215bde8-1680-4aea-9d0f-2d6d80a592e3,0.02,false,false,near_mint,de,CHF,2026-06-21T18:30:45.248Z
Yoris Karten,binder,Shatter,SOM,Scars of Mirrodin,103,normal,common,1,20929,04d70f7e-5ae9-455f-8430-123623920a92,0.18,false,false,near_mint,de,CHF,2026-06-21T18:30:45.246Z
Yoris Karten,binder,Lavakin Brawler,M20,Core Set 2020,147,normal,common,3,45314,3eeea9e5-3041-4439-bc52-fd00ec83c7a1,0.06,false,false,near_mint,de,CHF,2026-06-21T18:30:45.242Z
Yoris Karten,binder,Tormenting Voice,ZNR,Zendikar Rising,172,normal,common,2,54599,6da46103-a14c-4aa2-92fc-fd758335caf4,0.21,false,false,near_mint,de,CHF,2026-06-21T18:30:45.241Z
Yoris Karten,binder,Spitfire Lagac,ZNR,Zendikar Rising,302,normal,common,1,54712,b6008794-a7ca-4a3e-b88b-e5dbb9e0f39b,0.15,false,false,near_mint,de,CHF,2026-06-21T18:30:45.240Z
Yoris Karten,binder,Skyclave Geopede,ZNR,Zendikar Rising,301,normal,uncommon,1,54536,490f3d74-6144-4cbc-80ed-37cfcdbd159a,0.06,false,false,near_mint,de,CHF,2026-06-21T18:30:45.239Z
Yoris Karten,binder,Champion of the Flame,CMM,Commander Masters,210,normal,common,1,84134,203dba7d-5e89-4a5a-998a-c26bf17c92f9,0.21,false,false,near_mint,de,CHF,2026-06-21T18:30:45.234Z
Yoris Karten,binder,"Breeches, Brazen Plunderer",LCC,The Lost Caverns of Ixalan Commander,217,normal,uncommon,1,89056,fb6dc94e-9b57-4161-a835-15e46c3bb13a,0.17,false,false,near_mint,de,CHF,2026-06-21T18:30:45.233Z
Yoris Karten,binder,Coastline Marauders,CMR,Commander Legends,168,normal,uncommon,2,55744,7a47e6bc-422a-4627-b21e-5a042193bed0,0.27,false,false,near_mint,de,CHF,2026-06-21T18:30:45.232Z
Yoris Karten,binder,Lightning Axe,TSR,Time Spiral Remastered,174,normal,uncommon,2,57855,ca33c171-ab9e-4908-8f97-82cd83b173c0,0.24,false,false,near_mint,de,CHF,2026-06-21T18:30:45.231Z
Yoris Karten,binder,Revolutionist,MH2,Modern Horizons 2,139,normal,common,2,59776,bb8f3008-a3ba-4f73-afa6-ad81074b3196,0.12,false,false,near_mint,de,CHF,2026-06-21T18:30:45.230Z
Yoris Karten,binder,Gargadon,CMM,Commander Masters,226,normal,common,3,84010,079d5536-1b2e-4d5b-bae9-9fd14562087a,0.13,false,false,near_mint,de,CHF,2026-06-21T18:30:45.229Z
Yoris Karten,binder,Maximize Velocity,GRN,Guilds of Ravnica,111,normal,common,1,372,ebb7a2aa-f002-4f05-b9ec-8adee4c65e46,0.17,false,false,near_mint,de,CHF,2026-06-21T18:30:45.228Z
Yoris Karten,binder,Gravitic Punch,GRN,Guilds of Ravnica,105,normal,common,2,378,05fe0428-6e7d-49d4-9a29-80a3589f565a,0.07,false,false,near_mint,de,CHF,2026-06-21T18:30:45.227Z
Yoris Karten,binder,Burning-Yard Trainer,ELD,Throne of Eldraine,117,normal,uncommon,2,46221,17755d1b-3a56-4362-a534-85b35ceb1802,0.11,false,false,near_mint,de,CHF,2026-06-21T18:30:45.214Z
Yoris Karten,binder,Raging Kronch,WAR,War of the Spark,141,normal,common,2,44263,ae38aa2d-6c0e-409a-bfc7-ed4281457670,0.07,false,false,near_mint,de,CHF,2026-06-21T18:30:45.213Z
Yoris Karten,binder,Demolish,RVR,Ravnica Remastered,106,normal,common,3,89638,3abaf8fe-5fab-442c-b219-45137f9ae112,0.12,false,false,near_mint,de,CHF,2026-06-21T18:30:45.212Z
Yoris Karten,binder,Chainwhip Cyclops,CLU,Ravnica: Clue Edition,127,normal,common,1,91067,99489029-f1e0-4b6c-a300-95e940e01112,0.1,false,false,near_mint,de,CHF,2026-06-21T18:30:45.211Z
Yoris Karten,binder,Infernal Plunge,ISD,Innistrad,148,normal,common,1,18750,b3f50e17-c29c-4d2c-b3e7-45d1216b81ea,0.44,false,false,near_mint,de,CHF,2026-06-21T18:30:45.208Z
Yoris Karten,binder,Desperate Ravings,C19,Commander 2019,137,normal,uncommon,2,45797,b2e59ba7-e4e1-4c51-a34c-17a48850a0f5,0.17,false,false,near_mint,de,CHF,2026-06-21T18:30:45.206Z
Yoris Karten,binder,Traitorous Blood,ISD,Innistrad,166,normal,common,2,18732,8220f18a-f23f-4fe6-bb58-58b6c5f36c79,0.1,false,false,near_mint,de,CHF,2026-06-21T18:30:45.205Z
Yoris Karten,binder,Brimstone Volley,2XM,Double Masters,120,normal,uncommon,1,52172,94fa0577-f02a-4d24-835b-fef8d849b37a,0.06,false,false,near_mint,de,CHF,2026-06-21T18:30:45.204Z
Yoris Karten,binder,Makeshift Munitions,CMM,Commander Masters,242,normal,common,2,84414,60715b6d-b223-431a-85d8-27d7c05469b2,0.22,false,false,near_mint,de,CHF,2026-06-21T18:30:45.201Z
Yoris Karten,binder,Undying Rage,DMR,Dominaria Remastered,146,normal,common,3,77818,2072badc-d4ec-469b-b3cd-6977cbe42fbd,0.08,false,false,near_mint,de,CHF,2026-06-21T18:30:45.195Z
Yoris Karten,binder,Magus of the Arena,C13,Commander 2013,115,normal,rare,1,15271,91e1c919-58e8-4637-a030-99ae90165585,0.17,false,false,near_mint,de,CHF,2026-06-21T18:30:45.194Z
Yoris Karten,binder,"Kurkesh, Onakke Ancient",M15,Magic 2015,153,normal,rare,1,13699,2e2a0e9e-0e45-4af1-9f03-6fd3652933f9,0.22,false,false,near_mint,de,CHF,2026-06-21T18:30:45.193Z
Yoris Karten,binder,Heart-Piercer Manticore,C19,Commander 2019,146,normal,rare,1,45788,6cd213a1-92f6-49dd-9ea9-41a00879faaa,0.13,false,false,near_mint,de,CHF,2026-06-21T18:30:45.192Z
Yoris Karten,binder,Spitting Earth,S99,Starter 1999,117,normal,uncommon,3,34585,a4c620ef-3575-467c-b9e7-e5f6bbd221be,0.18,false,false,near_mint,de,CHF,2026-06-21T18:30:45.190Z
Yoris Karten,binder,Agility,MIR,Mirage,154,normal,common,2,38436,5694cb42-7489-40c5-b21a-aeb36636015f,0.14,false,false,near_mint,de,CHF,2026-06-21T18:30:45.189Z
Yoris Karten,binder,Barbarian Guides,ICE,Ice Age,174,normal,common,1,39635,fe65a045-dacb-4392-bcb6-843394ef98c9,0.1,false,false,near_mint,de,CHF,2026-06-21T18:30:45.187Z
Yoris Karten,binder,Karplusan Giant,ICE,Ice Age,196,normal,uncommon,1,39613,c524ac2a-294c-4b19-b00b-999e370a3b95,0.15,false,false,near_mint,de,CHF,2026-06-21T18:30:45.186Z
Yoris Karten,binder,Blistering Barrier,MIR,Mirage,159,normal,common,1,38431,56d000d8-24e1-4cf3-bed9-e68a89c8f569,0.1,false,false,near_mint,de,CHF,2026-06-21T18:30:45.185Z
Yoris Karten,binder,Bolt of Keranos,BNG,Born of the Gods,89,normal,common,4,14871,4df70b14-5d67-4a92-aaba-72480c621d10,0.06,false,false,near_mint,de,CHF,2026-06-21T18:30:45.183Z
Yoris Karten,binder,Searing Blood,BNG,Born of the Gods,111,normal,uncommon,1,14849,bb43fd07-d281-447d-88bf-c53498c2cf20,0.22,false,false,near_mint,de,CHF,2026-06-21T18:30:45.182Z
Yoris Karten,binder,Metallic Mastery,MBS,Mirrodin Besieged,71,normal,uncommon,1,20070,b939ded0-7033-4fee-864c-9e235d8720bb,0.05,false,false,near_mint,de,CHF,2026-06-21T18:30:45.181Z
Yoris Karten,binder,Shock,ONS,Onslaught,227,normal,common,1,31076,83c92b5d-103c-4719-a850-690a7010291a,0.17,false,false,near_mint,de,CHF,2026-06-21T18:30:45.180Z
Yoris Karten,binder,Anaba Bodyguard,HML,Homelands,66b,normal,common,2,39217,56a54048-4640-499b-a1c3-192917c25169,0.11,false,false,near_mint,de,CHF,2026-06-21T18:30:45.177Z
Yoris Karten,binder,Anaba Bodyguard,6ED,Classic Sixth Edition,164,normal,common,1,35213,13c21e32-6f43-4475-bd9e-472ca8cbd4a6,0.06,false,false,near_mint,de,CHF,2026-06-21T18:30:45.176Z
Yoris Karten,binder,Chaos Charm,MIR,Mirage,163,normal,common,1,38427,ebf8ccb8-57fb-491c-b07d-93348b33a765,0.16,false,false,near_mint,de,CHF,2026-06-21T18:30:45.174Z
Yoris Karten,binder,Flare,MIR,Mirage,176,normal,common,1,38414,1bd7755f-7ca5-4948-8baf-976823906891,0.09,false,false,near_mint,de,CHF,2026-06-21T18:30:45.173Z
Yoris Karten,binder,Firebreathing,9ED,Ninth Edition,181,normal,common,1,28182,cb31487e-72c6-4d11-a80d-1ff3a81e9cd6,0.06,false,false,near_mint,de,CHF,2026-06-21T18:30:45.170Z
Yoris Karten,binder,Stone Rain,MIR,Mirage,194,normal,common,4,38396,e64bc56f-9e0b-478e-9af4-5333ec2da1c3,0.24,false,false,near_mint,de,CHF,2026-06-21T18:30:45.169Z
Yoris Karten,binder,Bird Maiden,5ED,Fifth Edition,211,normal,common,1,37795,02750f36-d9d3-4c50-adbf-dadab46e92fd,0.1,false,false,near_mint,de,CHF,2026-06-21T18:30:45.167Z
Yoris Karten,binder,Onward // Victory,AKH,Amonkhet,218,normal,uncommon,2,5467,517b32e4-4b34-431f-8f3b-98a6cffc245a,0.13,false,false,near_mint,de,CHF,2026-06-21T18:30:45.159Z
Yoris Karten,binder,Mogis's Warhound,JOU,Journey into Nyx,104,normal,uncommon,2,14545,f2e73e06-d708-41dc-b20c-1f71651230e1,0.07,false,false,near_mint,de,CHF,2026-06-21T18:30:45.157Z
Yoris Karten,binder,Skophos Warleader,THB,Theros Beyond Death,154,normal,common,3,46908,59c39c70-8360-4c7c-b5fa-61c42828609a,0.06,false,false,near_mint,de,CHF,2026-06-21T18:30:45.155Z
Yoris Karten,binder,Hero of the Games,2X2,Double Masters 2022,112,normal,common,6,70401,9abd74bb-01b8-4382-90d4-0ffc43e5295d,0.02,false,false,near_mint,de,CHF,2026-06-21T18:30:45.154Z
Yoris Karten,binder,Flummoxed Cyclops,THB,Theros Beyond Death,135,normal,common,4,46927,1f70bcef-7ab6-4547-aca4-dd3ba68fd26b,0.03,false,false,near_mint,de,CHF,2026-06-21T18:30:45.153Z
Yoris Karten,binder,Skyclave Geopede,ZNR,Zendikar Rising,163,normal,uncommon,4,54777,db9103c9-084f-4ad2-8b7b-ca52be97619d,0.08,false,false,near_mint,de,CHF,2026-06-21T18:30:45.152Z
Yoris Karten,binder,Inordinate Rage,ZNR,Zendikar Rising,144,normal,common,1,54760,d0f62bdc-50a0-41a0-ac37-9b0eeb21b6aa,0.14,false,false,near_mint,de,CHF,2026-06-21T18:30:45.151Z
Yoris Karten,binder,Fissure Wizard,ZNR,Zendikar Rising,140,normal,common,3,54671,9fa10a18-5059-46ab-9983-0ea78b507331,0.06,false,false,near_mint,de,CHF,2026-06-21T18:30:45.150Z
Yoris Karten,binder,Goblin Rally,GK1,GRN Guild Kit,30,normal,uncommon,2,116,38b8c2a5-d84f-44c7-85dd-50c78f8b47da,0.22,false,false,near_mint,de,CHF,2026-06-21T18:30:45.149Z
Yoris Karten,binder,Tenement Crasher,RTR,Return to Ravnica,108,normal,common,1,17314,44af9170-bd99-4fde-b673-62d988312b2d,0.02,false,false,near_mint,de,CHF,2026-06-21T18:30:45.148Z
Yoris Karten,binder,Structural Collapse,GTC,Gatecrash,107,normal,common,1,16717,d10da484-db67-4afc-90ef-6caf7d2e3a75,0.03,false,false,near_mint,de,CHF,2026-06-21T18:30:45.147Z
Yoris Karten,binder,Warmind Infantry,GTC,Gatecrash,111,normal,common,1,16713,d8a5f801-9e55-4e14-85b0-5719521cd9d6,0.05,false,false,near_mint,de,CHF,2026-06-21T18:30:45.142Z
Yoris Karten,binder,Furious Resistance,GTC,Gatecrash,93,normal,common,2,16731,4eeea013-1cf8-4c77-a097-aa69e141e3f4,0.03,false,false,near_mint,de,CHF,2026-06-21T18:30:45.143Z
Yoris Karten,binder,Act of Treason,GTC,Gatecrash,85,normal,common,2,16739,a04c8c6f-14e9-427c-918e-208ccd39ec4a,0.08,false,false,near_mint,de,CHF,2026-06-21T18:30:45.145Z
Yoris Karten,binder,Barge In,ELD,Throne of Eldraine,112,normal,common,6,46226,9bfe337c-4b8c-42ce-8c43-4c95051d09ac,0.09,false,false,near_mint,de,CHF,2026-06-21T18:30:45.156Z
Yoris Karten,binder,Blow Your House Down,ELD,Throne of Eldraine,114,normal,common,8,46224,c04b85e7-a401-42d5-9629-8d4b8c8a46b0,0.09,false,false,near_mint,de,CHF,2026-06-21T18:30:45.158Z
Yoris Karten,binder,Akroan Sergeant,ORI,Magic Origins,130,normal,common,5,10812,31913547-460c-45b3-be23-89f0e3a43325,0.15,false,false,near_mint,de,CHF,2026-06-21T18:30:45.160Z
Yoris Karten,binder,Bellows Lizard,ORI,Magic Origins,132,normal,common,8,10810,285d2e99-13f1-4ce8-9a54-139de193c1b3,0.06,false,false,near_mint,de,CHF,2026-06-21T18:30:45.161Z
Yoris Karten,binder,Mogg Flunkies,A25,Masters 25,143,normal,common,4,2573,5507a123-cf1a-42e1-a8fa-221960c48c16,0.08,false,false,near_mint,de,CHF,2026-06-21T18:30:45.163Z
Yoris Karten,binder,Fling,PCA,Planechase Anthology,44,normal,common,5,6680,9cbc4854-f022-466c-9ee0-1b8d80715feb,0.38,false,false,near_mint,de,CHF,2026-06-21T18:30:45.165Z
Yoris Karten,binder,Searing Spear Askari,MIR,Mirage,191,normal,common,7,38399,5cf66916-7f6b-412f-acd6-f96ad4539a46,0.11,false,false,near_mint,de,CHF,2026-06-21T18:30:45.168Z
Yoris Karten,binder,Lightning Reflexes,MIR,Mirage,186,normal,common,5,38404,271febe5-98ea-403d-87be-7865cf9f426d,0.09,false,false,near_mint,de,CHF,2026-06-21T18:30:45.171Z
Yoris Karten,binder,Goblin Elite Infantry,6ED,Classic Sixth Edition,183,normal,common,2,35194,4bb6e4a7-206e-496d-947a-65cbeae60841,0.07,false,false,near_mint,de,CHF,2026-06-21T18:30:45.172Z
Yoris Karten,binder,Siege Modification,AER,Aether Revolt,99,normal,uncommon,2,6315,e1a4e33f-53f0-4919-98a1-c832dcd32efb,0.23,false,false,near_mint,de,CHF,2026-06-21T18:30:45.178Z
Yoris Karten,binder,Thunderbolt,AVR,Avacyn Restored,159,normal,common,3,18119,5845a5bc-6b7d-4bbb-80b3-a0f877b95553,0.05,false,false,near_mint,de,CHF,2026-06-21T18:30:45.179Z
Yoris Karten,binder,Ripscale Predator,CLU,Ravnica: Clue Edition,146,normal,common,4,90822,41578103-04a3-40eb-80b5-cdb5f2ecc297,0.13,false,false,near_mint,de,CHF,2026-06-21T18:30:45.196Z
Yoris Karten,binder,Dragon Mantle,CMR,Commander Legends,174,normal,common,3,55891,ca32fd66-f7f1-4e50-817f-bb259f690f00,0.19,false,false,near_mint,de,CHF,2026-06-21T18:30:45.197Z
Yoris Karten,binder,Goblin Smuggler,M20,Core Set 2020,144,normal,common,3,45317,95dc1a65-271c-455a-ae0c-f652444a53ac,0.13,false,false,near_mint,de,CHF,2026-06-21T18:30:45.198Z
Yoris Karten,binder,Chandra's Outrage,M20,Core Set 2020,130,normal,common,5,45331,edbfe793-6644-43ed-bbe1-e122c01c5e53,0.13,false,false,near_mint,de,CHF,2026-06-21T18:30:45.199Z
Yoris Karten,binder,Searing Barrage,ELD,Throne of Eldraine,140,normal,common,7,46198,d2f11135-e9ce-4e4c-bea7-72a46d326e40,0.06,false,false,near_mint,de,CHF,2026-06-21T18:30:45.200Z
Yoris Karten,binder,Bloodcrazed Neonate,ISD,Innistrad,131,normal,common,2,18767,68d2452e-309d-44ae-9360-9d6e22a15e2b,0.1,false,false,near_mint,de,CHF,2026-06-21T18:30:45.203Z
Yoris Karten,binder,Furor of the Bitten,M21,Core Set 2021,145,normal,common,3,50996,cb0e6279-8a66-4124-9def-fa0c83c26db9,0.15,false,false,near_mint,de,CHF,2026-06-21T18:30:45.209Z
Yoris Karten,binder,Raging Redcap,FDN,Foundations,543,normal,common,4,101569,9627b0a7-bda9-44df-81c9-aa70cc976331,0.09,false,false,near_mint,de,CHF,2026-06-21T18:30:45.210Z
Yoris Karten,binder,Thrill of Possibility,FDN,Foundations,210,normal,common,6,101561,882b348c-076b-41d8-b505-063480636669,0.23,false,false,near_mint,de,CHF,2026-06-21T18:30:45.215Z
Yoris Karten,binder,Brimstone Trebuchet,ELD,Throne of Eldraine,116,normal,common,7,46222,77c49e0e-4375-4e45-a57b-8df667e45ce6,0.1,false,false,near_mint,de,CHF,2026-06-21T18:30:45.216Z
Yoris Karten,binder,Fling,ELD,Throne of Eldraine,126,normal,common,5,46212,cb28fe03-8269-41de-b766-42c3421aeaef,0.11,false,false,near_mint,de,CHF,2026-06-21T18:30:45.218Z
Yoris Karten,binder,Ogre Errant,ELD,Throne of Eldraine,132,normal,common,9,46206,0e96f3dc-dc58-4034-8d3d-3ae74fa64562,0.03,false,false,near_mint,de,CHF,2026-06-21T18:30:45.219Z
Yoris Karten,binder,Bloodhaze Wolverine,ELD,Throne of Eldraine,113,normal,common,6,46225,3d6c0bc1-cb07-4009-83b1-1122381cf9c4,0.08,false,false,near_mint,de,CHF,2026-06-21T18:30:45.220Z
Yoris Karten,binder,Weaselback Redcap,ELD,Throne of Eldraine,148,normal,common,6,46190,33a78207-fd76-4112-a257-54a25da6f818,0.06,false,false,near_mint,de,CHF,2026-06-21T18:30:45.221Z
Yoris Karten,binder,Embereth Paladin,ELD,Throne of Eldraine,121,normal,common,8,46217,6bcfe06b-3bb5-434e-acf4-4bfa8a94141d,0.1,false,false,near_mint,de,CHF,2026-06-21T18:30:45.223Z
Yoris Karten,binder,Merchant of the Vale // Haggle,ELD,Throne of Eldraine,131,normal,common,7,46207,0b4399b6-e67f-40d8-8676-f5db7e04a6c9,0.15,false,false,near_mint,de,CHF,2026-06-21T18:30:45.225Z
Yoris Karten,binder,Impulsive Pilferer,CMM,Commander Masters,234,normal,common,3,84750,aea2e32d-d711-40ae-87d5-c16893bfc8ca,0.16,false,false,near_mint,de,CHF,2026-06-21T18:30:45.235Z
Yoris Karten,binder,Reduce to Ashes,CLU,Ravnica: Clue Edition,145,normal,common,5,90812,3e2a218b-2d22-4ffa-860c-27f461480fcd,0.06,false,false,near_mint,de,CHF,2026-06-21T18:30:45.243Z
Yoris Karten,binder,Shock,M20,Core Set 2020,160,normal,common,3,45301,3c866bdb-ff94-4f3f-8429-e72c2cbb94ef,0.13,false,false,near_mint,de,CHF,2026-06-21T18:30:45.244Z
Yoris Karten,binder,Kolaghan Aspirant,DTK,Dragons of Tarkir,143,normal,common,2,11671,aa17972e-c16b-4dec-a108-1c3fb0138a4e,0.12,false,false,near_mint,de,CHF,2026-06-21T18:30:45.250Z
Yoris Karten,binder,Inferno Fist,M15,Magic 2015,150,normal,common,4,13702,721a42f4-5884-418f-b1f9-7cb651559ad0,0.02,false,false,near_mint,de,CHF,2026-06-21T18:30:45.254Z
Yoris Karten,binder,Thundering Giant,W17,Welcome Deck 2017,23,normal,common,4,5846,ddbcc6e9-b5f4-4f20-9c15-b690b4f64304,0.05,false,false,near_mint,de,CHF,2026-06-21T18:30:45.255Z
Yoris Karten,binder,Lava Axe,M19,Core Set 2019,150,normal,common,6,1162,c3dab325-8f4f-4288-9f3f-960e52b4335b,0.04,false,false,near_mint,de,CHF,2026-06-21T18:30:45.257Z
Yoris Karten,binder,Miner's Bane,M15,Magic 2015,157,normal,common,2,13695,c52d48ac-1685-4061-9907-31248ae38cc9,0.02,false,false,near_mint,de,CHF,2026-06-21T18:30:45.258Z
Yoris Karten,binder,Goblin Roughrider,M15,Magic 2015,146,normal,common,2,13706,9097ec4a-6c0e-4c27-8910-29ac47612031,0.05,false,false,near_mint,de,CHF,2026-06-21T18:30:45.259Z
Yoris Karten,binder,Fearsome Temper,BNG,Born of the Gods,95,normal,common,2,14865,c6e7884c-2d66-42d1-87d1-1341a6fa52d8,0.12,false,false,near_mint,de,CHF,2026-06-21T18:30:45.262Z
Yoris Karten,binder,Sure Strike,M21,Core Set 2021,163,normal,common,8,50694,064a6f1c-a058-4cc8-b467-5dbecb5eeb99,0.11,false,false,near_mint,de,CHF,2026-06-21T18:30:45.265Z
Yoris Karten,binder,Volcanic Upheaval,BFZ,Battle for Zendikar,161,normal,common,2,10190,8d90bd68-0521-4db3-b590-a4e007da9f2e,0.02,false,false,near_mint,de,CHF,2026-06-21T18:30:45.266Z
Yoris Karten,binder,Outnumber,BFZ,Battle for Zendikar,150,normal,common,2,10201,b3373281-7319-4320-8afb-4546fb55ab4c,0.09,false,false,near_mint,de,CHF,2026-06-21T18:30:45.268Z
Yoris Karten,binder,Towering Thunderfist,CLU,Ravnica: Clue Edition,151,normal,common,2,91052,91e6fd0e-39a9-49e0-8faa-64ff95f867af,0.07,false,false,near_mint,de,CHF,2026-06-21T18:30:45.271Z
Yoris Karten,binder,Stonefury,CMR,Commander Legends,203,normal,common,3,56140,9c111bf0-dedb-48eb-982c-f877120f12c3,0.1,false,false,near_mint,de,CHF,2026-06-21T18:30:45.287Z
Yoris Karten,binder,Fearless Halberdier,M20,Core Set 2020,329,normal,common,3,45131,89f08297-f477-4330-a99e-3f0847c31364,0.1,false,false,near_mint,de,CHF,2026-06-21T18:30:45.301Z
Yoris Karten,binder,Goblin Assault Team,WAR,War of the Spark,129,normal,common,4,44275,880047fd-d258-40fb-bcd5-37cb26678dfe,0.05,false,false,near_mint,de,CHF,2026-06-21T18:30:45.320Z
Yoris Karten,binder,Samut's Sprint,WAR,War of the Spark,142,normal,common,2,44262,94bda699-2b5d-4f5b-bee5-792b99d2b64a,0.16,false,false,near_mint,de,CHF,2026-06-21T18:30:45.322Z
Yoris Karten,binder,Scorching Dragonfire,FDN,Foundations,545,normal,common,5,101507,44ea09c1-d420-4e99-a968-ade614579287,0.16,false,false,near_mint,de,CHF,2026-06-21T18:30:45.336Z
Yoris Karten,binder,Ferrovore,SOM,Scars of Mirrodin,88,normal,common,2,20944,8dcc7170-38d9-4b9e-a5f9-73ac1208c439,0.03,false,false,near_mint,de,CHF,2026-06-21T18:30:45.349Z
Yoris Karten,binder,Reckless Air Strike,M20,Core Set 2020,154,normal,common,2,45307,68391b41-4a17-4450-a8ac-0ce8406fe8c1,0.04,false,false,near_mint,de,CHF,2026-06-21T18:30:45.355Z
Yoris Karten,binder,Ondu Champion,BFZ,Battle for Zendikar,149,normal,common,4,10202,708e1979-902b-410a-ae46-3fd1d2acc31d,0.11,false,false,near_mint,de,CHF,2026-06-21T18:30:45.356Z
Yoris Karten,binder,Shatterskull Recruit,BFZ,Battle for Zendikar,155,normal,common,4,10196,c8add5f2-4ccf-4505-86f6-cc36aff1c3fe,0.06,false,false,near_mint,de,CHF,2026-06-21T18:30:45.357Z
Yoris Karten,binder,Reckless Cohort,BFZ,Battle for Zendikar,152,normal,common,2,10199,77a4cdec-e5fc-4ea8-a7bc-f1109fadae3c,0.02,false,false,near_mint,de,CHF,2026-06-21T18:30:45.360Z
Yoris Karten,binder,Volcanic Rush,DTK,Dragons of Tarkir,166,normal,common,3,11648,7b808883-f630-4070-ab7e-d347e26a9564,0.03,false,false,near_mint,de,CHF,2026-06-21T18:30:45.380Z
Yoris Karten,binder,Forge Devil,M15,Magic 2015,140,normal,common,2,13712,5bbf66a4-8fd4-4c87-89e2-c6ad6c4de7ab,0.06,false,false,near_mint,de,CHF,2026-06-21T18:30:45.391Z
Yoris Karten,binder,Malicious Intent,AVR,Avacyn Restored,147,normal,common,2,18131,f1dda42d-55eb-46fc-89da-17cc5bfaa823,0.02,false,false,near_mint,de,CHF,2026-06-21T18:30:45.404Z
Yoris Karten,binder,Reckless Wurm,TSR,Time Spiral Remastered,181,normal,common,3,57664,59243436-b55d-44c3-962b-751eff429f71,0.12,false,false,near_mint,de,CHF,2026-06-21T18:30:45.413Z
Yoris Karten,binder,Splatter Thug,GK2,RNA Guild Kit,58,normal,common,7,43969,56497ae9-78ef-4d1c-8427-b09409a6e28d,0.12,false,false,near_mint,de,CHF,2026-06-21T18:30:45.418Z
Yoris Karten,binder,Defiant Khenra,HOU,Hour of Devastation,89,normal,common,4,4586,67e3983d-b1ed-46a9-9ab0-96c4d0d77050,0.06,false,false,near_mint,de,CHF,2026-06-21T18:30:45.446Z
Yoris Karten,binder,Goblin Vandal,ATH,Anthologies,41,normal,common,1,35577,afed9d46-d2d9-4972-bcbf-03b1313d68aa,0.3,false,false,near_mint,de,CHF,2026-06-21T18:51:38.487Z
Yoris Karten,binder,Raging Goblin,EVG,Duel Decks Anthology: Elves vs. Goblins,47,normal,common,2,12369,3ee34158-867f-4685-8f2b-af9469b628c3,0.27,false,false,near_mint,de,CHF,2026-06-21T18:51:38.483Z
Yoris Karten,binder,Volcanic Hammer,S99,Starter 1999,123,normal,common,3,34579,cf5c2167-ccd6-42d7-9e1c-d1bbbe79df2e,0.23,false,false,near_mint,de,CHF,2026-06-21T18:51:38.482Z
Yoris Karten,binder,Raging Goblin,ATH,Anthologies,49,normal,uncommon,1,35569,2f321f5c-32b6-4611-b193-3814fde528c0,0.16,false,false,near_mint,de,CHF,2026-06-21T18:51:38.481Z
Yoris Karten,binder,Mogg Bombers,STH,Stronghold,91,normal,common,3,36554,16064ad4-eec2-4c32-b66d-a2bdb1a6191f,0.1,false,false,near_mint,de,CHF,2026-06-21T18:51:38.480Z
Yoris Karten,binder,Battle Rampart,MMQ,Mercadian Masques,173,normal,common,2,34237,f27f6658-0f00-4934-8d12-cd0dda3958c9,0.1,false,false,near_mint,de,CHF,2026-06-21T18:51:38.479Z
Yoris Karten,binder,Flailing Soldier,MMQ,Mercadian Masques,189,normal,common,2,34221,fb44b0f6-0608-40d6-9eaa-48e5a834701f,0.19,false,false,near_mint,de,CHF,2026-06-21T18:51:38.478Z
Yoris Karten,binder,Pouncing Kavu,INV,Invasion,158,normal,common,3,33175,7e6e2e49-7bde-43c1-8caf-43d237dfc052,0.06,false,false,near_mint,de,CHF,2026-06-21T18:51:38.477Z
Yoris Karten,binder,Slimy Kavu,INV,Invasion,170,normal,common,1,33163,8e82044d-88cd-4ee4-8ec9-e71a0a85ed46,0.06,false,false,near_mint,de,CHF,2026-06-21T18:51:38.476Z
Yoris Karten,binder,Firebolt,JVC,Duel Decks Anthology: Jace vs. Chandra,49,normal,common,1,12242,5ea4db47-77ae-4362-83f2-4bf5e205a1b7,0.29,false,false,near_mint,de,CHF,2026-06-21T18:51:38.475Z
Yoris Karten,binder,Branded Brawlers,PCY,Prophecy,84,normal,common,1,33596,90a48065-fbf1-4f2a-993e-7061057a4c45,0.05,false,false,near_mint,de,CHF,2026-06-21T18:51:38.474Z
Yoris Karten,binder,Inflame,PCY,Prophecy,91,normal,common,1,33589,cd7bc4c0-9bfd-444b-b22c-f1b7e1426807,0.06,false,false,near_mint,de,CHF,2026-06-21T18:51:38.473Z
Yoris Karten,binder,Sisters of the Flame,4ED,Fourth Edition,221,normal,common,1,39966,a39ab53c-133a-4211-8499-aea00ed3ee1d,0.1,false,false,near_mint,de,CHF,2026-06-21T18:51:38.472Z
Yoris Karten,binder,Crimson Manticore,4ED,Fourth Edition,183,normal,rare,1,40004,cac8fc5c-368f-4b25-a33e-a32855037c4b,0.34,false,false,near_mint,de,CHF,2026-06-21T18:51:38.471Z
Yoris Karten,binder,Giant Strength,4ED,Fourth Edition,196,normal,common,1,39991,f1aebd61-311c-4269-aa75-5c004639178d,0.1,false,false,near_mint,de,CHF,2026-06-21T18:51:38.470Z
Yoris Karten,binder,Immolation,4ED,Fourth Edition,204,normal,common,1,39983,f9dbfdc1-a598-4c72-9b0d-91207bd067ab,0.09,false,false,near_mint,de,CHF,2026-06-21T18:51:38.469Z
Yoris Karten,binder,Dwarven Nomad,MIR,Mirage,170,normal,common,1,38420,30b09e65-5e69-48f8-be9b-a1e9706f18bf,0.14,false,false,near_mint,de,CHF,2026-06-21T18:51:38.464Z
Yoris Karten,binder,The Brute,5ED,Fifth Edition,272,normal,common,1,37734,d3ded8fa-facf-4196-8964-56ebc6424be1,0.08,false,false,near_mint,de,CHF,2026-06-21T18:51:38.463Z
Yoris Karten,binder,Raging Gorilla,VIS,Visions,90,normal,common,1,38083,07c284ce-33b8-4fb2-9dd9-4c477bedc774,0.12,false,false,near_mint,de,CHF,2026-06-21T18:51:38.461Z
Yoris Karten,binder,Shatter,9ED,Ninth Edition,218,normal,common,1,28145,07e79ce1-29d6-48d3-b7d5-8cd95cef3234,0.07,false,false,near_mint,de,CHF,2026-06-21T18:51:38.460Z
Yoris Karten,binder,Wall of Diffusion,TMP,Tempest,211,normal,common,2,36788,2e6a469e-3d67-4edf-a735-03dcd626f858,0.06,false,false,near_mint,de,CHF,2026-06-21T18:51:38.458Z
Yoris Karten,binder,Searing Touch,TMP,Tempest,201,normal,uncommon,2,36798,e9091667-d5a8-4978-9023-032ff65f9642,5.54,false,false,near_mint,de,CHF,2026-06-21T18:51:38.456Z
Yoris Karten,binder,Mogg Conscripts,TMP,Tempest,189,normal,common,1,36810,73719325-b091-4464-b0b0-77dfbb19562a,0.19,false,false,near_mint,de,CHF,2026-06-21T18:51:38.454Z
Yoris Karten,binder,Flowstone Giant,TMP,Tempest,174,normal,common,1,36825,46e8240a-d882-4f60-8960-1856284e04a0,0.1,false,false,near_mint,de,CHF,2026-06-21T18:51:38.452Z
Yoris Karten,binder,Betrothed of Fire,WTH,Weatherlight,89,normal,common,1,37208,5e517aa4-d8ba-4a49-bf9f-172bf029fa52,0.17,false,false,near_mint,de,CHF,2026-06-21T18:51:38.451Z
Yoris Karten,binder,Flamespeaker's Will,JOU,Journey into Nyx,95,normal,common,1,14554,32b5e3bb-f9e8-4a74-9798-41d8f8515e12,0.11,false,false,near_mint,de,CHF,2026-06-21T18:51:38.449Z
Yoris Karten,binder,Starfall,JOU,Journey into Nyx,114,normal,common,1,14535,13921f0d-f163-4275-b025-045c1ccd99e5,0.08,false,false,near_mint,de,CHF,2026-06-21T18:51:38.448Z
Yoris Karten,binder,Magma Spray,JOU,Journey into Nyx,103,normal,common,1,14546,9710889c-0fc6-43a9-83df-484ab0659030,0.06,false,false,near_mint,de,CHF,2026-06-21T18:51:38.447Z
Yoris Karten,binder,Pitchburn Devils,M21,Core Set 2021,156,normal,common,6,51085,fbd306cf-6625-4414-b9e5-4b909bb1bb13,0.1,false,false,near_mint,de,CHF,2026-06-21T18:51:38.446Z
Yoris Karten,binder,Heirs of Stromkirk,AVR,Avacyn Restored,140,normal,common,2,18138,ff89ad3b-b154-49e2-a0fd-135279512250,0.07,false,false,near_mint,de,CHF,2026-06-21T18:51:38.443Z
Yoris Karten,binder,Scalding Devil,AVR,Avacyn Restored,155,normal,common,1,18123,bbe49a97-dac8-4273-b4dc-45cdf8f5a6e0,0.11,false,false,near_mint,de,CHF,2026-06-21T18:51:38.442Z
Yoris Karten,binder,Night Revelers,ISD,Innistrad,153,normal,common,3,18745,e3f82c5c-77fa-45f3-a91e-4c2489444855,0.05,false,false,near_mint,de,CHF,2026-06-21T18:51:38.441Z
Yoris Karten,binder,Shard Volley,MOR,Morningtide,103,normal,common,1,24922,43db4810-078e-487a-afef-57cbc1db0cc7,0.22,false,false,near_mint,de,CHF,2026-06-21T18:51:38.437Z
Yoris Karten,binder,Hostile Realm,MOR,Morningtide,91,normal,common,2,24934,e172b353-7a16-4831-b735-206230b22e59,0.1,false,false,near_mint,de,CHF,2026-06-21T18:51:38.436Z
Yoris Karten,binder,Wild Celebrants,CMR,Commander Legends,212,normal,common,1,55717,6b9e72f4-0087-4a79-b9af-296c8b930a25,0.09,false,false,near_mint,de,CHF,2026-06-21T18:51:38.434Z
Yoris Karten,binder,Sparkmage Apprentice,RAV,Ravnica: City of Guilds,144,normal,common,1,27866,6ca91f7f-4b17-469e-8650-4c18e1521ea9,0.06,false,false,near_mint,de,CHF,2026-06-21T18:51:38.433Z
Yoris Karten,binder,Goblin Spelunkers,RAV,Ravnica: City of Guilds,128,normal,common,1,27882,6c3889c5-3321-486c-b03c-8607f2393a75,0.06,false,false,near_mint,de,CHF,2026-06-21T18:51:38.432Z
Yoris Karten,binder,Lightning Elemental,M12,Magic 2012,149,normal,common,8,19118,e106b6af-a13c-42be-9368-9109795de517,0.03,false,false,near_mint,de,CHF,2026-06-21T18:51:38.431Z
Yoris Karten,binder,Plunder,TSP,Time Spiral,174,normal,common,2,26726,79cff220-b1a6-4da6-b765-25a583b33de2,0.1,false,false,near_mint,de,CHF,2026-06-21T18:51:38.430Z
Yoris Karten,binder,Galvanic Arc,RAV,Ravnica: City of Guilds,126,normal,common,2,27884,64d816df-51e5-46f8-ad9a-68f3f656dbcd,0.17,false,false,near_mint,de,CHF,2026-06-21T18:51:38.429Z
Yoris Karten,binder,Smash,10E,Tenth Edition,235,normal,common,1,25833,40c39852-efd3-4a25-b33b-3c13dad96e7d,0.06,false,false,near_mint,de,CHF,2026-06-21T18:51:38.427Z
Yoris Karten,binder,Dogpile,RAV,Ravnica: City of Guilds,120,normal,common,1,27890,26316b00-22db-4546-8366-8a624f10c1ba,0.09,false,false,near_mint,de,CHF,2026-06-21T18:51:38.426Z
Yoris Karten,binder,Volcanic Geyser,M21,Core Set 2021,171,normal,uncommon,1,50873,7e22c791-6ef9-4f13-a14d-4f795f48bb1c,0.19,false,false,near_mint,de,CHF,2026-06-21T18:51:38.423Z
Yoris Karten,binder,Thrill of Possibility,DMC,Dominaria United Commander,127,normal,common,2,71625,9752ed44-dc5e-4f73-9422-c1d267b60a3c,0.24,false,false,near_mint,de,CHF,2026-06-21T18:51:38.422Z
Yoris Karten,binder,Igneous Cur,M21,Core Set 2021,153,normal,common,4,51006,d2bfec5d-3182-415a-afe8-0b5511cfd656,0.21,false,false,near_mint,de,CHF,2026-06-21T18:51:38.421Z
Yoris Karten,binder,Friendly Fire,FRF,Fate Reforged,101,normal,uncommon,1,12025,ac4272ca-bb15-415c-a589-a472953a0dd9,0.03,false,false,near_mint,de,CHF,2026-06-21T18:51:38.416Z
Yoris Karten,binder,Fervent Strike,DOM,Dominaria,117,normal,common,2,2159,e4f76e51-a726-4a5f-ae2b-2e826e89f5f7,0.05,false,false,near_mint,de,CHF,2026-06-21T18:51:38.415Z
Yoris Karten,binder,Summit Prowler,DTK,Dragons of Tarkir,160,normal,common,3,11654,eec9005d-eca8-45a6-b221-9d5a2cfb1e91,0.08,false,false,near_mint,de,CHF,2026-06-21T18:51:38.414Z
Yoris Karten,binder,Stone Rain,9ED,Ninth Edition,221,normal,common,1,28142,d2334c10-fa96-4f8e-8187-c7ecc00cbac8,0.17,false,false,near_mint,de,CHF,2026-06-21T18:51:38.412Z
Yoris Karten,binder,Lose Calm,DTK,Dragons of Tarkir,147,normal,common,1,11667,732a4912-97d1-4640-976e-ae1ffeb70236,0.15,false,false,near_mint,de,CHF,2026-06-21T18:51:38.408Z
Yoris Karten,binder,Twin Bolt,CN2,Conspiracy: Take the Crown,173,normal,common,1,7924,61048f40-0e8c-44af-81a5-a34b6f1adea2,0.16,false,false,near_mint,de,CHF,2026-06-21T18:51:38.406Z
Yoris Karten,binder,Chandra's Defeat,HOU,Hour of Devastation,86,normal,uncommon,1,4589,f38c6613-b1f7-4b38-b956-7860d041e593,0.17,false,false,near_mint,de,CHF,2026-06-21T18:51:38.405Z
Yoris Karten,binder,Ghirapur Gearcrafter,DDU,Duel Decks: Elves vs. Inventors,46,normal,common,2,2421,e6087550-9f15-4a06-b030-18b0be652065,0.32,false,false,near_mint,de,CHF,2026-06-21T18:51:38.404Z
Yoris Karten,binder,Fateful End,THB,Theros Beyond Death,133,normal,uncommon,2,46929,56455067-92c0-45b5-ac2e-525c35b41215,0.12,false,false,near_mint,de,CHF,2026-06-21T18:51:38.403Z
Yoris Karten,binder,Hammerhand,IMA,Iconic Masters,132,normal,common,3,3493,f980def6-9a87-4948-9d02-956d568a95fe,0.07,false,false,near_mint,de,CHF,2026-06-21T18:51:38.402Z
Yoris Karten,binder,Rockslide Sorcerer,ZNR,Zendikar Rising,154,normal,uncommon,3,54784,e105c546-ce4f-49c7-97ba-ea5fbe70df82,0.14,false,false,near_mint,de,CHF,2026-06-21T18:51:38.401Z
Yoris Karten,binder,Gerrard's Irregulars,MMQ,Mercadian Masques,192,normal,common,1,34218,8a88f507-3d78-4f7f-a91f-8489ad9250f2,0.08,false,false,near_mint,de,CHF,2026-06-21T18:51:38.400Z
Yoris Karten,binder,Thunderscape Apprentice,INV,Invasion,174,normal,common,5,33159,75a0b075-5414-48d3-a2b1-47dc20213e96,0.07,false,false,near_mint,de,CHF,2026-06-21T18:51:38.399Z
Yoris Karten,binder,Wild Colos,UDS,Urza's Destiny,100,normal,common,1,34745,2d39f746-7b82-476a-9774-3375debb47bd,0.07,false,false,near_mint,de,CHF,2026-06-21T18:51:38.396Z
Yoris Karten,binder,Shower of Sparks,DDL,Duel Decks: Heroes vs. Monsters,61,normal,common,2,15704,84875873-46c5-4cd2-bd76-c5a9e7bfdb76,0.27,false,false,near_mint,de,CHF,2026-06-21T18:51:38.394Z
Yoris Karten,binder,Bravado,USG,Urza's Saga,177,normal,common,1,35791,019ba422-4837-400c-a913-b56d87b49e26,0.25,false,false,near_mint,de,CHF,2026-06-21T18:51:38.393Z
Yoris Karten,binder,Falter,USG,Urza's Saga,184,normal,common,1,35784,e279126c-0512-4ee6-ad83-6fdfc7ae46c5,0.19,false,false,near_mint,de,CHF,2026-06-21T18:51:38.392Z
Yoris Karten,binder,Flame Jet,UDS,Urza's Destiny,81,normal,common,2,34764,a511f9df-b53b-4fea-87cd-9f18f6833f92,0.16,false,false,near_mint,de,CHF,2026-06-21T18:51:38.391Z
Yoris Karten,binder,Lightning Blast,8ED,Eighth Edition,200,normal,uncommon,1,30336,a20fee0e-93b8-4dc0-b156-8237271ae66c,0.3,false,false,near_mint,de,CHF,2026-06-21T18:51:38.388Z
Yoris Karten,binder,Fire Whip,TSB,Time Spiral Timeshifted,63,normal,special,1,26958,53948505-1057-4d68-aa6f-291dfa63d475,0.23,false,false,near_mint,de,CHF,2026-06-21T18:51:38.387Z
Yoris Karten,binder,Lowland Giant,BTD,Beatdown Box Set,42,normal,common,2,33381,b77ea270-683f-4407-825e-92390dcbd70c,0.21,false,false,near_mint,de,CHF,2026-06-21T18:51:38.381Z
Yoris Karten,binder,Imposing Visage,5ED,Fifth Edition,241,normal,common,2,37765,24a256b0-e25b-43c6-9f7a-2ad76b268d22,0.15,false,false,near_mint,de,CHF,2026-06-21T18:51:38.379Z
Yoris Karten,binder,Mountain Goat,6ED,Classic Sixth Edition,195,normal,common,2,35182,47754124-37e2-4878-a711-a3e00ae0bc70,0.11,false,false,near_mint,de,CHF,2026-06-21T18:51:38.378Z
Yoris Karten,binder,Hulking Goblin,S99,Starter 1999,107,normal,common,1,34595,b5e44bf3-8f0f-4e27-bed0-b9565dce2123,0.13,false,false,near_mint,de,CHF,2026-06-21T18:51:38.377Z
Yoris Karten,binder,Spitting Earth,POR,Portal,150,normal,common,1,37403,eb16998c-cfa4-49cc-8e37-2dfc33fa2f1e,0.19,false,false,near_mint,de,CHF,2026-06-21T18:51:38.376Z
Yoris Karten,binder,Hill Giant,5ED,Fifth Edition,239,normal,common,1,37767,4bb9d069-1163-46bd-9a71-21c05898330e,0.09,false,false,near_mint,de,CHF,2026-06-21T18:51:38.375Z
Yoris Karten,binder,Orcish Farmer,5ED,Fifth Edition,256,normal,common,1,37750,fb2bb2b4-87ff-4971-9835-fd68d913af26,0.19,false,false,near_mint,de,CHF,2026-06-21T18:51:38.374Z
Yoris Karten,binder,Goblin Swine-Rider,VIS,Visions,81,normal,common,1,38092,49980982-d534-4204-bc15-3e6c4ffa1a53,0.14,false,false,near_mint,de,CHF,2026-06-21T18:51:38.373Z
Yoris Karten,binder,Goblin Soothsayer,MIR,Mirage,179,normal,uncommon,1,38411,686b847c-242c-4b91-9fa9-69c9c9f187a7,0.33,false,false,near_mint,de,CHF,2026-06-21T18:51:38.372Z
Yoris Karten,binder,Mob Justice,STH,Stronghold,90,normal,common,2,36555,b790d789-bb21-4119-a0e3-43af9bef8acc,0.71,false,false,near_mint,de,CHF,2026-06-21T18:51:38.371Z
Yoris Karten,binder,Flowstone Blade,STH,Stronghold,83,normal,common,2,36562,ab9781fd-10c9-4790-8279-51c3cc6653cf,0.09,false,false,near_mint,de,CHF,2026-06-21T18:51:38.370Z
Yoris Karten,binder,Ogre Berserker,P02,Portal Second Age,111,normal,common,4,36391,b6969d4d-c311-4663-bcd6-77a4d6458335,0.09,false,false,near_mint,de,CHF,2026-06-21T18:51:38.366Z
Yoris Karten,binder,Obsidian Giant,P02,Portal Second Age,109,normal,uncommon,1,36393,aad8a194-cee7-4671-8310-19357fc1a450,0.14,false,false,near_mint,de,CHF,2026-06-21T18:51:38.365Z
Yoris Karten,binder,Tremor,MMQ,Mercadian Masques,220,normal,common,1,34190,8531efb1-d77d-451a-8621-424fc278ccf9,0.14,false,false,near_mint,de,CHF,2026-06-21T18:51:38.362Z
Yoris Karten,binder,Solar Blast,DMR,Dominaria Remastered,140,normal,common,1,78011,87202a72-72aa-46d3-ba16-10a180276905,0.03,false,false,near_mint,de,CHF,2026-06-21T18:51:38.359Z
Yoris Karten,binder,Seismic Elemental,ORI,Magic Origins,161,normal,uncommon,2,10781,a60d957b-f71a-403e-82fe-30ea87d1e142,0.11,false,false,near_mint,de,CHF,2026-06-21T18:51:38.358Z
Yoris Karten,binder,Goblin Glory Chaser,DDT,Duel Decks: Merfolk vs. Goblins,43,normal,uncommon,6,3668,07679f88-4bbe-46e1-9b24-3b9f5670860f,0.14,false,false,near_mint,de,CHF,2026-06-21T18:51:38.357Z
Yoris Karten,binder,Acolyte of the Inferno,ORI,Magic Origins,128,normal,uncommon,1,10814,186581c7-81a6-4c27-b8a9-ff7f7a4b1d40,0.06,false,false,near_mint,de,CHF,2026-06-21T18:51:38.356Z
Yoris Karten,binder,Sure Strike,FDN,Foundations,209,normal,common,1,101525,5de6a1e4-5c66-43e6-9f2a-2635bdab03f6,0.06,false,false,near_mint,de,CHF,2026-06-21T18:51:38.352Z
Yoris Karten,binder,Dual Shot,XLN,Ixalan,141,normal,common,1,3871,0bb504d2-d3de-4b09-9007-3d403fc9a216,0.21,false,false,near_mint,de,CHF,2026-06-21T18:51:38.351Z
Yoris Karten,binder,Nest Robber,XLN,Ixalan,152,normal,common,1,3860,576d3845-f45a-4db0-9f7c-845cedb64c49,0.14,false,false,near_mint,de,CHF,2026-06-21T18:51:38.347Z
Yoris Karten,binder,Unfriendly Fire,XLN,Ixalan,172,normal,common,1,3840,7a61b274-0499-4cb6-a2e4-f5e18ad7fd2d,0.02,false,false,near_mint,de,CHF,2026-06-21T18:51:38.346Z
Yoris Karten,binder,Storm Fleet Arsonist,XLN,Ixalan,162,normal,uncommon,1,3850,8d8ecb6d-f794-468b-8399-60a50aaa13ac,0.1,false,false,near_mint,de,CHF,2026-06-21T18:51:38.345Z
Yoris Karten,binder,Hijack,XLN,Ixalan,148,normal,common,1,3864,519c5660-4daf-4404-b808-66d1c840ab70,0.18,false,false,near_mint,de,CHF,2026-06-21T18:51:38.343Z
Yoris Karten,binder,Rile,AFC,Forgotten Realms Commander,136,normal,common,1,60795,89f51602-0ab8-4acd-9734-16ef05953970,0.29,false,false,near_mint,de,CHF,2026-06-21T18:51:38.342Z
Yoris Karten,binder,Swashbuckling,XLN,Ixalan,167,normal,common,2,3845,01ed59b1-968b-4297-9e98-42d940f9478c,0.1,false,false,near_mint,de,CHF,2026-06-21T18:51:38.349Z
Yoris Karten,binder,Flaming Sword,MMQ,Mercadian Masques,190,normal,common,2,34220,17ecd9ff-8c30-4e17-8cff-dd40d653c4af,0.12,false,false,near_mint,de,CHF,2026-06-21T18:51:38.360Z
Yoris Karten,binder,Reckless Ogre,EXO,Exodus,98,normal,common,3,36238,90d27b79-a22d-48d9-86b2-7ad02cab8697,0.06,false,false,near_mint,de,CHF,2026-06-21T18:51:38.363Z
Yoris Karten,binder,Flowstone Shambler,STH,Stronghold,86,normal,common,3,36559,6f2b70a5-db13-4c3f-829d-d4b9e0a16245,0.08,false,false,near_mint,de,CHF,2026-06-21T18:51:38.367Z
Yoris Karten,binder,Duct Crawler,10E,Tenth Edition,198,normal,common,4,25881,d913e4d2-3502-41f3-871e-59b3b13df58a,0.09,false,false,near_mint,de,CHF,2026-06-21T18:51:38.369Z
Yoris Karten,binder,Giant Strength,6ED,Classic Sixth Edition,181,normal,common,2,35196,e28f7c1c-1d75-4d78-8577-1e98cf8e0703,0.09,false,false,near_mint,de,CHF,2026-06-21T18:51:38.380Z
Yoris Karten,binder,Canyon Wildcat,DDH,Duel Decks: Ajani vs. Nicol Bolas,6,normal,common,3,18986,ef69547a-c060-45ac-9478-10fbe324cd42,0.1,false,false,near_mint,de,CHF,2026-06-21T18:51:38.382Z
Yoris Karten,binder,Mogg Fanatic,ATH,Anthologies,44,normal,common,3,35574,86804429-ae19-497c-a256-7906b0a06cc2,1.79,false,false,near_mint,de,CHF,2026-06-21T18:51:38.383Z
Yoris Karten,binder,Giant Strength,TMP,Tempest,178,normal,common,2,36821,bfb43289-35dc-4983-9c49-22b1b3a7d85a,0.1,false,false,near_mint,de,CHF,2026-06-21T18:51:38.384Z
Yoris Karten,binder,Reflexes,8ED,Eighth Edition,213,normal,common,2,30323,8a406184-b678-4afd-9599-d1d4f9c1d147,0.06,false,false,near_mint,de,CHF,2026-06-21T18:51:38.395Z
Yoris Karten,binder,Craven Giant,STH,Stronghold,78,normal,common,4,36567,ea3cf964-88f6-4e62-97ce-cf0e179a53fb,0.16,false,false,near_mint,de,CHF,2026-06-21T18:51:38.397Z
Yoris Karten,binder,Rain of Embers,RAV,Ravnica: City of Guilds,138,normal,common,3,27872,2d5391a9-6c30-4f9b-b746-a4427a3e63fc,0.07,false,false,near_mint,de,CHF,2026-06-21T18:51:38.425Z
Yoris Karten,binder,Kindled Fury,MOR,Morningtide,92,normal,common,3,24933,993956c9-30d8-41ee-84c2-c06d0512aea4,0.1,false,false,near_mint,de,CHF,2026-06-21T18:51:38.435Z
Yoris Karten,binder,Empty the Warrens,TSR,Time Spiral Remastered,162,normal,common,3,57503,06462b57-1b0e-4c9c-9531-c14b9f2d5a3b,0.25,false,false,near_mint,de,CHF,2026-06-21T18:51:38.439Z
Yoris Karten,binder,Lightning Diadem,JOU,Journey into Nyx,102,normal,common,6,14547,4ce3f1c6-2e6f-4087-8619-a01fdcc6d4a3,0.04,false,false,near_mint,de,CHF,2026-06-21T18:51:38.440Z
Yoris Karten,binder,Dwarven Vigilantes,VIS,Visions,77,normal,common,2,38096,077d33bb-41bf-440d-939b-67ab5aacb092,0.1,false,false,near_mint,de,CHF,2026-06-21T18:51:38.457Z
Yoris Karten,binder,Viashino Warrior,BTD,Beatdown Box Set,50,normal,common,5,33373,d10a82f4-12f2-43b1-bafe-b01f693da497,0.04,false,false,near_mint,de,CHF,2026-06-21T18:51:38.465Z
Yoris Karten,binder,Eternal Warrior,5ED,Fifth Edition,225,normal,common,2,37781,2a1a36ca-2467-4c23-ba03-744c76b0be51,0.15,false,false,near_mint,de,CHF,2026-06-21T18:51:38.466Z
Yoris Karten,binder,Shield Bearer,5ED,Fifth Edition,62,normal,common,1,37944,9b7cfc0f-b9cc-4405-9c2d-2788d4ab49b4,0.18,false,false,near_mint,de,CHF,2026-06-21T19:09:02.153Z
Yoris Karten,binder,Femeref Healer,MIR,Mirage,17,normal,common,2,38573,90dedd5e-e2ee-46ec-8541-27f1548b2a2a,0.06,false,false,near_mint,de,CHF,2026-06-21T19:09:02.151Z
Yoris Karten,binder,Ekundu Griffin,6ED,Classic Sixth Edition,18,normal,common,1,35359,a1eec4ac-7d28-4f76-a1d5-a0a19c142514,0.06,false,false,near_mint,de,CHF,2026-06-21T19:09:02.150Z
Yoris Karten,binder,Mtenda Herder,MIR,Mirage,29,normal,common,2,38561,51f30a3d-1421-4706-b17f-39a9ec7a0d8b,0.08,false,false,near_mint,de,CHF,2026-06-21T19:09:02.149Z
Yoris Karten,binder,Canyon Jerboa,ZNR,Zendikar Rising,290,normal,uncommon,2,54734,c0250dc8-9d4c-428a-9e34-9e3577be4745,0.07,false,false,near_mint,de,CHF,2026-06-21T19:09:02.148Z
Yoris Karten,binder,Omen of the Sun,CMM,Commander Masters,831,normal,common,3,84084,157e4f28-d1b1-41e4-a2f1-6613a952bca2,0.18,false,false,near_mint,de,CHF,2026-06-21T19:09:02.146Z
Yoris Karten,binder,Daybreak Chimera,THB,Theros Beyond Death,10,normal,common,4,47052,f9c1de31-73d4-4c32-9f99-e15df48638e9,0.08,false,false,near_mint,de,CHF,2026-06-21T19:09:02.145Z
Yoris Karten,binder,Captivating Unicorn,THB,Theros Beyond Death,6,normal,common,5,47056,13893599-0b87-4fc0-863d-f3e0ae51cc31,0.15,false,false,near_mint,de,CHF,2026-06-21T19:09:02.144Z
Yoris Karten,binder,Heliod's Pilgrim,THB,Theros Beyond Death,20,normal,common,3,47042,cafce2f5-f4f4-465b-96dc-bcdd29d4e4bb,0.13,false,false,near_mint,de,CHF,2026-06-21T19:09:02.143Z
Yoris Karten,binder,Dreadful Apathy,THB,Theros Beyond Death,11,normal,common,4,47051,e20c2369-db77-465e-9f0e-bb009225345a,0.09,false,false,near_mint,de,CHF,2026-06-21T19:09:02.142Z
Yoris Karten,binder,Capashen Knight,M14,Magic 2014,11,normal,common,1,16040,78802af4-46b5-4bac-8cdf-5b77d0b19895,0.12,false,false,near_mint,de,CHF,2026-06-21T19:09:02.139Z
Yoris Karten,binder,Moorland Inquisitor,M20,Core Set 2020,31,normal,common,2,45430,9d7b1446-7c9f-4b62-9877-e3d1060948aa,0.07,false,false,near_mint,de,CHF,2026-06-21T19:09:02.137Z
Yoris Karten,binder,Archangel,AVR,Avacyn Restored,5,normal,uncommon,3,18273,3741b2a7-7bda-481a-b8f8-9b04c96035b0,0.08,false,false,near_mint,de,CHF,2026-06-21T19:09:02.136Z
Yoris Karten,binder,Goldnight Redeemer,DDQ,Duel Decks: Blessed vs. Cursed,13,normal,uncommon,2,9170,9396d218-35e4-4457-9f3a-18bae368b526,0.24,false,false,near_mint,de,CHF,2026-06-21T19:09:02.135Z
Yoris Karten,binder,Accorder Paladin,MBS,Mirrodin Besieged,1,normal,uncommon,1,20140,df0a4370-729d-40e7-b68b-21902648492d,0.19,false,false,near_mint,de,CHF,2026-06-21T19:09:02.134Z
Yoris Karten,binder,Dawning Angel,M20,Core Set 2020,11,normal,common,4,45450,4f3d90ef-6f70-4897-85c1-4e1beeb33363,0.15,false,false,near_mint,de,CHF,2026-06-21T19:09:02.133Z
Yoris Karten,binder,Ironclad Krovod,M20,Core Set 2020,308,normal,common,2,45152,e5d57e98-e05a-4a89-900e-20fe675a62ef,0.11,false,false,near_mint,de,CHF,2026-06-21T19:09:02.131Z
Yoris Karten,binder,War Screecher,CLU,Ravnica: Clue Edition,80,normal,common,2,91126,af3944a2-4736-4d62-b25d-61178af721c4,0.12,false,false,near_mint,de,CHF,2026-06-21T19:09:02.130Z
Yoris Karten,binder,Pacifism,M20,Core Set 2020,32,normal,common,4,45429,31279d7c-5246-40b2-a8c7-0be4a5f24a29,0.21,false,false,near_mint,de,CHF,2026-06-21T19:09:02.129Z
Yoris Karten,binder,Commanding Presence,THB,Theros Beyond Death,7,normal,uncommon,3,47055,24e2f681-918e-4f1f-afb1-0f9587c0d7bf,0.07,false,false,near_mint,de,CHF,2026-06-21T19:09:02.128Z
Yoris Karten,binder,Thraben Inspector,INR,Innistrad Remastered,45,normal,common,2,101844,08a5007f-06a0-40fa-a252-c38baa6b5c6f,0.14,false,false,near_mint,de,CHF,2026-06-21T19:09:02.127Z
Yoris Karten,binder,Ancestral Blade,CMM,Commander Masters,12,normal,common,4,84153,24705dee-027c-42a2-8505-66c0a34a4a58,0.1,false,false,near_mint,de,CHF,2026-06-21T19:09:02.126Z
Yoris Karten,binder,Angel of the Dawn,CMR,Commander Legends,6,normal,common,7,56210,d00ffeb5-195c-45ad-a791-ec67f463d552,0.22,false,false,near_mint,de,CHF,2026-06-21T19:09:02.125Z
Yoris Karten,binder,Glint Hawk,SOM,Scars of Mirrodin,10,normal,common,1,21022,284c4710-4183-4743-9c8b-515cc98cbbb8,0.62,false,false,near_mint,de,CHF,2026-06-21T19:09:02.124Z
Yoris Karten,binder,Sunspear Shikari,C17,Commander 2017,75,normal,common,2,4380,28cb4bcd-8a74-47b2-90d3-36eb4f66402d,0.25,false,false,near_mint,de,CHF,2026-06-21T19:09:02.122Z
Yoris Karten,binder,Salvage Scout,SOM,Scars of Mirrodin,19,normal,common,1,21013,5909e77e-a930-4713-bca4-c6b265238c17,0.08,false,false,near_mint,de,CHF,2026-06-21T19:09:02.121Z
Yoris Karten,binder,Pacifism,BBD,Battlebond,101,normal,common,8,1892,73d4f469-ff5c-4122-a254-2a4a2b1b7bf7,0.08,false,false,near_mint,de,CHF,2026-06-21T19:09:02.120Z
Yoris Karten,binder,Myrsmith,CMM,Commander Masters,44,normal,common,1,84514,78ea3e84-2d78-489f-875a-48e58c956451,0.2,false,false,near_mint,de,CHF,2026-06-21T19:09:02.119Z
Yoris Karten,binder,Kemba's Skyguard,SOM,Scars of Mirrodin,13,normal,common,1,21019,b9f20a74-7614-4bd9-ac08-0e098f98df0c,0.07,false,false,near_mint,de,CHF,2026-06-21T19:09:02.118Z
Yoris Karten,binder,Aven Riftwatcher,TSR,Time Spiral Remastered,6,normal,common,7,57560,261691c8-371d-49b6-9c9b-50ece5984aa2,0.03,false,false,near_mint,de,CHF,2026-06-21T19:09:02.117Z
Yoris Karten,binder,Prowling Felidar,ZNR,Zendikar Rising,294,normal,common,2,54799,e8df0aed-dd2b-4f1e-8dfe-aec07462b1e1,0.16,false,false,near_mint,de,CHF,2026-06-21T19:09:02.115Z
Yoris Karten,binder,Sanctum Spirit,2XM,Double Masters,30,normal,common,1,52168,86322472-52e5-4af4-8a41-1ccc3ff6fd92,0.09,false,false,near_mint,de,CHF,2026-06-21T19:09:02.110Z
Yoris Karten,binder,Sergeant-at-Arms,DOM,Dominaria,32,normal,common,1,2244,8f70b1ee-47b6-4904-850d-8ea8064bd27d,0.1,false,false,near_mint,de,CHF,2026-06-21T19:09:02.109Z
Yoris Karten,binder,Pegasus Courser,M19,Core Set 2019,32,normal,common,2,1280,0c04eafe-8be0-416e-a5b9-486a3b3b5984,0.06,false,false,near_mint,de,CHF,2026-06-21T19:09:02.104Z
Yoris Karten,binder,Call the Cavalry,DOM,Dominaria,9,normal,common,2,2267,7978a719-b159-4155-88d9-9c0b15183037,0.16,false,false,near_mint,de,CHF,2026-06-21T19:09:02.102Z
Yoris Karten,binder,Anointed Chorister,M21,Core Set 2021,4,normal,common,2,50912,9c977c67-b0c0-40b0-b129-28de094aaf40,0.1,false,false,near_mint,de,CHF,2026-06-21T19:09:02.100Z
Yoris Karten,binder,Tragic Poet,DOM,Dominaria,37,normal,common,1,2239,f957b353-7765-4c16-9645-d41000154130,0.22,false,false,near_mint,de,CHF,2026-06-21T19:09:02.098Z
Yoris Karten,binder,Concordia Pegasus,M21,Core Set 2021,12,normal,common,6,50830,600d3517-e370-47ae-ac4f-c7ef8995a89c,0.14,false,false,near_mint,de,CHF,2026-06-21T19:09:02.097Z
Yoris Karten,binder,Village Bell-Ringer,MOC,March of the Machine Commander,216,normal,common,2,81899,b72b39fd-507d-432b-b5b0-5657e5ed0a47,0.24,false,false,near_mint,de,CHF,2026-06-21T19:09:02.095Z
Yoris Karten,binder,Healing Grace,DOM,Dominaria,20,normal,common,1,2256,f7512d31-dc35-4046-a1ba-49b74239c329,0.12,false,false,near_mint,de,CHF,2026-06-21T19:09:02.093Z
Yoris Karten,binder,Guildscorn Ward,GTC,Gatecrash,15,normal,common,4,16809,89c5c496-0a3e-40e1-84ac-8ad3a9d8352b,0.08,false,false,near_mint,de,CHF,2026-06-21T19:09:02.091Z
Yoris Karten,binder,Palace Sentinels,CMM,Commander Masters,48,normal,common,1,84454,6c0bbbe0-e6cf-43df-9c44-b6bbfa9c9af7,0.19,false,false,near_mint,de,CHF,2026-06-21T19:09:02.090Z
Yoris Karten,binder,Duty Beyond Death,TDM,Tarkir: Dragonstorm,10,normal,uncommon,1,104265,2e92640d-768b-4357-905f-bea017d351cc,0.23,false,false,near_mint,de,CHF,2026-06-21T19:09:02.089Z
Yoris Karten,binder,Skywhaler's Shot,CMR,Commander Legends,46,normal,common,3,56048,3e2c5013-523f-42b2-b947-abe304a6cb84,0.05,false,false,near_mint,de,CHF,2026-06-21T19:09:02.088Z
Yoris Karten,binder,Slith Ascendant,CMR,Commander Legends,49,normal,common,4,56169,b90157f8-ba3c-479e-80d8-8f9e042c540c,0.05,false,false,near_mint,de,CHF,2026-06-21T19:09:02.087Z
Yoris Karten,binder,Rebellious Strike,TDM,Tarkir: Dragonstorm,20,normal,common,1,104949,c9bafe19-3bd6-4da0-b3e5-e0b89262504c,0.2,false,false,near_mint,de,CHF,2026-06-21T19:09:02.082Z
Yoris Karten,binder,Tempest Hawk,TDM,Tarkir: Dragonstorm,31,normal,common,1,104587,422f9453-ab12-4e3c-8c51-be87391395a1,0.71,false,false,near_mint,de,CHF,2026-06-21T19:09:02.081Z
Yoris Karten,binder,Riling Dawnbreaker // Signaling Roar,TDM,Tarkir: Dragonstorm,292,normal,common,1,104607,48b73810-3abd-4469-a6f0-993b6fedc315,0.12,false,false,near_mint,de,CHF,2026-06-21T19:09:02.072Z
Yoris Karten,binder,Bearer of Glory,TDM,Tarkir: Dragonstorm,4,normal,common,1,104365,d6d91e42-43db-428d-a4dd-ef9d40306314,0.03,false,false,near_mint,de,CHF,2026-06-21T19:09:02.071Z
Yoris Karten,binder,Mardu Devotee,TDM,Tarkir: Dragonstorm,16,normal,common,3,104366,da45e9b0-a4f6-413b-9e62-666c511eb5b0,0.12,false,false,near_mint,de,CHF,2026-06-21T19:09:02.070Z
Yoris Karten,binder,Seraph of Dawn,CMR,Commander Legends,44,normal,common,5,56089,64bf33ea-2d2d-476d-ab1d-fba204fd034b,0.14,false,false,near_mint,de,CHF,2026-06-21T19:09:02.061Z
Yoris Karten,binder,Trusty Packbeast,CMR,Commander Legends,53,normal,common,3,56006,0fcfe1b5-e35b-4a23-8ca8-4dee2ef94f32,0.1,false,false,near_mint,de,CHF,2026-06-21T19:09:02.059Z
Yoris Karten,binder,Doomed Traveler,CLU,Ravnica: Clue Edition,59,normal,common,2,91032,8a03d414-bff9-4aba-8b0a-0ed57982251e,0.07,false,false,near_mint,de,CHF,2026-06-21T19:09:02.058Z
Yoris Karten,binder,Ninth Bridge Patrol,CMR,Commander Legends,33,normal,common,3,55662,4a9555fe-fa1d-4af9-90a4-c3f91e0edd9b,0.07,false,false,near_mint,de,CHF,2026-06-21T19:09:02.056Z
Yoris Karten,binder,Gale Swooper,M21,Core Set 2021,20,normal,common,6,51007,d2e3b99c-e48e-4f4d-ba7a-e9218137b432,0.08,false,false,near_mint,de,CHF,2026-06-21T19:09:02.055Z
Yoris Karten,binder,Excavation Elephant,DOM,Dominaria,17,normal,common,2,2259,760ce08a-49d3-4cdf-bbe2-33dd8a6a7966,0.02,false,false,near_mint,de,CHF,2026-06-21T19:09:02.053Z
Yoris Karten,binder,Warded Battlements,M21,Core Set 2021,44,normal,common,4,51068,f234999b-54e9-40f5-a537-7d6ce169c710,0.13,false,false,near_mint,de,CHF,2026-06-21T19:09:02.048Z
Yoris Karten,binder,Fortify,TSR,Time Spiral Remastered,18,normal,common,2,57811,b47af529-6ba1-4900-a6f6-7647c9632e11,0.06,false,false,near_mint,de,CHF,2026-06-21T19:09:02.047Z
Yoris Karten,binder,Phalanx Formation,JOU,Journey into Nyx,21,normal,uncommon,1,14628,7e9aaba1-e480-4667-b3c9-d5665a3b4806,0.07,false,false,near_mint,de,CHF,2026-06-21T19:09:02.046Z
Yoris Karten,binder,Inspired Charge,M20,Core Set 2020,24,normal,common,3,45437,43479f67-57b2-4a99-8928-10fc9dde33b9,0.07,false,false,near_mint,de,CHF,2026-06-21T19:09:02.045Z
Yoris Karten,binder,Wing Shards,MH1,Modern Horizons,38,normal,uncommon,1,44896,f8326bd2-83a8-4600-b12a-0bda47168f7b,0.11,false,false,near_mint,de,CHF,2026-06-21T19:09:02.044Z
Yoris Karten,binder,Flicker of Fate,THB,Theros Beyond Death,16,normal,common,4,47046,59e19bac-176c-4e37-bfc8-27c00de7c37f,0.23,false,false,near_mint,de,CHF,2026-06-21T19:09:02.043Z
Yoris Karten,binder,Ephemeral Shields,MOC,March of the Machine Commander,184,normal,common,3,81708,60fcd11e-9bc3-4a27-966c-42767bac3223,0.24,false,false,near_mint,de,CHF,2026-06-21T19:09:02.042Z
Yoris Karten,binder,Healing Salve,6ED,Classic Sixth Edition,22,normal,common,2,35355,4953ac06-dc8c-4a9c-8ff6-8e4432dae91f,0.11,false,false,near_mint,de,CHF,2026-06-21T19:09:02.040Z
Yoris Karten,binder,Hallow,DST,Darksteel,4,normal,common,2,29657,80fe80a0-cb3d-48bc-b67e-2e2253cfee14,0.47,false,false,near_mint,de,CHF,2026-06-21T19:09:02.039Z
Yoris Karten,binder,Soulmender,M20,Core Set 2020,37,normal,common,2,45424,31b83ffd-bd08-48c6-98a3-811abc203f60,0.19,false,false,near_mint,de,CHF,2026-06-21T19:09:02.038Z
Yoris Karten,binder,Samite Blessing,STH,Stronghold,13,normal,common,2,36632,3b21aa2e-df36-4101-89b6-515858f2ab88,0.14,false,false,near_mint,de,CHF,2026-06-21T19:09:02.037Z
Yoris Karten,binder,Holy Day,10E,Tenth Edition,21,normal,common,4,26121,f3895c0c-0db8-4962-b386-57887fb60701,0.39,false,false,near_mint,de,CHF,2026-06-21T19:09:02.036Z
Yoris Karten,binder,Djeru's Resolve,AKH,Amonkhet,11,normal,common,3,5674,ad60ebb9-4acc-41a8-90d9-04d55e414ed1,0.17,false,false,near_mint,de,CHF,2026-06-21T19:09:02.035Z
Yoris Karten,binder,Nyxborn Shieldmate,BNG,Born of the Gods,21,normal,common,8,14939,64204816-6e1d-4bf8-acd0-8f83ca7eb8c7,0.18,false,false,near_mint,de,CHF,2026-06-21T19:09:02.034Z
Yoris Karten,binder,Demystify,10E,Tenth Edition,14,normal,common,1,26130,6197c672-dfa1-4d1e-97ea-af916864d23c,0.06,false,false,near_mint,de,CHF,2026-06-21T19:09:02.033Z
Yoris Karten,binder,Grassland Crusader,ONS,Onslaught,32,normal,common,1,31271,c129f361-8769-4f9a-9745-eb5d0c085b88,0.06,false,false,near_mint,de,CHF,2026-06-21T19:09:02.032Z
Yoris Karten,binder,Bandage,10E,Tenth Edition,9,normal,common,1,26136,c9c17e3b-4d7f-4472-afe1-8e9358b82f2c,0.2,false,false,near_mint,de,CHF,2026-06-21T19:09:02.031Z
Yoris Karten,binder,Righteousness,DDL,Duel Decks: Heroes vs. Monsters,20,normal,uncommon,1,15745,72583842-48c5-4fc9-b0bf-b4894bec871e,0.14,false,false,near_mint,de,CHF,2026-06-21T19:09:02.029Z
Yoris Karten,binder,Defiant Strike,M21,Core Set 2021,15,normal,common,3,50823,5c23869b-c99a-49dd-9e29-fcc0eb63fad1,0.14,false,false,near_mint,de,CHF,2026-06-21T19:09:02.028Z
Yoris Karten,binder,Ethereal Armor,WOC,Wilds of Eldraine Commander,67,normal,common,6,85277,19557197-521d-4900-a260-1a21e49113f5,0.82,false,false,near_mint,de,CHF,2026-06-21T19:09:02.025Z
Yoris Karten,binder,Holy Strength,5ED,Fifth Edition,35,normal,common,1,37971,f9f938d4-5964-4f55-a2ce-0ca7e25fe565,0.14,false,false,near_mint,de,CHF,2026-06-21T19:09:02.024Z
Yoris Karten,binder,Cartouche of Solidarity,AKH,Amonkhet,7,normal,common,2,5678,90eaf94e-85a7-4958-aa58-8e2fe44db58d,0.18,false,false,near_mint,de,CHF,2026-06-21T19:09:02.023Z
Yoris Karten,binder,Indomitable Will,THB,Theros Beyond Death,25,normal,common,3,47037,47772a34-c72f-44e8-b272-4ef2d2af5c82,0.07,false,false,near_mint,de,CHF,2026-06-21T19:09:02.022Z
Yoris Karten,binder,Benediction of Moons,GPT,Guildpact,3,normal,common,1,27592,d8ea99d1-9e88-4b14-b0b3-39bcd8191eab,0.08,false,false,near_mint,de,CHF,2026-06-21T19:09:02.021Z
Yoris Karten,binder,Sacred Nectar,9ED,Ninth Edition,38,normal,common,3,28325,bcdd5e1c-47db-4960-860c-2af14b734b59,0.11,false,false,near_mint,de,CHF,2026-06-21T19:09:02.020Z
Yoris Karten,binder,Moment of Heroism,M20,Core Set 2020,30,normal,common,4,45431,7bbc462b-3736-4441-96ee-8dc5615b4529,0.11,false,false,near_mint,de,CHF,2026-06-21T19:09:02.019Z
Yoris Karten,binder,Angelic Ascension,M21,Core Set 2021,3,normal,uncommon,1,51054,e8cca776-b0e4-4cd2-815f-36c1f86cf497,0.26,false,false,near_mint,de,CHF,2026-06-21T19:09:02.018Z
Yoris Karten,binder,Mighty Leap,M19,Core Set 2019,28,normal,common,2,1284,dc45dcdd-ed92-43f6-b6d2-670b3252ed27,0.06,false,false,near_mint,de,CHF,2026-06-21T19:09:02.017Z
Yoris Karten,binder,Topple the Statue,2XM,Double Masters,36,normal,uncommon,3,52182,ab74e12a-ad7c-4563-aa06-632654bac91d,0.06,false,false,near_mint,de,CHF,2026-06-21T19:09:02.016Z
Yoris Karten,binder,Dazzling Beauty,MIR,Mirage,8,normal,common,2,38582,ad0ece98-5506-4a18-b900-8d1a6cd87385,0.09,false,false,near_mint,de,CHF,2026-06-21T19:09:02.015Z
Yoris Karten,binder,True Love's Kiss,ELD,Throne of Eldraine,34,normal,common,6,46304,23a4bac2-f6cb-4712-8510-a63657c43a5c,0.05,false,false,near_mint,de,CHF,2026-06-21T19:09:02.014Z
Yoris Karten,binder,Battlefield Promotion,2X2,Double Masters 2022,7,normal,common,2,70213,4e4e3a08-05a6-4730-8b4a-a8cb440dc299,0.09,false,false,near_mint,de,CHF,2026-06-21T19:09:02.013Z
Yoris Karten,binder,Angelic Gift,AFC,Forgotten Realms Commander,64,normal,common,6,60723,5a2122c0-5fb4-4767-b969-c61bd959d604,0.27,false,false,near_mint,de,CHF,2026-06-21T19:09:02.012Z
Yoris Karten,binder,Grasp of the Hieromancer,E01,Archenemy: Nicol Bolas,13,normal,common,3,4921,1df9aa51-dfd7-4e8a-a9f4-113b728b45de,0.27,false,false,near_mint,de,CHF,2026-06-21T19:09:02.011Z
Yoris Karten,binder,Indomitable Will,CHK,Champions of Kamigawa,17,normal,common,1,29209,73263906-c66b-4f85-b138-0b5deda64ab1,0.09,false,false,near_mint,de,CHF,2026-06-21T19:09:02.010Z
Yoris Karten,binder,Lost to Legend,LTR,The Lord of the Rings: Tales of Middle-earth,22,normal,uncommon,4,83480,c4e40481-aeaa-4b3d-a020-e9b6d7c11992,0.19,false,false,near_mint,de,CHF,2026-06-21T19:09:02.009Z
Yoris Karten,binder,Brilliant Halo,USG,Urza's Saga,5,normal,common,1,35963,3d454961-1ab3-442b-935d-68c25b56aea0,0.16,false,false,near_mint,de,CHF,2026-06-21T19:09:02.008Z
Yoris Karten,binder,Expose Evil,SOI,Shadows over Innistrad,19,normal,common,2,8977,9de0341a-cd45-439c-adc2-8d24c47c4bd5,0.08,false,false,near_mint,de,CHF,2026-06-21T19:09:02.007Z
Yoris Karten,binder,Guided Strike,IMA,Iconic Masters,23,normal,common,1,3602,9696feed-e8e3-434d-b155-1f5734966b49,0.24,false,false,near_mint,de,CHF,2026-06-21T19:09:02.006Z
Yoris Karten,binder,Basri's Solidarity,M21,Core Set 2021,10,normal,uncommon,1,50982,c2e6fdc0-bdd4-4bba-b8f1-bbc8dfad038e,0.16,false,false,near_mint,de,CHF,2026-06-21T19:09:02.005Z
Yoris Karten,binder,Angelic Page,DVD,Duel Decks Anthology: Divine vs. Demonic,3,normal,common,1,12475,74054bbf-6b47-4e9e-9775-ab249a859010,0.27,false,false,near_mint,de,CHF,2026-06-21T19:09:02.004Z
Yoris Karten,binder,Disempower,MIR,Mirage,9,normal,common,2,38581,3a86a2ae-aaf3-4d4d-ae06-ec3d4a539550,0.11,false,false,near_mint,de,CHF,2026-06-21T19:09:02.003Z
Yoris Karten,binder,Built to Last,KLD,Kaladesh,7,normal,common,4,7636,ef3e09a4-93d0-4ed7-bbee-82108672d5f8,0.15,false,false,near_mint,de,CHF,2026-06-21T19:09:02.026Z
Yoris Karten,binder,Gods Willing,CLU,Ravnica: Clue Edition,63,normal,common,9,90671,138f0e49-71d5-4582-92be-797e753f0f42,0.08,false,false,near_mint,de,CHF,2026-06-21T19:09:02.027Z
Yoris Karten,binder,Oppressive Rays,M15,Magic 2015,21,normal,common,4,13831,53555768-edad-4441-b6a7-ea2a7cb38abd,0.09,false,false,near_mint,de,CHF,2026-06-21T19:09:02.030Z
Yoris Karten,binder,Makeshift Battalion,RVR,Ravnica Remastered,22,normal,common,8,89591,1ef55c3a-bba0-4379-b744-79eb91bcafe7,0.09,false,false,near_mint,de,CHF,2026-06-21T19:09:02.049Z
Yoris Karten,binder,Knight of New Benalia,DOM,Dominaria,24,normal,common,3,2252,88c50c4b-a2c8-4cdc-a171-aa3ff9ef107f,0.15,false,false,near_mint,de,CHF,2026-06-21T19:09:02.051Z
Yoris Karten,binder,Benalish Honor Guard,DOM,Dominaria,5,normal,common,3,2271,73a5ecf1-2063-4cb3-a4ab-a0601b28256a,0.06,false,false,near_mint,de,CHF,2026-06-21T19:09:02.052Z
Yoris Karten,binder,Kor Cartographer,KHC,Kaldheim Commander,28,normal,common,4,57227,6226b346-ca4c-45ea-871c-1a8fb7f9be0d,0.16,false,false,near_mint,de,CHF,2026-06-21T19:09:02.057Z
Yoris Karten,binder,Stormplain Detainment,TDM,Tarkir: Dragonstorm,28,normal,common,4,104135,39f3aab5-7b54-4b55-8114-c6f9f79c255d,0.1,false,false,near_mint,de,CHF,2026-06-21T19:09:02.062Z
Yoris Karten,binder,Poised Practitioner,TDM,Tarkir: Dragonstorm,18,normal,common,3,105160,bb25366d-a647-4c5e-bcc7-7e54659aacbd,0.05,false,false,near_mint,de,CHF,2026-06-21T19:09:02.063Z
Yoris Karten,binder,Fortress Kin-Guard,TDM,Tarkir: Dragonstorm,12,normal,common,2,104900,b647a018-1d70-43a1-a265-928bcd863689,0.14,false,false,near_mint,de,CHF,2026-06-21T19:09:02.064Z
Yoris Karten,binder,Osseous Exhale,TDM,Tarkir: Dragonstorm,17,normal,common,2,104493,2300da2f-2297-4c2f-90c1-11ce2b42d91f,0.06,false,false,near_mint,de,CHF,2026-06-21T19:09:02.065Z
Yoris Karten,binder,Coordinated Maneuver,TDM,Tarkir: Dragonstorm,6,normal,common,3,104941,c6569487-53c5-4b91-877d-e4e31bfa90c0,0.18,false,false,near_mint,de,CHF,2026-06-21T19:09:02.066Z
Yoris Karten,binder,Riling Dawnbreaker // Signaling Roar,TDM,Tarkir: Dragonstorm,21,normal,common,3,104532,312f7072-3bf8-449f-bfb7-93727ef26c66,0.1,false,false,near_mint,de,CHF,2026-06-21T19:09:02.068Z
Yoris Karten,binder,Salt Road Packbeast,TDM,Tarkir: Dragonstorm,23,normal,common,4,104327,98d548c9-42bc-4155-8211-0aea801c3724,0.1,false,false,near_mint,de,CHF,2026-06-21T19:09:02.074Z
Yoris Karten,binder,Dragonback Lancer,TDM,Tarkir: Dragonstorm,9,normal,common,3,104235,0200a8c5-3293-48d0-a523-ba148680f588,0.14,false,false,near_mint,de,CHF,2026-06-21T19:09:02.084Z
Yoris Karten,binder,Aven Sentry,DOM,Dominaria,3,normal,common,2,2273,bf49e5bf-07fb-44b0-8e74-092088d9019f,0.02,false,false,near_mint,de,CHF,2026-06-21T19:09:02.096Z
Yoris Karten,binder,Celestial Enforcer,M21,Core Set 2021,11,normal,common,4,50790,46666fba-d4a7-4687-8747-a42e4c6d853e,0.02,false,false,near_mint,de,CHF,2026-06-21T19:09:02.099Z
Yoris Karten,binder,Serra Disciple,DOM,Dominaria,34,normal,common,3,2242,8359c3a8-d826-4326-a899-9f60ca774308,0.07,false,false,near_mint,de,CHF,2026-06-21T19:09:02.103Z
Yoris Karten,binder,Blessed Light,DOM,Dominaria,7,normal,common,3,2269,4cf3eb65-0f52-49c1-8243-14ce05de9f3b,0.03,false,false,near_mint,de,CHF,2026-06-21T19:09:02.106Z
Yoris Karten,binder,D'Avenant Trapper,DOM,Dominaria,11,normal,common,2,2265,a5881ab3-566b-4999-997e-cd5ecb84282b,0.05,false,false,near_mint,de,CHF,2026-06-21T19:09:02.111Z
Yoris Karten,binder,Suntail Hawk,M14,Magic 2014,40,normal,common,4,16011,28a1f83c-a9ef-463e-97b5-2ca3b7232f82,0.04,false,false,near_mint,de,CHF,2026-06-21T19:09:02.116Z
Yoris Karten,binder,Raise the Alarm,CMR,Commander Legends,41,normal,common,6,55721,6c7c8527-55f6-494d-b4f7-c427a5735053,0.26,false,false,near_mint,de,CHF,2026-06-21T19:09:02.132Z
Yoris Karten,binder,Dawnstrike Paladin,DDL,Duel Decks: Heroes vs. Monsters,14,normal,common,3,15751,549ca818-f7bf-47a8-9005-18ddabd3c360,0.06,false,false,near_mint,de,CHF,2026-06-21T19:09:02.138Z
Yoris Karten,binder,Student of Ojutai,IMA,Iconic Masters,33,normal,common,2,3592,df49884b-9e12-488c-8381-ec543349b97b,0.19,false,false,near_mint,de,CHF,2026-06-21T19:20:00.924Z
Yoris Karten,binder,Herald of Dromoka,DTK,Dragons of Tarkir,22,normal,common,1,11792,8987b2af-66d6-4271-a139-37e544cdec62,0.14,false,false,near_mint,de,CHF,2026-06-21T19:20:00.923Z
Yoris Karten,binder,Aven Tactician,DTK,Dragons of Tarkir,6,normal,common,3,11808,b9dfc3ec-ca06-40a6-b77c-c2432af9802f,0.04,false,false,near_mint,de,CHF,2026-06-21T19:20:00.922Z
Yoris Karten,binder,Sandstorm Charger,DTK,Dragons of Tarkir,34,normal,common,1,11780,9757be26-4480-43b7-a38a-8e4bde4e2d50,0.06,false,false,near_mint,de,CHF,2026-06-21T19:20:00.920Z
Yoris Karten,binder,Fate Forgotten,DTK,Dragons of Tarkir,17,normal,common,2,11797,9b2161d9-ad52-45a6-9be9-e7ff09ec8f5a,0.06,false,false,near_mint,de,CHF,2026-06-21T19:20:00.919Z
Yoris Karten,binder,Misthoof Kirin,DTK,Dragons of Tarkir,25,normal,common,1,11789,ccef8595-96e8-4df3-aa5a-9fc8c5fa9a3d,0.09,false,false,near_mint,de,CHF,2026-06-21T19:20:00.918Z
Yoris Karten,binder,Champion of Arashin,BBD,Battlebond,90,normal,common,2,1903,2f7e5122-89ff-4a25-96a5-fee5f96da7f2,0.06,false,false,near_mint,de,CHF,2026-06-21T19:20:00.916Z
Yoris Karten,binder,Aerial Assault,M20,Core Set 2020,1,normal,common,2,45460,64d9c182-cbb3-4791-90dd-0e533ddeebda,0.16,false,false,near_mint,de,CHF,2026-06-21T19:20:00.913Z
Yoris Karten,binder,Wardscale Dragon,FRF,Fate Reforged,30,normal,uncommon,3,12096,d4290215-3aec-40b8-aac5-e5c39c035cfe,0.14,false,false,near_mint,de,CHF,2026-06-21T19:20:00.905Z
Yoris Karten,binder,Ainok Bond-Kin,CMM,Commander Masters,7,normal,common,5,84440,6956c523-507c-4256-88b8-58a8a108c79f,0.17,false,false,near_mint,de,CHF,2026-06-21T19:20:00.904Z
Yoris Karten,binder,Adanto Vanguard,XLN,Ixalan,1,normal,uncommon,6,4011,21c950d7-b4f6-4902-8c9a-98f2933f9fa5,0.19,false,false,near_mint,de,CHF,2026-06-21T19:20:00.894Z
Yoris Karten,binder,Thopter Arrest,AER,Aether Revolt,25,normal,uncommon,1,6389,a4e738cb-e4ea-41c2-99a1-55b6167eccb0,0.14,false,false,near_mint,de,CHF,2026-06-21T19:20:00.891Z
Yoris Karten,binder,Elite Vanguard,EMA,Eternal Masters,8,normal,common,1,8667,28a5c350-2ed1-4a25-9626-0f8da5d1aef7,0.1,false,false,near_mint,de,CHF,2026-06-21T19:20:00.890Z
Yoris Karten,binder,Expedition Envoy,BFZ,Battle for Zendikar,24,normal,uncommon,1,10327,41193ef1-1619-4448-9905-26b05079c79a,0.09,false,false,near_mint,de,CHF,2026-06-21T19:20:00.889Z
Yoris Karten,binder,Retreat to Emeria,ZNC,Zendikar Rising Commander,20,normal,uncommon,1,55442,9f18221f-e900-48ef-9b8e-e8ee52b31939,0.27,false,false,near_mint,de,CHF,2026-06-21T19:20:00.880Z
Yoris Karten,binder,Searing Light,OGW,Oath of the Gatewatch,33,normal,common,4,9349,76dadfd8-8492-4c55-827c-cd4e6a40ae97,0.07,false,false,near_mint,de,CHF,2026-06-21T19:20:00.879Z
Yoris Karten,binder,Ondu Rising,BFZ,Battle for Zendikar,41,normal,uncommon,1,10310,07cb9f87-7ba4-408c-952d-fc9a7611df42,0.04,false,false,near_mint,de,CHF,2026-06-21T19:20:00.878Z
Yoris Karten,binder,Restoration Specialist,AER,Aether Revolt,21,normal,uncommon,1,6393,63682db3-1a56-4d8e-a9b7-04465a577518,0.17,false,false,near_mint,de,CHF,2026-06-21T19:20:00.877Z
Yoris Karten,binder,Imperial Aerosaur,XLN,Ixalan,14,normal,uncommon,1,3998,7d08f90b-9b98-4237-9826-578fb812d412,0.13,false,false,near_mint,de,CHF,2026-06-21T19:20:00.876Z
Yoris Karten,binder,Inspiring Cleric,XLN,Ixalan,16,normal,uncommon,2,3996,31b8f1da-c8ea-41d5-b1ad-b714c22d3683,0.08,false,false,near_mint,de,CHF,2026-06-21T19:20:00.875Z
Yoris Karten,binder,Ixalan's Binding,XLN,Ixalan,17,normal,uncommon,1,3995,5f3c8c31-ceb8-4a2c-beb6-0ff5f7b6ae07,0.09,false,false,near_mint,de,CHF,2026-06-21T19:20:00.874Z
Yoris Karten,binder,Dwarven Priest,M19,Core Set 2019,11,normal,common,2,1301,7e1e0f13-35a6-4a5e-8666-47bc5c275be7,0.06,false,false,near_mint,de,CHF,2026-06-21T19:20:00.873Z
Yoris Karten,binder,Take Vengeance,M20,Core Set 2020,313,normal,common,1,45147,30fff340-8e2a-4182-9ece-af5749fa0d2e,0.19,false,false,near_mint,de,CHF,2026-06-21T19:20:00.872Z
Yoris Karten,binder,Rootborn Defenses,CLU,Ravnica: Clue Edition,71,normal,common,1,91281,eb3ef4da-27c0-4364-a198-f70bea869d9b,0.19,false,false,near_mint,de,CHF,2026-06-21T19:20:00.868Z
Yoris Karten,binder,Law-Rune Enforcer,CLU,Ravnica: Clue Edition,64,normal,common,2,90761,2f160c0f-d9c9-4fc1-b61c-a2154bc21879,0.07,false,false,near_mint,de,CHF,2026-06-21T19:20:00.864Z
Yoris Karten,binder,Griffin Sentinel,M20,Core Set 2020,21,normal,common,4,45440,cb13aaa4-d40a-4fb2-9fd6-62bf76db6a13,0.07,false,false,near_mint,de,CHF,2026-06-21T19:20:00.863Z
Yoris Karten,binder,Kjeldoran Escort,ALL,Alliances,7a,normal,common,1,38848,0fd7536a-5417-4de0-9a48-82a5f82d9af4,0.12,false,false,near_mint,de,CHF,2026-06-21T19:20:00.862Z
Yoris Karten,binder,Kjeldoran Escort,ALL,Alliances,7b,normal,common,1,38847,70f54ca5-1f1b-40c7-ad0b-569c54d1b5aa,0.1,false,false,near_mint,de,CHF,2026-06-21T19:20:00.861Z
Yoris Karten,binder,Mirran Bardiche,ONE,Phyrexia: All Will Be One,22,normal,common,1,78479,3006ea5a-5391-41eb-b0c8-092741dca2eb,0.07,false,false,near_mint,de,CHF,2026-06-21T19:20:00.860Z
Yoris Karten,binder,Makindi Ox,ZNR,Zendikar Rising,293,normal,common,2,54732,be97b691-f9f5-4fb4-8e44-8ffe32d13d03,0.05,false,false,near_mint,de,CHF,2026-06-21T19:20:00.859Z
Yoris Karten,binder,Intangible Virtue,INR,Innistrad Remastered,29,normal,uncommon,4,102600,716d82a1-fb5d-4607-b1fa-e8e9edd4dd77,0.21,false,false,near_mint,de,CHF,2026-06-21T19:20:00.853Z
Yoris Karten,binder,Erase,M13,Magic 2013,13,normal,common,2,17810,8618b737-faa0-4a0c-a3f2-bee685c00580,0.06,false,false,near_mint,de,CHF,2026-06-21T19:20:00.852Z
Yoris Karten,binder,Meditation Puzzle,M15,Magic 2015,19,normal,common,2,13833,f31f5c19-9650-4fdc-a316-866eddd29c1a,0.08,false,false,near_mint,de,CHF,2026-06-21T19:20:00.851Z
Yoris Karten,binder,Griffin Rider,M12,Magic 2012,20,normal,common,1,19247,3f1a5517-e442-4fbc-b8c3-fea28e5e44d2,0.1,false,false,near_mint,de,CHF,2026-06-21T19:20:00.848Z
Yoris Karten,binder,Divine Favor,M15,Magic 2015,10,normal,common,3,13842,43c1ddf8-e38a-44df-9195-40e2b0d4cd5f,0.05,false,false,near_mint,de,CHF,2026-06-21T19:20:00.840Z
Yoris Karten,binder,Demystify,M12,Magic 2012,13,normal,common,1,19254,8f1b042f-f059-4e9f-a459-8682688f45cf,0.14,false,false,near_mint,de,CHF,2026-06-21T19:20:00.838Z
Yoris Karten,binder,Solemn Offering,BBD,Battlebond,107,normal,uncommon,3,1886,e30d14b8-b431-4764-9b30-f511bd40fd08,0.09,false,false,near_mint,de,CHF,2026-06-21T19:20:00.827Z
Yoris Karten,binder,Oblivion Ring,MM2,Modern Masters 2015,29,normal,uncommon,1,11188,bff31eba-8ab3-403e-8d82-37a18b279bec,0.15,false,false,near_mint,de,CHF,2026-06-21T19:20:00.826Z
Yoris Karten,binder,Geist-Honored Monk,KHC,Kaldheim Commander,25,normal,rare,1,57219,4d09ef1d-3552-43a3-91c7-0d14c0f06780,0.36,false,false,near_mint,de,CHF,2026-06-21T19:20:00.825Z
Yoris Karten,binder,Drogskol Cavalry,SOI,Shadows over Innistrad,15,normal,rare,1,8981,46c262c8-9daa-4ed8-b519-11b5895de89f,0.23,false,false,near_mint,de,CHF,2026-06-21T19:20:00.824Z
Yoris Karten,binder,Reaping the Rewards,EXO,Exodus,16,normal,common,1,36320,379b0495-8795-4b21-9d0a-dc4e10098de2,0.1,false,false,near_mint,de,CHF,2026-06-21T19:20:00.822Z
Yoris Karten,binder,Spirit en-Kor,STH,Stronghold,19,normal,common,4,36626,f8adc368-ede3-4b1c-af93-a5e0f2e24d83,0.09,false,false,near_mint,de,CHF,2026-06-21T19:20:00.821Z
Yoris Karten,binder,Disciple of Grace,USG,Urza's Saga,10,normal,common,1,35958,83fa36d2-0a60-40a5-a182-a63e1e65b2bd,0.14,false,false,near_mint,de,CHF,2026-06-21T19:20:00.820Z
Yoris Karten,binder,Nightwind Glider,MMQ,Mercadian Masques,31,normal,common,1,34379,0968401d-522f-4def-92a1-d504471ac54e,0.16,false,false,near_mint,de,CHF,2026-06-21T19:20:00.819Z
Yoris Karten,binder,Thermal Glider,MMQ,Mercadian Masques,53,normal,common,1,34357,fd909c26-930d-4af0-b19a-c899847338b4,0.12,false,false,near_mint,de,CHF,2026-06-21T19:20:00.818Z
Yoris Karten,binder,Honor Guard,9ED,Ninth Edition,20,normal,common,1,28343,20f208a8-115a-4734-b56a-9330018cb269,0.05,false,false,near_mint,de,CHF,2026-06-21T19:20:00.817Z
Yoris Karten,binder,Aven Cloudchaser,10E,Tenth Edition,7,normal,common,1,26139,407110e9-19af-4ff5-97b2-c03225031a73,0.18,false,false,near_mint,de,CHF,2026-06-21T19:20:00.816Z
Yoris Karten,binder,Trained Pronghorn,JUD,Judgment,30,normal,common,1,31568,720ec745-226c-4211-974f-e04a4f9e1902,0.19,false,false,near_mint,de,CHF,2026-06-21T19:20:00.815Z
Yoris Karten,binder,Freewind Falcon,ATH,Anthologies,6,normal,common,1,35612,e61be25a-af46-4189-84e1-6a6c73b3614f,0.27,false,false,near_mint,de,CHF,2026-06-21T19:20:00.814Z
Yoris Karten,binder,Heavy Ballista,6ED,Classic Sixth Edition,23,normal,uncommon,1,35354,9c587228-b633-4049-beb8-e45aae967167,0.15,false,false,near_mint,de,CHF,2026-06-21T19:20:00.813Z
Yoris Karten,binder,Benalish Infantry,WTH,Weatherlight,8,normal,common,1,37289,e8472303-b8ee-402b-a9ea-49abe2e01152,0.11,false,false,near_mint,de,CHF,2026-06-21T19:20:00.812Z
Yoris Karten,binder,Knight of Dawn,TMP,Tempest,26,normal,uncommon,1,36973,bf0e5034-a134-4eb6-af8e-b2419b92b3a6,0.19,false,false,near_mint,de,CHF,2026-06-21T19:20:00.810Z
Yoris Karten,binder,Youthful Knight,E01,Archenemy: Nicol Bolas,22,normal,common,1,4904,b64501e1-da45-4d67-9961-94bc6997fad2,0.32,false,false,near_mint,de,CHF,2026-06-21T19:20:00.808Z
Yoris Karten,binder,Honor Guard,STH,Stronghold,7,normal,common,2,36638,35c44137-ddcc-42fa-baff-a0c3785b84ee,0.11,false,false,near_mint,de,CHF,2026-06-21T19:20:00.807Z
Yoris Karten,binder,Orim's Touch,INV,Invasion,23,normal,common,2,33310,559f551e-7891-4c6d-8798-a25c0255fa3b,0.04,false,false,near_mint,de,CHF,2026-06-21T19:20:00.806Z
Yoris Karten,binder,Ardent Soldier,INV,Invasion,3,normal,common,1,33330,39dce974-846f-4365-b0a5-851e38668e7d,0.09,false,false,near_mint,de,CHF,2026-06-21T19:20:00.805Z
Yoris Karten,binder,Midvast Protector,AVR,Avacyn Restored,28,normal,common,2,18250,d4f6214f-90cb-4575-b221-3c8d0ed65ffe,0.02,false,false,near_mint,de,CHF,2026-06-21T19:20:00.828Z
Yoris Karten,binder,Thraben Valiant,DDL,Duel Decks: Heroes vs. Monsters,6,normal,common,4,15759,a8a8282b-bba6-4815-80fe-7a37a1fec3c1,0.03,false,false,near_mint,de,CHF,2026-06-21T19:20:00.830Z
Yoris Karten,binder,Midnight Duelist,AVR,Avacyn Restored,27,normal,common,2,18251,2371bd0c-ca38-4a62-b525-bef4d1ca0646,0.04,false,false,near_mint,de,CHF,2026-06-21T19:20:00.834Z
Yoris Karten,binder,Gideon's Lawkeeper,E01,Archenemy: Nicol Bolas,11,normal,common,5,4925,757d58fc-cf26-4095-9616-a47e9501cc0d,0.29,false,false,near_mint,de,CHF,2026-06-21T19:20:00.843Z
Yoris Karten,binder,Sanctified Charge,M15,Magic 2015,30,normal,common,3,13822,6481bf34-192c-4102-8336-4d2d007d9e3c,0.02,false,false,near_mint,de,CHF,2026-06-21T19:20:00.849Z
Yoris Karten,binder,Moonwing Moth,SOK,Saviors of Kamigawa,20,normal,common,2,28518,f646ed53-c323-4f84-b8c9-39e31da1aca8,0.2,false,false,near_mint,de,CHF,2026-06-21T19:20:00.855Z
Yoris Karten,binder,Kitsune Dawnblade,SOK,Saviors of Kamigawa,16,normal,common,6,28522,b09ab22e-aa22-4d6b-87c6-970563486f21,0.12,false,false,near_mint,de,CHF,2026-06-21T19:20:00.857Z
Yoris Karten,binder,Bulwark Giant,RVR,Ravnica Remastered,11,normal,common,3,89968,ebf3a622-6aad-4d74-8098-ffbf21555956,0.17,false,false,near_mint,de,CHF,2026-06-21T19:20:00.865Z
Yoris Karten,binder,Wispmare,LRW,Lorwyn,48,normal,common,9,25394,56389c91-a470-4c43-9368-98df4d38f7fd,0.21,false,false,near_mint,de,CHF,2026-06-21T19:20:00.881Z
Yoris Karten,binder,Aerial Modification,AER,Aether Revolt,1,normal,uncommon,2,6413,b89cab47-25fb-49ea-bb43-90a0089b6b20,0.06,false,false,near_mint,de,CHF,2026-06-21T19:20:00.892Z
Yoris Karten,binder,Voice of the Provinces,DDQ,Duel Decks: Blessed vs. Cursed,23,normal,common,3,9160,11a8437f-a783-4d76-8af1-a347d48a1bad,0.2,false,false,near_mint,de,CHF,2026-06-21T19:20:00.895Z
Yoris Karten,binder,Sage's Reverie,WOC,Wilds of Eldraine Commander,73,normal,uncommon,2,85319,2ad9d5f2-f41b-47f6-acdf-bd8974446a9a,1.29,false,false,near_mint,de,CHF,2026-06-21T19:20:00.906Z
Yoris Karten,binder,Revoke Existence,DDI,Duel Decks: Venser vs. Koth,26,normal,common,2,18348,1725dd34-161f-42ce-a1a5-c4104121a845,0.13,false,false,near_mint,de,CHF,2026-06-21T19:20:00.908Z
Yoris Karten,binder,Arrest,MM2,Modern Masters 2015,9,normal,common,2,11208,9fc0be19-e041-4347-a51c-7e93a3d9e712,0.17,false,false,near_mint,de,CHF,2026-06-21T19:20:00.910Z
Yoris Karten,binder,Glaring Aegis,M20,Core Set 2020,18,normal,common,7,45443,daa83dc2-4ec0-4e4f-8bfd-4f6d6df06a2d,0.16,false,false,near_mint,de,CHF,2026-06-21T19:20:00.914Z
Yoris Karten,binder,Artful Maneuver,DTK,Dragons of Tarkir,4,normal,common,2,11810,7fcaf67e-ba97-4af9-8c47-dbca703cba35,0.08,false,false,near_mint,de,CHF,2026-06-21T19:20:00.917Z
Yoris Karten,binder,Tempest of Light,M10,Magic 2010,36,normal,uncommon,2,23317,d86e9c3f-c72d-4b7b-a2c2-5249fbf0990f,0.13,false,false,near_mint,de,CHF,2026-06-21T19:32:10.767Z
Yoris Karten,binder,Righteousness,ELD,Throne of Eldraine,27,normal,uncommon,2,46311,d2910df2-e288-4fa0-9859-c5ca35da2d55,0.09,false,false,near_mint,de,CHF,2026-06-21T19:32:10.765Z
Yoris Karten,binder,Master of Pearls,MKC,Murders at Karlov Manor Commander,73,normal,rare,1,90365,5c0267c9-e0a7-4c16-afc9-f05de9fccaba,0.1,false,false,near_mint,de,CHF,2026-06-21T19:32:10.764Z
Yoris Karten,binder,Mesa Enchantress,CMM,Commander Masters,828,normal,rare,1,84360,51c0ee3e-054e-4b01-b333-4ef3bc904750,0.46,false,false,near_mint,de,CHF,2026-06-21T19:32:10.763Z
Yoris Karten,binder,Conqueror's Pledge,ZEN,Zendikar,8,normal,rare,1,22616,1af1844a-601a-48c1-bf96-921d2d2e2aa1,0.31,false,false,near_mint,de,CHF,2026-06-21T19:32:10.762Z
Yoris Karten,binder,Angel of Flight Alabaster,VOC,Crimson Vow Commander,77,normal,rare,1,64524,3ff8fbcd-5db9-4cde-9f56-243b1f4924f8,0.19,false,false,near_mint,de,CHF,2026-06-21T19:32:10.761Z
Yoris Karten,binder,Toolcraft Exemplar,KLD,Kaladesh,32,normal,rare,3,7611,daae3dae-3297-4750-9bca-c8aadaf815ea,0.18,false,false,near_mint,de,CHF,2026-06-21T19:32:10.760Z
Yoris Karten,binder,Basri's Lieutenant,M21,Core Set 2021,9,normal,rare,2,50854,74b1eae0-1bf8-4922-a9e3-45c01ece9005,0.31,false,false,near_mint,de,CHF,2026-06-21T19:32:10.759Z
Yoris Karten,binder,Tethmos High Priest,UMA,Ultimate Masters,40,normal,common,1,43459,51baeea2-a922-4e98-8253-f395546c30c8,0.11,false,false,near_mint,de,CHF,2026-06-21T19:32:10.758Z
Yoris Karten,binder,Teroh's Faithful,TOR,Torment,18,normal,common,1,31723,bff8cf45-c84f-49d7-ad3d-b5e046286cb3,0.19,false,false,near_mint,de,CHF,2026-06-21T19:32:10.757Z
Yoris Karten,binder,Kirtar's Desire,ODY,Odyssey,27,normal,common,2,32150,7f1e36fe-ecbe-46aa-9ee8-2ba4daba7d31,0.17,false,false,near_mint,de,CHF,2026-06-21T19:32:10.756Z
Yoris Karten,binder,Crossbow Infantry,MMQ,Mercadian Masques,16,normal,common,1,34394,744c2177-3140-48a1-95a4-2f0a27ca5b2f,0.09,false,false,near_mint,de,CHF,2026-06-21T19:32:10.755Z
Yoris Karten,binder,Charm Peddler,MMQ,Mercadian Masques,6,normal,common,2,34404,082e6ee3-cc1f-46c7-9d82-56751478b3cf,0.15,false,false,near_mint,de,CHF,2026-06-21T19:32:10.754Z
Yoris Karten,binder,Ward of Lights,MIR,Mirage,47,normal,common,2,38543,6d389daf-c7d8-4bd1-b4ea-5082f5d280c0,0.18,false,false,near_mint,de,CHF,2026-06-21T19:32:10.753Z
Yoris Karten,binder,Ivory Charm,MIR,Mirage,23,normal,common,2,38567,0706acf6-587e-4f29-944a-fdf25aeacb6d,0.1,false,false,near_mint,de,CHF,2026-06-21T19:32:10.752Z
Yoris Karten,binder,Advance Scout,BRB,Battle Royale Box Set,2,normal,common,1,34058,d586407a-d260-48c6-8c05-50612d109221,0.39,false,false,near_mint,de,CHF,2026-06-21T19:32:10.750Z
Yoris Karten,binder,Soltari Trooper,TMP,Tempest,47,normal,common,1,36952,32f74aa3-4003-4f53-b774-22b111935391,0.19,false,false,near_mint,de,CHF,2026-06-21T19:32:10.749Z
Yoris Karten,binder,Scapegoat,STH,Stronghold,14,normal,uncommon,1,36631,20454d36-d98d-4421-b3aa-d2dd4b368d84,0.43,false,false,near_mint,de,CHF,2026-06-21T19:32:10.747Z
Yoris Karten,binder,Nomads en-Kor,STH,Stronghold,9,normal,common,1,36636,b3a03c68-0ebe-488a-8e6c-7cbf7a448416,0.63,false,false,near_mint,de,CHF,2026-06-21T19:32:10.744Z
Yoris Karten,binder,Welkin Hawk,EXO,Exodus,25,normal,common,1,36311,8166253c-c6ac-4b5e-9746-09ce3774c66b,0.09,false,false,near_mint,de,CHF,2026-06-21T19:32:10.743Z
Yoris Karten,binder,Skyshroud Falcon,STH,Stronghold,16,normal,common,1,36629,afb86621-1a6e-4d56-ab0e-531105775c56,0.11,false,false,near_mint,de,CHF,2026-06-21T19:32:10.742Z
Yoris Karten,binder,Opal Caryatid,USG,Urza's Saga,24,normal,common,1,35944,3a8a2e24-c959-40a2-883d-c0114589cfe7,0.11,false,false,near_mint,de,CHF,2026-06-21T19:32:10.741Z
Yoris Karten,binder,Opal Gargoyle,USG,Urza's Saga,25,normal,common,1,35943,a8a67943-8f07-445b-a84c-893879dae7ca,0.13,false,false,near_mint,de,CHF,2026-06-21T19:32:10.740Z
Yoris Karten,binder,Crimson Acolyte,INV,Invasion,11,normal,common,1,33322,c1718028-3009-4bdd-9f6f-59c17edd1344,0.32,false,false,near_mint,de,CHF,2026-06-21T19:32:10.738Z
Yoris Karten,binder,Mesa Pegasus,5ED,Fifth Edition,47,normal,common,1,37959,552089f3-1ae4-4f73-a19c-731ef98e1979,0.21,false,false,near_mint,de,CHF,2026-06-21T19:32:10.737Z
Yoris Karten,binder,Silent Attendant,USG,Urza's Saga,51,normal,common,1,35917,56e90087-3738-40df-929b-d2f880264b55,0.16,false,false,near_mint,de,CHF,2026-06-21T19:32:10.736Z
Yoris Karten,binder,Prismatic Circle,MIR,Mirage,34,normal,common,2,38556,8d4e3de4-f173-4bcc-a5fb-089eee7108d3,0.08,false,false,near_mint,de,CHF,2026-06-21T19:32:10.735Z
Yoris Karten,binder,Civic Guildmage,MIR,Mirage,7,normal,common,1,38583,a9319039-db2f-47bf-9ef0-8d3a381d54fb,0.08,false,false,near_mint,de,CHF,2026-06-21T19:32:10.734Z
Yoris Karten,binder,Mtenda Griffin,MIR,Mirage,28,normal,uncommon,1,38562,162dd988-0beb-48e4-9eaa-a08ddb835648,0.27,false,false,near_mint,de,CHF,2026-06-21T19:32:10.733Z
Yoris Karten,binder,Femeref Scouts,MIR,Mirage,19,normal,common,2,38571,60192ded-689b-4cc5-9293-bff52924089b,0.09,false,false,near_mint,de,CHF,2026-06-21T19:32:10.732Z
Yoris Karten,binder,Vulpikeet,IKO,Ikoria: Lair of Behemoths,37,normal,common,3,50040,07bce816-3d18-4ca1-b88f-7307ec7c345d,0.16,false,false,near_mint,de,CHF,2026-06-21T19:32:10.731Z
Yoris Karten,binder,Revoke Existence,2XM,Double Masters,28,normal,common,5,52164,7bd4fc26-8351-4371-948b-f43346c3e771,0.11,false,false,near_mint,de,CHF,2026-06-21T19:32:10.728Z
Yoris Karten,binder,Shadow Glider,BFZ,Battle for Zendikar,47,normal,common,1,10304,b4ffaf62-2e12-4b1d-a590-f63aacb4a30b,0.02,false,false,near_mint,de,CHF,2026-06-21T19:32:10.726Z
Yoris Karten,binder,Felidar Cub,FDN,Foundations,573,normal,common,1,100156,0d61d50b-7ab6-45a9-b207-31d87aa2e555,0.08,false,false,near_mint,de,CHF,2026-06-21T19:32:10.725Z
Yoris Karten,binder,Courier Griffin,BFZ,Battle for Zendikar,21,normal,common,1,10330,4d3afc71-f5db-45c3-96b2-8454b7f33542,0.06,false,false,near_mint,de,CHF,2026-06-21T19:32:10.723Z
Yoris Karten,binder,Kor Castigator,BFZ,Battle for Zendikar,35,normal,common,1,10316,f4db2f0e-d7d4-417b-9b94-5ade727907e9,0.02,false,false,near_mint,de,CHF,2026-06-21T19:32:10.722Z
Yoris Karten,binder,Encircling Fissure,BFZ,Battle for Zendikar,23,normal,uncommon,1,10328,575da7cb-6715-43df-a7b4-a4ca00216a1d,0.11,false,false,near_mint,de,CHF,2026-06-21T19:32:10.718Z
Yoris Karten,binder,Rhet-Crop Spearmaster,AKH,Amonkhet,26,normal,common,3,5659,3fcfc2d3-8719-4ba1-b4c5-b2f8f6bab634,0.03,false,false,near_mint,de,CHF,2026-06-21T19:32:10.716Z
Yoris Karten,binder,Compulsory Rest,AKH,Amonkhet,9,normal,common,3,5676,11cb3a5b-beee-4f53-a6b5-e9b5603546fa,0.12,false,false,near_mint,de,CHF,2026-06-21T19:32:10.714Z
Yoris Karten,binder,Anointer Priest,AKH,Amonkhet,3,normal,common,1,5682,4f922231-bf41-47d3-8fa3-13b9baf4a0f3,0.18,false,false,near_mint,de,CHF,2026-06-21T19:32:10.712Z
Yoris Karten,binder,Tah-Crop Elite,AKH,Amonkhet,31,normal,common,1,5654,ce8dda75-a196-47bc-98d8-522eb35e7d1a,0.02,false,false,near_mint,de,CHF,2026-06-21T19:32:10.708Z
Yoris Karten,binder,Sinew Dancer,ONE,Phyrexia: All Will Be One,286,normal,common,4,78640,7836bd5e-9df3-4f24-adce-ca7028fea78f,0.08,false,false,near_mint,de,CHF,2026-06-21T19:32:10.701Z
Yoris Karten,binder,Settle Beyond Reality,2X2,Double Masters 2022,30,normal,common,4,70498,ca74453c-278e-4a6c-aa37-e5654e16b08b,0.13,false,false,near_mint,de,CHF,2026-06-21T19:32:10.700Z
Yoris Karten,binder,Eternal Isolation,M20,Core Set 2020,15,normal,uncommon,1,45446,021963bf-87fc-432f-b9a1-4f627885a7a9,0.09,false,false,near_mint,de,CHF,2026-06-21T19:32:10.699Z
Yoris Karten,binder,Griffin Protector,M20,Core Set 2020,20,normal,common,2,45441,5c32c4f2-4fa5-4874-8413-eac822121a0b,0.06,false,false,near_mint,de,CHF,2026-06-21T19:32:10.698Z
Yoris Karten,binder,Trusted Pegasus,CLU,Ravnica: Clue Edition,77,normal,common,2,90856,4ef0fcc8-a7be-4239-9a63-92e0c647de35,0.12,false,false,near_mint,de,CHF,2026-06-21T19:32:10.695Z
Yoris Karten,binder,Teyo's Lightshield,WAR,War of the Spark,33,normal,common,1,44371,dfffe235-98b1-43db-9461-1b2da5f0690e,0.04,false,false,near_mint,de,CHF,2026-06-21T19:32:10.693Z
Yoris Karten,binder,Loxodon Line Breaker,M19,Core Set 2019,24,normal,common,1,1288,928d4250-c379-4134-a263-7811c80a8760,0.06,false,false,near_mint,de,CHF,2026-06-21T19:32:10.692Z
Yoris Karten,binder,Rustwing Falcon,M19,Core Set 2019,36,normal,common,2,1276,c6691e62-8887-41e8-8e74-76ee2353d45e,0.2,false,false,near_mint,de,CHF,2026-06-21T19:32:10.690Z
Yoris Karten,binder,Bishop's Soldier,FDN,Foundations,491,normal,common,1,101478,16dfd7b3-6d01-4e98-aec3-b27e8e2444e8,0.1,false,false,near_mint,de,CHF,2026-06-21T19:32:10.689Z
Yoris Karten,binder,Vampire's Zeal,XLN,Ixalan,43,normal,common,2,3969,88c507f6-c178-40be-bca7-3bd5adb1c5b1,0.08,false,false,near_mint,de,CHF,2026-06-21T19:32:10.688Z
Yoris Karten,binder,Shining Aerosaur,XLN,Ixalan,36,normal,common,1,3976,8e900d0d-6f35-4e5d-9365-6ade227d218d,0.06,false,false,near_mint,de,CHF,2026-06-21T19:32:10.687Z
Yoris Karten,binder,Encampment Keeper,XLN,Ixalan,11,normal,common,1,4001,6fe64569-c1b6-4bd4-a742-6ee46ea5181c,0.08,false,false,near_mint,de,CHF,2026-06-21T19:32:10.686Z
Yoris Karten,binder,Pious Interdiction,XLN,Ixalan,26,normal,common,1,3986,670b9645-ce34-41eb-a527-4af3e13c3a54,0.1,false,false,near_mint,de,CHF,2026-06-21T19:32:10.684Z
Yoris Karten,binder,Sunrise Seeker,XLN,Ixalan,40,normal,common,1,3972,709d87b3-bf42-47ed-961d-d0e86d3e1d90,0.03,false,false,near_mint,de,CHF,2026-06-21T19:32:10.683Z
Yoris Karten,binder,Legion Conquistador,RIX,Rivals of Ixalan,11,normal,common,1,3007,ba197b31-97b8-447e-b8fd-3eefd5ccdc72,0.03,false,false,near_mint,de,CHF,2026-06-21T19:32:10.682Z
Yoris Karten,binder,Demystify,XLN,Ixalan,8,normal,common,1,4004,e3979b88-ac58-420a-8c03-37ea5d93d0f1,0.07,false,false,near_mint,de,CHF,2026-06-21T19:32:10.681Z
Yoris Karten,binder,Inspiring Captain,INR,Innistrad Remastered,28,normal,common,1,102855,fb56d6ab-50bf-4407-9f30-595ef7ae9492,0.08,false,false,near_mint,de,CHF,2026-06-21T19:32:10.679Z
Yoris Karten,binder,Yoked Ox,M20,Core Set 2020,41,normal,common,5,45420,a73f186b-c897-4a98-bc25-8e4aa348d8c9,0.1,false,false,near_mint,de,CHF,2026-06-21T19:32:10.678Z
Yoris Karten,binder,Disenchant,CMR,Commander Legends,372,normal,common,2,56028,2ba38105-bada-449a-ab2f-3d6db2764a06,0.23,false,false,near_mint,de,CHF,2026-06-21T19:32:10.677Z
Yoris Karten,binder,Start // Finish,AKH,Amonkhet,215,normal,uncommon,2,5470,9c6f5433-57cc-4cb3-8621-2575fcbff392,0.21,false,false,near_mint,de,CHF,2026-06-21T19:32:10.674Z
Yoris Karten,binder,Shining Armor,ELD,Throne of Eldraine,29,normal,common,4,46309,7791f46e-f772-4d3f-824e-52b4fc721b58,0.14,false,false,near_mint,de,CHF,2026-06-21T19:32:10.672Z
Yoris Karten,binder,Mesa Lynx,ZNR,Zendikar Rising,28,normal,common,1,54823,f65af09b-656f-4d81-b95d-b4f902e56bb7,0.04,false,false,near_mint,de,CHF,2026-06-21T19:32:10.671Z
Yoris Karten,binder,Angelheart Protector,ZNR,Zendikar Rising,3,normal,common,2,54735,c06cc03f-da73-4ba5-96c9-618b497a7ea3,0.08,false,false,near_mint,de,CHF,2026-06-21T19:32:10.670Z
Yoris Karten,binder,Venerable Knight,ELD,Throne of Eldraine,35,normal,uncommon,4,46303,0001f1ef-b957-4a55-b47f-14839cdbab6f,0.19,false,false,near_mint,de,CHF,2026-06-21T19:32:10.668Z
Yoris Karten,binder,Sanctum of Tranquil Light,M21,Core Set 2021,33,normal,uncommon,1,50763,34a5478a-1a2c-4117-b543-da083ed2b562,0.31,false,false,near_mint,de,CHF,2026-06-21T19:32:10.665Z
Yoris Karten,binder,Faith's Fetters,M21,Core Set 2021,17,normal,uncommon,3,50893,8e742d49-e6f0-4016-ba4c-11878fad89cb,0.14,false,false,near_mint,de,CHF,2026-06-21T19:32:10.664Z
Yoris Karten,binder,Falconer Adept,M21,Core Set 2021,18,normal,uncommon,2,51084,fb4733e6-6fe2-4460-ac9f-82feb583d790,0.12,false,false,near_mint,de,CHF,2026-06-21T19:32:10.663Z
Yoris Karten,binder,Practiced Tactics,ZNR,Zendikar Rising,32,normal,common,3,54645,91b448f4-aa0c-42c7-a771-e8dd20e0520c,0.11,false,false,near_mint,de,CHF,2026-06-21T19:32:10.662Z
Yoris Karten,binder,Ardenvale Paladin,ELD,Throne of Eldraine,4,normal,common,3,46334,a32fa360-6c41-4146-931b-c19e9a766803,0.14,false,false,near_mint,de,CHF,2026-06-21T19:32:10.658Z
Yoris Karten,binder,Outflank,ELD,Throne of Eldraine,23,normal,common,3,46315,663e0208-81c3-4a76-bcc2-bc59cf8ca649,0.14,false,false,near_mint,de,CHF,2026-06-21T19:32:10.656Z
Yoris Karten,binder,Rebuke,BBD,Battlebond,103,normal,common,1,1890,9671c116-98cb-43b4-ace2-1e4f51a4a4c6,0.03,false,false,near_mint,de,CHF,2026-06-21T19:32:10.653Z
Yoris Karten,binder,Inspiring Roar,CMR,Commander Legends,23,normal,common,2,55564,1287d422-d6b0-43eb-8e89-3d6a0201100d,0.08,false,false,near_mint,de,CHF,2026-06-21T19:32:10.650Z
Yoris Karten,binder,Windborne Charge,CN2,Conspiracy: Take the Crown,100,normal,uncommon,1,7997,6cbfac9f-1935-4526-8dfa-9a535ff14950,0.06,false,false,near_mint,de,CHF,2026-06-21T19:32:10.643Z
Yoris Karten,binder,Narrow Escape,DDE,Duel Decks: Phyrexia vs. the Coalition,55,normal,common,1,21986,c730b0c4-e8cf-4c6f-b65c-faebf508fc3c,0.1,false,false,near_mint,de,CHF,2026-06-21T19:32:10.642Z
Yoris Karten,binder,Divine Verdict,W17,Welcome Deck 2017,1,normal,common,1,5868,d6686a8d-9cf9-4787-9cf4-1aff8366f7ca,0.05,false,false,near_mint,de,CHF,2026-06-21T19:32:10.641Z
Yoris Karten,binder,Armored Ascension,M11,Magic 2011,5,normal,uncommon,1,21384,5647c21e-5926-462c-8b01-862f8cedf777,0.28,false,false,near_mint,de,CHF,2026-06-21T19:32:10.640Z
Yoris Karten,binder,Harm's Way,DDG,Duel Decks: Knights vs. Dragons,23,normal,uncommon,1,19953,9c59d43e-0e07-4601-b6df-178010ea909f,0.05,false,false,near_mint,de,CHF,2026-06-21T19:32:10.639Z
Yoris Karten,binder,Vengeance,9ED,Ninth Edition,S2,normal,uncommon,1,28368,314e7a88-d721-490f-8b62-23ce58092be8,0.09,false,false,near_mint,de,CHF,2026-06-21T19:32:10.630Z
Yoris Karten,binder,Holy Day,9ED,Ninth Edition,18,normal,common,2,28345,5adefbeb-c9fc-48b7-9030-cd0d367dd19e,0.22,false,false,near_mint,de,CHF,2026-06-21T19:32:10.629Z
Yoris Karten,binder,Fortifying Provisions,ELD,Throne of Eldraine,13,normal,common,3,46325,98ce113c-53da-4fab-b7c9-fc3df248b65e,0.12,false,false,near_mint,de,CHF,2026-06-21T19:32:10.621Z
Yoris Karten,binder,Silverflame Ritual,ELD,Throne of Eldraine,30,normal,common,3,46308,cad7efd1-5f53-4466-9a02-c474c265298a,0.1,false,false,near_mint,de,CHF,2026-06-21T19:32:10.620Z
Yoris Karten,binder,Prized Griffin,ELD,Throne of Eldraine,24,normal,common,6,46314,877bd423-83ff-4a28-b0d2-447a7821bb8c,0.06,false,false,near_mint,de,CHF,2026-06-21T19:32:10.619Z
Yoris Karten,binder,Knight of Old Benalia,MH1,Modern Horizons,17,normal,common,1,44917,6d919fc0-0117-4dad-a368-e76b216cdd2a,0.05,false,false,near_mint,de,CHF,2026-06-21T19:32:10.618Z
Yoris Karten,binder,Rally for the Throne,ELD,Throne of Eldraine,25,normal,uncommon,3,46313,548d7ff0-70b6-4221-b50b-3ee8547e1b0a,0.17,false,false,near_mint,de,CHF,2026-06-21T19:32:10.617Z
Yoris Karten,binder,Blessed Spirits,ORI,Magic Origins,7,normal,uncommon,3,10935,150dd602-5f61-4f1e-a422-e64c079de141,0.1,false,false,near_mint,de,CHF,2026-06-21T19:32:10.614Z
Yoris Karten,binder,Daybreak Chaplain,M20,Core Set 2020,12,normal,common,2,45449,0ce89a0b-d0e4-4c71-b131-0d3b0b76bc3b,0.04,false,false,near_mint,de,CHF,2026-06-21T19:32:10.612Z
Yoris Karten,binder,Rising Populace,WAR,War of the Spark,29,normal,common,1,44375,edcacc28-aacf-4d40-b8cc-f8c028380340,0.04,false,false,near_mint,de,CHF,2026-06-21T19:32:10.607Z
Yoris Karten,binder,Pouncing Lynx,WAR,War of the Spark,25,normal,common,1,44379,9383956f-90bc-40e4-ae5c-503e98e21832,0.06,false,false,near_mint,de,CHF,2026-06-21T19:32:10.606Z
Yoris Karten,binder,Steadfast Sentry,M20,Core Set 2020,40,normal,common,1,45421,8d92614e-05da-4b5c-a98b-addf8ab2de7b,0.06,false,false,near_mint,de,CHF,2026-06-21T19:32:10.604Z
Yoris Karten,binder,Fencing Ace,CMM,Commander Masters,23,normal,uncommon,1,84649,994094f8-e175-4e2e-aa39-c096f0ed9e6a,0.07,false,false,near_mint,de,CHF,2026-06-21T19:32:10.603Z
Yoris Karten,binder,Leonin Vanguard,FDN,Foundations,499,normal,uncommon,6,97171,17b25850-f1bd-4410-beec-603b2a77f264,0.43,false,false,near_mint,de,CHF,2026-06-21T19:32:10.599Z
Yoris Karten,binder,Baffling End,RIX,Rivals of Ixalan,1,normal,uncommon,2,3017,208c6f51-3c00-4fc6-8579-8f57444d0e97,0.15,false,false,near_mint,de,CHF,2026-06-21T19:32:10.598Z
Yoris Karten,binder,Imperial Lancer,XLN,Ixalan,15,normal,uncommon,1,3997,7ed3784a-2dc0-4626-aa6a-268c1e2ac83c,0.05,false,false,near_mint,de,CHF,2026-06-21T19:32:10.593Z
Yoris Karten,binder,Glorifier of Dusk,CLU,Ravnica: Clue Edition,62,normal,uncommon,1,90929,67570c1a-7107-41fb-bc09-a9d0c6d79b2b,0.23,false,false,near_mint,de,CHF,2026-06-21T19:32:10.592Z
Yoris Karten,binder,Aven Battle Priest,ORI,Magic Origins,6,normal,common,2,10936,b0060e75-a5a4-4d9a-894c-45bb7e2feffc,0.15,false,false,near_mint,de,CHF,2026-06-21T19:32:10.590Z
Yoris Karten,binder,Ghostly Sentinel,BFZ,Battle for Zendikar,28,normal,common,1,10323,de867066-df5c-4412-9d51-56626b6d0220,0.02,false,false,near_mint,de,CHF,2026-06-21T19:32:10.588Z
Yoris Karten,binder,Stone Haven Medic,BFZ,Battle for Zendikar,51,normal,common,1,10300,3956563b-bde3-4aec-93fe-e03bade49458,0.04,false,false,near_mint,de,CHF,2026-06-21T19:32:10.587Z
Yoris Karten,binder,Kitesail Scout,BFZ,Battle for Zendikar,33,normal,common,2,10318,68a07aad-4ed5-47ae-b04c-9b9919000f6c,0.03,false,false,near_mint,de,CHF,2026-06-21T19:32:10.586Z
Yoris Karten,binder,Shepherd of the Flock // Usher to Safety,ELD,Throne of Eldraine,28,normal,uncommon,2,46310,c0b4f0ce-0d18-4546-803d-94a2f4f30951,0.26,false,false,near_mint,de,CHF,2026-06-21T19:32:10.584Z
Yoris Karten,binder,Whitemane Lion,DMR,Dominaria Remastered,35,normal,common,1,78061,a358def9-65a0-4741-896c-b2a8c8947768,0.21,false,false,near_mint,de,CHF,2026-06-21T19:32:10.583Z
Yoris Karten,binder,Purge,DST,Darksteel,12,normal,uncommon,1,29649,bdcbe727-81f0-469e-92f1-0dd9acdb54ea,0.13,false,false,near_mint,de,CHF,2026-06-21T19:32:10.581Z
Yoris Karten,binder,Loxodon Mystic,DST,Darksteel,7,normal,common,2,29654,5976c352-ac49-4e0d-a4c0-ec9b6b78db9c,0.05,false,false,near_mint,de,CHF,2026-06-21T19:32:10.579Z
Yoris Karten,binder,Auriok Glaivemaster,DST,Darksteel,1,normal,common,2,29660,97cce4d4-bff2-4dbb-bc12-1a726ad82dd4,0.08,false,false,near_mint,de,CHF,2026-06-21T19:32:10.578Z
Yoris Karten,binder,Ghost Tactician,PLC,Planar Chaos,6,normal,common,6,26528,56ab366c-085b-4b13-b5ad-918965c34d22,0.06,false,false,near_mint,de,CHF,2026-06-21T19:32:10.577Z
Yoris Karten,binder,Pallid Mycoderm,TSR,Time Spiral Remastered,31,normal,common,2,57574,29a2a28e-c241-4228-9ece-2e49d4d3733a,0.19,false,false,near_mint,de,CHF,2026-06-21T19:32:10.576Z
Yoris Karten,binder,Revered Dead,PLC,Planar Chaos,29,normal,common,4,26505,f9a78d5c-27f8-4061-be89-0246fb69e752,0.15,false,false,near_mint,de,CHF,2026-06-21T19:32:10.575Z
Yoris Karten,binder,Saltfield Recluse,TSR,Time Spiral Remastered,40,normal,uncommon,1,57916,ecb21c04-d3f7-4960-9b9b-2354e98becb7,0.02,false,false,near_mint,de,CHF,2026-06-21T19:32:10.574Z
Yoris Karten,binder,Warrior's Honor,10E,Tenth Edition,58,normal,common,2,26065,09117d06-79e6-4f86-ba92-d1f8fe165147,0.06,false,false,near_mint,de,CHF,2026-06-21T19:32:10.572Z
Yoris Karten,binder,Angelic Blessing,10E,Tenth Edition,3,normal,common,2,26145,a285aa3f-bcfb-4fc3-8441-85a56c72a3e4,0.05,false,false,near_mint,de,CHF,2026-06-21T19:32:10.571Z
Yoris Karten,binder,Knight of Sursi,TSR,Time Spiral Remastered,22,normal,common,2,57732,8693bec1-9bd9-4840-9d7f-954f92d968c9,0.13,false,false,near_mint,de,CHF,2026-06-21T19:32:10.569Z
Yoris Karten,binder,Lumithread Field,FUT,Future Sight,25,normal,common,1,26312,772bf1a3-ab2d-4fe6-830b-1c5ef8f5dc07,0.19,false,false,near_mint,de,CHF,2026-06-21T19:32:10.565Z
Yoris Karten,binder,Lucent Liminid,FUT,Future Sight,24,normal,common,1,26313,cd700719-2f65-4fd5-b3aa-3e9402560c79,0.13,false,false,near_mint,de,CHF,2026-06-21T19:32:10.564Z
Yoris Karten,binder,Taj-Nar Swordsmith,C17,Commander 2017,77,normal,uncommon,1,4378,4bcbd8bb-997a-4be0-966d-b472c31b4c73,0.28,false,false,near_mint,de,CHF,2026-06-21T19:32:10.563Z
Yoris Karten,binder,Skyhunter Cub,MRD,Mirrodin,21,normal,common,1,30024,cd46bfba-0685-4dcb-9b63-f90da8fb0ce7,0.06,false,false,near_mint,de,CHF,2026-06-21T19:32:10.561Z
Yoris Karten,binder,Angelic Edict,FDN,Foundations,490,normal,common,2,97190,c0bf349e-2974-4aea-a5c0-fdaea77325cc,0.12,false,false,near_mint,de,CHF,2026-06-21T19:32:10.560Z
Yoris Karten,binder,Knight Watch,GTC,Gatecrash,19,normal,common,1,16805,cd492072-9a8c-4d55-ac71-3c8efaa3fc87,0.08,false,false,near_mint,de,CHF,2026-06-21T19:32:10.559Z
Yoris Karten,binder,Dutiful Thrull,GTC,Gatecrash,11,normal,common,1,16813,8d586143-fac0-463f-96ec-c6b9fd582194,0.03,false,false,near_mint,de,CHF,2026-06-21T19:32:10.557Z
Yoris Karten,binder,Smite,GTC,Gatecrash,25,normal,common,1,16799,ff799e40-fd40-4f6a-8fa8-c22d77476168,0.07,false,false,near_mint,de,CHF,2026-06-21T19:32:10.556Z
Yoris Karten,binder,Avenging Arrow,RTR,Return to Ravnica,4,normal,common,2,17418,696678ff-44dc-4fe4-bf17-024e86cd0220,0.06,false,false,near_mint,de,CHF,2026-06-21T19:32:10.555Z
Yoris Karten,binder,Nav Squad Commandos,GTC,Gatecrash,22,normal,common,1,16802,9d81d7f8-375f-40f5-98cd-08be08580bef,0.02,false,false,near_mint,de,CHF,2026-06-21T19:32:10.551Z
Yoris Karten,binder,Assault Griffin,GTC,Gatecrash,4,normal,common,1,16820,704286a5-e3a8-4517-85e5-6447c5c2530f,0.02,false,false,near_mint,de,CHF,2026-06-21T19:32:10.550Z
Yoris Karten,binder,Daring Skyjek,GK1,GRN Guild Kit,79,normal,common,1,67,fe4d34bc-62b7-43a0-be78-56c0fab6f1b5,0.23,false,false,near_mint,de,CHF,2026-06-21T19:32:10.549Z
Yoris Karten,binder,Resupply,DTK,Dragons of Tarkir,32,normal,common,1,11782,ecf47c52-4065-4b81-acdc-878e74767bba,0.04,false,false,near_mint,de,CHF,2026-06-21T19:32:10.543Z
Yoris Karten,binder,Dromoka Warrior,DTK,Dragons of Tarkir,14,normal,common,1,11800,13ae001b-556f-4576-8cf4-0b8902997bb1,0.05,false,false,near_mint,de,CHF,2026-06-21T19:32:10.542Z
Yoris Karten,binder,Pacifism,DTK,Dragons of Tarkir,29,normal,common,1,11785,f7939502-d6aa-4bde-b42f-67ed433f95f1,0.07,false,false,near_mint,de,CHF,2026-06-21T19:32:10.541Z
Yoris Karten,binder,Dromoka Dunecaster,DTK,Dragons of Tarkir,13,normal,common,1,11801,fc98e542-4bcc-43e1-9616-64ce40348a34,0.06,false,false,near_mint,de,CHF,2026-06-21T19:32:10.535Z
Yoris Karten,binder,Enduring Victory,DTK,Dragons of Tarkir,16,normal,common,1,11798,54fef763-7ee2-4341-9c67-546e4b6710b7,0.05,false,false,near_mint,de,CHF,2026-06-21T19:32:10.533Z
Yoris Karten,binder,Lightwalker,BBD,Battlebond,95,normal,common,2,1898,76724f0d-d588-4043-9fe9-f741599fd214,0.03,false,false,near_mint,de,CHF,2026-06-21T19:32:10.532Z
Yoris Karten,binder,Dragon's Eye Sentry,DTK,Dragons of Tarkir,11,normal,common,2,11803,750880cd-59bf-4b67-a2d5-9b66e4d05665,0.04,false,false,near_mint,de,CHF,2026-06-21T19:32:10.536Z
Yoris Karten,binder,Eyes in the Skies,RVR,Ravnica Remastered,17,normal,common,3,89535,077aafc3-d94c-4ac0-8b7e-aadbb114e4c7,0.19,false,false,near_mint,de,CHF,2026-06-21T19:32:10.552Z
Yoris Karten,binder,Blade of the Sixth Pride,FUT,Future Sight,19,normal,common,3,26318,f6ccfe28-ec08-4751-b65c-c40b2bafa955,0.15,false,false,near_mint,de,CHF,2026-06-21T19:32:10.566Z
Yoris Karten,binder,Fortified Rampart,BFZ,Battle for Zendikar,27,normal,common,3,10324,5095e2ab-a7f5-45bc-8b2f-31198ea27bba,0.17,false,false,near_mint,de,CHF,2026-06-21T19:32:10.585Z
Yoris Karten,binder,Beloved Princess,ELD,Throne of Eldraine,7,normal,common,3,46331,4c6ee4eb-70b2-4f99-9d54-5caf2d3713be,0.09,false,false,near_mint,de,CHF,2026-06-21T19:32:10.594Z
Yoris Karten,binder,Trapped in the Tower,ELD,Throne of Eldraine,33,normal,common,6,46305,974e84ce-5b51-4bd7-9a4d-b64d8f8f62d4,0.1,false,false,near_mint,de,CHF,2026-06-21T19:32:10.595Z
Yoris Karten,binder,Youthful Knight,ELD,Throne of Eldraine,37,normal,common,5,46301,3d1a3fec-39de-4223-9da2-22749a58cd62,0.06,false,false,near_mint,de,CHF,2026-06-21T19:32:10.596Z
Yoris Karten,binder,Ajani's Pridemate,CLU,Ravnica: Clue Edition,52,normal,uncommon,5,90681,1796b260-7053-4d68-9918-c7392e312d10,0.18,false,false,near_mint,de,CHF,2026-06-21T19:32:10.600Z
Yoris Karten,binder,Bond of Discipline,WAR,War of the Spark,6,normal,uncommon,2,44398,bb7c78bb-9f2a-47a4-adc4-b497bb38f46f,0.17,false,false,near_mint,de,CHF,2026-06-21T19:32:10.601Z
Yoris Karten,binder,Mysterious Pathlighter,ELD,Throne of Eldraine,22,normal,uncommon,4,46316,1028aa10-aded-4aeb-b70f-d7a9003ae846,0.07,false,false,near_mint,de,CHF,2026-06-21T19:32:10.616Z
Yoris Karten,binder,Knight of the Keep,ELD,Throne of Eldraine,19,normal,common,2,46319,0d49653d-cd4e-40a7-99de-fc531b5d8594,0.02,false,false,near_mint,de,CHF,2026-06-21T19:32:10.622Z
Yoris Karten,binder,Bartered Cow,ELD,Throne of Eldraine,6,normal,common,5,46332,1de43c67-7dfe-4282-b433-4e394366d2e9,0.06,false,false,near_mint,de,CHF,2026-06-21T19:32:10.624Z
Yoris Karten,binder,Torii Watchward,SOK,Saviors of Kamigawa,30,normal,common,2,28508,b8ec0916-f320-4fad-9ec5-99aeecfda0e3,0.16,false,false,near_mint,de,CHF,2026-06-21T19:32:10.627Z
Yoris Karten,binder,Kor Hookmaster,MM3,Modern Masters 2017,10,normal,common,5,6203,1c77d014-8ea2-4203-88b4-53be3819bf3c,0.14,false,false,near_mint,de,CHF,2026-06-21T19:32:10.632Z
Yoris Karten,binder,Kor Skyfisher,MM3,Modern Masters 2017,11,normal,common,3,6202,d7501662-1216-4e08-bd2b-e0a459057942,0.47,false,false,near_mint,de,CHF,2026-06-21T19:32:10.638Z
Yoris Karten,binder,Kor Aeronaut,DDF,Duel Decks: Elspeth vs. Tezzeret,10,normal,uncommon,2,21107,dd9dc5af-0fc9-4e2a-9980-180459eeba07,0.16,false,false,near_mint,de,CHF,2026-06-21T19:32:10.646Z
Yoris Karten,binder,Silverflame Squire // On Alert,ELD,Throne of Eldraine,31,normal,common,5,46307,7bd105f3-fa33-4490-aea9-b47ca121b664,0.12,false,false,near_mint,de,CHF,2026-06-21T19:32:10.660Z
Yoris Karten,binder,Skyblade of the Legion,XLN,Ixalan,37,normal,common,2,3975,67e788e2-12e9-4041-8210-753aaef2576c,0.08,false,false,near_mint,de,CHF,2026-06-21T19:32:10.680Z
Yoris Karten,binder,Midnight Guard,BBD,Battlebond,99,normal,common,4,1894,87c1d85d-b2b8-4c9d-84fa-2566b14cb5ea,0.21,false,false,near_mint,de,CHF,2026-06-21T19:32:10.702Z
Yoris Karten,binder,Selfless Cathar,M15,Magic 2015,31,normal,common,3,13821,3366f6c3-3899-4585-b6d2-24406703cf34,0.02,false,false,near_mint,de,CHF,2026-06-21T19:32:10.703Z
Yoris Karten,binder,In Oketra's Name,AKH,Amonkhet,19,normal,common,2,5666,ccf535ef-79ee-4a31-a614-f6c77fea72b5,0.11,false,false,near_mint,de,CHF,2026-06-21T19:32:10.709Z
Yoris Karten,binder,Binding Mummy,DRC,Aetherdrift Commander,63,normal,common,2,103047,5433a7a1-0602-4aa5-ae7e-815b105bc601,0.19,false,false,near_mint,de,CHF,2026-06-21T19:32:10.710Z
Yoris Karten,binder,Sacred Cat,AKH,Amonkhet,27,normal,common,2,5658,08891c78-13c1-4d84-aa9c-78346b3b7d18,0.33,false,false,near_mint,de,CHF,2026-06-21T19:32:10.711Z
Yoris Karten,binder,Inspired Charge,BFZ,Battle for Zendikar,32,normal,common,2,10319,0b42ef87-8147-4124-9086-0279d42589c9,0.02,false,false,near_mint,de,CHF,2026-06-21T19:32:10.719Z
Yoris Karten,binder,Smite the Monstrous,BFZ,Battle for Zendikar,49,normal,common,2,10302,766aad27-e987-45ab-82aa-e5f44fcc34ef,0.05,false,false,near_mint,de,CHF,2026-06-21T19:32:10.720Z
Yoris Karten,binder,Smite,STH,Stronghold,17,normal,common,3,36628,14f165ad-cfe6-4a5d-8073-a70969494855,0.18,false,false,near_mint,de,CHF,2026-06-21T19:32:10.746Z
Yoris Karten,binder,Drowner of Hope,BFZ,Battle for Zendikar,57,normal,rare,1,10294,0fd5b48c-6850-47d4-8106-297be6c8f708,0.14,false,false,near_mint,de,CHF,2026-06-21T19:47:16.136Z
Yoris Karten,binder,Leap,STH,Stronghold,35,normal,common,2,36610,0841423d-7a27-4bc5-9ac2-0ba47648c6f1,1.32,false,false,near_mint,de,CHF,2026-06-21T19:47:16.131Z
Yoris Karten,binder,Spindrift Drake,STH,Stronghold,44,normal,common,1,36601,c881c388-430f-4a4b-9cd1-fba0a2bc2cd6,0.1,false,false,near_mint,de,CHF,2026-06-21T19:47:16.126Z
Yoris Karten,binder,Port Inspector,MMQ,Mercadian Masques,90,normal,common,1,34320,ef25d969-68d9-4580-bb29-f72bd5646a3d,0.1,false,false,near_mint,de,CHF,2026-06-21T19:47:16.125Z
Yoris Karten,binder,Buoyancy,MMQ,Mercadian Masques,63,normal,common,2,34347,b208dad2-a412-45fd-b19a-d370426ef5b8,0.16,false,false,near_mint,de,CHF,2026-06-21T19:47:16.124Z
Yoris Karten,binder,Misstep,MMQ,Mercadian Masques,88,normal,common,2,34322,8e23f5a1-bf3e-41e0-875f-fc2f8508e69f,0.14,false,false,near_mint,de,CHF,2026-06-21T19:47:16.123Z
Yoris Karten,binder,Essence Flare,CST,Coldsnap Theme Decks,69,normal,common,1,27068,4c5392d3-a973-48d3-adb9-c389706be75a,0.11,false,false,near_mint,de,CHF,2026-06-21T19:47:16.122Z
Yoris Karten,binder,Sapphire Charm,MIR,Mirage,89,normal,common,3,38501,2944e5df-eef9-42be-a591-5ac15e306ad8,0.26,false,false,near_mint,de,CHF,2026-06-21T19:47:16.121Z
Yoris Karten,binder,Giant Tortoise,4ED,Fourth Edition,76,normal,common,1,40111,f512addb-5888-49f3-985b-53cc11831e5e,0.05,false,false,near_mint,de,CHF,2026-06-21T19:47:16.120Z
Yoris Karten,binder,Shaper Guildmage,MIR,Mirage,91,normal,common,2,38499,4a9304e1-f403-404d-9fe9-169da75e0d62,0.1,false,false,near_mint,de,CHF,2026-06-21T19:47:16.118Z
Yoris Karten,binder,Gaseous Form,EMA,Eternal Masters,51,normal,common,2,8624,c5464250-a6a9-4399-a67f-2488073794e9,0.02,false,false,near_mint,de,CHF,2026-06-21T19:47:16.116Z
Yoris Karten,binder,Dream Fighter,MIR,Mirage,63,normal,common,1,38527,aec06bc9-553c-4e01-8b43-a4eeaa511b4d,0.08,false,false,near_mint,de,CHF,2026-06-21T19:47:16.115Z
Yoris Karten,binder,Talas Scout,P02,Portal Second Age,52,normal,common,2,36450,48e12f17-855e-47e0-b7e3-df5c388b01bb,0.26,false,false,near_mint,de,CHF,2026-06-21T19:47:16.114Z
Yoris Karten,binder,Sleep Paralysis,M20,Core Set 2020,75,normal,common,3,45386,2babef35-27ab-45aa-88cd-f21dccae5125,0.09,false,false,near_mint,de,CHF,2026-06-21T19:47:16.111Z
Yoris Karten,binder,Metropolis Sprite,M20,Core Set 2020,66,normal,common,4,45395,fce74849-2e08-4d08-b387-4693f1b9f653,0.07,false,false,near_mint,de,CHF,2026-06-21T19:47:16.110Z
Yoris Karten,binder,Frilled Sea Serpent,M20,Core Set 2020,61,normal,common,2,45400,b59698a5-be76-4ce2-a337-9052821f239f,0.06,false,false,near_mint,de,CHF,2026-06-21T19:47:16.109Z
Yoris Karten,binder,Tolarian Scholar,M19,Core Set 2019,80,normal,common,2,1232,2eda67da-02b5-4ecb-9038-10e026d454ec,0.04,false,false,near_mint,de,CHF,2026-06-21T19:47:16.108Z
Yoris Karten,binder,Tome Raider,ELD,Throne of Eldraine,68,normal,common,5,46270,e04ad850-5801-4654-a388-f86be20a43bf,0.13,false,false,near_mint,de,CHF,2026-06-21T19:47:16.107Z
Yoris Karten,binder,Vexing Gull,THB,Theros Beyond Death,79,normal,common,3,46983,869fee23-df75-448d-9fca-6ba6713d459f,0.06,false,false,near_mint,de,CHF,2026-06-21T19:47:16.106Z
Yoris Karten,binder,Triton Waverider,THB,Theros Beyond Death,78,normal,common,5,46984,b8cb11d7-feae-4511-9a03-bda23119b6a5,0.03,false,false,near_mint,de,CHF,2026-06-21T19:47:16.105Z
Yoris Karten,binder,Nyxborn Seaguard,THB,Theros Beyond Death,57,normal,common,4,47005,9ad0c7d7-0e44-496f-a2fc-fafc604cb1f1,0.09,false,false,near_mint,de,CHF,2026-06-21T19:47:16.104Z
Yoris Karten,binder,Riptide Chimera,JOU,Journey into Nyx,48,normal,uncommon,2,14601,e9f88da5-b013-478a-8a0b-da9d1e8eb2c9,0.23,false,false,near_mint,de,CHF,2026-06-21T19:47:16.103Z
Yoris Karten,binder,Cryptic Cruiser,BFZ,Battle for Zendikar,56,normal,uncommon,1,10295,ff2061f7-5e51-4862-9650-0005002d04b6,0.05,false,false,near_mint,de,CHF,2026-06-21T19:47:16.102Z
Yoris Karten,binder,Oracle of Dust,BFZ,Battle for Zendikar,63,normal,common,1,10288,2c121d73-0c87-4a3f-b013-4f9314e22606,0.05,false,false,near_mint,de,CHF,2026-06-21T19:47:16.101Z
Yoris Karten,binder,Salvage Drone,BFZ,Battle for Zendikar,65,normal,common,1,10286,4b8ce2a9-9d8e-442b-bc12-74545ceb65bd,0.05,false,false,near_mint,de,CHF,2026-06-21T19:47:16.100Z
Yoris Karten,binder,Ulamog's Reclaimer,BFZ,Battle for Zendikar,68,normal,uncommon,1,10283,29a237a6-0e72-47ce-b28d-a0260963f406,0.09,false,false,near_mint,de,CHF,2026-06-21T19:47:16.099Z
Yoris Karten,binder,Mist Intruder,BFZ,Battle for Zendikar,61,normal,common,1,10290,f8c2e662-d8c3-44d4-b666-fe0d4a046271,0.06,false,false,near_mint,de,CHF,2026-06-21T19:47:16.098Z
Yoris Karten,binder,Glacial Grasp,ZNR,Zendikar Rising,59,normal,common,1,54519,381d84d6-7b34-44cb-a697-54b835ba1281,0.1,false,false,near_mint,de,CHF,2026-06-21T19:47:16.097Z
Yoris Karten,binder,Seafloor Stalker,ZNR,Zendikar Rising,78,normal,common,1,54658,985e9696-6c76-4241-97fc-f166fe2420ce,0.12,false,false,near_mint,de,CHF,2026-06-21T19:47:16.095Z
Yoris Karten,binder,Steelgaze Griffin,ELD,Throne of Eldraine,65,normal,common,4,46273,6d361328-8b0a-40a0-b5c0-215398fdfb47,0.04,false,false,near_mint,de,CHF,2026-06-21T19:47:16.093Z
Yoris Karten,binder,Maelstrom Colossus,CMR,Commander Legends,322,normal,common,1,55618,322491d2-d082-4d38-8d81-8588c011e725,0.2,false,false,near_mint,de,CHF,2026-06-21T19:47:16.091Z
Yoris Karten,binder,Hysterical Blindness,ISD,Innistrad,59,normal,common,1,18839,5aeaa757-e3b0-4606-a689-e8a20a686c3a,0.04,false,false,near_mint,de,CHF,2026-06-21T19:47:16.090Z
Yoris Karten,binder,Fortress Crab,M20,Core Set 2020,60,normal,common,3,45401,324681da-a28e-47ec-9810-5678de53e494,0.22,false,false,near_mint,de,CHF,2026-06-21T19:47:16.089Z
Yoris Karten,binder,Wingfold Pteron,IKO,Ikoria: Lair of Behemoths,71,normal,common,2,50006,11e21a5f-fae7-4488-9463-f0af6e4c5233,0.12,false,false,near_mint,de,CHF,2026-06-21T19:47:16.088Z
Yoris Karten,binder,Choking Tethers,MH1,Modern Horizons,44,normal,common,4,44890,eb0d0c81-8698-41db-a687-47af028e910e,0.17,false,false,near_mint,de,CHF,2026-06-21T19:47:16.087Z
Yoris Karten,binder,Hampering Snare,IKO,Ikoria: Lair of Behemoths,55,normal,common,3,50022,5f7b331a-bd21-429b-a49f-88da9a31c98e,0.06,false,false,near_mint,de,CHF,2026-06-21T19:47:16.086Z
Yoris Karten,binder,Skyclave Squid,ZNR,Zendikar Rising,296,normal,common,4,54414,04833fcc-cef7-4152-8191-c552288c83e4,0.05,false,false,near_mint,de,CHF,2026-06-21T19:47:16.085Z
Yoris Karten,binder,Spined Megalodon,M21,Core Set 2021,72,normal,common,4,50842,6d42d3dd-29df-44a1-89b8-994761eda77d,0.19,false,false,near_mint,de,CHF,2026-06-21T19:47:16.081Z
Yoris Karten,binder,Vodalian Arcanist,M21,Core Set 2021,83,normal,common,3,50933,a52e90c0-b012-4ce5-8462-1e33c7143de5,0.19,false,false,near_mint,de,CHF,2026-06-21T19:47:16.080Z
Yoris Karten,binder,Descendant of Soramaro,SOK,Saviors of Kamigawa,33,normal,common,2,28505,b5217d17-3667-46c6-8fba-763197fb2970,0.14,false,false,near_mint,de,CHF,2026-06-21T19:47:16.061Z
Yoris Karten,binder,Aven Windreader,10E,Tenth Edition,69,normal,common,1,26049,3a67d7ae-3117-433f-ad82-44a4f015fecf,0.06,false,false,near_mint,de,CHF,2026-06-21T19:47:16.060Z
Yoris Karten,binder,Storm Crow,9ED,Ninth Edition,100,normal,common,1,28263,036ef8c9-72ac-46ce-af07-83b79d736538,0.06,false,false,near_mint,de,CHF,2026-06-21T19:47:16.059Z
Yoris Karten,binder,Renowned Weaponsmith,CMM,Commander Masters,114,normal,common,3,84395,5a397298-9d7d-495f-983a-1683291a7b9f,0.17,false,false,near_mint,de,CHF,2026-06-21T19:47:16.051Z
Yoris Karten,binder,Captivating Gyre,M20,Core Set 2020,51,normal,uncommon,3,45410,a2bd5c34-fa7e-4fa8-a5b1-c3aa928cc834,0.05,false,false,near_mint,de,CHF,2026-06-21T19:47:16.050Z
Yoris Karten,binder,Unquenchable Thirst,HOU,Hour of Devastation,53,normal,common,3,4622,a418b2aa-dbc2-409b-9f19-e16a0ad8cbac,0.04,false,false,near_mint,de,CHF,2026-06-21T19:47:16.047Z
Yoris Karten,binder,Countervailing Winds,HOU,Hour of Devastation,32,normal,common,2,4643,de1c0ef3-b32c-403a-93cb-29cf05795711,0.23,false,false,near_mint,de,CHF,2026-06-21T19:47:16.046Z
Yoris Karten,binder,Aven Reedstalker,HOU,Hour of Devastation,30,normal,common,1,4645,f0c2d70a-d646-44eb-9f65-ddf6e329ab43,0.02,false,false,near_mint,de,CHF,2026-06-21T19:47:16.045Z
Yoris Karten,binder,Proven Combatant,HOU,Hour of Devastation,42,normal,common,3,4633,d83fd08a-c87b-4e29-bd1d-31dea3732156,0.03,false,false,near_mint,de,CHF,2026-06-21T19:47:16.044Z
Yoris Karten,binder,Unsummon,HOU,Hour of Devastation,54,normal,common,2,4621,5a4a5bd6-d7e0-4e35-bb7d-b9a41fcf67bc,0.16,false,false,near_mint,de,CHF,2026-06-21T19:47:16.043Z
Yoris Karten,binder,Seer of the Last Tomorrow,HOU,Hour of Devastation,44,normal,common,2,4631,7e897f14-8775-4bc3-a3b2-b149f79ec702,0.04,false,false,near_mint,de,CHF,2026-06-21T19:47:16.042Z
Yoris Karten,binder,Aerial Guide,HOU,Hour of Devastation,29,normal,common,3,4646,b744c138-9b9e-47f6-9d56-feb6a78ce377,0.02,false,false,near_mint,de,CHF,2026-06-21T19:47:16.041Z
Yoris Karten,binder,"Slinn Voda, the Rising Deep",CMR,Commander Legends,405,normal,uncommon,2,56208,cebf2c16-bd9d-4a8f-a1b6-6e0c393178bc,0.25,false,false,near_mint,de,CHF,2026-06-21T19:47:16.037Z
Yoris Karten,binder,Siren Lookout,XLN,Ixalan,78,normal,common,2,3934,0000cd57-91fe-411f-b798-646e965eec37,0.17,false,false,near_mint,de,CHF,2026-06-21T19:47:16.033Z
Yoris Karten,binder,Storm Sculptor,XLN,Ixalan,85,normal,common,1,3927,9532b735-8390-4379-ae43-2bd00d281dd6,0.08,false,false,near_mint,de,CHF,2026-06-21T19:47:16.030Z
Yoris Karten,binder,Sinuous Striker,HOU,Hour of Devastation,45,normal,uncommon,1,4630,ed2b97d1-3e69-4305-b1df-947ff64c5043,0.06,false,false,near_mint,de,CHF,2026-06-21T19:47:16.026Z
Yoris Karten,binder,Jace's Defeat,HOU,Hour of Devastation,38,normal,uncommon,2,4637,c6b103c1-9b25-4bfe-9081-570977e9fdad,0.06,false,false,near_mint,de,CHF,2026-06-21T19:47:16.024Z
Yoris Karten,binder,Vizier of the Anointed,HOU,Hour of Devastation,55,normal,uncommon,2,4620,68ef426c-b396-4767-b360-435f67207022,0.07,false,false,near_mint,de,CHF,2026-06-21T19:47:16.021Z
Yoris Karten,binder,Eternal of Harsh Truths,HOU,Hour of Devastation,34,normal,uncommon,3,4641,0389daf7-0818-488f-8e6a-94818a6c94a6,0.15,false,false,near_mint,de,CHF,2026-06-21T19:47:16.020Z
Yoris Karten,binder,Ominous Sphinx,HOU,Hour of Devastation,41,normal,uncommon,3,4634,2361bd3b-9ae0-4198-9296-6d278feff042,0.07,false,false,near_mint,de,CHF,2026-06-21T19:47:16.019Z
Yoris Karten,binder,Glacial Crasher,M15,Magic 2015,57,normal,common,1,13795,e8bf55bf-ee38-4e68-81ca-0fdb8af779ef,0.02,false,false,near_mint,de,CHF,2026-06-21T19:47:16.016Z
Yoris Karten,binder,Welkin Tern,M15,Magic 2015,84,normal,common,1,13768,ea98c545-42d7-47f6-a155-4db092c178c1,0.05,false,false,near_mint,de,CHF,2026-06-21T19:47:16.013Z
Yoris Karten,binder,Research Assistant,M15,Magic 2015,77,normal,common,5,13775,4ac8a7c0-d935-4a60-ac32-dde73f5c75da,0.02,false,false,near_mint,de,CHF,2026-06-21T19:47:16.011Z
Yoris Karten,binder,Mind Sculpt,M15,Magic 2015,70,normal,common,3,13782,037d6277-1fc3-41a4-ade6-7cca10535b0f,0.26,false,false,near_mint,de,CHF,2026-06-21T19:47:16.010Z
Yoris Karten,binder,Fugitive Wizard,M15,Magic 2015,56,normal,common,1,13796,520ad9d0-5f41-4183-a04e-58a61ad7202b,0.02,false,false,near_mint,de,CHF,2026-06-21T19:47:16.009Z
Yoris Karten,binder,Negate,ORI,Magic Origins,65,normal,common,3,10877,e848b632-e08a-4341-a99c-d8207f9ffe48,0.2,false,false,near_mint,de,CHF,2026-06-21T19:47:16.008Z
Yoris Karten,binder,Frost Lynx,M20,Core Set 2020,62,normal,common,4,45399,64e1a5af-442f-4fcf-be99-6f62176be36c,0.06,false,false,near_mint,de,CHF,2026-06-21T19:47:16.007Z
Yoris Karten,binder,Peel from Reality,CMR,Commander Legends,402,normal,common,3,56069,55aec3bd-b52f-4b23-a86a-429fa78a5a6a,0.07,false,false,near_mint,de,CHF,2026-06-21T19:47:16.005Z
Yoris Karten,binder,Hydrosurge,M15,Magic 2015,58,normal,common,2,13794,1fd4dacb-912e-4e54-ab60-16a5262d0fbb,0.08,false,false,near_mint,de,CHF,2026-06-21T19:47:16.004Z
Yoris Karten,binder,Encrust,M15,Magic 2015,53,normal,common,1,13799,f531a657-9e60-453a-b72c-2ba04913698f,0.02,false,false,near_mint,de,CHF,2026-06-21T19:47:16.003Z
Yoris Karten,binder,Zephyr Scribe,DTK,Dragons of Tarkir,85,normal,common,1,11729,d23ae0d2-0ca1-4095-8710-be5800e389cd,0.06,false,false,near_mint,de,CHF,2026-06-21T19:47:16.002Z
Yoris Karten,binder,Contradict,DTK,Dragons of Tarkir,49,normal,common,2,11765,a0b3d4ff-09d1-4d9f-8c83-cdfbd7bb1079,0.09,false,false,near_mint,de,CHF,2026-06-21T19:47:15.999Z
Yoris Karten,binder,Sidisi's Faithful,DTK,Dragons of Tarkir,74,normal,common,1,11740,d02daad9-701f-40d4-ad0b-44a3cbd32c3f,0.21,false,false,near_mint,de,CHF,2026-06-21T19:47:15.998Z
Yoris Karten,binder,Wishful Merfolk,ELD,Throne of Eldraine,73,normal,common,4,46265,f9358d5d-726e-43e0-a58e-4cfe7c755913,0.06,false,false,near_mint,de,CHF,2026-06-21T19:47:15.988Z
Yoris Karten,binder,Syncopate,GK1,GRN Guild Kit,3,normal,uncommon,1,143,cba07c75-66fb-4de8-929e-0044184fc9fa,0.16,false,false,near_mint,de,CHF,2026-06-21T19:47:15.981Z
Yoris Karten,binder,Runner's Bane,DGM,Dragon's Maze,17,normal,common,1,16448,4696b5a6-edfd-445e-ac80-64c1be94fbfc,0.04,false,false,near_mint,de,CHF,2026-06-21T19:47:15.978Z
Yoris Karten,binder,Maze Glider,DGM,Dragon's Maze,13,normal,common,1,16452,d1d20281-49c0-4fd0-91f2-390506ac33f6,0.03,false,false,near_mint,de,CHF,2026-06-21T19:47:15.977Z
Yoris Karten,binder,Mizzium Skin,RTR,Return to Ravnica,45,normal,common,3,17377,d9859344-4efc-4b87-a3fb-147e496cee68,0.19,false,false,near_mint,de,CHF,2026-06-21T19:47:15.976Z
Yoris Karten,binder,Whitewater Naiads,C18,Commander 2018,112,normal,uncommon,1,731,ed39a719-8a4b-4749-adeb-74cd82d9b416,0.23,false,false,near_mint,de,CHF,2026-06-21T19:47:15.965Z
Yoris Karten,binder,Godhunter Octopus,JOU,Journey into Nyx,39,normal,common,1,14610,da106c23-fd1c-461b-9301-159f93ef489b,0.04,false,false,near_mint,de,CHF,2026-06-21T19:47:15.958Z
Yoris Karten,binder,Rise of Eagles,JOU,Journey into Nyx,49,normal,common,1,14600,c3b5b278-b883-4703-9bfa-bab5a6da4660,0.09,false,false,near_mint,de,CHF,2026-06-21T19:47:15.957Z
Yoris Karten,binder,Vedalken Certarch,SOM,Scars of Mirrodin,52,normal,common,1,20980,ffbc2a26-32f1-4d9c-8ee7-74698f64dce0,0.1,false,false,near_mint,de,CHF,2026-06-21T19:47:15.946Z
Yoris Karten,binder,Clinging Anemones,GTC,Gatecrash,31,normal,common,1,16793,4e183069-096d-4977-8154-e7b60f17a787,0.06,false,false,near_mint,de,CHF,2026-06-21T19:47:15.943Z
Yoris Karten,binder,Spell Rupture,GTC,Gatecrash,52,normal,common,1,16772,7267fcec-0879-4743-a45f-35057ccb2596,0.06,false,false,near_mint,de,CHF,2026-06-21T19:47:15.942Z
Yoris Karten,binder,Disperse,SOM,Scars of Mirrodin,31,normal,common,1,21001,1572457f-90e0-4ffc-a403-6f877c6a8186,0.07,false,false,near_mint,de,CHF,2026-06-21T19:47:15.941Z
Yoris Karten,binder,Turn Aside,SOM,Scars of Mirrodin,49,normal,common,1,20983,56226f57-6ff0-430e-aba6-6b3dd51f8d3c,0.14,false,false,near_mint,de,CHF,2026-06-21T19:47:15.940Z
Yoris Karten,binder,Flood of Recollection,CMR,Commander Legends,61,normal,common,1,55873,c14a5b69-ce04-40fc-9933-20b16537de24,0.14,false,false,near_mint,de,CHF,2026-06-21T19:47:15.939Z
Yoris Karten,binder,Azure Fleet Admiral,LCC,The Lost Caverns of Ixalan Commander,144,normal,common,3,88808,adb04bab-a10a-40da-813e-6afa68956efc,0.15,false,false,near_mint,de,CHF,2026-06-21T19:47:15.938Z
Yoris Karten,binder,Crush Dissent,WAR,War of the Spark,47,normal,common,3,44357,94c70f23-0ca9-425e-a53a-6c09921c0075,0.21,false,false,near_mint,de,CHF,2026-06-21T19:47:15.937Z
Yoris Karten,binder,No Escape,WAR,War of the Spark,63,normal,common,2,44341,bc9888a1-6f35-4802-b8fb-902017736d4a,0.14,false,false,near_mint,de,CHF,2026-06-21T19:47:15.936Z
Yoris Karten,binder,Spellkeeper Weird,WAR,War of the Spark,69,normal,common,3,44335,74e42dad-5958-443f-a196-12b3f3e44213,0.04,false,false,near_mint,de,CHF,2026-06-21T19:47:15.935Z
Yoris Karten,binder,Thunder Drake,CLU,Ravnica: Clue Edition,102,normal,common,1,91271,e7ae37f2-37b9-4421-82b1-183a268d8617,0.15,false,false,near_mint,de,CHF,2026-06-21T19:47:15.934Z
Yoris Karten,binder,Callous Dismissal,WAR,War of the Spark,44,normal,common,2,44360,66cef326-339c-49e5-9905-21a1603a46ae,0.14,false,false,near_mint,de,CHF,2026-06-21T19:47:15.933Z
Yoris Karten,binder,Quicksmith Spy,AER,Aether Revolt,41,normal,rare,1,6373,0f922e87-1744-4966-9e3a-54917f7f3d9e,0.14,false,false,near_mint,de,CHF,2026-06-21T19:47:15.932Z
Yoris Karten,binder,Rush of Ice,BFZ,Battle for Zendikar,84,normal,common,4,10267,f9ae6f63-d1b2-4bf9-a423-ed6fbb540d4b,0.05,false,false,near_mint,de,CHF,2026-06-21T19:47:15.931Z
Yoris Karten,binder,Cloud Manta,BFZ,Battle for Zendikar,71,normal,common,2,10280,1854f819-d08e-4a23-bedb-4618b79623e9,0.03,false,false,near_mint,de,CHF,2026-06-21T19:47:15.930Z
Yoris Karten,binder,Retreat to Coralhelm,DSC,Duskmourn: House of Horror Commander,126,normal,uncommon,1,99353,cf8246c1-1db2-409f-9440-222d6dc78297,0.27,false,false,near_mint,de,CHF,2026-06-21T19:47:15.929Z
Yoris Karten,binder,Dispel,BFZ,Battle for Zendikar,76,normal,common,3,10275,bceab6b3-6b64-4964-a501-ce806a6c13ad,0.31,false,false,near_mint,de,CHF,2026-06-21T19:47:15.928Z
Yoris Karten,binder,Horribly Awry,BFZ,Battle for Zendikar,59,normal,uncommon,2,10292,4cd05532-686e-40dc-858b-8a77a3628c99,0.06,false,false,near_mint,de,CHF,2026-06-21T19:47:15.927Z
Yoris Karten,binder,Dampening Pulse,BFZ,Battle for Zendikar,75,normal,uncommon,1,10276,4a4393f6-54d7-4963-a3c0-b3a083c2440c,0.06,false,false,near_mint,de,CHF,2026-06-21T19:47:15.926Z
Yoris Karten,binder,Coastal Discovery,BFZ,Battle for Zendikar,73,normal,uncommon,1,10278,c1df2411-0b0d-4b93-bf30-a22487b3c6ef,0.02,false,false,near_mint,de,CHF,2026-06-21T19:47:15.925Z
Yoris Karten,binder,Kukemssa Serpent,MIR,Mirage,72,normal,common,2,38518,9099eacf-1898-493c-ae87-d5ff4a3646a2,0.13,false,false,near_mint,de,CHF,2026-06-21T19:47:15.923Z
Yoris Karten,binder,Whiptongue Frog,EXO,Exodus,52,normal,common,1,36284,6fc17186-e786-46a3-9812-4a6e367e78b9,0.19,false,false,near_mint,de,CHF,2026-06-21T19:47:15.921Z
Yoris Karten,binder,Sea Snidd,PLS,Planeshift,31,normal,common,1,32921,ca11015e-200b-488c-8bf5-662dcc03cd2d,0.09,false,false,near_mint,de,CHF,2026-06-21T19:47:15.911Z
Yoris Karten,binder,Rushing River,PLS,Planeshift,30,normal,common,1,32922,52ddf7bf-de9c-4657-8d5b-79869d36fa63,0.16,false,false,near_mint,de,CHF,2026-06-21T19:47:15.910Z
Yoris Karten,binder,Bay Falcon,MIR,Mirage,54,normal,common,2,38536,df45268a-b757-4ad2-bab0-869058ee9186,0.11,false,false,near_mint,de,CHF,2026-06-21T19:47:15.905Z
Yoris Karten,binder,Ray of Command,5ED,Fifth Edition,114,normal,common,1,37892,6e498567-2bb0-4622-8250-a56b9ff79a7e,0.18,false,false,near_mint,de,CHF,2026-06-21T19:47:15.903Z
Yoris Karten,binder,Boomerang,6ED,Classic Sixth Edition,58,normal,common,3,35319,ef3c7465-6534-4fa9-a772-8859b7210fdf,0.14,false,false,near_mint,de,CHF,2026-06-21T19:47:15.902Z
Yoris Karten,binder,Eternal Skylord,DRC,Aetherdrift Commander,76,normal,uncommon,2,103218,ab5b3aba-8542-4157-b6b6-265611a2a52f,0.2,false,false,near_mint,de,CHF,2026-06-21T19:47:15.901Z
Yoris Karten,binder,Azimaet Drake,MIR,Mirage,53,normal,common,2,38537,854ba4e0-f6f3-4b6c-b6cb-ab2b93d64601,0.12,false,false,near_mint,de,CHF,2026-06-21T19:47:15.904Z
Yoris Karten,binder,Merfolk Raiders,MIR,Mirage,75,normal,common,3,38515,d0f34166-8946-4bcc-84af-3540c42ac7f7,0.15,false,false,near_mint,de,CHF,2026-06-21T19:47:15.906Z
Yoris Karten,binder,Sisay's Ingenuity,PLS,Planeshift,33,normal,common,4,32919,bbe20cc1-621a-4813-9bbb-ace006e173ff,0.14,false,false,near_mint,de,CHF,2026-06-21T19:47:15.907Z
Yoris Karten,binder,Hammerhead Shark,STH,Stronghold,32,normal,common,7,36613,854627ab-38bd-4894-94d8-9ef51a57579c,0.15,false,false,near_mint,de,CHF,2026-06-21T19:47:15.912Z
Yoris Karten,binder,Cloud Spirit,STH,Stronghold,26,normal,common,3,36619,938d6c51-903b-4e0b-8702-291666581f2a,0.1,false,false,near_mint,de,CHF,2026-06-21T19:47:15.919Z
Yoris Karten,binder,Sage of the Falls,ELD,Throne of Eldraine,63,normal,uncommon,4,46275,274e3aa4-4b46-4daa-a7a8-400a20c59435,0.14,false,false,near_mint,de,CHF,2026-06-21T19:47:15.924Z
Yoris Karten,binder,Bonds of Quicksilver,CN2,Conspiracy: Take the Crown,102,normal,common,3,7995,f01c9fe7-35a4-4f64-b527-5311872b13fd,0.06,false,false,near_mint,de,CHF,2026-06-21T19:47:15.944Z
Yoris Karten,binder,Boomerang,DPA,Duels of the Planeswalkers,2,normal,common,3,21705,94d4c6c7-6e8d-4727-9a1b-efca18abc617,0.3,false,false,near_mint,de,CHF,2026-06-21T19:47:15.947Z
Yoris Karten,binder,Dehydration,10E,Tenth Edition,78,normal,common,7,26037,4414ad73-146e-47a6-926a-ec148194bb50,0.03,false,false,near_mint,de,CHF,2026-06-21T19:47:15.948Z
Yoris Karten,binder,Triton Shorestalker,OTC,Outlaws of Thunder Junction Commander,121,normal,common,4,93626,511bff25-3213-42c4-8abd-9eda49f8dc96,0.35,false,false,near_mint,de,CHF,2026-06-21T19:47:15.955Z
Yoris Karten,binder,Sigiled Starfish,C18,Commander 2018,102,normal,uncommon,6,741,69b3df55-f664-4922-9bc8-ab227d87da53,0.08,false,false,near_mint,de,CHF,2026-06-21T19:47:15.959Z
Yoris Karten,binder,Shimmering Wings,10E,Tenth Edition,107,normal,common,4,25998,66c9aa9f-acd5-4908-9e11-1a152363ef42,0.19,false,false,near_mint,de,CHF,2026-06-21T19:47:15.961Z
Yoris Karten,binder,Runewing,RTR,Return to Ravnica,48,normal,common,5,17374,749961e6-b135-4629-ae9d-124de0d70db9,0.07,false,false,near_mint,de,CHF,2026-06-21T19:47:15.966Z
Yoris Karten,binder,Isperia's Skywatch,RTR,Return to Ravnica,43,normal,common,3,17379,019ba84d-d236-45c5-a8ad-75def7736d0c,0.05,false,false,near_mint,de,CHF,2026-06-21T19:47:15.971Z
Yoris Karten,binder,Crosstown Courier,DDM,Duel Decks: Jace vs. Vraska,6,normal,common,2,14744,d04e6d05-5ec8-4e7d-86b8-da9549dbaa5e,0.08,false,false,near_mint,de,CHF,2026-06-21T19:47:15.973Z
Yoris Karten,binder,Uncovered Clues,DGM,Dragon's Maze,19,normal,common,2,16446,9dd24556-994f-4480-835e-11d4443f0700,0.05,false,false,near_mint,de,CHF,2026-06-21T19:47:15.979Z
Yoris Karten,binder,Faerie Impostor,DDN,Duel Decks: Speed vs. Cunning,43,normal,uncommon,2,13487,cdec8e65-8914-4a7a-9ed0-991a73242f3f,0.25,false,false,near_mint,de,CHF,2026-06-21T19:47:15.982Z
Yoris Karten,binder,Aquus Steed,RTR,Return to Ravnica,29,normal,uncommon,4,17393,af643949-7a9b-4195-8ab8-d43b1928b85a,0.03,false,false,near_mint,de,CHF,2026-06-21T19:47:15.984Z
Yoris Karten,binder,Run Away Together,FDN,Foundations,162,normal,common,7,101614,e598eb7b-10dc-49e6-ac60-2fefa987173e,0.16,false,false,near_mint,de,CHF,2026-06-21T19:47:15.989Z
Yoris Karten,binder,Opt,OTC,Outlaws of Thunder Junction Commander,104,normal,common,3,93670,67bcf3fd-fca0-4cdb-b625-bac5fadd00e3,0.29,false,false,near_mint,de,CHF,2026-06-21T19:47:15.991Z
Yoris Karten,binder,Corridor Monitor,2XM,Double Masters,46,normal,common,8,52197,df3f6598-18a7-472d-8d05-715203379089,0.14,false,false,near_mint,de,CHF,2026-06-21T19:47:15.992Z
Yoris Karten,binder,"Syr Elenora, the Discerning",MOC,March of the Machine Commander,239,normal,uncommon,10,81609,3850ac6b-11e6-4367-b3b2-b7a9b2d0403b,0.1,false,false,near_mint,de,CHF,2026-06-21T19:47:15.994Z
Yoris Karten,binder,Ojutai's Breath,IMA,Iconic Masters,68,normal,common,3,3557,428c4985-95de-4703-9cda-7762d7fee04f,0.06,false,false,near_mint,de,CHF,2026-06-21T19:47:16.000Z
Yoris Karten,binder,Amphin Pathmage,M15,Magic 2015,45,normal,common,3,13807,eafd2e27-01d0-4894-886e-2b8776904ab9,0.06,false,false,near_mint,de,CHF,2026-06-21T19:47:16.006Z
Yoris Karten,binder,Chronostutter,M15,Magic 2015,48,normal,common,3,13804,bbef107d-c19f-4af3-9236-c66123075b41,0.03,false,false,near_mint,de,CHF,2026-06-21T19:47:16.012Z
Yoris Karten,binder,Frogify,2XM,Double Masters,52,normal,common,5,52192,d89be5f5-75d4-42a0-81e9-5da5bf868e73,0.22,false,false,near_mint,de,CHF,2026-06-21T19:47:16.017Z
Yoris Karten,binder,Riddleform,M21,Core Set 2021,64,normal,uncommon,5,51017,d5acb8ef-5a57-4d10-b59c-2dbf84635084,0.07,false,false,near_mint,de,CHF,2026-06-21T19:47:16.022Z
Yoris Karten,binder,Turn into a Pumpkin,ELD,Throne of Eldraine,69,normal,uncommon,3,46269,f2a37dcb-4a18-4f03-b28c-27188a1a5ec1,0.06,false,false,near_mint,de,CHF,2026-06-21T19:47:16.025Z
Yoris Karten,binder,Sailor of Means,CMR,Commander Legends,88,normal,common,3,56021,212e9011-a9b7-4a60-bb47-ce5c3c147280,0.17,false,false,near_mint,de,CHF,2026-06-21T19:47:16.028Z
Yoris Karten,binder,Watertrap Weaver,XLN,Ixalan,87,normal,common,2,3925,0d973568-d7b0-443f-a09d-44f6b02da5d4,0.05,false,false,near_mint,de,CHF,2026-06-21T19:47:16.029Z
Yoris Karten,binder,Prosperous Pirates,CMR,Commander Legends,85,normal,common,3,56080,5d778bde-f927-419e-8052-6230562bdedd,0.23,false,false,near_mint,de,CHF,2026-06-21T19:47:16.031Z
Yoris Karten,binder,Cunning Survivor,HOU,Hour of Devastation,33,normal,common,4,4642,2f9093e7-c129-4efa-9f25-a2366f92e15a,0.17,false,false,near_mint,de,CHF,2026-06-21T19:47:16.036Z
Yoris Karten,binder,Strategic Planning,CMR,Commander Legends,101,normal,common,2,56133,91e14952-1a6a-4c6a-8def-54846108b542,0.18,false,false,near_mint,de,CHF,2026-06-21T19:47:16.038Z
Yoris Karten,binder,Tragic Lesson,HOU,Hour of Devastation,51,normal,common,2,4624,a0f0353c-f1e0-49db-9edc-eea9090de872,0.13,false,false,near_mint,de,CHF,2026-06-21T19:47:16.040Z
Yoris Karten,binder,Covetous Urge,ELD,Throne of Eldraine,207,normal,uncommon,4,46131,f3b4871d-4d74-411b-88e0-9a9d386cafe1,0.07,false,false,near_mint,de,CHF,2026-06-21T19:47:16.052Z
Yoris Karten,binder,Shinen of Flight's Wings,SOK,Saviors of Kamigawa,57,normal,common,2,28481,67cdad5d-5979-4bbd-90a4-00173d23707b,0.1,false,false,near_mint,de,CHF,2026-06-21T19:47:16.055Z
Yoris Karten,binder,Wanderguard Sentry,9ED,Ninth Edition,111,normal,common,2,28252,562a6a76-7242-4a22-9545-e6aa2dbd5564,0.12,false,false,near_mint,de,CHF,2026-06-21T19:47:16.056Z
Yoris Karten,binder,Mistford River Turtle,ELD,Throne of Eldraine,56,normal,common,8,46282,0c78c386-c64b-4fab-a718-f18b46360e20,0.17,false,false,near_mint,de,CHF,2026-06-21T19:47:16.062Z
Yoris Karten,binder,Moonlit Scavengers,ELD,Throne of Eldraine,57,normal,common,6,46281,6a658bbd-8d64-460b-87ae-ec8054204794,0.06,false,false,near_mint,de,CHF,2026-06-21T19:47:16.063Z
Yoris Karten,binder,Vantress Paladin,ELD,Throne of Eldraine,72,normal,common,6,46266,52dd633f-9a07-47df-adb1-36013fc2f43a,0.06,false,false,near_mint,de,CHF,2026-06-21T19:47:16.064Z
Yoris Karten,binder,So Tiny,ELD,Throne of Eldraine,64,normal,common,4,46274,421650f2-1b34-4a36-9675-9424997c9d0b,0.06,false,false,near_mint,de,CHF,2026-06-21T19:47:16.065Z
Yoris Karten,binder,Witching Well,CMM,Commander Masters,135,normal,common,7,84913,d2f028cd-1cb4-4a5b-b989-4acd8777ac5c,0.19,false,false,near_mint,de,CHF,2026-06-21T19:47:16.066Z
Yoris Karten,binder,Unexplained Vision,ELD,Throne of Eldraine,70,normal,common,10,46268,c1de1d84-e548-409d-b9ec-d2665477b43d,0.06,false,false,near_mint,de,CHF,2026-06-21T19:47:16.067Z
Yoris Karten,binder,Charmed Sleep,BLB,Bloomburrow,388,normal,common,4,96063,7d171802-2604-45a5-a0f2-ab5afa1db5d5,0.09,false,false,near_mint,de,CHF,2026-06-21T19:47:16.068Z
Yoris Karten,binder,Beyeen Veil // Beyeen Coast,ZNR,Zendikar Rising,46,normal,uncommon,2,54570,5f411f08-45dd-4d73-8894-daf51c175150,0.17,false,false,near_mint,de,CHF,2026-06-21T19:47:16.079Z
Yoris Karten,binder,Teferi's Tutelage,M21,Core Set 2021,78,normal,uncommon,4,50978,c26450d4-125f-423d-b074-3c959460c242,0.35,false,false,near_mint,de,CHF,2026-06-21T19:47:16.082Z
Yoris Karten,binder,Mind Games,STH,Stronghold,38,normal,common,3,36607,4da50979-1f5d-48d1-9406-dfc785273c04,0.24,false,false,near_mint,de,CHF,2026-06-21T19:47:16.112Z
Yoris Karten,binder,Tidal Warrior,DDT,Duel Decks: Merfolk vs. Goblins,20,normal,common,4,3691,24a16bf4-de91-49b0-bc6e-ab1d38a484e9,0.25,false,false,near_mint,de,CHF,2026-06-21T19:47:16.127Z
Yoris Karten,binder,Sunken City,4ED,Fourth Edition,106,normal,common,2,40081,226f89b4-cf98-4354-a2f4-3f63fe2dd99e,0.1,false,false,near_mint,de,CHF,2026-06-21T19:47:16.132Z
Yoris Karten,binder,Dream Cache,6ED,Classic Sixth Edition,66,normal,common,3,35311,642bb62e-1339-4f97-8429-ec46ec0435a0,0.13,false,false,near_mint,de,CHF,2026-06-21T19:47:16.134Z
Yoris Karten,binder,Crackling Triton,THS,Theros,45,normal,common,2,15619,8d6bb19c-3610-4609-b23c-21d4d80e4582,0.02,false,false,near_mint,de,CHF,2026-06-21T19:55:39.001Z
Yoris Karten,binder,Coastline Chimera,THS,Theros,44,normal,common,1,15620,01320a31-25fa-4324-8225-d150c6aa58a1,0.02,false,false,near_mint,de,CHF,2026-06-21T19:55:38.998Z
Yoris Karten,binder,Convolute,M20,Core Set 2020,55,normal,common,2,45406,b8a68347-c0ef-46ff-9705-6d82d004d32c,0.13,false,false,near_mint,de,CHF,2026-06-21T19:55:38.997Z
Yoris Karten,binder,Confiscate,CMR,Commander Legends,62,normal,uncommon,2,55552,09e4a88d-670b-4332-bf36-41c2e2492424,0.22,false,false,near_mint,de,CHF,2026-06-21T19:55:38.992Z
Yoris Karten,binder,Esperzoa,2XM,Double Masters,49,normal,uncommon,1,52154,7269b26a-058c-4a5c-aadf-733ea60f3de0,0.1,false,false,near_mint,de,CHF,2026-06-21T19:55:38.989Z
Yoris Karten,binder,Adverse Conditions,BFZ,Battle for Zendikar,54,normal,uncommon,1,10297,03d86e0b-294f-41b8-a5cd-d3144a019334,0.06,false,false,near_mint,de,CHF,2026-06-21T19:55:38.985Z
Yoris Karten,binder,Eldrazi Skyspawner,BFZ,Battle for Zendikar,58,normal,common,1,10293,9c9c1a10-446e-492a-95cc-a459dc6c08a0,0.06,false,false,near_mint,de,CHF,2026-06-21T19:55:38.984Z
Yoris Karten,binder,Echoing Truth,DMC,Dominaria United Commander,109,normal,common,3,71479,5d987d26-c8e8-4edf-8ac0-6a2980265710,0.25,false,false,near_mint,de,CHF,2026-06-21T19:55:38.982Z
Yoris Karten,binder,Tricks of the Trade,W17,Welcome Deck 2017,14,normal,common,1,5855,f7860cf3-c3ea-4055-8c95-6d1c8d50e69d,0.14,false,false,near_mint,de,CHF,2026-06-21T19:55:38.981Z
Yoris Karten,binder,Wall of Runes,M21,Core Set 2021,85,normal,common,1,50841,6ac0f66a-213f-463e-8ebb-35ff5940ea06,0.17,false,false,near_mint,de,CHF,2026-06-21T19:55:38.977Z
Yoris Karten,binder,Fall from Favor,CMM,Commander Masters,93,normal,common,2,84171,29679998-2fb4-4fb4-9048-27b6bf6b79e8,0.25,false,false,near_mint,de,CHF,2026-06-21T19:55:38.975Z
Yoris Karten,binder,Prying Eyes,CMR,Commander Legends,86,normal,common,4,55952,eb58d7ba-ba86-433e-8f1e-3f492c380796,0.06,false,false,near_mint,de,CHF,2026-06-21T19:55:38.973Z
Yoris Karten,binder,Mizzium Meddler,ORI,Magic Origins,64,normal,rare,1,10878,762d568d-a2d6-449b-85c2-a92755efe4c3,0.12,false,false,near_mint,de,CHF,2026-06-21T19:55:38.971Z
Yoris Karten,binder,Vedalken Infuser,2XM,Double Masters,74,normal,common,1,52178,a52b9d11-0aab-4300-90b6-c8b56de36ec3,0.1,false,false,near_mint,de,CHF,2026-06-21T19:55:38.970Z
Yoris Karten,binder,Embodiment of Spring,KTK,Khans of Tarkir,39,normal,common,5,13359,88e07226-f180-4972-b7f8-90c743d45fb8,0.1,false,false,near_mint,de,CHF,2026-06-21T19:55:38.967Z
Yoris Karten,binder,Scrapdiver Serpent,CMR,Commander Legends,94,normal,common,1,56206,ce3ba315-f4da-4022-9251-961a378b35ce,0.16,false,false,near_mint,de,CHF,2026-06-21T19:55:38.958Z
Yoris Karten,binder,Dirgur Island Dragon // Skimming Strike,TDM,Tarkir: Dragonstorm,40,normal,common,1,104342,b1d21a9a-6b0c-4fbc-a427-81be885d326b,0.1,false,false,near_mint,de,CHF,2026-06-21T19:55:38.954Z
Yoris Karten,binder,Dragonstorm Forecaster,TDM,Tarkir: Dragonstorm,43,normal,uncommon,2,104740,75ec7a31-1893-493c-926b-dc3a8a770e72,0.05,false,false,near_mint,de,CHF,2026-06-21T19:55:38.952Z
Yoris Karten,binder,Riverwalk Technique,TDM,Tarkir: Dragonstorm,54,normal,common,1,105118,043c25d5-13ee-4cab-98d5-fb89db9cf6e3,0.09,false,false,near_mint,de,CHF,2026-06-21T19:55:38.951Z
Yoris Karten,binder,Snowmelt Stag,TDM,Tarkir: Dragonstorm,57,normal,common,1,104869,a6b3b131-704a-4586-84f8-db465cd4a277,0.03,false,false,near_mint,de,CHF,2026-06-21T19:55:38.950Z
Yoris Karten,binder,Iceridge Serpent,TDM,Tarkir: Dragonstorm,49,normal,common,1,105167,d13f117b-b8e4-48db-8ce9-5da9c7ce23a5,0.07,false,false,near_mint,de,CHF,2026-06-21T19:55:38.949Z
Yoris Karten,binder,Wingspan Stride,TDM,Tarkir: Dragonstorm,66,normal,common,1,104541,339a0e24-c332-4558-bb60-f5504ddde88c,0.11,false,false,near_mint,de,CHF,2026-06-21T19:55:38.948Z
Yoris Karten,binder,Humbling Elder,TDM,Tarkir: Dragonstorm,48,normal,common,1,104562,3a84c3f8-0030-4653-880e-b2d19272f5fa,0.05,false,false,near_mint,de,CHF,2026-06-21T19:55:38.947Z
Yoris Karten,binder,Ringing Strike Mastery,TDM,Tarkir: Dragonstorm,53,normal,common,1,104399,ff4fc7ec-05f5-479a-8fbb-31e12a67b57e,0.13,false,false,near_mint,de,CHF,2026-06-21T19:55:38.946Z
Yoris Karten,binder,Trove Tracker,CMR,Commander Legends,104,normal,common,1,56181,c3b74135-b8db-4485-a4b1-7aaa3ef28072,0.07,false,false,near_mint,de,CHF,2026-06-21T19:55:38.944Z
Yoris Karten,binder,Scholar of Stars,CMR,Commander Legends,92,normal,common,3,56084,5fc4498e-24e6-40e9-8cd5-f42220366664,0.06,false,false,near_mint,de,CHF,2026-06-21T19:55:38.942Z
Yoris Karten,binder,Capture Sphere,2X2,Double Masters 2022,42,normal,common,2,70113,24cd21f5-94fd-4609-9e6a-d052aa81fe57,0.04,false,false,near_mint,de,CHF,2026-06-21T19:55:38.938Z
Yoris Karten,binder,Academy Journeymage,DOM,Dominaria,41,normal,common,1,2235,a46a65e0-66a3-4896-8acc-0ad5e9927c40,0.05,false,false,near_mint,de,CHF,2026-06-21T19:55:38.932Z
Yoris Karten,binder,Befuddle,M20,Core Set 2020,47,normal,common,3,45414,1414939c-7f15-4eb3-abeb-6e75c52d2b52,0.04,false,false,near_mint,de,CHF,2026-06-21T19:55:38.931Z
Yoris Karten,binder,Blink of an Eye,DOM,Dominaria,46,normal,common,1,2230,ab830392-4d7e-4b45-93cf-35ed1e935228,0.17,false,false,near_mint,de,CHF,2026-06-21T19:55:38.929Z
Yoris Karten,binder,Syncopate,DOM,Dominaria,67,normal,common,1,2209,f81739a5-35a7-4812-a7af-e1951bf5579c,0.14,false,false,near_mint,de,CHF,2026-06-21T19:55:38.928Z
Yoris Karten,binder,Jeskai Elder,2X2,Double Masters 2022,53,normal,common,5,70158,38fd9091-2d22-411f-955a-24c32293cdca,0.09,false,false,near_mint,de,CHF,2026-06-21T19:55:38.927Z
Yoris Karten,binder,Wishcoin Crab,M21,Core Set 2021,86,normal,common,2,50762,348955a0-e988-48d7-a6a0-a8045fcffd25,0.06,false,false,near_mint,de,CHF,2026-06-21T19:55:38.925Z
Yoris Karten,binder,Read the Tides,M21,Core Set 2021,62,normal,common,2,50808,5360fe8c-41b0-4409-b03e-072f129fb352,0.07,false,false,near_mint,de,CHF,2026-06-21T19:55:38.923Z
Yoris Karten,binder,Tome Anima,M21,Core Set 2021,81,normal,common,1,50690,0360d27b-37e1-4e00-9cfc-b574efc38ea0,0.05,false,false,near_mint,de,CHF,2026-06-21T19:55:38.918Z
Yoris Karten,binder,Roaming Ghostlight,CLU,Ravnica: Clue Edition,96,normal,common,1,90834,469a2b07-1ab4-450b-a29a-35b8907bfc65,0.1,false,false,near_mint,de,CHF,2026-06-21T19:55:38.916Z
Yoris Karten,binder,Tightening Coils,BFZ,Battle for Zendikar,86,normal,common,3,10265,a014dd06-626d-4917-8981-e0064718b571,0.02,false,false,near_mint,de,CHF,2026-06-21T19:55:38.909Z
Yoris Karten,binder,Cartouche of Knowledge,AKH,Amonkhet,45,normal,common,1,5640,d806458e-81cd-4413-bba0-14d957bece79,0.13,false,false,near_mint,de,CHF,2026-06-21T19:55:38.905Z
Yoris Karten,binder,Lofty Denial,M21,Core Set 2021,56,normal,common,1,50836,64832674-beb1-446e-b2f7-8a5e271139a5,0.23,false,false,near_mint,de,CHF,2026-06-21T19:55:38.904Z
Yoris Karten,binder,Library Larcenist,M21,Core Set 2021,55,normal,common,2,50997,cb33529b-80bd-4f52-94cc-d8371c53ad75,0.17,false,false,near_mint,de,CHF,2026-06-21T19:55:38.901Z
Yoris Karten,binder,Sibsig Appraiser,TDM,Tarkir: Dragonstorm,56,normal,common,1,105135,670c5b96-bac6-449b-a2bd-cb43750d3911,0.09,false,false,near_mint,de,CHF,2026-06-21T19:55:38.900Z
Yoris Karten,binder,Marang River Regent // Coil and Catch,TDM,Tarkir: Dragonstorm,51,normal,rare,1,104393,f890bdc7-32e6-4492-bac7-7cabf54a8bfd,1.39,false,false,near_mint,de,CHF,2026-06-21T19:55:38.898Z
Yoris Karten,binder,Unsummon,M20,Core Set 2020,78,normal,common,4,45383,7a960516-3864-4a7a-8117-d25dec0dd665,0.25,false,false,near_mint,de,CHF,2026-06-21T19:55:38.896Z
Yoris Karten,binder,Mantle of Tides,ELD,Throne of Eldraine,52,normal,common,2,46286,c058d01e-f705-4407-bd9e-a2d127afdf04,0.05,false,false,near_mint,de,CHF,2026-06-21T19:55:38.893Z
Yoris Karten,binder,Ceremonious Rejection,KLD,Kaladesh,40,normal,uncommon,4,7603,08c5ed8e-4804-4042-8a1d-ad24c6846816,0.14,false,false,near_mint,de,CHF,2026-06-21T19:55:38.892Z
Yoris Karten,binder,Chain to Memory,THB,Theros Beyond Death,46,normal,common,4,47016,fa0e1a22-8f27-4c5b-a65c-c35abd2ff05b,0.1,false,false,near_mint,de,CHF,2026-06-21T19:55:38.891Z
Yoris Karten,binder,Pendrell Flux,USG,Urza's Saga,87,normal,common,1,35881,34847e03-c529-415e-9d49-fd4647ca8892,0.1,false,false,near_mint,de,CHF,2026-06-21T19:55:38.888Z
Yoris Karten,binder,Foresight,ALL,Alliances,29a,normal,common,1,38814,a12e624c-8879-4e60-a1be-286abc5e0106,0.13,false,false,near_mint,de,CHF,2026-06-21T19:55:38.885Z
Yoris Karten,binder,Weave Fate,ORI,Magic Origins,279,normal,common,4,10663,04e57fc1-1633-447f-ae32-ad7da25a4177,0.06,false,false,near_mint,de,CHF,2026-06-21T19:55:38.883Z
Yoris Karten,binder,Winged Words,M20,Core Set 2020,80,normal,common,1,45381,ff765065-b160-49b6-99ac-cd695bd0d903,0.22,false,false,near_mint,de,CHF,2026-06-21T19:55:38.881Z
Yoris Karten,binder,Jace's Triumph,WAR,War of the Spark,55,normal,uncommon,1,44349,4924f177-5ee2-4d3f-9603-4b9aef4dac09,0.14,false,false,near_mint,de,CHF,2026-06-21T19:55:38.880Z
Yoris Karten,binder,Of One Mind,IKO,Ikoria: Lair of Behemoths,60,normal,common,1,50017,c95fb136-f21d-4f3a-82b7-bcf490b7e90c,0.22,false,false,near_mint,de,CHF,2026-06-21T19:55:38.878Z
Yoris Karten,binder,Phantasmal Form,MH1,Modern Horizons,61,normal,common,3,44873,f106e515-511a-48c7-b7a7-3ca820950122,0.07,false,false,near_mint,de,CHF,2026-06-21T19:55:38.875Z
Yoris Karten,binder,Arnjlot's Ascent,ICE,Ice Age,57,normal,common,1,39752,2307fb16-8b77-45b5-8a02-51a13214791d,0.14,false,false,near_mint,de,CHF,2026-06-21T19:55:38.873Z
Yoris Karten,binder,Vision Skeins,E01,Archenemy: Nicol Bolas,29,normal,common,3,4897,76999d96-f3fe-421e-9190-e682259e3cdb,0.52,false,false,near_mint,de,CHF,2026-06-21T19:55:38.872Z
Yoris Karten,binder,Into the Roil,FDN,Foundations,509,normal,common,2,101486,25edefa9-9fff-4b71-83ae-696c196a795c,0.08,false,false,near_mint,de,CHF,2026-06-21T19:55:38.871Z
Yoris Karten,binder,Updraft,5ED,Fifth Edition,133,normal,common,1,37873,7b4c1316-d6df-4bc4-9bfe-0458ff7c2908,0.14,false,false,near_mint,de,CHF,2026-06-21T19:55:38.870Z
Yoris Karten,binder,Talent of the Telepath,ORI,Magic Origins,78,normal,rare,1,10864,c5da13a1-8be2-4312-a660-f3e102c552b6,0.59,false,false,near_mint,de,CHF,2026-06-21T19:55:38.868Z
Yoris Karten,binder,Way of the Thief,GTC,Gatecrash,56,normal,common,1,16768,b249ca81-bd8d-4d3d-81d6-15e8d669c416,0.03,false,false,near_mint,de,CHF,2026-06-21T19:55:38.867Z
Yoris Karten,binder,Bond of Insight,WAR,War of the Spark,43,normal,uncommon,1,44361,648629af-e911-49e1-b564-c98f339b84a1,0.19,false,false,near_mint,de,CHF,2026-06-21T19:55:38.866Z
Yoris Karten,binder,Teferi's Curse,MIR,Mirage,96,normal,common,1,38494,fb813ef5-8441-4024-a585-1ea24145e1bd,0.13,false,false,near_mint,de,CHF,2026-06-21T19:55:38.865Z
Yoris Karten,binder,Cloak of Invisibility,MIR,Mirage,58,normal,common,1,38532,3f6e21e6-fb3e-49c1-b5a0-499faf66d279,0.18,false,false,near_mint,de,CHF,2026-06-21T19:55:38.864Z
Yoris Karten,binder,Sage of Epityr,TSP,Time Spiral,74,normal,common,1,26826,8e2ea578-069e-4020-a762-d108a3e14861,0.13,false,false,near_mint,de,CHF,2026-06-21T19:55:38.861Z
Yoris Karten,binder,Flight,6ED,Classic Sixth Edition,68,normal,common,1,35309,0f99d08e-edc4-4049-a3de-99f6c5cb0f70,0.18,false,false,near_mint,de,CHF,2026-06-21T19:55:38.860Z
Yoris Karten,binder,Dirgur Island Dragon // Skimming Strike,TDM,Tarkir: Dragonstorm,294,normal,common,1,104392,f7def6d6-c80a-4597-8a3f-3855423bc960,0.12,false,false,near_mint,de,CHF,2026-06-21T19:55:38.856Z
Yoris Karten,binder,Hieroglyphic Illumination,C20,Commander 2020,112,normal,common,1,50306,0bd05638-d621-4967-b7e3-63121c88f18b,0.25,false,false,near_mint,de,CHF,2026-06-21T19:55:38.855Z
Yoris Karten,binder,Ray of Erasure,ICE,Ice Age,93,normal,common,1,39716,5a09fc0b-7b9c-4283-8336-f2607f5ffaf5,0.14,false,false,near_mint,de,CHF,2026-06-21T19:55:38.854Z
Yoris Karten,binder,Lat-Nam's Legacy,ALL,Alliances,30a,normal,common,1,38812,e3b3420b-424e-4c30-b329-bc4447f121d3,0.14,false,false,near_mint,de,CHF,2026-06-21T19:55:38.853Z
Yoris Karten,binder,Annul,THS,Theros,38,normal,common,4,15626,5e71b6ad-4b81-4277-8512-0a3f2266cd23,0.19,false,false,near_mint,de,CHF,2026-06-21T19:55:38.852Z
Yoris Karten,binder,Stratus Walk,ORI,Magic Origins,77,normal,common,3,10865,947bb8f3-51f5-4fbe-9098-7e48f9fe1452,0.06,false,false,near_mint,de,CHF,2026-06-21T19:55:38.858Z
Yoris Karten,binder,Apprentice Wizard,2XM,Double Masters,40,normal,common,4,52199,e13026a8-7e3c-45b2-9838-080f14ae4b29,0.26,false,false,near_mint,de,CHF,2026-06-21T19:55:38.877Z
Yoris Karten,binder,Spell Shrivel,BFZ,Battle for Zendikar,66,normal,common,2,10285,efa110cb-f091-48f0-bc62-80f5f18568e8,0.2,false,false,near_mint,de,CHF,2026-06-21T19:55:38.882Z
Yoris Karten,binder,Opt,FDN,Foundations,512,normal,common,4,100539,58d26b54-0093-4e90-a2b1-b57c64340f9c,0.11,false,false,near_mint,de,CHF,2026-06-21T19:55:38.897Z
Yoris Karten,binder,Teferi's Protege,M21,Core Set 2021,77,normal,common,3,50809,5449d71c-5c1b-44c6-9407-0212aa3c3e3a,0.05,false,false,near_mint,de,CHF,2026-06-21T19:55:38.902Z
Yoris Karten,binder,Clutch of Currents,BFZ,Battle for Zendikar,72,normal,common,3,10279,3d20f482-e0b2-4e4a-be32-347ab112912c,0.07,false,false,near_mint,de,CHF,2026-06-21T19:55:38.907Z
Yoris Karten,binder,Claustrophobia,BBD,Battlebond,115,normal,common,11,1878,263c47d3-7804-47db-b8a1-4a1dc3837dff,0.06,false,false,near_mint,de,CHF,2026-06-21T19:55:38.910Z
Yoris Karten,binder,Keen Glidemaster,M21,Core Set 2021,54,normal,common,4,50998,cce6289e-f665-4faa-8285-c843447f3e52,0.02,false,false,near_mint,de,CHF,2026-06-21T19:55:38.912Z
Yoris Karten,binder,Mistral Singer,M21,Core Set 2021,58,normal,common,4,51028,d961c441-b76b-4bd8-b510-a3e073207a1b,0.1,false,false,near_mint,de,CHF,2026-06-21T19:55:38.913Z
Yoris Karten,binder,Relic Runner,2XM,Double Masters,63,normal,common,5,52215,fbced19d-7035-4284-93b3-cf2d4bcf9734,0.13,false,false,near_mint,de,CHF,2026-06-21T19:55:38.930Z
Yoris Karten,binder,Rookie Mistake,M21,Core Set 2021,66,normal,common,3,50959,b19de7a5-c291-405b-a2e6-8d3ac56e6570,0.04,false,false,near_mint,de,CHF,2026-06-21T19:55:38.937Z
Yoris Karten,binder,Deranged Assistant,INR,Innistrad Remastered,61,normal,common,3,102495,3960ed42-b3e7-4464-b345-1b9b22719efc,0.14,false,false,near_mint,de,CHF,2026-06-21T19:55:38.941Z
Yoris Karten,binder,Deep Freeze,DOM,Dominaria,50,normal,common,3,2226,51765d87-e842-4d84-aaf0-998737fe754c,0.2,false,false,near_mint,de,CHF,2026-06-21T19:55:38.957Z
Yoris Karten,binder,Cloudreader Sphinx,2XM,Double Masters,45,normal,common,9,52109,2afaeec0-9ea3-4aec-9876-8e005e787d71,0.16,false,false,near_mint,de,CHF,2026-06-21T19:55:38.961Z
Yoris Karten,binder,Homarid Explorer,DOM,Dominaria,53,normal,common,4,2223,93be7aa6-1897-4657-b3a6-991b05f7ea5e,0.05,false,false,near_mint,de,CHF,2026-06-21T19:55:38.962Z
Yoris Karten,binder,Frost Breath,M21,Core Set 2021,51,normal,common,2,50769,393fc485-d3c1-4826-933d-89f66df769d4,0.15,false,false,near_mint,de,CHF,2026-06-21T19:55:38.965Z
Yoris Karten,binder,Moonblade Shinobi,MH1,Modern Horizons,59,normal,common,6,44875,f4ab7f30-ca75-4656-9738-1d965f18a22d,0.19,false,false,near_mint,de,CHF,2026-06-21T19:55:38.990Z
Yoris Karten,binder,Breaching Hippocamp,THS,Theros,43,normal,common,3,15621,8841c01e-015e-4541-942a-f8859dd03fea,0.09,false,false,near_mint,de,CHF,2026-06-21T19:55:38.999Z
Yoris Karten,binder,Benthic Giant,BBD,Battlebond,113,normal,common,4,1880,1ff8671d-4da4-4dc2-a8c4-d695ff1aca0f,0.09,false,false,near_mint,de,CHF,2026-06-21T19:55:39.002Z
Yoris Karten,binder,Air Elemental,M20,Core Set 2020,44,normal,uncommon,7,45417,a27efec0-40c4-48bc-a21a-3af28a6529b5,0.06,false,false,near_mint,de,CHF,2026-06-21T20:02:04.252Z
Yoris Karten,binder,Shore Keeper,XLN,Ixalan,77,normal,common,1,3935,135d1145-8640-44e1-8079-45832fa2556d,0.04,false,false,near_mint,de,CHF,2026-06-21T20:02:04.251Z
Yoris Karten,binder,Wind Strider,XLN,Ixalan,88,normal,common,1,3924,613a8ab1-9c5e-4b56-aa51-daeb8c1983b9,0.06,false,false,near_mint,de,CHF,2026-06-21T20:02:04.250Z
Yoris Karten,binder,Shaper Apprentice,XLN,Ixalan,75,normal,common,1,3937,02955471-5ffc-4c7b-83fe-a69816415ca1,0.06,false,false,near_mint,de,CHF,2026-06-21T20:02:04.249Z
Yoris Karten,binder,Snapping Drake,M20,Core Set 2020,318,normal,common,2,45142,ef46580c-a204-4b0b-8526-2310b1ca32b4,0.08,false,false,near_mint,de,CHF,2026-06-21T20:02:04.247Z
Yoris Karten,binder,Salvager of Secrets,M19,Core Set 2019,70,normal,common,1,1242,3a55f484-5734-469c-8d41-95ce44473ec1,0.14,false,false,near_mint,de,CHF,2026-06-21T20:02:04.243Z
Yoris Karten,binder,Dwindle,M19,Core Set 2019,53,normal,common,1,1259,cb38f190-30f0-49ca-99c3-d3cdf21075e8,0.03,false,false,near_mint,de,CHF,2026-06-21T20:02:04.241Z
Yoris Karten,binder,Ghostform,M19,Core Set 2019,58,normal,common,1,1254,347760a1-03f5-4cc9-87ad-e08986b1ea21,0.1,false,false,near_mint,de,CHF,2026-06-21T20:02:04.239Z
Yoris Karten,binder,Sage's Row Denizen,M20,Core Set 2020,73,normal,common,2,45388,06ad3e3e-176b-48f0-af2f-fa4fc4759775,0.1,false,false,near_mint,de,CHF,2026-06-21T20:02:04.234Z
Yoris Karten,binder,Erratic Visionary,CLU,Ravnica: Clue Edition,85,normal,common,2,90813,3e8a25fd-985f-49e5-b5b9-388571dfaec3,0.03,false,false,near_mint,de,CHF,2026-06-21T20:02:04.231Z
Yoris Karten,binder,Cancel,PCA,Planechase Anthology,15,normal,common,1,6738,c6151721-0642-40c6-9f55-02f0cd94cdd2,0.24,false,false,near_mint,de,CHF,2026-06-21T20:02:04.229Z
Yoris Karten,binder,Stoic Rebuttal,MM2,Modern Masters 2015,59,normal,common,2,11158,e9f8146e-ca33-4fa2-8f39-5a44b0db4bd6,0.25,false,false,near_mint,de,CHF,2026-06-21T20:02:04.228Z
Yoris Karten,binder,Darkslick Drake,SOM,Scars of Mirrodin,30,normal,uncommon,1,21002,234f4131-1e7f-4220-b46c-bb4a6713876e,0.04,false,false,near_mint,de,CHF,2026-06-21T20:02:04.225Z
Yoris Karten,binder,Disdainful Stroke,GRN,Guilds of Ravnica,37,normal,common,1,446,0193dfa3-8409-44be-b4be-6c3cad42d4a4,0.19,false,false,near_mint,de,CHF,2026-06-21T20:02:04.224Z
Yoris Karten,binder,Pteramander,OTC,Outlaws of Thunder Junction Commander,109,normal,uncommon,1,93446,0072bbbf-a695-47dd-9615-db2659f357db,0.17,false,false,near_mint,de,CHF,2026-06-21T20:02:04.223Z
Yoris Karten,binder,Watcher in the Mist,CLU,Ravnica: Clue Edition,104,normal,common,1,91335,fd0c6c65-b4dc-4e4a-bbfe-6cf7cab5b48b,0.06,false,false,near_mint,de,CHF,2026-06-21T20:02:04.222Z
Yoris Karten,binder,Spectral Sailor,FDN,Foundations,164,normal,uncommon,1,100100,03a49535-c5f3-4a6f-b333-7ac7bffdc9ae,0.19,false,false,near_mint,de,CHF,2026-06-21T20:02:04.210Z
Yoris Karten,binder,Yarok's Wavecrasher,M20,Core Set 2020,81,normal,uncommon,2,45380,c86a8974-df86-43ee-b07f-fd2837c08a6a,0.05,false,false,near_mint,de,CHF,2026-06-21T20:02:04.209Z
Yoris Karten,binder,Octoprophet,M20,Core Set 2020,70,normal,common,3,45391,13becea1-e745-4c96-bfc2-6a277fb60ee1,0.19,false,false,near_mint,de,CHF,2026-06-21T20:02:04.207Z
Yoris Karten,binder,Brilliant Spectrum,BFZ,Battle for Zendikar,70,normal,common,2,10281,1fc4013b-fb4f-4bbe-a15c-488f89545695,0.02,false,false,near_mint,de,CHF,2026-06-21T20:02:04.191Z
Yoris Karten,binder,Windrider Patrol,BFZ,Battle for Zendikar,89,normal,uncommon,1,10262,4ac7b904-7658-4248-a75c-b3a862bde196,0.05,false,false,near_mint,de,CHF,2026-06-21T20:02:04.190Z
Yoris Karten,binder,Roilmage's Trick,BFZ,Battle for Zendikar,83,normal,common,1,10268,d2194713-c08c-4fba-8e31-bb67c9932173,0.06,false,false,near_mint,de,CHF,2026-06-21T20:02:04.186Z
Yoris Karten,binder,Slither Blade,OTC,Outlaws of Thunder Junction Commander,114,normal,common,1,93725,859e5ca5-c184-47ee-a2ea-8075847f46d9,0.39,false,false,near_mint,de,CHF,2026-06-21T20:02:04.179Z
Yoris Karten,binder,Shimmerscale Drake,AKH,Amonkhet,70,normal,common,2,5615,edb13075-0ea0-480a-84c0-8eec3119db45,0.02,false,false,near_mint,de,CHF,2026-06-21T20:02:04.178Z
Yoris Karten,binder,Decision Paralysis,AKH,Amonkhet,50,normal,common,1,5635,c8eb8d39-9eb8-4592-ab74-54cdc2460e62,0.03,false,false,near_mint,de,CHF,2026-06-21T20:02:04.177Z
Yoris Karten,binder,River Serpent,AKH,Amonkhet,66,normal,common,1,5619,a89500ba-8256-4002-a9f2-62d529e9886b,0.17,false,false,near_mint,de,CHF,2026-06-21T20:02:04.169Z
Yoris Karten,binder,Ancient Crab,AKH,Amonkhet,40,normal,common,1,5645,7c2ca68b-15fb-4691-b549-268df92ca413,0.09,false,false,near_mint,de,CHF,2026-06-21T20:02:04.168Z
Yoris Karten,binder,Enhanced Awareness,FRF,Fate Reforged,33,normal,common,1,12093,21df7db7-c23b-4dca-b9c8-c785d7007285,0.02,false,false,near_mint,de,CHF,2026-06-21T20:02:04.165Z
Yoris Karten,binder,Calculated Dismissal,ORI,Magic Origins,48,normal,common,1,10894,2c42ab35-6050-42b2-9c3c-3252f2e69442,0.09,false,false,near_mint,de,CHF,2026-06-21T20:02:04.164Z
Yoris Karten,binder,Scrapskin Drake,DDQ,Duel Decks: Blessed vs. Cursed,47,normal,common,1,9136,740fc68d-1f08-4e9e-a797-427dcd7733ba,0.15,false,false,near_mint,de,CHF,2026-06-21T20:02:04.157Z
Yoris Karten,binder,Ringwarden Owl,ORI,Magic Origins,68,normal,common,3,10874,1acf216d-ef8f-431b-9b65-1e2e91285517,0.19,false,false,near_mint,de,CHF,2026-06-21T20:02:04.155Z
Yoris Karten,binder,Mystic Meditation,DTK,Dragons of Tarkir,64,normal,common,1,11750,d169f469-10d5-4ae8-88fe-12a8e20ab01b,0.06,false,false,near_mint,de,CHF,2026-06-21T20:02:04.153Z
Yoris Karten,binder,Gurmag Drowner,DTK,Dragons of Tarkir,57,normal,common,1,11757,5087a664-6ed7-43a1-8851-71bbee204eb1,0.08,false,false,near_mint,de,CHF,2026-06-21T20:02:04.152Z
Yoris Karten,binder,Elusive Spellfist,IMA,Iconic Masters,54,normal,common,2,3571,aac94901-f4ec-4888-82ef-87fd2b20cf11,0.07,false,false,near_mint,de,CHF,2026-06-21T20:02:04.151Z
Yoris Karten,binder,Reduce in Stature,DTK,Dragons of Tarkir,72,normal,common,1,11742,8bad1d13-c4f6-4440-9988-e1db40039f02,0.03,false,false,near_mint,de,CHF,2026-06-21T20:02:04.150Z
Yoris Karten,binder,Dirgur Nemesis,DTK,Dragons of Tarkir,51,normal,common,1,11763,54c388de-c2c9-4975-9eac-86a8030a9884,0.06,false,false,near_mint,de,CHF,2026-06-21T20:02:04.147Z
Yoris Karten,binder,Glint,DTK,Dragons of Tarkir,55,normal,common,1,11759,35fa105f-c76b-4fd0-9b83-34b46648e0d6,0.14,false,false,near_mint,de,CHF,2026-06-21T20:02:04.146Z
Yoris Karten,binder,Wings of Velis Vel,MM2,Modern Masters 2015,70,normal,common,1,11147,cc5f287b-beaa-4b51-8db7-91982e2c0bb0,0.11,false,false,near_mint,de,CHF,2026-06-21T20:02:04.143Z
Yoris Karten,binder,Glimmerdust Nap,LRW,Lorwyn,68,normal,common,1,25374,e05a4ce4-dbd5-4c47-8b40-c145c7f5d06c,0.07,false,false,near_mint,de,CHF,2026-06-21T20:02:04.142Z
Yoris Karten,binder,Kathari Screecher,ALA,Shards of Alara,47,normal,common,1,24052,150cf865-79e2-4f74-a872-44e1e5bc73c4,0.06,false,false,near_mint,de,CHF,2026-06-21T20:02:04.141Z
Yoris Karten,binder,Tortoise Formation,ALA,Shards of Alara,61,normal,common,1,24038,59ff8324-42b8-4eeb-8d0b-ea679c984933,0.09,false,false,near_mint,de,CHF,2026-06-21T20:02:04.138Z
Yoris Karten,binder,Call to Heel,BBD,Battlebond,114,normal,common,1,1879,bdedbb84-7abe-420d-8429-c2d77ee0ae36,0.04,false,false,near_mint,de,CHF,2026-06-21T20:02:04.137Z
Yoris Karten,binder,Resounding Wave,ALA,Shards of Alara,54,normal,common,1,24045,f3eca679-076d-42f0-9ec0-b8116a94e373,0.07,false,false,near_mint,de,CHF,2026-06-21T20:02:04.134Z
Yoris Karten,binder,Drifter il-Dal,TSR,Time Spiral Remastered,65,normal,common,1,57875,d40c45e7-f157-4b3f-a627-09b5c27473ae,0.02,false,false,near_mint,de,CHF,2026-06-21T20:02:04.133Z
Yoris Karten,binder,Bewilder,TSR,Time Spiral Remastered,53,normal,common,1,57911,e9aa1ab5-0085-4043-8272-64e10f3dcf2a,0.03,false,false,near_mint,de,CHF,2026-06-21T20:02:04.132Z
Yoris Karten,binder,Think Twice,TSR,Time Spiral Remastered,92,normal,common,1,57643,50e1d85b-f094-40e2-8811-640076d7d546,0.14,false,false,near_mint,de,CHF,2026-06-21T20:02:04.131Z
Yoris Karten,binder,Clockspinning,TSP,Time Spiral,53,normal,common,1,26847,1323d548-e2fe-47c5-8df3-f181aed537c5,0.32,false,false,near_mint,de,CHF,2026-06-21T20:02:04.130Z
Yoris Karten,binder,Silkwing Scout,DIS,Dissension,31,normal,common,1,27394,04f165aa-2986-47d1-912d-d50490a15c0b,0.12,false,false,near_mint,de,CHF,2026-06-21T20:02:04.129Z
Yoris Karten,binder,Gigadrowse,GPT,Guildpact,26,normal,common,2,27569,bf9f85b3-eb8c-43de-aaac-8a887e9c58da,0.25,false,false,near_mint,de,CHF,2026-06-21T20:02:04.127Z
Yoris Karten,binder,Repeal,CLU,Ravnica: Clue Edition,94,normal,common,4,90728,265b80cd-2e9c-4e4b-a065-eafb29b3e07a,0.14,false,false,near_mint,de,CHF,2026-06-21T20:02:04.126Z
Yoris Karten,binder,Coma Veil,ALA,Shards of Alara,36,normal,common,2,24063,2d5b820c-fd07-4e1f-9451-da9267347acd,0.03,false,false,near_mint,de,CHF,2026-06-21T20:02:04.135Z
Yoris Karten,binder,Outrider of Jhess,ALA,Shards of Alara,52,normal,common,2,24047,d3b681c8-6d20-4e43-95f8-e83d34626145,0.12,false,false,near_mint,de,CHF,2026-06-21T20:02:04.139Z
Yoris Karten,binder,Eternity Snare,BNG,Born of the Gods,37,normal,uncommon,4,14923,fa167147-68ca-49af-98d3-538474ea1158,0.05,false,false,near_mint,de,CHF,2026-06-21T20:02:04.144Z
Yoris Karten,binder,Ojutai's Summons,DTK,Dragons of Tarkir,68,normal,common,2,11746,6769341a-1331-456d-a2bb-cd7fffe7b51d,0.06,false,false,near_mint,de,CHF,2026-06-21T20:02:04.149Z
Yoris Karten,binder,Maritime Guard,ORI,Magic Origins,63,normal,common,3,10879,1008ff1b-7fb0-4570-b23e-9fda14b97640,0.05,false,false,near_mint,de,CHF,2026-06-21T20:02:04.156Z
Yoris Karten,binder,Disperse,M19,Core Set 2019,50,normal,common,4,1262,2ff7c89c-41dc-4ac3-bbce-38ab86f435ea,0.1,false,false,near_mint,de,CHF,2026-06-21T20:02:04.160Z
Yoris Karten,binder,Aeronaut Tinkerer,M15,Magic 2015,43,normal,common,3,13809,e145e85d-1eaa-4ec6-9208-ca6491577302,0.02,false,false,near_mint,de,CHF,2026-06-21T20:02:04.166Z
Yoris Karten,binder,Aven Initiate,2X2,Double Masters 2022,39,normal,common,3,70554,e078dfbe-ebdf-4ea8-aed7-cb2c986e7656,0.06,false,false,near_mint,de,CHF,2026-06-21T20:02:04.170Z
Yoris Karten,binder,Cancel,FDN,Foundations,505,normal,common,2,100443,475bff39-220a-4490-9c2e-d311e306a6db,0.26,false,false,near_mint,de,CHF,2026-06-21T20:02:04.171Z
Yoris Karten,binder,Essence Scatter,FDN,Foundations,153,normal,uncommon,5,101226,dd05c850-f91e-4ffb-b4cc-8418d49dad90,0.16,false,false,near_mint,de,CHF,2026-06-21T20:02:04.172Z
Yoris Karten,binder,Winds of Rebuke,AKH,Amonkhet,76,normal,common,2,5609,f2718457-1e3b-48bc-99fe-2300277ee1e0,0.23,false,false,near_mint,de,CHF,2026-06-21T20:02:04.174Z
Yoris Karten,binder,Floodwaters,AKH,Amonkhet,53,normal,common,2,5632,3a211df0-fe9e-4d2c-9e0e-c7be50e6b906,0.04,false,false,near_mint,de,CHF,2026-06-21T20:02:04.176Z
Yoris Karten,binder,Coralhelm Guide,BBD,Battlebond,116,normal,common,2,1877,0389a652-4ca8-45ab-ab3f-624c8f2626f7,0.05,false,false,near_mint,de,CHF,2026-06-21T20:02:04.181Z
Yoris Karten,binder,Wave-Wing Elemental,BFZ,Battle for Zendikar,88,normal,common,2,10263,11b45809-87fc-409d-942a-1f31f68d27ac,0.04,false,false,near_mint,de,CHF,2026-06-21T20:02:04.183Z
Yoris Karten,binder,Anticipate,M20,Core Set 2020,45,normal,common,7,45416,2080556a-6c76-4819-9eb2-c4dd4c9dbd67,0.17,false,false,near_mint,de,CHF,2026-06-21T20:02:04.189Z
Yoris Karten,binder,Storm Fleet Spy,FDN,Foundations,515,normal,uncommon,2,101367,f6c5206e-63db-44c0-86ab-f645cd358b3b,0.08,false,false,near_mint,de,CHF,2026-06-21T20:02:04.200Z
Yoris Karten,binder,Tempest Caller,XLN,Ixalan,86,normal,uncommon,4,3926,64d0f22d-0448-4039-b6f3-75d12e10f48c,0.21,false,false,near_mint,de,CHF,2026-06-21T20:02:04.202Z
Yoris Karten,binder,River Sneak,XLN,Ixalan,70,normal,uncommon,2,3942,2be32ffc-dc1d-4bb2-926f-51d110392b06,0.25,false,false,near_mint,de,CHF,2026-06-21T20:02:04.204Z
Yoris Karten,binder,Didn't Say Please,ELD,Throne of Eldraine,42,normal,common,2,46296,77500b53-0852-4d6a-bfe3-b1e8ef5a12cd,0.3,false,false,near_mint,de,CHF,2026-06-21T20:02:04.217Z
Yoris Karten,binder,Steady Progress,MM2,Modern Masters 2015,58,normal,common,2,11159,71106361-b5b9-403c-b3b1-afe3337e9e3d,0.23,false,false,near_mint,de,CHF,2026-06-21T20:02:04.226Z
Yoris Karten,binder,Totally Lost,RVR,Ravnica Remastered,64,normal,common,3,89885,c36f01a5-82bf-4fc6-9396-4410067c351b,0.13,false,false,near_mint,de,CHF,2026-06-21T20:02:04.236Z
Yoris Karten,binder,Gearsmith Prodigy,M19,Core Set 2019,57,normal,common,2,1255,77d9e666-d9c9-4ccd-89a5-83de79677fa6,0.05,false,false,near_mint,de,CHF,2026-06-21T20:02:04.244Z
Yoris Karten,binder,Battering Sliver,TSR,Time Spiral Remastered,154,normal,common,1,57720,7f65a72b-d24c-4016-befc-91018a1b62e1,0.25,false,false,near_mint,de,CHF,2026-06-21T20:22:18.221Z
Yoris Karten,binder,Blur Sliver,M14,Magic 2014,129,normal,common,1,15922,63227937-86cc-45e0-9e9e-8c7ab80cbaef,0.23,false,false,near_mint,de,CHF,2026-06-21T20:22:18.220Z
Yoris Karten,binder,Predatory Sliver,M14,Magic 2014,189,normal,common,1,15862,a2e37de8-66a1-4afa-aa6f-1151f849dfa8,0.72,false,false,near_mint,de,CHF,2026-06-21T20:22:18.219Z
Yoris Karten,binder,Striking Sliver,M14,Magic 2014,157,normal,common,1,15894,4ee9254b-3d98-4477-a82e-1450cf3ee96e,0.28,false,false,near_mint,de,CHF,2026-06-21T20:22:18.218Z
Yoris Karten,binder,Groundshaker Sliver,M14,Magic 2014,177,normal,common,1,15874,712f0ce4-9189-4c75-9c2b-d370bce89052,0.27,false,false,near_mint,de,CHF,2026-06-21T20:22:18.217Z
Yoris Karten,binder,Synchronous Sliver,PLC,Planar Chaos,48,normal,common,1,26486,c02fa57b-4b7f-46e1-b2b5-6b1a9e9d1643,0.29,false,false,near_mint,de,CHF,2026-06-21T20:22:18.215Z
Yoris Karten,binder,Wojek Siren,RAV,Ravnica: City of Guilds,37,normal,common,2,27973,a55c0d7d-2325-4d7e-b449-c8fdcf988ec0,0.04,false,false,near_mint,de,CHF,2026-06-21T20:22:18.213Z
Yoris Karten,binder,Salt Road Skirmish,TDM,Tarkir: Dragonstorm,88,normal,uncommon,1,105144,8f529a2e-5102-492e-84ab-68541d83b5a3,0.1,false,false,near_mint,de,CHF,2026-06-21T20:22:18.211Z
Yoris Karten,binder,War Effort,TDM,Tarkir: Dragonstorm,131,normal,uncommon,1,105007,dd7f0413-c009-4c08-b877-9c1b776cbf26,0.19,false,false,near_mint,de,CHF,2026-06-21T20:22:18.210Z
Yoris Karten,binder,Teeming Dragonstorm,TDM,Tarkir: Dragonstorm,30,normal,uncommon,1,104563,3b9d771f-24dc-4ed6-8051-62df576a2ba5,0.13,false,false,near_mint,de,CHF,2026-06-21T20:22:18.209Z
Yoris Karten,binder,Aegis Sculptor,TDM,Tarkir: Dragonstorm,35,normal,uncommon,1,104248,19c1417a-9719-46f6-8749-d92b93ce0529,0.06,false,false,near_mint,de,CHF,2026-06-21T20:22:18.208Z
Yoris Karten,binder,Karakyk Guardian,TDM,Tarkir: Dragonstorm,198,normal,uncommon,1,104859,a4c77b08-c3f6-4458-8636-f226f9843b6d,0.13,false,false,near_mint,de,CHF,2026-06-21T20:22:18.207Z
Yoris Karten,binder,Wayspeaker Bodyguard,TDM,Tarkir: Dragonstorm,34,normal,uncommon,1,104676,5e5b2324-69fe-4105-b6f8-14dfbe359d59,0.07,false,false,near_mint,de,CHF,2026-06-21T20:22:18.206Z
Yoris Karten,binder,Overwhelming Surge,TDM,Tarkir: Dragonstorm,115,normal,uncommon,1,105163,bd7af85f-354e-468a-990b-bd774e68240f,0.17,false,false,near_mint,de,CHF,2026-06-21T20:22:18.205Z
Yoris Karten,binder,Bone-Cairn Butcher,TDM,Tarkir: Dragonstorm,173,normal,uncommon,1,104748,78bf36bc-6702-4c5d-b52d-ab7217cc8787,0.27,false,false,near_mint,de,CHF,2026-06-21T20:22:18.204Z
Yoris Karten,binder,Furious Forebear,TDM,Tarkir: Dragonstorm,13,normal,uncommon,1,105152,a4f247b6-8212-4e78-a452-d2d3be228d8e,0.12,false,false,near_mint,de,CHF,2026-06-21T20:22:18.203Z
Yoris Karten,binder,Sonic Shrieker,TDM,Tarkir: Dragonstorm,226,normal,uncommon,1,104757,7c231437-8bec-42e0-9175-af74c752b119,0.2,false,false,near_mint,de,CHF,2026-06-21T20:22:18.202Z
Yoris Karten,binder,Unsparing Boltcaster,TDM,Tarkir: Dragonstorm,130,normal,uncommon,1,104488,204f5e5e-d87f-4aee-84e3-28afe8e21591,0.06,false,false,near_mint,de,CHF,2026-06-21T20:22:18.201Z
Yoris Karten,binder,Riverwheel Sweep,TDM,Tarkir: Dragonstorm,219,normal,uncommon,1,104706,686fe623-ee50-407d-87c9-664fb039f4d9,0.08,false,false,near_mint,de,CHF,2026-06-21T20:22:18.199Z
Yoris Karten,binder,Desperate Measures,TDM,Tarkir: Dragonstorm,78,normal,uncommon,1,104959,ccbc6fd0-42bc-4e8b-96bc-69a631ba7106,0.21,false,false,near_mint,de,CHF,2026-06-21T20:22:18.198Z
Yoris Karten,binder,Gurmag Rakshasa,TDM,Tarkir: Dragonstorm,81,normal,uncommon,1,105173,f05ad909-8860-473b-9a30-a322f7670b32,0.1,false,false,near_mint,de,CHF,2026-06-21T20:22:18.197Z
Yoris Karten,binder,Kheru Goldkeeper,TDM,Tarkir: Dragonstorm,199,normal,uncommon,1,104798,8d11183a-57f5-4ddb-8a6e-15fff704b114,0.27,false,false,near_mint,de,CHF,2026-06-21T20:22:18.196Z
Yoris Karten,binder,Lie in Wait,TDM,Tarkir: Dragonstorm,203,normal,uncommon,1,104819,96fff22c-282b-4849-82ce-890013b53262,0.17,false,false,near_mint,de,CHF,2026-06-21T20:22:18.195Z
Yoris Karten,binder,Jeskai Monument,TDM,Tarkir: Dragonstorm,244,normal,uncommon,1,104362,d0193ad6-39b7-4558-bd3e-36f809332ea2,0.04,false,false,near_mint,de,CHF,2026-06-21T20:22:18.194Z
Yoris Karten,binder,Sultai Monument,TDM,Tarkir: Dragonstorm,247,normal,uncommon,1,104279,45308e0e-b515-49ac-9960-a24e898dd321,0.07,false,false,near_mint,de,CHF,2026-06-21T20:22:18.193Z
Yoris Karten,binder,Skirmish Rhino,TDM,Tarkir: Dragonstorm,224,normal,uncommon,1,103992,4a2e9ba1-c254-41e3-9845-4e81f9fec38d,0.14,false,false,near_mint,de,CHF,2026-06-21T20:22:18.192Z
Yoris Karten,binder,Rally the Monastery,TDM,Tarkir: Dragonstorm,19,normal,uncommon,1,104136,b56e0037-8143-4c13-83e1-0c3f44e685ea,0.21,false,false,near_mint,de,CHF,2026-06-21T20:22:18.191Z
Yoris Karten,binder,Mardu Monument,TDM,Tarkir: Dragonstorm,245,normal,uncommon,1,104328,9bd0c794-77bc-4d4a-a769-3829e2ce4bdf,0.05,false,false,near_mint,de,CHF,2026-06-21T20:22:18.190Z
Yoris Karten,binder,Kishla Trawlers,TDM,Tarkir: Dragonstorm,50,normal,uncommon,1,104472,190fbc55-e8e9-4077-9532-1de7406baabf,0.06,false,false,near_mint,de,CHF,2026-06-21T20:22:18.189Z
Yoris Karten,binder,Hardened Tactician,TDM,Tarkir: Dragonstorm,191,normal,uncommon,1,104780,86b225cb-5c45-4da1-a64e-b04091e483e8,0.2,false,false,near_mint,de,CHF,2026-06-21T20:22:18.188Z
Yoris Karten,binder,Stormbeacon Blade,TDM,Tarkir: Dragonstorm,27,normal,uncommon,1,105176,f2f12684-c80a-422b-9c3f-ed4f31742b9d,0.18,false,false,near_mint,de,CHF,2026-06-21T20:22:18.187Z
Yoris Karten,binder,Jeskai Brushmaster,TDM,Tarkir: Dragonstorm,195,normal,uncommon,1,104526,2eb06c36-cf7e-47a9-819e-adfc54284153,0.08,false,false,near_mint,de,CHF,2026-06-21T20:22:18.186Z
Yoris Karten,binder,Encroaching Dragonstorm,TDM,Tarkir: Dragonstorm,305,normal,uncommon,1,104799,8d1e6797-f938-4161-a231-dac2da23b573,0.38,false,false,near_mint,de,CHF,2026-06-21T20:22:18.185Z
Yoris Karten,binder,Zurgo's Vanguard,TDM,Tarkir: Dragonstorm,133,normal,uncommon,1,104846,a1aa3501-5738-4063-a7f4-51d2600b0041,0.21,false,false,near_mint,de,CHF,2026-06-21T20:22:18.184Z
Yoris Karten,binder,Twinmaw Stormbrood // Charring Bite,TDM,Tarkir: Dragonstorm,232,normal,uncommon,1,104513,2999e3b1-6510-42b2-9429-28c07a64a44f,0.18,false,false,near_mint,de,CHF,2026-06-21T20:22:18.183Z
Yoris Karten,binder,Dragonclaw Strike,TDM,Tarkir: Dragonstorm,180,normal,uncommon,1,105161,bc7692ef-7091-4365-85a8-1edbd374f279,0.15,false,false,near_mint,de,CHF,2026-06-21T20:22:18.182Z
Yoris Karten,binder,Stalwart Successor,TDM,Tarkir: Dragonstorm,227,normal,uncommon,1,104288,4a7b206f-8190-46e6-bb9e-44763d3eb4ac,0.14,false,false,near_mint,de,CHF,2026-06-21T20:22:18.181Z
Yoris Karten,binder,Sunpearl Kirin,TDM,Tarkir: Dragonstorm,29,normal,uncommon,1,104470,18292b9c-0f42-4ce2-8b85-35d06cf45a63,0.27,false,false,near_mint,de,CHF,2026-06-21T20:22:18.180Z
Yoris Karten,binder,Abzan Monument,TDM,Tarkir: Dragonstorm,238,normal,uncommon,1,104363,d2da9024-3b58-4a57-8f7d-4094c193daee,0.15,false,false,near_mint,de,CHF,2026-06-21T20:22:18.179Z
Yoris Karten,binder,Venerated Stormsinger,TDM,Tarkir: Dragonstorm,97,normal,uncommon,1,104858,a4a4e985-facd-47e6-b680-3023c82c2957,0.26,false,false,near_mint,de,CHF,2026-06-21T20:22:18.178Z
Yoris Karten,binder,Constrictor Sage,TDM,Tarkir: Dragonstorm,39,normal,uncommon,1,105156,b2f160d7-c832-4b83-8f2e-aaeb190add3f,0.09,false,false,near_mint,de,CHF,2026-06-21T20:22:18.177Z
Yoris Karten,binder,Synchronized Charge,TDM,Tarkir: Dragonstorm,162,normal,uncommon,1,104484,1f721f8d-fd2f-480b-8645-4bf6ce38dde9,0.19,false,false,near_mint,de,CHF,2026-06-21T20:22:18.176Z
Yoris Karten,binder,Alchemist's Assistant,TDM,Tarkir: Dragonstorm,71,normal,uncommon,1,105131,4d305609-64f8-4f3f-bf67-cd5257f0d01e,0.11,false,false,near_mint,de,CHF,2026-06-21T20:22:18.175Z
Yoris Karten,binder,Frontline Rush,TDM,Tarkir: Dragonstorm,186,normal,uncommon,1,104520,2ce8a205-99d6-4a9c-83a7-18b7220177d3,0.22,false,false,near_mint,de,CHF,2026-06-21T20:22:18.174Z
Yoris Karten,binder,Disruptive Stormbrood // Petty Revenge,TDM,Tarkir: Dragonstorm,178,normal,uncommon,1,104920,bd78e8ae-e927-40e7-9580-966c5e81f53c,0.21,false,false,near_mint,de,CHF,2026-06-21T20:22:18.173Z
Yoris Karten,binder,Reverberating Summons,TDM,Tarkir: Dragonstorm,117,normal,uncommon,1,104475,1af19ce8-bc0c-420c-9e3b-9059b4df32cb,0.07,false,false,near_mint,de,CHF,2026-06-21T20:22:18.171Z
Yoris Karten,binder,Stingerfling Spider,CMR,Commander Legends,258,normal,uncommon,1,56015,18f45424-2c26-43fa-9afe-eeb22ce772e1,0.21,false,false,near_mint,de,CHF,2026-06-21T20:22:18.170Z
Yoris Karten,binder,Three Visits,OTC,Outlaws of Thunder Junction Commander,209,normal,uncommon,1,93619,4ee4ea37-621f-4ef7-b220-f4da3008e399,7.38,false,false,near_mint,de,CHF,2026-06-21T20:22:18.169Z
Yoris Karten,binder,Sandstone Oracle,CMR,Commander Legends,336,normal,uncommon,1,55856,ba2b7213-f0db-4ef9-aab7-37028f9479af,0.27,false,false,near_mint,de,CHF,2026-06-21T20:22:18.168Z
Yoris Karten,binder,"Numa, Joraga Chieftain",KHC,Kaldheim Commander,71,normal,uncommon,1,57229,6ac36353-6bf7-46b1-85cb-87d389138d32,0.17,false,false,near_mint,de,CHF,2026-06-21T20:22:18.167Z
Yoris Karten,binder,Urza's Tome,DOM,Dominaria,235,normal,uncommon,1,2041,d6bead8b-a67f-4451-9d44-038f8688093f,0.14,false,false,near_mint,de,CHF,2026-06-21T20:22:18.166Z
Yoris Karten,binder,Elemental Bond,TDC,Tarkir: Dragonstorm Commander,254,normal,uncommon,2,104801,8efbc925-54ac-4dda-82af-9091b1cf2fda,3.26,false,false,near_mint,de,CHF,2026-06-21T20:22:18.165Z
Yoris Karten,binder,Emrakul's Influence,EMN,Eldritch Moon,157,normal,uncommon,2,8177,112476e7-72ab-4ebc-9e6e-e96fbf5109c0,0.18,false,false,near_mint,de,CHF,2026-06-21T20:22:18.164Z
Yoris Karten,binder,Evolutionary Escalation,C16,Commander 2016,22,normal,uncommon,1,7332,399d4b05-d671-4462-9d5d-4cfe3457727e,2.11,false,false,near_mint,de,CHF,2026-06-21T20:22:18.163Z
Yoris Karten,binder,Joraga Invocation,FDN,Foundations,555,normal,uncommon,2,100087,01ceca57-65f4-4f99-bd14-9fe5f86c1f62,0.09,false,false,near_mint,de,CHF,2026-06-21T20:22:18.162Z
Yoris Karten,binder,Chrome Replicator,M21,Core Set 2021,229,normal,uncommon,2,50727,1e01bcb4-e823-4da5-b433-e75be3356367,0.04,false,false,near_mint,de,CHF,2026-06-21T20:22:18.161Z
Yoris Karten,binder,Herdchaser Dragon,DTK,Dragons of Tarkir,190,normal,uncommon,3,11624,5fb84323-b6f7-43ea-baf1-3e29b33b680d,0.21,false,false,near_mint,de,CHF,2026-06-21T20:22:18.160Z
Yoris Karten,binder,Nemesis of Mortals,THS,Theros,163,normal,uncommon,4,15501,c4010889-1d7a-4db3-a27c-c39baa024765,0.06,false,false,near_mint,de,CHF,2026-06-21T20:22:18.159Z
Yoris Karten,binder,Pine Walker,KTK,Khans of Tarkir,143,normal,uncommon,2,13255,93a49d9c-8fe7-494b-9a26-cf4bde71e420,0.1,false,false,near_mint,de,CHF,2026-06-21T20:22:18.158Z
Yoris Karten,binder,Salt Road Ambushers,MKC,Murders at Karlov Manor Commander,184,normal,uncommon,2,90407,741e7d92-1570-4eb2-8195-e48c44672648,0.21,false,false,near_mint,de,CHF,2026-06-21T20:22:18.157Z
Yoris Karten,binder,Circle of Elders,DTK,Dragons of Tarkir,176,normal,uncommon,2,11638,a99df522-cc97-41e3-8073-72e092afe8bb,0.09,false,false,near_mint,de,CHF,2026-06-21T20:22:18.156Z
Yoris Karten,binder,Armorcraft Judge,CMM,Commander Masters,273,normal,uncommon,2,84398,5b76074c-65ca-40e9-b125-4668d3431820,0.18,false,false,near_mint,de,CHF,2026-06-21T20:22:18.155Z
Yoris Karten,binder,Gloomwidow,SOI,Shadows over Innistrad,206,normal,uncommon,1,8790,ee04dfd8-e704-46d7-bdf8-b0b2ee747a49,0.03,false,false,near_mint,de,CHF,2026-06-21T20:22:18.154Z
Yoris Karten,binder,Infuse with the Elements,BFZ,Battle for Zendikar,175,normal,uncommon,1,10176,0ec25fe4-7967-42e2-8790-593738991eaa,0.06,false,false,near_mint,de,CHF,2026-06-21T20:22:18.153Z
Yoris Karten,binder,Gather the Pack,ORI,Magic Origins,178,normal,uncommon,2,10764,9a4f5b00-ac50-485f-a38a-b9f409307d5c,0.24,false,false,near_mint,de,CHF,2026-06-21T20:22:18.152Z
Yoris Karten,binder,Dwynen's Elite,ORI,Magic Origins,173,normal,uncommon,4,10769,c203722b-3f16-4b6c-9b2e-18169d3f80c9,0.08,false,false,near_mint,de,CHF,2026-06-21T20:22:18.151Z
Yoris Karten,binder,Warriors' Lesson,THS,Theros,184,normal,uncommon,4,15480,63f7e81a-6f9e-4cad-a911-fba7a431cd55,0.13,false,false,near_mint,de,CHF,2026-06-21T20:22:18.150Z
Yoris Karten,binder,Seasoned Hallowblade,M21,Core Set 2021,34,normal,uncommon,2,51095,feb59931-8941-46fb-8e1c-f80ff3730dd9,0.21,false,false,near_mint,de,CHF,2026-06-21T20:22:18.149Z
Yoris Karten,binder,Burlfist Oak,M21,Core Set 2021,174,normal,uncommon,3,50776,3d0ec3bd-d894-4861-abcb-7b2e4f4de05c,0.19,false,false,near_mint,de,CHF,2026-06-21T20:22:18.148Z
Yoris Karten,binder,Sarkhan's Triumph,DTK,Dragons of Tarkir,154,normal,uncommon,4,11660,f9a0ff4d-060e-41dc-8b79-1fa42838adf2,1.76,false,false,near_mint,de,CHF,2026-06-21T20:22:18.147Z
Yoris Karten,binder,Stormwing Dragon,DTK,Dragons of Tarkir,159,normal,uncommon,4,11655,6da2b004-97e5-41ab-98b0-3637cb32a35a,0.16,false,false,near_mint,de,CHF,2026-06-21T20:22:18.146Z
Yoris Karten,binder,Bolt Hound,M21,Core Set 2021,131,normal,uncommon,1,50916,9f8cf3f9-4e3b-4af2-b5ef-a97eb1d2b674,0.23,false,false,near_mint,de,CHF,2026-06-21T20:22:18.145Z
Yoris Karten,binder,Warbringer,DTK,Dragons of Tarkir,168,normal,uncommon,3,11646,ed4951ef-2519-4511-b952-c835cd81def7,0.1,false,false,near_mint,de,CHF,2026-06-21T20:22:18.144Z
Yoris Karten,binder,Prodigal Pyromancer,TSR,Time Spiral Remastered,180,normal,uncommon,2,57867,cf16600a-c2a5-49e4-89e2-260cfaf58b52,0.1,false,false,near_mint,de,CHF,2026-06-21T20:22:18.143Z
Yoris Karten,binder,Speedway Fanatic,KLD,Kaladesh,132,normal,uncommon,2,7511,436ce901-6ac6-4f8c-8ff0-18103f2642b8,0.12,false,false,near_mint,de,CHF,2026-06-21T20:22:18.142Z
Yoris Karten,binder,Aether Meltdown,KLD,Kaladesh,36,normal,uncommon,2,7607,91f99614-45e2-4688-8403-f3a6b9162b08,0.15,false,false,near_mint,de,CHF,2026-06-21T20:22:18.141Z
Yoris Karten,binder,Silumgar's Scorn,DTK,Dragons of Tarkir,78,normal,uncommon,2,11736,077bee72-62f6-4d90-8557-ff9cac42ec9a,0.25,false,false,near_mint,de,CHF,2026-06-21T20:22:18.140Z
Yoris Karten,binder,Ainok Survivalist,MKC,Murders at Karlov Manor Commander,165,normal,uncommon,3,90263,0f4b5b18-569f-4f61-ad2f-966ba4fbabdc,0.26,false,false,near_mint,de,CHF,2026-06-21T20:22:18.139Z
Yoris Karten,binder,Rot Shambler,CMM,Commander Masters,318,normal,common,1,84465,6e13e1c2-376f-4ce6-bdc0-e000e99e5b9c,0.2,false,false,near_mint,de,CHF,2026-06-21T20:22:18.138Z
Yoris Karten,binder,Foul Emissary,EMN,Eldritch Moon,158,normal,uncommon,2,8176,41446e3b-ecd1-442f-9209-713f0abfc538,0.1,false,false,near_mint,de,CHF,2026-06-21T20:22:18.137Z
Yoris Karten,binder,Hamlet Captain,INR,Innistrad Remastered,201,normal,uncommon,2,102406,06e5d76a-0cec-40e0-b694-2b5c8484f6c0,0.06,false,false,near_mint,de,CHF,2026-06-21T20:22:18.136Z
Yoris Karten,binder,Marshal of the Lost,TDM,Tarkir: Dragonstorm,207,normal,uncommon,2,104304,64fbaa16-67c3-4ed2-9545-39abbbde61dc,0.13,false,false,near_mint,de,CHF,2026-06-21T20:22:18.200Z
Yoris Karten,binder,Island,DDM,Duel Decks: Jace vs. Vraska,39,normal,common,2,14711,0c88a936-b745-402b-9eda-f9a18342698e,0.08,false,false,near_mint,de,CHF,2026-06-21T20:31:27.313Z
Yoris Karten,binder,Island,CM2,Commander Anthology Volume II,292,normal,common,1,1445,b294323b-d7a2-4d82-bf99-b388edcb7d32,0.11,false,false,near_mint,de,CHF,2026-06-21T20:31:27.312Z
Yoris Karten,binder,Island,DDM,Duel Decks: Jace vs. Vraska,37,normal,common,2,14713,b4a728fd-e564-4a7c-9dde-e3e8b70c1f68,0.12,false,false,near_mint,de,CHF,2026-06-21T20:31:27.311Z
Yoris Karten,binder,Island,CMA,Commander Anthology,295,normal,common,2,4991,20f2e8cb-cf20-479d-9297-46618d09c19f,0.32,false,false,near_mint,de,CHF,2026-06-21T20:31:27.309Z
Yoris Karten,binder,Island,CMA,Commander Anthology,293,normal,common,1,4993,232d56d0-1df6-4517-bbe9-9bd7ef12de15,0.08,false,false,near_mint,de,CHF,2026-06-21T20:31:27.308Z
Yoris Karten,binder,Island,M21,Core Set 2021,263,normal,common,1,51090,fc9a66a1-367c-4035-a22e-00fab55be5a0,0.08,false,false,near_mint,de,CHF,2026-06-21T20:31:27.307Z
Yoris Karten,binder,Wizards' School,HML,Homelands,115,normal,uncommon,1,39161,cd736532-8e98-4f4a-b48f-a66c57efcbfd,0.25,false,false,near_mint,de,CHF,2026-06-21T20:31:27.306Z
Yoris Karten,binder,Oasis,4ED,Fourth Edition,362,normal,uncommon,1,39825,1d51a6de-7bb4-4e3d-82a7-a298c8d742ef,0.28,false,false,near_mint,de,CHF,2026-06-21T20:31:27.305Z
Yoris Karten,binder,School of the Unseen,ALL,Alliances,141,normal,uncommon,1,38661,1438606d-556d-4b96-9662-fcac051af045,0.17,false,false,near_mint,de,CHF,2026-06-21T20:31:27.304Z
Yoris Karten,binder,Castle Sengir,HML,Homelands,113,normal,uncommon,1,39163,16bfba30-4075-4bd6-9e4b-3a37641d43ce,0.22,false,false,near_mint,de,CHF,2026-06-21T20:31:27.303Z
Yoris Karten,binder,Koskun Keep,HML,Homelands,114,normal,uncommon,1,39162,395fe900-ed19-438e-a658-ed7cf85818e5,0.17,false,false,near_mint,de,CHF,2026-06-21T20:31:27.302Z
Yoris Karten,binder,Tainted Field,CMM,Commander Masters,1039,normal,uncommon,1,85074,f9a1e07c-314c-4a7f-bd8f-97cdde1f0791,0.35,false,false,near_mint,de,CHF,2026-06-21T20:31:27.301Z
Yoris Karten,binder,Azorius Guildgate,KHC,Kaldheim Commander,107,normal,common,1,57224,569b53fb-8776-4301-9ed6-f7eabb08cebf,0.12,false,false,near_mint,de,CHF,2026-06-21T20:31:27.298Z
Yoris Karten,binder,Boros Guildgate,ZNC,Zendikar Rising Commander,123,normal,common,1,55395,62512962-8d98-4e18-a910-39abd72229ce,0.09,false,false,near_mint,de,CHF,2026-06-21T20:31:27.297Z
Yoris Karten,binder,Gingerbread Cabin,C21,Commander 2021,290,normal,common,1,58774,3b583cc8-95e6-4772-afe3-d405b65836e0,0.27,false,false,near_mint,de,CHF,2026-06-21T20:31:27.295Z
Yoris Karten,binder,Thornwood Falls,FDN,Foundations,269,normal,common,5,100424,42799f51-0f8c-444b-974e-dae281a5c697,0.19,false,false,near_mint,de,CHF,2026-06-21T20:31:27.293Z
Yoris Karten,binder,Jungle Hollow,C19,Commander 2019,254,normal,common,3,45680,7fc11a2d-7592-46ca-9e9c-fa14c21dc38c,0.14,false,false,near_mint,de,CHF,2026-06-21T20:31:27.292Z
Yoris Karten,binder,Bloodfell Caves,FDN,Foundations,259,normal,common,2,100806,8b90dc92-cb66-41d9-89f9-2b6e3cfc8082,0.25,false,false,near_mint,de,CHF,2026-06-21T20:31:27.291Z
Yoris Karten,binder,Orzhov Guildgate,CLU,Ravnica: Clue Edition,242,normal,common,16,91267,e59ddc7f-6c6e-4acc-aac7-63736a77a199,0.12,false,false,near_mint,de,CHF,2026-06-21T20:31:27.290Z
Yoris Karten,binder,Cave of Temptation,MH1,Modern Horizons,237,normal,common,6,44697,d86e9149-6fd9-44fc-b765-3e646c7d83d6,0.16,false,false,near_mint,de,CHF,2026-06-21T20:31:27.289Z
Yoris Karten,binder,Boros Garrison,CLU,Ravnica: Clue Edition,231,normal,common,1,90975,76ec3366-98f3-4903-8f7b-cfcdd60e3be1,0.17,false,false,near_mint,de,CHF,2026-06-21T20:31:27.285Z
Yoris Karten,binder,Desert of the Fervent,OTC,Outlaws of Thunder Junction Commander,284,normal,common,1,93934,f3766140-b755-4e4b-9d98-0cc0b889f15a,0.23,false,false,near_mint,de,CHF,2026-06-21T20:31:27.284Z
Yoris Karten,binder,Crypt of the Eternals,HOU,Hour of Devastation,169,normal,uncommon,3,4506,cab5b199-e79d-4ca9-970c-cfd9df8fd1e4,0.12,false,false,near_mint,de,CHF,2026-06-21T20:31:27.283Z
Yoris Karten,binder,Blossoming Sands,BLB,Bloomburrow,396,normal,common,2,96135,ecfa2cc9-e427-4104-bad7-b0294e392b1f,0.1,false,false,near_mint,de,CHF,2026-06-21T20:31:27.281Z
Yoris Karten,binder,Rakdos Guildgate,CLU,Ravnica: Clue Edition,244,normal,common,6,91006,806dfa92-a512-4631-811c-d142f350a4fb,0.1,false,false,near_mint,de,CHF,2026-06-21T20:31:27.276Z
Yoris Karten,binder,Scoured Barrens,TDM,Tarkir: Dragonstorm,267,normal,common,1,104346,b4b47b80-69ed-44b0-afa0-ca90206dc16d,0.18,false,false,near_mint,de,CHF,2026-06-21T20:31:27.275Z
Yoris Karten,binder,Wind-Scarred Crag,TDM,Tarkir: Dragonstorm,271,normal,common,1,104286,4912e4d0-b16a-4aa6-a583-3430d26bd591,0.12,false,false,near_mint,de,CHF,2026-06-21T20:31:27.271Z
Yoris Karten,binder,Jungle Hollow,TDM,Tarkir: Dragonstorm,258,normal,common,1,104375,ea13440b-3f7b-4182-9541-27c1fa3121e5,0.15,false,false,near_mint,de,CHF,2026-06-21T20:31:27.267Z
Yoris Karten,binder,Swiftwater Cliffs,TDM,Tarkir: Dragonstorm,268,normal,common,1,104361,ca53fb19-b8ca-485b-af1a-5117ae54bfe3,0.12,false,false,near_mint,de,CHF,2026-06-21T20:31:27.265Z
Yoris Karten,binder,Thornwood Falls,TDM,Tarkir: Dragonstorm,269,normal,common,1,104376,ebb502c2-5fd0-46a9-b77d-010f4a942056,0.1,false,false,near_mint,de,CHF,2026-06-21T20:31:27.264Z
Yoris Karten,binder,Unknown Shores,THS,Theros,229,normal,common,3,15435,fff118a5-765b-4ba1-8f12-ce6f24b2459b,0.08,false,false,near_mint,de,CHF,2026-06-21T20:31:27.263Z
Yoris Karten,binder,Skyward Eye Prophets,CMA,Commander Anthology,193,normal,uncommon,2,5093,056f9887-3ab0-486a-b859-5999d39f9ec2,0.29,false,false,near_mint,de,CHF,2026-06-21T20:31:27.259Z
Yoris Karten,binder,Sludge Strider,HOP,Planechase,95,normal,uncommon,1,22939,8d6025a1-2da0-48d0-b7c4-65c85ba51ceb,0.28,false,false,near_mint,de,CHF,2026-06-21T20:31:27.258Z
Yoris Karten,binder,Ascended Lawmage,CN2,Conspiracy: Take the Crown,198,normal,uncommon,3,7899,e90d9cc4-9444-4610-ace5-c2981809b331,0.06,false,false,near_mint,de,CHF,2026-06-21T20:31:27.257Z
Yoris Karten,binder,Arcanist's Owl,NEC,Neon Dynasty Commander,135,normal,uncommon,2,67041,9849087e-ea39-4667-b879-51ecdff4bf6a,0.12,false,false,near_mint,de,CHF,2026-06-21T20:31:27.255Z
Yoris Karten,binder,"Neva, Stalked by Nightmares",WOE,Wilds of Eldraine,209,normal,uncommon,1,85795,e6f925ab-ade7-4da8-a791-185e098d18f2,0.25,false,false,near_mint,de,CHF,2026-06-21T20:31:27.254Z
Yoris Karten,binder,"Johann, Apprentice Sorcerer",WOE,Wilds of Eldraine,207,normal,uncommon,1,85681,b88a762d-19ed-451d-a3a9-b3e7eea40f67,0.23,false,false,near_mint,de,CHF,2026-06-21T20:31:27.253Z
Yoris Karten,binder,Foundry Champion,GTC,Gatecrash,165,normal,rare,1,16659,84e39703-db78-4d3d-aacd-5396848253ed,0.1,false,false,near_mint,de,CHF,2026-06-21T20:31:27.252Z
Yoris Karten,binder,Angelic Captain,BFZ,Battle for Zendikar,208,normal,rare,1,10143,ef0baf56-816a-4e0a-beb3-73b51487ff00,0.19,false,false,near_mint,de,CHF,2026-06-21T20:31:27.251Z
Yoris Karten,binder,Tezzeret's Touch,AER,Aether Revolt,138,normal,uncommon,4,6276,3c2e917f-734e-4b8b-abc6-ea33c0fc722e,0.12,false,false,near_mint,de,CHF,2026-06-21T20:31:27.250Z
Yoris Karten,binder,Disciple of Deceit,JOU,Journey into Nyx,148,normal,uncommon,2,14501,fbfe88fd-9bb9-42af-8134-96fd264b8405,0.16,false,false,near_mint,de,CHF,2026-06-21T20:31:27.249Z
Yoris Karten,binder,Obsessive Stitcher,AFC,Forgotten Realms Commander,189,normal,uncommon,3,60870,d319c8a2-ae7b-4077-8b11-97937979fed2,0.28,false,false,near_mint,de,CHF,2026-06-21T20:31:27.248Z
Yoris Karten,binder,Agony Warp,2X2,Double Masters 2022,168,normal,common,2,70241,5890a23e-1da0-432b-8dc8-85b92dee9ba1,0.21,false,false,near_mint,de,CHF,2026-06-21T20:31:27.247Z
Yoris Karten,binder,Lim-Dûl's Paladin,ALL,Alliances,108,normal,uncommon,1,38699,44be2d66-359e-4cc1-9670-119cb9c7d5f5,0.21,false,false,near_mint,de,CHF,2026-06-21T20:31:27.246Z
Yoris Karten,binder,Consecrate // Consume,RNA,Ravnica Allegiance,224,normal,uncommon,2,43641,00320106-ce51-46a9-b0f9-79b3baf4e505,0.19,false,false,near_mint,de,CHF,2026-06-21T20:31:27.245Z
Yoris Karten,binder,Reduce // Rubble,AKH,Amonkhet,216,normal,uncommon,3,5469,d2f3035c-ca27-40f3-ad73-c4e54bb2bcd7,0.1,false,false,near_mint,de,CHF,2026-06-21T20:31:27.244Z
Yoris Karten,binder,"Siona, Captain of the Pyleas",WOC,Wilds of Eldraine Commander,144,normal,uncommon,4,85604,9adb1528-dc72-4ec7-bcb4-a043bcd8d9d2,0.27,false,false,near_mint,de,CHF,2026-06-21T20:31:27.243Z
Yoris Karten,binder,Rise to Glory,THB,Theros Beyond Death,225,normal,uncommon,7,46837,cf6c11c8-64a1-46a4-979c-56a6d5b873d3,0.08,false,false,near_mint,de,CHF,2026-06-21T20:31:27.242Z
Yoris Karten,binder,Wintermoor Commander,MOC,March of the Machine Commander,345,normal,uncommon,2,81627,414a25b5-2b4f-4935-8564-4b507db12dbc,0.26,false,false,near_mint,de,CHF,2026-06-21T20:31:27.241Z
Yoris Karten,binder,Skull Rend,RTR,Return to Ravnica,195,normal,common,3,17227,1c8efb23-bac0-41d2-b4ee-27a6b1fe3134,0.1,false,false,near_mint,de,CHF,2026-06-21T20:31:27.240Z
Yoris Karten,binder,Goblin Deathraiders,DDN,Duel Decks: Speed vs. Cunning,6,normal,common,1,13524,0c0b85d3-ce46-4f12-8315-4cbf338eb8f0,0.09,false,false,near_mint,de,CHF,2026-06-21T20:31:27.239Z
Yoris Karten,binder,Morgue Burst,DGM,Dragon's Maze,86,normal,common,1,16379,7b3c2909-87ab-4027-9b56-58a2abae3fa3,0.04,false,false,near_mint,de,CHF,2026-06-21T20:31:27.238Z
Yoris Karten,binder,Call of the Conclave,GK1,GRN Guild Kit,109,normal,uncommon,3,37,476f0994-10a0-422b-8031-069d5b06064f,0.14,false,false,near_mint,de,CHF,2026-06-21T20:31:27.237Z
Yoris Karten,binder,Silkbind Faerie,SHM,Shadowmoor,148,normal,common,1,24718,12d06328-a124-40e4-a9d8-2342a881970e,0.11,false,false,near_mint,de,CHF,2026-06-21T20:31:27.234Z
Yoris Karten,binder,Zealous Guardian,SHM,Shadowmoor,157,normal,common,1,24709,9951214b-43a9-4c51-bbb4-05bac81b9866,0.09,false,false,near_mint,de,CHF,2026-06-21T20:31:27.232Z
Yoris Karten,binder,Barrenton Cragtreads,SHM,Shadowmoor,138,normal,common,1,24728,361dab9e-22f0-45e4-a793-aa6c97a96781,0.03,false,false,near_mint,de,CHF,2026-06-21T20:31:27.230Z
Yoris Karten,binder,Somnomancer,SHM,Shadowmoor,149,normal,common,3,24717,eaf51122-fd7c-40b5-b759-65e21c28e3d6,0.11,false,false,near_mint,de,CHF,2026-06-21T20:31:27.228Z
Yoris Karten,binder,Angrath's Rampage,WAR,War of the Spark,185,normal,uncommon,1,44219,f5a39379-7313-463a-9a02-e5157b9557f4,0.23,false,false,near_mint,de,CHF,2026-06-21T20:31:27.227Z
Yoris Karten,binder,Duergar Assailant,EVE,Eventide,136,normal,common,2,24415,a6555cbb-97fc-4258-9b11-096c3eaec833,0.1,false,false,near_mint,de,CHF,2026-06-21T20:31:27.225Z
Yoris Karten,binder,Phyrexian Rager,CLB,Commander Legends: Battle for Baldur's Gate,766,normal,common,2,69491,41a530be-8527-46f9-b1e9-725915fd6d5e,0.13,false,false,near_mint,de,CHF,2026-06-21T20:31:27.224Z
Yoris Karten,binder,Reigning Victor,TDM,Tarkir: Dragonstorm,216,normal,common,4,104334,a394112a-032b-4047-887a-6522cf7b83d5,0.14,false,false,near_mint,de,CHF,2026-06-21T20:31:27.223Z
Yoris Karten,binder,Gurmag Nightwatch,TDM,Tarkir: Dragonstorm,190,normal,common,1,104369,de731430-6bbf-4782-953e-b69c46353959,0.08,false,false,near_mint,de,CHF,2026-06-21T20:31:27.221Z
Yoris Karten,binder,Reputable Merchant,TDM,Tarkir: Dragonstorm,217,normal,common,1,105157,b7d0591e-7fb7-40ea-ba2a-cfe544d40216,0.04,false,false,near_mint,de,CHF,2026-06-21T20:31:27.220Z
Yoris Karten,binder,Temur Tawnyback,TDM,Tarkir: Dragonstorm,229,normal,common,1,104566,3cdb383f-bc04-46d1-aa3a-7459d57f1fec,0.08,false,false,near_mint,de,CHF,2026-06-21T20:31:27.218Z
Yoris Karten,binder,Cryptborn Horror,RTR,Return to Ravnica,212,normal,rare,1,17210,8ffd77d7-3fe6-4493-96eb-f62183c0358d,0.18,false,false,near_mint,de,CHF,2026-06-21T20:31:27.217Z
Yoris Karten,binder,Polis Crusher,THS,Theros,198,normal,rare,2,15466,80874006-d057-49b8-981c-1d685ad1474b,0.08,false,false,near_mint,de,CHF,2026-06-21T20:31:27.216Z
Yoris Karten,binder,Sprouting Thrinax,DCI,DCI Promos,21,foil,rare,1,24100,310038c2-685e-4f1b-b91f-7a5ad2b0646f,0.33,false,false,near_mint,de,CHF,2026-06-21T20:31:27.215Z
Yoris Karten,binder,Shielding Plax,AFC,Forgotten Realms Commander,192,normal,common,2,60785,81e632d8-ee9c-4635-9654-4d6405cb0bf2,0.16,false,false,near_mint,de,CHF,2026-06-21T20:31:27.214Z
Yoris Karten,binder,Zameck Guildmage,GK2,RNA Guild Kit,129,normal,uncommon,1,43904,b9b4d790-67db-41f3-b4db-9c5b7c1f8884,0.28,false,false,near_mint,de,CHF,2026-06-21T20:31:27.213Z
Yoris Karten,binder,Get the Point,RNA,Ravnica Allegiance,176,normal,common,2,43689,821c4ab5-eb75-445a-bbec-e50af54dba7a,0.03,false,false,near_mint,de,CHF,2026-06-21T20:31:27.212Z
Yoris Karten,binder,Wee Dragonauts,GRN,Guilds of Ravnica,214,normal,uncommon,3,269,37ee17a1-76ce-4ae8-9109-ba32457cbeec,0.1,false,false,near_mint,de,CHF,2026-06-21T20:31:27.211Z
Yoris Karten,binder,Enigma Drake,FDN,Foundations,657,normal,uncommon,3,100173,13ce1338-5a46-4d96-a991-d5fa8d4330ae,0.11,false,false,near_mint,de,CHF,2026-06-21T20:31:27.210Z
Yoris Karten,binder,Fleetfeather Cockatrice,JOU,Journey into Nyx,149,normal,uncommon,3,14500,1139236e-5d71-4fc1-937d-ba1efadee031,0.09,false,false,near_mint,de,CHF,2026-06-21T20:31:27.208Z
Yoris Karten,binder,Applied Biomancy,RNA,Ravnica Allegiance,153,normal,common,1,43712,f91ed618-7b0b-4a70-95ad-d9ed46e28692,0.06,false,false,near_mint,de,CHF,2026-06-21T20:31:27.207Z
Yoris Karten,binder,Skyrider Elf,BFZ,Battle for Zendikar,220,normal,uncommon,2,10131,477eb787-aec7-43fd-9813-184111d9dcc5,0.14,false,false,near_mint,de,CHF,2026-06-21T20:31:27.206Z
Yoris Karten,binder,Bioshift,GTC,Gatecrash,214,normal,common,2,16610,6e18f7a9-2af6-467a-8f62-5f7da83a3c92,0.2,false,false,near_mint,de,CHF,2026-06-21T20:31:27.205Z
Yoris Karten,binder,Drakewing Krasis,GTC,Gatecrash,157,normal,common,1,16667,016d1d17-ba5c-4168-9a3d-232bdcc98c80,0.04,false,false,near_mint,de,CHF,2026-06-21T20:31:27.204Z
Yoris Karten,binder,Hydroform,GTC,Gatecrash,172,normal,common,1,16652,2c4e1f41-4aed-451b-bbaa-6cc6780cd6c9,0.03,false,false,near_mint,de,CHF,2026-06-21T20:31:27.202Z
Yoris Karten,binder,Nimbus Swimmer,GK2,RNA Guild Kit,120,normal,uncommon,2,43913,bd3219c1-b336-4f91-acb5-24b4e1f05464,0.21,false,false,near_mint,de,CHF,2026-06-21T20:31:27.199Z
Yoris Karten,binder,Beetleform Mage,DGM,Dragon's Maze,54,normal,common,2,16411,1e2f7d7f-4097-419b-8de0-b7bf28fc3a4b,0.04,false,false,near_mint,de,CHF,2026-06-21T20:31:27.198Z
Yoris Karten,binder,Auger Spree,2X2,Double Masters 2022,178,normal,common,2,70595,f0d7413b-2ad3-4e8f-8728-5649f938d06e,0.05,false,false,near_mint,de,CHF,2026-06-21T20:31:27.197Z
Yoris Karten,binder,Coursers' Accord,RTR,Return to Ravnica,154,normal,common,6,17268,f027ceb0-5d2b-4cf6-87ad-e6b9b1e20634,0.08,false,false,near_mint,de,CHF,2026-06-21T20:31:27.196Z
Yoris Karten,binder,Goblin Electromancer,OTC,Outlaws of Thunder Junction Commander,228,normal,common,4,93692,71808155-db49-4027-a2fc-76f53475ac05,0.31,false,false,near_mint,de,CHF,2026-06-21T20:31:27.195Z
Yoris Karten,binder,Ral's Staticaster,GRN,Guilds of Ravnica,268,normal,uncommon,1,215,adfa16dc-03b3-4533-884c-a23b992b8d86,0.13,false,false,near_mint,de,CHF,2026-06-21T20:31:27.194Z
Yoris Karten,binder,Sonic Assault,GRN,Guilds of Ravnica,199,normal,common,1,284,cc61a398-cf16-415b-b3cf-897217dc7cc9,0.03,false,false,near_mint,de,CHF,2026-06-21T20:31:27.193Z
Yoris Karten,binder,Chief of the Edge,KTK,Khans of Tarkir,169,normal,uncommon,1,13229,28822a9a-97fa-4784-ad97-072fcfc7b9ed,0.08,false,false,near_mint,de,CHF,2026-06-21T20:31:27.192Z
Yoris Karten,binder,Reclusive Artificer,DDU,Duel Decks: Elves vs. Inventors,51,normal,uncommon,3,2416,9e6cda07-c6b0-4138-9b83-bff1802fe138,0.08,false,false,near_mint,de,CHF,2026-06-21T20:31:27.191Z
Yoris Karten,binder,Hellkite Hatchling,PCA,Planechase Anthology,95,normal,uncommon,2,6586,08902c09-a1d9-4a63-9b6d-93a9878ec060,0.19,false,false,near_mint,de,CHF,2026-06-21T20:31:27.190Z
Yoris Karten,binder,Talon Trooper,MM3,Modern Masters 2017,192,normal,common,1,6021,0ec07bce-abf0-4387-bb9f-a9ba5492c754,0.07,false,false,near_mint,de,CHF,2026-06-21T20:31:27.189Z
Yoris Karten,binder,Architects of Will,ARC,Archenemy,77,normal,common,1,21467,6f614bb4-92e3-4ae0-9f2f-294434706c48,0.24,false,false,near_mint,de,CHF,2026-06-21T20:31:27.188Z
Yoris Karten,binder,Wings of Hope,INV,Invasion,289,normal,common,1,33044,be0d2402-f1ef-4a71-ac01-c7099c4ce54c,0.15,false,false,near_mint,de,CHF,2026-06-21T20:31:27.186Z
Yoris Karten,binder,Restore the Peace,DGM,Dragon's Maze,97,normal,uncommon,2,16368,105902f6-99d0-4bee-9dfd-87a92ac04d91,0.05,false,false,near_mint,de,CHF,2026-06-21T20:31:27.185Z
Yoris Karten,binder,Vectis Dominator,ARB,Alara Reborn,84,normal,common,2,23424,1cfb7589-a53e-4580-bd92-641fd4785934,0.05,false,false,near_mint,de,CHF,2026-06-21T20:31:27.187Z
Yoris Karten,binder,Horizon Chimera,C16,Commander 2016,204,normal,uncommon,4,7150,7022506d-8685-41e0-bd1a-2c27c964128b,0.12,false,false,near_mint,de,CHF,2026-06-21T20:31:27.200Z
Yoris Karten,binder,Shambleshark,GTC,Gatecrash,193,normal,common,2,16631,07855a17-4e68-4257-af7f-275c9fb0a9b8,0.12,false,false,near_mint,de,CHF,2026-06-21T20:31:27.201Z
Yoris Karten,binder,Monastery Messenger,TDM,Tarkir: Dragonstorm,208,normal,common,2,104443,0c9eeced-6464-41f0-bbea-05b3af4cc005,0.08,false,false,near_mint,de,CHF,2026-06-21T20:31:27.219Z
Yoris Karten,binder,Scourge of the Nobilis,EVE,Eventide,146,normal,common,5,24405,6adccc97-3774-4c57-aa78-dcb9fbbe9324,0.1,false,false,near_mint,de,CHF,2026-06-21T20:31:27.226Z
Yoris Karten,binder,Curse of Chains,CLU,Ravnica: Clue Edition,183,normal,common,4,90727,26146dec-135b-4b4e-9d85-dcc1df9b5a09,0.14,false,false,near_mint,de,CHF,2026-06-21T20:31:27.229Z
Yoris Karten,binder,Thistledown Duo,SHM,Shadowmoor,152,normal,common,2,24714,d57ba0ce-0390-42fd-9473-2436fac53631,0.07,false,false,near_mint,de,CHF,2026-06-21T20:31:27.233Z
Yoris Karten,binder,Azorius Guildgate,FDN,Foundations,683,normal,common,8,101375,f98a7264-0a83-42c8-a94d-05ad4c234242,0.11,false,false,near_mint,de,CHF,2026-06-21T20:31:27.261Z
Yoris Karten,binder,Tranquil Cove,TDM,Tarkir: Dragonstorm,270,normal,common,2,104249,1c4efa6c-4f29-41cd-a728-bf0e479ace05,0.1,false,false,near_mint,de,CHF,2026-06-21T20:31:27.262Z
Yoris Karten,binder,Blossoming Sands,TDM,Tarkir: Dragonstorm,251,normal,common,2,104239,0a9df994-e0f4-4919-af99-4f643eb9199c,0.11,false,false,near_mint,de,CHF,2026-06-21T20:31:27.266Z
Yoris Karten,binder,Dismal Backwater,TDM,Tarkir: Dragonstorm,254,normal,common,2,104238,082b52c9-c46e-44d3-b723-546ba528e07b,0.19,false,false,near_mint,de,CHF,2026-06-21T20:31:27.268Z
Yoris Karten,binder,Bloodfell Caves,TDM,Tarkir: Dragonstorm,250,normal,common,2,104250,1dde3c68-6f29-4c00-b668-c25ac9e3e13b,0.15,false,false,near_mint,de,CHF,2026-06-21T20:31:27.272Z
Yoris Karten,binder,Cradle of the Accursed,AKH,Amonkhet,241,normal,common,7,5444,41713e82-c3d3-4c2f-b075-f684cbd68ce8,0.13,false,false,near_mint,de,CHF,2026-06-21T20:31:27.277Z
Yoris Karten,binder,Sunscorched Desert,AKH,Amonkhet,249,normal,common,5,5436,405434c7-9206-45b7-af0f-d59aae294d39,0.27,false,false,near_mint,de,CHF,2026-06-21T20:31:27.278Z
Yoris Karten,binder,Radiant Fountain,C21,Commander 2021,310,normal,common,11,58812,7ee5e77f-ca43-480d-ac37-48336d3bf044,0.66,false,false,near_mint,de,CHF,2026-06-21T20:31:27.286Z
Yoris Karten,binder,Swiftwater Cliffs,BLB,Bloomburrow,397,normal,common,4,96078,89e43510-c444-4b2e-b2a0-528dcc09c899,0.1,false,false,near_mint,de,CHF,2026-06-21T20:31:27.294Z
Yoris Karten,binder,Island,ORI,Magic Origins,260,normal,common,2,10682,03f845b1-3b8a-4387-aae3-fd497acf193c,0.06,false,false,near_mint,de,CHF,2026-06-21T20:31:27.310Z
Yoris Karten,binder,Lys Alana Bowmaster,CMR,Commander Legends,241,normal,common,1,56042,3888e2f0-223b-4509-8071-fe1b87a65b72,0.15,false,false,near_mint,de,CHF,2026-06-21T20:44:31.662Z
Yoris Karten,binder,Elvish Visionary,CMR,Commander Legends,223,normal,common,6,55812,a2f174e6-9532-4fc3-815b-2dc3966c6523,0.2,false,false,near_mint,de,CHF,2026-06-21T20:44:31.661Z
Yoris Karten,binder,Sentinel Spider,CMR,Commander Legends,253,normal,common,3,55984,01e7af76-e505-49ca-a91e-8167027560ff,0.15,false,false,near_mint,de,CHF,2026-06-21T20:44:31.659Z
Yoris Karten,binder,Pridemalkin,MOC,March of the Machine Commander,308,normal,common,1,81941,c56cf35b-ca17-4691-9a1d-3a1a8f569c27,0.27,false,false,near_mint,de,CHF,2026-06-21T20:44:31.653Z
Yoris Karten,binder,Llanowar Scout,DOM,Dominaria,170,normal,common,1,2106,c8026d80-2e91-46f9-ae97-1f137848236c,0.22,false,false,near_mint,de,CHF,2026-06-21T20:44:31.650Z
Yoris Karten,binder,Baloth Gorger,DOM,Dominaria,156,normal,common,1,2120,504090bb-d183-4833-aea5-d4193b5c57a1,0.04,false,false,near_mint,de,CHF,2026-06-21T20:44:31.646Z
Yoris Karten,binder,Primordial Wurm,DOM,Dominaria,177,normal,common,2,2099,39fb52be-0e17-437d-8583-af69cdfff87b,0.08,false,false,near_mint,de,CHF,2026-06-21T20:44:31.643Z
Yoris Karten,binder,Mammoth Spider,M20,Core Set 2020,181,normal,common,5,45280,1ee9bca2-1195-4bd0-aa5c-16b3726a8ff2,0.07,false,false,near_mint,de,CHF,2026-06-21T20:44:31.641Z
Yoris Karten,binder,Grow from the Ashes,FDN,Foundations,225,normal,common,1,101502,42525f8a-aee7-4811-8f05-471b559c2c4a,0.21,false,false,near_mint,de,CHF,2026-06-21T20:44:31.640Z
Yoris Karten,binder,Ivy Lane Denizen,CLU,Ravnica: Clue Edition,166,normal,common,3,91149,b6936a91-db5d-4977-a851-2dc6a4141ceb,0.16,false,false,near_mint,de,CHF,2026-06-21T20:44:31.638Z
Yoris Karten,binder,Grazing Gladehart,DDP,Duel Decks: Zendikar vs. Eldrazi,14,normal,common,1,10551,06dda49d-25a2-4fa3-80f2-0d784e1ad30f,0.23,false,false,near_mint,de,CHF,2026-06-21T20:44:31.637Z
Yoris Karten,binder,Make a Wish,ISD,Innistrad,192,normal,uncommon,1,18706,d0a8508d-25a7-4fb2-8aa3-349275f80c42,0.06,false,false,near_mint,de,CHF,2026-06-21T20:44:31.634Z
Yoris Karten,binder,Waxing Moon,EMN,Eldritch Moon,177,normal,common,5,8157,617f9f3a-61a1-4c73-8efe-3d74fe362901,0.23,false,false,near_mint,de,CHF,2026-06-21T20:44:31.633Z
Yoris Karten,binder,Druid of the Cowl,FDN,Foundations,554,normal,common,1,101606,db2d0ee9-865c-4fc9-8cb6-540c597e1bf4,0.25,false,false,near_mint,de,CHF,2026-06-21T20:44:31.624Z
Yoris Karten,binder,Priest of Titania,MH3,Modern Horizons 3,286,normal,uncommon,2,91788,eb11921b-1b28-483f-a707-4de21a6daa31,0.41,false,false,near_mint,de,CHF,2026-06-21T20:44:31.623Z
Yoris Karten,binder,Ranger's Guile,M21,Core Set 2021,199,normal,common,3,50685,02392840-f0c4-462e-84ce-9a7cdd9f5efb,0.19,false,false,near_mint,de,CHF,2026-06-21T20:44:31.621Z
Yoris Karten,binder,Tajuru Beastmaster,BFZ,Battle for Zendikar,193,normal,common,3,10158,3447b4af-2eb2-48ae-a12e-2fdf83d4cb70,0.06,false,false,near_mint,de,CHF,2026-06-21T20:44:31.620Z
Yoris Karten,binder,Eyeless Watcher,BFZ,Battle for Zendikar,166,normal,common,4,10185,4d949d0e-baf7-4573-bb15-7e30e3e9b202,0.19,false,false,near_mint,de,CHF,2026-06-21T20:44:31.619Z
Yoris Karten,binder,Lifespring Druid,BFZ,Battle for Zendikar,177,normal,common,3,10174,a3657719-7d4d-46db-a5f4-699ee2032ebe,0.07,false,false,near_mint,de,CHF,2026-06-21T20:44:31.618Z
Yoris Karten,binder,Territorial Baloth,BFZ,Battle for Zendikar,196,normal,common,5,10155,0c3d4afc-5bb7-4159-9a11-f9c989dd9043,0.05,false,false,near_mint,de,CHF,2026-06-21T20:44:31.617Z
Yoris Karten,binder,Oran-Rief Invoker,DDR,Duel Decks: Nissa vs. Ob Nixilis,17,normal,common,2,7846,572a2dc4-3f8f-4412-8a40-9e61df33db76,0.06,false,false,near_mint,de,CHF,2026-06-21T20:44:31.616Z
Yoris Karten,binder,Tenacious Hunter,HOU,Hour of Devastation,136,normal,uncommon,1,4539,3eec0010-52ab-4bf2-b589-e7fd97c290fe,0.05,false,false,near_mint,de,CHF,2026-06-21T20:44:31.613Z
Yoris Karten,binder,Nissa's Defeat,HOU,Hour of Devastation,123,normal,uncommon,1,4552,86326456-d188-4083-9141-a639b821b291,0.13,false,false,near_mint,de,CHF,2026-06-21T20:44:31.611Z
Yoris Karten,binder,Sifter Wurm,CMR,Commander Legends,254,normal,uncommon,1,55661,492ff217-1bf6-4942-8d2f-8ddd71da683f,0.18,false,false,near_mint,de,CHF,2026-06-21T20:44:31.610Z
Yoris Karten,binder,Devotee of Strength,HOU,Hour of Devastation,113,normal,uncommon,1,4562,977698ab-3b64-41f2-a214-ac95e04c9956,0.09,false,false,near_mint,de,CHF,2026-06-21T20:44:31.609Z
Yoris Karten,binder,Exemplar of Strength,AKH,Amonkhet,165,normal,uncommon,1,5520,d30501c5-f6d9-47b3-b12b-8bd1c5ea6a9b,0.18,false,false,near_mint,de,CHF,2026-06-21T20:44:31.608Z
Yoris Karten,binder,Hapatra's Mark,AKH,Amonkhet,169,normal,uncommon,2,5516,199d6a8d-008d-4495-9cbc-b8d680fab13c,0.19,false,false,near_mint,de,CHF,2026-06-21T20:44:31.607Z
Yoris Karten,binder,Frilled Sandwalla,M20,Core Set 2020,340,normal,common,6,45120,73c755ff-3fbb-4128-9357-0874eb61ff4c,0.14,false,false,near_mint,de,CHF,2026-06-21T20:44:31.605Z
Yoris Karten,binder,Sidewinder Naga,HOU,Hour of Devastation,134,normal,common,3,4541,c3786d75-1a8a-4917-aa98-6836df1b9145,0.05,false,false,near_mint,de,CHF,2026-06-21T20:44:31.604Z
Yoris Karten,binder,Manglehorn,AKH,Amonkhet,175,normal,uncommon,1,5510,0aa3a844-97e6-4f5d-a36f-56fea4e06932,0.73,false,false,near_mint,de,CHF,2026-06-21T20:44:31.602Z
Yoris Karten,binder,Synchronized Strike,AKH,Amonkhet,190,normal,uncommon,1,5495,fcb09d11-5a6d-498f-9173-3539760b19fb,0.04,false,false,near_mint,de,CHF,2026-06-21T20:44:31.601Z
Yoris Karten,binder,Watchful Naga,AKH,Amonkhet,193,normal,uncommon,1,5492,b0ae361e-20e2-4388-bd82-ce041f427495,0.06,false,false,near_mint,de,CHF,2026-06-21T20:44:31.597Z
Yoris Karten,binder,Adventure Awaits,ZNR,Zendikar Rising,177,normal,common,1,54776,db50f988-da46-4b9b-9cc5-78497df2df8b,0.1,false,false,near_mint,de,CHF,2026-06-21T20:44:31.595Z
Yoris Karten,binder,Pollenbright Druid,CMM,Commander Masters,312,normal,common,2,85001,e8215686-bf19-4090-87c1-dd4f691f2ae7,0.18,false,false,near_mint,de,CHF,2026-06-21T20:44:31.594Z
Yoris Karten,binder,Giant Growth,BLB,Bloomburrow,393,normal,common,1,96133,e70722d6-b4d5-45c2-9488-9a5eb0bdb9bd,0.1,false,false,near_mint,de,CHF,2026-06-21T20:44:31.592Z
Yoris Karten,binder,Kraul Stinger,WAR,War of the Spark,165,normal,common,2,44239,46b88fe9-2450-47ee-ac1e-bbbccbf5684f,0.06,false,false,near_mint,de,CHF,2026-06-21T20:44:31.591Z
Yoris Karten,binder,Rosethorn Acolyte // Seasonal Ritual,ELD,Throne of Eldraine,174,normal,common,9,46164,2a0d430f-da84-4752-940c-8457c525aac9,0.14,false,false,near_mint,de,CHF,2026-06-21T20:44:31.590Z
Yoris Karten,binder,"Lindblum, Industrial Regency // Mage Siege",FIN,Final Fantasy,312,normal,rare,1,106413,b2ae92d9-7047-424e-a482-2311888a8c56,4.1,false,false,near_mint,de,CHF,2026-06-21T20:44:31.588Z
Yoris Karten,binder,Wildwood Tracker,ELD,Throne of Eldraine,183,normal,common,4,46155,3538eba1-475a-4388-8a72-55ab7cd1027e,0.04,false,false,near_mint,de,CHF,2026-06-21T20:44:31.587Z
Yoris Karten,binder,Edgewall Innkeeper,ELD,Throne of Eldraine,151,normal,uncommon,1,46187,7c5d0560-f9e6-4c70-8cce-cae61e4e74bc,0.22,false,false,near_mint,de,CHF,2026-06-21T20:44:31.586Z
Yoris Karten,binder,Savage Swipe,MH1,Modern Horizons,178,normal,common,1,44756,eea7e77c-ede5-41bd-b766-9a76ce691607,0.14,false,false,near_mint,de,CHF,2026-06-21T20:44:31.585Z
Yoris Karten,binder,"Syr Faren, the Hengehammer",ELD,Throne of Eldraine,177,normal,uncommon,1,46161,9a8b1fea-3c5d-43d2-b4d2-e8938f3f7b9c,0.21,false,false,near_mint,de,CHF,2026-06-21T20:44:31.583Z
Yoris Karten,binder,Oakhame Adversary,ELD,Throne of Eldraine,167,normal,uncommon,2,46171,9fb4e77f-e189-4ad3-9fca-8da04289e396,0.22,false,false,near_mint,de,CHF,2026-06-21T20:44:31.582Z
Yoris Karten,binder,Trail of Crumbs,ELD,Throne of Eldraine,179,normal,uncommon,2,46159,2688ac16-4ed6-4e79-815a-be173deb4603,0.33,false,false,near_mint,de,CHF,2026-06-21T20:44:31.581Z
Yoris Karten,binder,Giant Opportunity,ELD,Throne of Eldraine,159,normal,uncommon,1,46179,40383646-3fc4-4267-b9ad-bf90a85972fc,0.22,false,false,near_mint,de,CHF,2026-06-21T20:44:31.580Z
Yoris Karten,binder,Siege Wurm,RVR,Ravnica Remastered,155,normal,common,1,89584,19c55fc1-11e5-4e67-ba49-604f5b574c2d,0.08,false,false,near_mint,de,CHF,2026-06-21T20:44:31.579Z
Yoris Karten,binder,Brightwood Tracker,M20,Core Set 2020,166,normal,common,1,45295,e1fb9767-29bf-4a69-b37c-0925d41f6b46,0.05,false,false,near_mint,de,CHF,2026-06-21T20:44:31.578Z
Yoris Karten,binder,Thicket Crasher,M20,Core Set 2020,196,normal,common,4,45265,534eb449-3f1c-46ec-a965-0f5812e2c93e,0.16,false,false,near_mint,de,CHF,2026-06-21T20:44:31.576Z
Yoris Karten,binder,Juvenile Gloomwidow,SHM,Shadowmoor,121,normal,common,1,24745,d7f323d5-f26c-46e9-9d6a-be5c254fe8b6,0.26,false,false,near_mint,de,CHF,2026-06-21T20:44:31.575Z
Yoris Karten,binder,Twinblade Slasher,EVE,Eventide,79,normal,uncommon,1,24472,0092d7a0-bd00-45e5-a052-c0a9d970bc2e,0.31,false,false,near_mint,de,CHF,2026-06-21T20:44:31.570Z
Yoris Karten,binder,Gladecover Scout,M14,Magic 2014,176,normal,common,1,15875,e112d77d-f019-4709-b31a-b02952df0e35,0.24,false,false,near_mint,de,CHF,2026-06-21T20:44:31.568Z
Yoris Karten,binder,Overrun,FDN,Foundations,230,normal,uncommon,2,100220,1d8e9cbb-8bf4-4a48-a58e-79deb3abdf7f,0.23,false,false,near_mint,de,CHF,2026-06-21T20:44:31.567Z
Yoris Karten,binder,Plummet,M19,Core Set 2019,193,normal,common,2,1119,78a29ddb-fc76-407a-aa58-ec92d011bd44,0.02,false,false,near_mint,de,CHF,2026-06-21T20:44:31.564Z
Yoris Karten,binder,Ainok Guide,FRF,Fate Reforged,121,normal,common,4,12005,c361ea9c-a989-4ded-8b2c-f565aa9d8a1d,0.1,false,false,near_mint,de,CHF,2026-06-21T20:44:31.563Z
Yoris Karten,binder,Feral Prowler,HOU,Hour of Devastation,115,normal,common,4,4560,ba0431ad-185a-4917-b994-e58dd9850f5e,0.07,false,false,near_mint,de,CHF,2026-06-21T20:44:31.560Z
Yoris Karten,binder,Rhonas's Stalwart,HOU,Hour of Devastation,133,normal,common,2,4542,99d4f791-9084-4644-a1f5-85adbf6dc790,0.06,false,false,near_mint,de,CHF,2026-06-21T20:44:31.557Z
Yoris Karten,binder,Splinterfright,INR,Innistrad Remastered,217,normal,uncommon,1,102796,d4d5aafc-b1a6-4387-b9bf-59fca23fff94,0.27,false,false,near_mint,de,CHF,2026-06-21T20:44:31.553Z
Yoris Karten,binder,Resilient Khenra,HOU,Hour of Devastation,131,normal,rare,2,4544,033a69fb-2af9-426c-b1d6-3e5b18c78c9a,0.12,false,false,near_mint,de,CHF,2026-06-21T20:44:31.552Z
Yoris Karten,binder,Plated Rootwalla,BRB,Battle Royale Box Set,52,normal,common,1,34008,6f5e2cc1-3f16-4984-b1a3-db21c9a38408,0.14,false,false,near_mint,de,CHF,2026-06-21T20:44:31.551Z
Yoris Karten,binder,Heart Warden,UDS,Urza's Destiny,108,normal,common,1,34737,96e42dbe-3eeb-4367-bb6d-0f5c71f5da80,0.16,false,false,near_mint,de,CHF,2026-06-21T20:44:31.550Z
Yoris Karten,binder,Respite,CNS,Conspiracy,176,normal,common,1,14244,d9b5c747-43d6-4c5f-9ca3-feaf004a88cb,0.27,false,false,near_mint,de,CHF,2026-06-21T20:44:31.549Z
Yoris Karten,binder,Falling Timber,PLS,Planeshift,79,normal,common,1,32872,6e54c84d-ccc9-4c52-b02c-e0392e8fe447,0.11,false,false,near_mint,de,CHF,2026-06-21T20:44:31.548Z
Yoris Karten,binder,Uktabi Faerie,MIR,Mirage,247,normal,common,1,38343,c3cdee9f-7ea9-4397-a230-ce610be5d3af,0.12,false,false,near_mint,de,CHF,2026-06-21T20:44:31.547Z
Yoris Karten,binder,Gibbering Hyenas,MIR,Mirage,219,normal,common,1,38371,a252a1f5-bba5-4525-8141-57caea9624e9,0.12,false,false,near_mint,de,CHF,2026-06-21T20:44:31.546Z
Yoris Karten,binder,Stalking Tiger,W17,Welcome Deck 2017,28,normal,common,2,5841,2048b66a-586f-49ad-bd2b-7fce1eb45ce6,0.06,false,false,near_mint,de,CHF,2026-06-21T20:44:31.545Z
Yoris Karten,binder,Crash of Rhinos,BTD,Beatdown Box Set,51,normal,common,1,33372,e4f53ff6-f053-4872-b293-78c46ec469a2,0.2,false,false,near_mint,de,CHF,2026-06-21T20:44:31.544Z
Yoris Karten,binder,Uktabi Orangutan,6ED,Classic Sixth Edition,260,normal,uncommon,1,35117,b6a944ef-dbf2-47c9-a245-dfd2533a0680,0.97,false,false,near_mint,de,CHF,2026-06-21T20:44:31.541Z
Yoris Karten,binder,Rootwalla,W17,Welcome Deck 2017,27,normal,common,3,5842,f5177a97-cf3b-4a82-adc4-14835152880d,0.02,false,false,near_mint,de,CHF,2026-06-21T20:44:31.540Z
Yoris Karten,binder,Crossbow Ambush,STH,Stronghold,105,normal,common,2,36540,283146fd-2307-4019-b23d-7fb1893dc46c,0.14,false,false,near_mint,de,CHF,2026-06-21T20:44:31.539Z
Yoris Karten,binder,Snarling Undorak,ONS,Onslaught,283,normal,common,1,31020,05788d63-6210-44f2-9ae4-e55e9507a3a9,0.04,false,false,near_mint,de,CHF,2026-06-21T20:44:31.536Z
Yoris Karten,binder,Leery Fogbeast,ONS,Onslaught,273,normal,common,1,31030,56125660-2307-4270-a947-f1f4ad63841c,0.09,false,false,near_mint,de,CHF,2026-06-21T20:44:31.535Z
Yoris Karten,binder,Roar of the Wurm,DDS,Duel Decks: Mind vs. Might,49,normal,uncommon,1,5894,51a0c80e-4ace-4a2a-8b96-4472d1be6872,0.17,false,false,near_mint,de,CHF,2026-06-21T20:44:31.534Z
Yoris Karten,binder,Rabid Elephant,ODY,Odyssey,263,normal,common,1,31914,fe394a38-ee44-4342-adcf-8c65d14f4978,0.12,false,false,near_mint,de,CHF,2026-06-21T20:44:31.533Z
Yoris Karten,binder,Lowland Basilisk,STH,Stronghold,109,normal,common,1,36536,454d6938-b87a-46b1-99d8-74573544ac5b,0.1,false,false,near_mint,de,CHF,2026-06-21T20:44:31.532Z
Yoris Karten,binder,Heartwood Dryad,TMP,Tempest,231,normal,common,1,36768,e2b9a001-2a1e-4fc4-9b84-c776f741a858,0.12,false,false,near_mint,de,CHF,2026-06-21T20:44:31.529Z
Yoris Karten,binder,Trufflesnout,M21,Core Set 2021,212,normal,common,1,50890,8bba47c1-a874-456e-bea3-e99e2d61cfba,0.13,false,false,near_mint,de,CHF,2026-06-21T20:44:31.528Z
Yoris Karten,binder,Portcullis Vine,M21,Core Set 2021,195,normal,common,5,51005,d1abd95a-4ecc-479c-b200-5aaf7c993ef8,0.12,false,false,near_mint,de,CHF,2026-06-21T20:44:31.519Z
Yoris Karten,binder,Snarespinner,M21,Core Set 2021,207,normal,common,5,50791,46700ccc-0975-49d1-b3fc-edb1eda3b624,0.08,false,false,near_mint,de,CHF,2026-06-21T20:44:31.518Z
Yoris Karten,binder,Leaping Ambush,WOE,Wilds of Eldraine,177,normal,common,1,85309,2785f716-274c-495c-b4e3-71a72e22f856,0.14,false,false,near_mint,de,CHF,2026-06-21T20:44:31.517Z
Yoris Karten,binder,Escape from Orthanc,LTR,The Lord of the Rings: Tales of Middle-earth,12,normal,common,1,83644,f4ff3330-dcca-4435-87e7-871be91a68b0,0.14,false,false,near_mint,de,CHF,2026-06-21T20:44:31.516Z
Yoris Karten,binder,Spidery Grasp,AKH,Amonkhet,188,normal,common,1,5497,0c64b40f-f99a-4e35-821f-9d87b4c759a7,0.06,false,false,near_mint,de,CHF,2026-06-21T20:44:31.515Z
Yoris Karten,binder,Aim High,INR,Innistrad Remastered,185,normal,common,2,102732,b28dbf2c-9bfe-42be-be55-1e7fb523df36,0.11,false,false,near_mint,de,CHF,2026-06-21T20:44:31.514Z
Yoris Karten,binder,Steady Aim,WAR,War of the Spark,177,normal,common,3,44227,4af6a1b5-a561-4d92-b429-de13b2ccaf81,0.07,false,false,near_mint,de,CHF,2026-06-21T20:44:31.513Z
Yoris Karten,binder,Vines of the Recluse,CLU,Ravnica: Clue Edition,178,normal,common,1,90616,02109319-105b-4c00-abf9-1f012ae98e33,0.06,false,false,near_mint,de,CHF,2026-06-21T20:44:31.512Z
Yoris Karten,binder,Gift of Strength,HOU,Hour of Devastation,117,normal,common,3,4558,3b779620-6bac-445e-a6fe-6d770c0a9c70,0.06,false,false,near_mint,de,CHF,2026-06-21T20:44:31.511Z
Yoris Karten,binder,Wirewood Elf,ONS,Onslaught,301,normal,common,2,31002,10a34e31-97f1-40e8-9d91-a8139af7f096,0.21,false,false,near_mint,de,CHF,2026-06-21T20:44:31.510Z
Yoris Karten,binder,Golden Hind,JOU,Journey into Nyx,124,normal,common,3,14525,1ae883ea-191e-4571-be3d-1e3149e6965e,0.12,false,false,near_mint,de,CHF,2026-06-21T20:44:31.509Z
Yoris Karten,binder,Omen of the Hunt,CMM,Commander Masters,906,normal,common,4,84976,e0d5877d-fa0f-4117-adc1-9153aeba4777,0.15,false,false,near_mint,de,CHF,2026-06-21T20:44:31.508Z
Yoris Karten,binder,Bant Panorama,NCC,New Capenna Commander,387,normal,common,1,68429,dc506497-4ecd-41d3-9042-f92f498251b0,0.32,false,false,near_mint,de,CHF,2026-06-21T20:44:31.507Z
Yoris Karten,binder,Traveler's Amulet,THB,Theros Beyond Death,240,normal,common,1,46822,590926db-279c-494a-b92d-680b8abf9699,0.07,false,false,near_mint,de,CHF,2026-06-21T20:44:31.506Z
Yoris Karten,binder,Fertile Thicket,DDR,Duel Decks: Nissa vs. Ob Nixilis,27,normal,common,1,7836,c30fb2f1-f0a6-430f-86e5-817b55da469e,0.19,false,false,near_mint,de,CHF,2026-06-21T20:44:31.505Z
Yoris Karten,binder,Natural Connection,C20,Commander 2020,184,normal,common,2,50234,b8614b00-bf12-464e-8d13-61310e265ccb,0.09,false,false,near_mint,de,CHF,2026-06-21T20:44:31.504Z
Yoris Karten,binder,Animist's Awakening,C20,Commander 2020,166,normal,rare,1,50252,ff681dc2-bc62-4934-b936-49af1da4af6c,3.53,false,false,near_mint,de,CHF,2026-06-21T20:44:31.502Z
Yoris Karten,binder,Wild Instincts,ORI,Magic Origins,206,normal,common,1,10736,58fafd9d-777f-4d88-ad93-63af6d7ef274,0.04,false,false,near_mint,de,CHF,2026-06-21T20:44:31.501Z
Yoris Karten,binder,Forced Landing,RVR,Ravnica Remastered,141,normal,common,3,89713,619b97c7-f297-4c25-be94-27dfae4d39b3,0.09,false,false,near_mint,de,CHF,2026-06-21T20:44:31.499Z
Yoris Karten,binder,Bramblecrush,M14,Magic 2014,165,normal,uncommon,1,15886,2e1bd3ff-f3cd-4e9d-ae2e-2c51d0aaec7f,0.05,false,false,near_mint,de,CHF,2026-06-21T20:44:31.498Z
Yoris Karten,binder,Crushing Vines,CMR,Commander Legends,221,normal,common,5,56166,b7adf3cb-2834-49fc-bdd0-9b939a20915c,0.12,false,false,near_mint,de,CHF,2026-06-21T20:44:31.497Z
Yoris Karten,binder,Plummet,CN2,Conspiracy: Take the Crown,190,normal,common,3,7907,6c1ecc97-802c-4ab3-a3a5-4b81f12bebbf,0.08,false,false,near_mint,de,CHF,2026-06-21T20:44:31.496Z
Yoris Karten,binder,Rabid Bite,M20,Core Set 2020,190,normal,common,5,45271,f0d8ff93-6f62-4695-85ad-d70a0b928e92,0.17,false,false,near_mint,de,CHF,2026-06-21T20:44:31.495Z
Yoris Karten,binder,Savage Surge,THS,Theros,176,normal,common,1,15488,5916d5e7-0825-4d72-82e4-1e4c86d1fafe,0.04,false,false,near_mint,de,CHF,2026-06-21T20:44:31.494Z
Yoris Karten,binder,Wall of Wood,4ED,Fourth Edition,284,normal,common,1,39903,39f236da-8391-487b-88d4-a45342bfff62,0.07,false,false,near_mint,de,CHF,2026-06-21T20:44:31.493Z
Yoris Karten,binder,Carnivorous Plant,ATH,Anthologies,53,normal,common,1,35565,2bdd9448-d025-48dc-8881-6a4e4935c37e,0.19,false,false,near_mint,de,CHF,2026-06-21T20:44:31.492Z
Yoris Karten,binder,Trained Armodon,DPA,Duels of the Planeswalkers,85,normal,common,1,21622,d6d31031-71e0-48d0-a3db-4a41a5bd6809,0.08,false,false,near_mint,de,CHF,2026-06-21T20:44:31.491Z
Yoris Karten,binder,Norwood Ranger,9ED,Ninth Edition,260,normal,common,1,28103,4ebf3a7c-e065-468b-a73c-6f986cde3a3d,0.06,false,false,near_mint,de,CHF,2026-06-21T20:44:31.490Z
Yoris Karten,binder,Ferocious Pup,M20,Core Set 2020,171,normal,common,1,45290,2354cb24-5c70-4aaa-8636-46866f0950c1,0.15,false,false,near_mint,de,CHF,2026-06-21T20:44:31.489Z
Yoris Karten,binder,Wirewood Savage,GVL,Duel Decks Anthology: Garruk vs. Liliana,6,normal,common,1,12348,a25d3ffa-cd8c-4b6a-ac63-9bb92cb8802c,0.21,false,false,near_mint,de,CHF,2026-06-21T20:44:31.488Z
Yoris Karten,binder,Trial of Strength,AKH,Amonkhet,191,normal,uncommon,1,5494,acadb754-4a3b-4633-b784-252c0e1ab650,0.06,false,false,near_mint,de,CHF,2026-06-21T20:44:31.487Z
Yoris Karten,binder,Might of Alara,CON,Conflux,85,normal,common,4,23644,9514c013-bc11-4cc5-af8c-f82fd4098bcf,0.06,false,false,near_mint,de,CHF,2026-06-21T20:44:31.485Z
Yoris Karten,binder,Scale the Heights,ZNR,Zendikar Rising,202,normal,common,1,54795,e781d6ad-950e-49bf-9645-e2354086ae49,0.11,false,false,near_mint,de,CHF,2026-06-21T20:44:31.484Z
Yoris Karten,binder,Prey Upon,AER,Aether Revolt,120,normal,common,3,6294,166f0a2d-d660-4ea2-8b2f-143dc1fc0a8e,0.13,false,false,near_mint,de,CHF,2026-06-21T20:44:31.483Z
Yoris Karten,binder,Shape the Sands,DTK,Dragons of Tarkir,205,normal,common,1,11609,0243dde4-29c9-4e47-9129-8e01296851cc,0.07,false,false,near_mint,de,CHF,2026-06-21T20:44:31.482Z
Yoris Karten,binder,Snare the Skies,AVR,Avacyn Restored,193,normal,common,2,18085,28f75827-a144-4fe2-a713-4439ae7567eb,0.03,false,false,near_mint,de,CHF,2026-06-21T20:44:31.481Z
Yoris Karten,binder,Elvish Aberration,DMR,Dominaria Remastered,156,normal,common,3,78133,cfd91d0d-bc6c-41a1-aecf-d31465717182,0.15,false,false,near_mint,de,CHF,2026-06-21T20:44:31.480Z
Yoris Karten,binder,Llanowar Elves,FDN,Foundations,227,normal,common,1,95583,6a0b230b-d391-4998-a3f7-7b158a0ec2cd,0.31,false,false,near_mint,de,CHF,2026-06-21T20:44:31.479Z
Yoris Karten,binder,Viridian Acolyte,DST,Darksteel,89,normal,common,2,29572,64448241-978c-43e0-b0ea-b4bb3e25b715,0.1,false,false,near_mint,de,CHF,2026-06-21T20:44:31.478Z
Yoris Karten,binder,Once and Future,ELD,Throne of Eldraine,168,normal,uncommon,2,46170,1c5dd4e8-4d5f-45a0-9cae-4f842751894d,0.22,false,false,near_mint,de,CHF,2026-06-21T20:44:31.486Z
Yoris Karten,binder,Arbor Armament,DOM,Dominaria,155,normal,common,2,2121,bceb365c-5de6-47ae-b42d-7fbce7781f8e,0.06,false,false,near_mint,de,CHF,2026-06-21T20:44:31.500Z
Yoris Karten,binder,Nissa's Pilgrimage,C17,Commander 2017,155,normal,common,8,4300,ccf744d0-4349-4338-99aa-db0780c7296f,0.32,false,false,near_mint,de,CHF,2026-06-21T20:44:31.503Z
Yoris Karten,binder,Giant Growth,FDN,Foundations,223,normal,common,5,101073,bd0bf74e-14c1-4428-88d8-2181a080b5d0,0.21,false,false,near_mint,de,CHF,2026-06-21T20:44:31.520Z
Yoris Karten,binder,Elvish Berserker,10E,Tenth Edition,260,normal,common,4,25798,777633d7-e31c-4ea3-a085-2858d6ee6040,0.1,false,false,near_mint,de,CHF,2026-06-21T20:44:31.524Z
Yoris Karten,binder,Skyshroud Elf,TMP,Tempest,255,normal,common,2,36744,26877a52-dec3-433d-b7a5-767f6cdf2365,0.2,false,false,near_mint,de,CHF,2026-06-21T20:44:31.530Z
Yoris Karten,binder,Bayou Dragonfly,TMP,Tempest,215,normal,common,2,36784,93cfcca5-070b-4946-b17b-0c94b1e47fcd,0.09,false,false,near_mint,de,CHF,2026-06-21T20:44:31.537Z
Yoris Karten,binder,Jolrael's Centaur,MIR,Mirage,222,normal,common,4,38368,31588ea3-31d2-4118-9b9f-4ce820c16a15,0.1,false,false,near_mint,de,CHF,2026-06-21T20:44:31.542Z
Yoris Karten,binder,Essence Warden,CMA,Commander Anthology,106,normal,common,3,5180,31ca84d1-30a6-432b-966c-089fb6652a89,4.22,false,false,near_mint,de,CHF,2026-06-21T20:44:31.554Z
Yoris Karten,binder,Bitterbow Sharpshooters,HOU,Hour of Devastation,112,normal,common,2,4563,8ecfcf99-be2b-4e5f-adef-1977ee5c6a0f,0.06,false,false,near_mint,de,CHF,2026-06-21T20:44:31.556Z
Yoris Karten,binder,Beneath the Sands,HOU,Hour of Devastation,111,normal,common,6,4564,e92c0cf0-df4a-4e50-8396-53713f925b53,0.24,false,false,near_mint,de,CHF,2026-06-21T20:44:31.558Z
Yoris Karten,binder,Life Goes On,M21,Core Set 2021,192,normal,common,11,50766,3888197f-5da4-4413-9cad-b37a12ba1e60,0.15,false,false,near_mint,de,CHF,2026-06-21T20:44:31.561Z
Yoris Karten,binder,Arachnus Web,2X2,Double Masters 2022,136,normal,common,2,70590,ec348d8d-6b49-4a40-a668-fc6dd2af4f0d,0.12,false,false,near_mint,de,CHF,2026-06-21T20:44:31.565Z
Yoris Karten,binder,Sedge Scorpion,M20,Core Set 2020,192,normal,common,4,45269,9864f811-db2e-4d6d-ad59-a491a790bdd4,0.16,false,false,near_mint,de,CHF,2026-06-21T20:44:31.569Z
Yoris Karten,binder,Presence of Gond,A25,Masters 25,184,normal,common,5,2532,922cf7de-3c37-4f4d-ae1a-7a14234a6dab,0.32,false,false,near_mint,de,CHF,2026-06-21T20:44:31.571Z
Yoris Karten,binder,New Horizons,FDN,Foundations,557,normal,common,3,101559,86b3923c-c35c-4eb2-9dd3-b15c13778ecf,0.17,false,false,near_mint,de,CHF,2026-06-21T20:44:31.577Z
Yoris Karten,binder,Scaled Behemoth,CMR,Commander Legends,251,normal,uncommon,3,55983,017ef6eb-7a2b-4730-bf21-a2289d4c07ad,0.08,false,false,near_mint,de,CHF,2026-06-21T20:44:31.596Z
Yoris Karten,binder,Defiant Greatmaw,AKH,Amonkhet,163,normal,uncommon,2,5522,b74cb0ba-c691-4823-aa94-399b1aaeaf0b,0.13,false,false,near_mint,de,CHF,2026-06-21T20:44:31.600Z
Yoris Karten,binder,Overcome,CLU,Ravnica: Clue Edition,171,normal,uncommon,2,90818,4089c088-b113-467c-9160-f6bac779ddd7,0.1,false,false,near_mint,de,CHF,2026-06-21T20:44:31.612Z
Yoris Karten,binder,Fertilid,MOC,March of the Machine Commander,296,normal,common,4,81586,2d73ea23-52ab-4b92-b263-dc8b9e5a1010,0.22,false,false,near_mint,de,CHF,2026-06-21T20:44:31.625Z
Yoris Karten,binder,Gnarled Sage,M21,Core Set 2021,187,normal,common,2,50829,5f22116a-8b6a-4bbe-999f-7329e1e2b2d9,0.06,false,false,near_mint,de,CHF,2026-06-21T20:44:31.626Z
Yoris Karten,binder,Might of the Masses,2XM,Double Masters,176,normal,common,9,52174,9900f47d-e1ec-411d-92f3-aed8e01ee535,0.23,false,false,near_mint,de,CHF,2026-06-21T20:44:31.627Z
Yoris Karten,binder,Burst of Strength,GTC,Gatecrash,115,normal,common,4,16709,d1cbd617-9f2e-4882-b8f0-dfc2fced2281,0.23,false,false,near_mint,de,CHF,2026-06-21T20:44:31.629Z
Yoris Karten,binder,Yavimaya Sapherd,DOM,Dominaria,189,normal,common,2,2087,5ef6b657-7273-4abe-92f4-e1e4cda78f96,0.22,false,false,near_mint,de,CHF,2026-06-21T20:44:31.639Z
Yoris Karten,binder,Ancient Animus,CMR,Commander Legends,215,normal,common,3,55702,5ee76006-5272-400d-b6b2-e1548bca9dbf,0.23,false,false,near_mint,de,CHF,2026-06-21T20:44:31.642Z
Yoris Karten,binder,Gaea's Protector,DOM,Dominaria,162,normal,common,2,2114,7bc5ce71-282c-43f9-b12a-edd8f4ab6006,0.06,false,false,near_mint,de,CHF,2026-06-21T20:44:31.644Z
Yoris Karten,binder,Llanowar Envoy,DOM,Dominaria,169,normal,common,2,2107,1a667bba-ecf0-4212-8ca3-75d4db6abce2,0.14,false,false,near_mint,de,CHF,2026-06-21T20:44:31.651Z
Yoris Karten,binder,Nylea's Presence,THS,Theros,169,normal,common,4,15495,e68f1fd4-1a2f-405b-a592-6c4af6214eae,0.1,false,false,near_mint,de,CHF,2026-06-21T20:44:31.655Z
Yoris Karten,binder,Zendikar's Roil,ZNC,Zendikar Rising Commander,88,normal,uncommon,1,55392,60297593-2438-48d7-9414-48af114a93d2,1.45,false,false,near_mint,de,CHF,2026-06-21T21:02:37.440Z
Yoris Karten,binder,Vorstclaw,M20,Core Set 2020,201,normal,common,1,45260,79719ed0-468d-4946-8dfc-fb7e2b2e305e,0.21,false,false,near_mint,de,CHF,2026-06-21T21:02:37.438Z
Yoris Karten,binder,Feral Invocation,M20,Core Set 2020,170,normal,common,3,45291,c2d08b7a-4ed9-4e4c-a52e-9bf2a16420a9,0.05,false,false,near_mint,de,CHF,2026-06-21T21:02:37.437Z
Yoris Karten,binder,Harrier Naga,HOU,Hour of Devastation,118,normal,common,1,4557,bcdc68c9-f5f3-4c5b-80df-85508cf15f84,0.05,false,false,near_mint,de,CHF,2026-06-21T21:02:37.428Z
Yoris Karten,binder,Spined Wurm,8ED,Eighth Edition,279,normal,common,2,30257,ba620b1b-d333-443b-961a-25f65ca49a1e,0.04,false,false,near_mint,de,CHF,2026-06-21T21:02:37.427Z
Yoris Karten,binder,Panther Warriors,VIS,Visions,115,normal,common,1,38058,76c9bc99-28e3-4d64-8383-2b92011104ed,0.09,false,false,near_mint,de,CHF,2026-06-21T21:02:37.426Z
Yoris Karten,binder,Yeva's Forcemage,CLU,Ravnica: Clue Edition,181,normal,common,2,90706,200a7f42-9642-4ba8-b3db-a8824282ca00,0.07,false,false,near_mint,de,CHF,2026-06-21T21:02:37.425Z
Yoris Karten,binder,Orchard Spirit,ORI,Magic Origins,192,normal,common,2,10750,1bd3077a-0446-4cf4-9a32-366b4c4085a3,0.11,false,false,near_mint,de,CHF,2026-06-21T21:02:37.424Z
Yoris Karten,binder,Seek the Wilds,BFZ,Battle for Zendikar,189,normal,common,1,10162,824f44fe-ee16-4b15-a308-5c620cfd3d93,0.06,false,false,near_mint,de,CHF,2026-06-21T21:02:37.422Z
Yoris Karten,binder,Reclaiming Vines,BFZ,Battle for Zendikar,185,normal,common,1,10166,18be4c1a-58d7-409e-b7e0-aadb5ccf814d,0.06,false,false,near_mint,de,CHF,2026-06-21T21:02:37.421Z
Yoris Karten,binder,Snapping Gnarlid,BFZ,Battle for Zendikar,190,normal,common,1,10161,834409e3-134e-4a34-89cb-53e2a039e980,0.05,false,false,near_mint,de,CHF,2026-06-21T21:02:37.417Z
Yoris Karten,binder,No Way Out,MID,Innistrad: Midnight Hunt,116,normal,common,1,63460,d9ef6a68-60a4-4a20-8b57-8b7a7c5ed0c6,0.07,false,false,near_mint,de,CHF,2026-06-21T21:02:37.408Z
Yoris Karten,binder,Ornery Dilophosaur,M21,Core Set 2021,194,normal,common,1,50981,c2c4a0e7-9ca4-4291-94de-165cc2ded822,0.16,false,false,near_mint,de,CHF,2026-06-21T21:02:37.407Z
Yoris Karten,binder,Return to Nature,AFC,Forgotten Realms Commander,169,normal,common,2,60699,4bebe9fa-1697-48fc-9044-cd58a3eab836,0.17,false,false,near_mint,de,CHF,2026-06-21T21:02:37.404Z
Yoris Karten,binder,Saruli Gatekeepers,DGM,Dragon's Maze,48,normal,common,1,16417,471a5b1d-e2e5-4d90-b72a-ffae81ad6602,0.12,false,false,near_mint,de,CHF,2026-06-21T21:02:37.397Z
Yoris Karten,binder,Turntimber Basilisk,E01,Archenemy: Nicol Bolas,76,normal,uncommon,1,4850,3f203c27-0474-449d-aa24-2125ad80fb68,0.27,false,false,near_mint,de,CHF,2026-06-21T21:02:37.387Z
Yoris Karten,binder,Nourish,DST,Darksteel,78,normal,common,1,29583,0597dd97-fe6f-4e74-88e5-35528ada0140,0.07,false,false,near_mint,de,CHF,2026-06-21T21:02:37.379Z
Yoris Karten,binder,Tel-Jilad Outrider,DST,Darksteel,87,normal,common,3,29574,1d811d8f-437b-4c9f-8ea2-c85590a07935,0.04,false,false,near_mint,de,CHF,2026-06-21T21:02:37.377Z
Yoris Karten,binder,Wolf-Skull Shaman,MOR,Morningtide,140,normal,uncommon,1,24885,804ef999-0d44-420e-ad0c-a6dcf8e9c392,0.64,false,false,near_mint,de,CHF,2026-06-21T21:02:37.376Z
Yoris Karten,binder,Wolfkin Bond,M20,Core Set 2020,203,normal,common,1,45258,2c419a2b-4389-49bc-91f1-a613ffcbfa0b,0.05,false,false,near_mint,de,CHF,2026-06-21T21:02:37.357Z
Yoris Karten,binder,Titanic Brawl,RVR,Ravnica Remastered,158,normal,common,3,89958,e58e5661-cfc8-4266-a0ce-38af9a698773,0.24,false,false,near_mint,de,CHF,2026-06-21T21:02:37.352Z
Yoris Karten,binder,Leaf Gilder,DDU,Duel Decks: Elves vs. Inventors,17,normal,common,1,2450,e7d04e77-cbc4-40bf-a0f2-67312309a9cb,0.14,false,false,near_mint,de,CHF,2026-06-21T21:02:37.351Z
Yoris Karten,binder,Skysnare Spider,CMM,Commander Masters,322,normal,common,2,85106,ff737c53-9489-4a8c-8fa1-5d108222ae3f,0.17,false,false,near_mint,de,CHF,2026-06-21T21:02:37.350Z
Yoris Karten,binder,Undercity Troll,IMA,Iconic Masters,188,normal,uncommon,2,3437,2fe1ebf9-8378-444b-870a-5be12aa1f5fa,0.05,false,false,near_mint,de,CHF,2026-06-21T21:02:37.349Z
Yoris Karten,binder,Skyway Sniper,M21,Core Set 2021,206,normal,uncommon,1,50717,1776f5b4-1292-460f-9719-e1b603cee46c,0.16,false,false,near_mint,de,CHF,2026-06-21T21:02:37.348Z
Yoris Karten,binder,Champion of Dusan,TDM,Tarkir: Dragonstorm,137,normal,common,1,105164,c51dcdab-38ee-4804-8859-09adc353c182,0.14,false,false,near_mint,de,CHF,2026-06-21T21:02:37.337Z
Yoris Karten,binder,Wren's Run Packmaster,CMA,Commander Anthology,171,normal,rare,1,5115,a44a2d69-df93-475b-8233-f73d8402594a,0.83,false,false,near_mint,de,CHF,2026-06-21T21:02:37.335Z
Yoris Karten,binder,Hitchclaw Recluse,ORI,Magic Origins,181,normal,common,2,10761,bf335eac-e57b-44ec-afe2-8aed567469e7,0.09,false,false,near_mint,de,CHF,2026-06-21T21:02:37.334Z
Yoris Karten,binder,Rhox Maulers,ORI,Magic Origins,196,normal,common,2,10746,64c3c972-82f6-46ea-8f9f-090c65c22e44,0.05,false,false,near_mint,de,CHF,2026-06-21T21:02:37.333Z
Yoris Karten,binder,Llanowar Empath,DDU,Duel Decks: Elves vs. Inventors,18,normal,common,2,2449,8ad19d75-b506-4d5c-bd94-40e8a1be7f27,0.27,false,false,near_mint,de,CHF,2026-06-21T21:02:37.332Z
Yoris Karten,binder,Caustic Caterpillar,ORI,Magic Origins,170,normal,common,1,10772,f03d4e0d-bddd-4835-91b8-11c2f15e54c3,0.27,false,false,near_mint,de,CHF,2026-06-21T21:02:37.331Z
Yoris Karten,binder,Pharika's Disciple,ORI,Magic Origins,194,normal,common,2,10748,f0b3d8f7-6a41-49ba-b111-d34a345394c0,0.1,false,false,near_mint,de,CHF,2026-06-21T21:02:37.330Z
Yoris Karten,binder,Sanctum of Fruitful Harvest,M21,Core Set 2021,203,normal,uncommon,1,50824,5ca28cfd-1a1b-4176-8b07-993d3d7b7ae4,0.34,false,false,near_mint,de,CHF,2026-06-21T21:02:37.329Z
Yoris Karten,binder,Shard Convergence,CON,Conflux,91,normal,uncommon,1,23638,285beca0-4876-426f-a4b4-ecefe79ad55d,0.27,false,false,near_mint,de,CHF,2026-06-21T21:02:37.310Z
Yoris Karten,binder,Defend the Hearth,THS,Theros,156,normal,common,1,15508,c3e4c4c3-db3c-49d4-8080-1c93470f8b4d,0.03,false,false,near_mint,de,CHF,2026-06-21T21:02:37.305Z
Yoris Karten,binder,Pygmy Troll,EXO,Exodus,118,normal,common,1,36218,7be9714d-125f-4700-879d-b920fe9f1b68,0.08,false,false,near_mint,de,CHF,2026-06-21T21:02:37.299Z
Yoris Karten,binder,Spike Worker,BRB,Battle Royale Box Set,80,normal,common,2,33980,0775bce7-5464-4212-a0bd-b959fe5f1b21,0.16,false,false,near_mint,de,CHF,2026-06-21T21:02:37.296Z
Yoris Karten,binder,Elvish Fury,TMP,Tempest,226,normal,common,1,36773,f99c10b5-b93b-40c3-936c-d1b81b49c5a4,0.17,false,false,near_mint,de,CHF,2026-06-21T21:02:37.291Z
Yoris Karten,binder,Feral Instinct,VIS,Visions,107,normal,common,1,38066,20dec7cf-2865-4642-9022-d3006fd7ac30,0.1,false,false,near_mint,de,CHF,2026-06-21T21:02:37.290Z
Yoris Karten,binder,Rootbreaker Wurm,9ED,Ninth Edition,267,normal,uncommon,1,28096,ae084007-69ba-4857-9b0c-28455897f25c,0.13,false,false,near_mint,de,CHF,2026-06-21T21:02:37.289Z
Yoris Karten,binder,Mulch,STH,Stronghold,110,normal,common,1,36535,4cf9e9a9-325a-4010-acb8-1406adcaeca9,0.27,false,false,near_mint,de,CHF,2026-06-21T21:02:37.288Z
Yoris Karten,binder,Muscle Sliver,TMP,Tempest,238,normal,common,1,36761,602a1e1f-4195-48c0-8290-562e7e0db6d8,0.93,false,false,near_mint,de,CHF,2026-06-21T21:02:37.286Z
Yoris Karten,binder,Woolly Mammoths,CST,Coldsnap Theme Decks,278,normal,common,1,27045,47435a8d-b849-4af4-b6da-5ed376bad7af,0.29,false,false,near_mint,de,CHF,2026-06-21T21:02:37.282Z
Yoris Karten,binder,Shambling Strider,BTD,Beatdown Box Set,63,normal,common,1,33360,b2b91418-5cbd-443d-9963-7e590dd0b6fc,0.09,false,false,near_mint,de,CHF,2026-06-21T21:02:37.281Z
Yoris Karten,binder,Ilysian Caryatid,CMM,Commander Masters,297,normal,common,4,84267,3db65137-c9d6-4352-b7a0-f3968b167233,0.16,false,false,near_mint,de,CHF,2026-06-21T21:02:37.280Z
Yoris Karten,binder,Grazing Whiptail,XLN,Ixalan,190,normal,common,1,3822,75cbd690-4d6e-49a7-bded-e6ecee2c76b6,0.1,false,false,near_mint,de,CHF,2026-06-21T21:02:37.277Z
Yoris Karten,binder,Silkweaver Elite,AER,Aether Revolt,125,normal,common,1,6289,d10938c8-6fc4-495f-912a-1d3f12278f78,0.05,false,false,near_mint,de,CHF,2026-06-21T21:02:37.249Z
Yoris Karten,binder,Aether Herder,AER,Aether Revolt,102,normal,common,1,6312,e8744a31-451b-4349-8f62-e2392a72a154,0.13,false,false,near_mint,de,CHF,2026-06-21T21:02:37.247Z
Yoris Karten,binder,Swell of Growth,BFZ,Battle for Zendikar,191,normal,common,1,10160,b06da6fe-57bf-437e-8589-7e57a5881801,0.1,false,false,near_mint,de,CHF,2026-06-21T21:02:37.245Z
Yoris Karten,binder,Snake of the Golden Grove,BNG,Born of the Gods,141,normal,common,3,14819,08b10bd7-3f8b-426f-acdf-5a9559b9bc7d,0.16,false,false,near_mint,de,CHF,2026-06-21T21:02:37.240Z
Yoris Karten,binder,Aerie Bowmasters,DTK,Dragons of Tarkir,170,normal,common,1,11644,a6db26b5-d28c-4524-9347-eec412d584bc,0.03,false,false,near_mint,de,CHF,2026-06-21T21:02:37.239Z
Yoris Karten,binder,Entourage of Trest,CMM,Commander Masters,285,normal,common,1,84507,78075b31-8145-4053-90dd-6a34bd48fa7c,0.19,false,false,near_mint,de,CHF,2026-06-21T21:02:37.233Z
Yoris Karten,binder,Outmuscle,ELD,Throne of Eldraine,170,normal,common,1,46168,40d0ddcc-e6df-4fe1-9ac9-f895885ccc84,0.07,false,false,near_mint,de,CHF,2026-06-21T21:02:37.230Z
Yoris Karten,binder,Silverback Shaman,CMR,Commander Legends,255,normal,common,2,56119,8048bab7-8fd1-446c-80e9-cc2ffb154295,0.18,false,false,near_mint,de,CHF,2026-06-21T21:02:37.223Z
Yoris Karten,binder,Timberland Guide,MID,Innistrad: Midnight Hunt,202,normal,common,2,63290,6b215b6a-82e3-4ce8-b288-d7341761cad0,0.05,false,false,near_mint,de,CHF,2026-06-21T21:02:37.200Z
Yoris Karten,binder,Karametra's Favor,BBD,Battlebond,203,normal,uncommon,2,1790,77026cf6-7e89-41a6-8279-de1068569a02,0.09,false,false,near_mint,de,CHF,2026-06-21T21:02:37.195Z
Yoris Karten,binder,Culling Mark,BNG,Born of the Gods,120,normal,common,6,14840,d4c45eda-9f00-4b40-b91d-0ed00151923c,0.14,false,false,near_mint,de,CHF,2026-06-21T21:02:37.194Z
Yoris Karten,binder,Llanowar Visionary,M21,Core Set 2021,193,normal,common,1,51025,d6e23afa-7e08-4049-baf0-d4d0134ba2c8,0.26,false,false,near_mint,de,CHF,2026-06-21T21:02:37.173Z
Yoris Karten,binder,Sabertooth Mauler,M21,Core Set 2021,202,normal,common,1,51093,fe39e38e-76e5-4883-b530-d3e30e88ccad,0.1,false,false,near_mint,de,CHF,2026-06-21T21:02:37.171Z
Yoris Karten,binder,Setessan Training,M21,Core Set 2021,205,normal,common,4,50722,1947f64a-5ca0-4dda-8bbd-8472e72ecf18,0.19,false,false,near_mint,de,CHF,2026-06-21T21:02:37.170Z
Yoris Karten,binder,Font of Fertility,CMM,Commander Masters,895,normal,common,1,84720,a8e85cd4-c116-42e2-a94b-2c04b06c4e2b,0.29,false,false,near_mint,de,CHF,2026-06-21T21:02:37.166Z
Yoris Karten,binder,Kruphix's Insight,C18,Commander 2018,155,normal,common,1,688,d5d7ab7a-fcb2-44c7-8e99-e627d3ced1ea,0.24,false,false,near_mint,de,CHF,2026-06-21T21:02:37.165Z
Yoris Karten,binder,Archetype of Endurance,BNG,Born of the Gods,116,normal,uncommon,2,14844,3145ca68-7a9d-4161-9456-518591251b56,2.95,false,false,near_mint,de,CHF,2026-06-21T21:02:37.164Z
Yoris Karten,binder,Nylea's Forerunner,THB,Theros Beyond Death,186,normal,common,1,46876,2cf2b6be-80a8-4464-a909-8cc658196a14,0.14,false,false,near_mint,de,CHF,2026-06-21T21:02:37.159Z
Yoris Karten,binder,Reclaim the Wastes,ZNR,Zendikar Rising,200,normal,common,3,54628,805faf2e-97dc-4b77-bc02-a4cae980f041,0.19,false,false,near_mint,de,CHF,2026-06-21T21:02:37.155Z
Yoris Karten,binder,Insatiable Appetite,ELD,Throne of Eldraine,162,normal,common,5,46176,2357f2db-00c2-41f6-bd04-93f905dea461,0.17,false,false,near_mint,de,CHF,2026-06-21T21:02:37.154Z
Yoris Karten,binder,Sporecap Spider,ELD,Throne of Eldraine,176,normal,common,2,46162,7bc33252-145f-45c0-bb70-23183c698f66,0.21,false,false,near_mint,de,CHF,2026-06-21T21:02:37.153Z
Yoris Karten,binder,Fell the Pheasant,ELD,Throne of Eldraine,153,normal,common,4,46185,33d3cc84-7cb6-4de2-9018-4695a3b1e099,0.17,false,false,near_mint,de,CHF,2026-06-21T21:02:37.152Z
Yoris Karten,binder,Ambush Viper,INR,Innistrad Remastered,186,normal,common,1,102491,37f9be6b-ae6e-4708-9749-83bebd351102,0.23,false,false,near_mint,de,CHF,2026-06-21T21:02:37.151Z
Yoris Karten,binder,Naturalize,M13,Magic 2013,178,normal,common,1,17645,e2db6f65-5160-4c10-8a24-f8d4f106adcd,0.06,false,false,near_mint,de,CHF,2026-06-21T21:02:37.150Z
Yoris Karten,binder,Grizzled Outcasts // Krallenhorde Wantons,ISD,Innistrad,185,normal,common,1,18713,4b43b0cb-a5a3-47b4-9b6b-9d2638222bb6,0.06,false,false,near_mint,de,CHF,2026-06-21T21:02:37.149Z
Yoris Karten,binder,Garenbrig Paladin,ELD,Throne of Eldraine,157,normal,common,2,46181,8445020a-6fab-47dd-9e57-886c28f68b3f,0.08,false,false,near_mint,de,CHF,2026-06-21T21:02:37.148Z
Yoris Karten,binder,Greenwood Sentinel,M20,Core Set 2020,174,normal,common,4,45287,e9a1a70d-c146-453e-84c4-71cae4e0afaa,0.05,false,false,near_mint,de,CHF,2026-06-21T21:02:37.147Z
Yoris Karten,binder,Guardian Shield-Bearer,DTK,Dragons of Tarkir,189,normal,common,1,11625,dcbd7958-29a0-4f59-9648-eabe0fbfb4f9,0.14,false,false,near_mint,de,CHF,2026-06-21T21:02:37.143Z
Yoris Karten,binder,Sandsteppe Scavenger,DTK,Dragons of Tarkir,200,normal,common,2,11614,861f215b-4f3b-4aca-9664-3ef9a0ddea1a,0.02,false,false,near_mint,de,CHF,2026-06-21T21:02:37.142Z
Yoris Karten,binder,Atarka Beastbreaker,DTK,Dragons of Tarkir,174,normal,common,2,11640,c8ef9a03-3044-4e90-9409-c330972fcafb,0.03,false,false,near_mint,de,CHF,2026-06-21T21:02:37.141Z
Yoris Karten,binder,Stampeding Elk Herd,DTK,Dragons of Tarkir,208,normal,common,1,11606,7e55e213-6eab-4086-96cd-024de6150fbe,0.04,false,false,near_mint,de,CHF,2026-06-21T21:02:37.140Z
Yoris Karten,binder,Pinion Feast,DTK,Dragons of Tarkir,195,normal,common,1,11619,45d6df03-c3c3-42c3-85a4-6fccb0741592,0.06,false,false,near_mint,de,CHF,2026-06-21T21:02:37.138Z
Yoris Karten,binder,Roar of Challenge,KTK,Khans of Tarkir,145,normal,uncommon,2,13253,83456f8f-8a1a-403c-816b-25e454ba1edf,0.25,false,false,near_mint,de,CHF,2026-06-21T21:02:37.137Z
Yoris Karten,binder,Nexus Wardens,THB,Theros Beyond Death,184,normal,common,4,46878,68cb4e56-bcad-43a3-8600-a3594047205a,0.17,false,false,near_mint,de,CHF,2026-06-21T21:02:37.132Z
Yoris Karten,binder,Gift of Strength,THB,Theros Beyond Death,171,normal,common,5,46891,75f5e144-4dd6-441f-b3e2-433aa82bdf7b,0.05,false,false,near_mint,de,CHF,2026-06-21T21:02:37.131Z
Yoris Karten,binder,Flycatcher Giraffid,IKO,Ikoria: Lair of Behemoths,153,normal,common,4,49924,1988e220-d746-46e4-a534-164203e63c14,0.07,false,false,near_mint,de,CHF,2026-06-21T21:02:37.130Z
Yoris Karten,binder,Almighty Brushwagg,IKO,Ikoria: Lair of Behemoths,143,normal,common,1,49934,71f2b7ac-8742-468d-b6a3-87881cb522ff,0.17,false,false,near_mint,de,CHF,2026-06-21T21:02:37.129Z
Yoris Karten,binder,Humble Naturalist,IKO,Ikoria: Lair of Behemoths,160,normal,common,1,49917,8f56705d-eb64-4cef-b716-edbeac60bf79,0.17,false,false,near_mint,de,CHF,2026-06-21T21:02:37.128Z
Yoris Karten,binder,Fertilid,NEC,Neon Dynasty Commander,116,normal,common,3,67050,a7402ae8-fd87-4412-ab4f-44bcc2d49764,0.26,false,false,near_mint,de,CHF,2026-06-21T21:02:37.127Z
Yoris Karten,binder,Adventurous Impulse,IKO,Ikoria: Lair of Behemoths,142,normal,common,1,49935,30811fb2-5767-4106-9a8d-6091f61969c6,0.12,false,false,near_mint,de,CHF,2026-06-21T21:02:37.126Z
Yoris Karten,binder,Wilt,IKO,Ikoria: Lair of Behemoths,176,normal,common,1,49901,55987bab-c24f-4261-b97e-f0ad4474b0a0,0.2,false,false,near_mint,de,CHF,2026-06-21T21:02:37.125Z
Yoris Karten,binder,Plummet,IKO,Ikoria: Lair of Behemoths,169,normal,common,1,49908,d884b2f2-946e-4d5d-b8cf-ef035726a188,0.04,false,false,near_mint,de,CHF,2026-06-21T21:02:37.124Z
Yoris Karten,binder,Mosscoat Goriak,IKO,Ikoria: Lair of Behemoths,167,normal,common,3,49910,c23139d4-0db5-4683-8d49-f4600fbe29e2,0.1,false,false,near_mint,de,CHF,2026-06-21T21:02:37.123Z
Yoris Karten,binder,Timberwatch Elf,CMA,Commander Anthology,156,normal,common,2,5130,1aa5dc84-85e0-44fa-b6f3-d25a23039389,1.43,false,false,near_mint,de,CHF,2026-06-21T21:02:37.118Z
Yoris Karten,binder,Adventurous Impulse,DOM,Dominaria,153,normal,common,1,2123,f426c92c-6e71-49f0-9a91-0d529bf8c17d,0.14,false,false,near_mint,de,CHF,2026-06-21T21:02:37.117Z
Yoris Karten,binder,Corrosive Ooze,DOM,Dominaria,158,normal,common,1,2118,d13deb9c-5985-4355-8716-ee1c7b54b8e2,0.12,false,false,near_mint,de,CHF,2026-06-21T21:02:37.116Z
Yoris Karten,binder,Saproling Migration,DOM,Dominaria,178,normal,common,1,2098,2578d25e-5f8d-42ff-90ce-4e7d100cbbb6,0.19,false,false,near_mint,de,CHF,2026-06-21T21:02:37.115Z
Yoris Karten,binder,Drowsing Tyrannodon,M21,Core Set 2021,178,normal,common,2,50742,288b056a-ea80-4fdc-990d-0ee1e9a7bf64,0.09,false,false,near_mint,de,CHF,2026-06-21T21:02:37.114Z
Yoris Karten,binder,Sagu Wildling // Roost Seek,TDM,Tarkir: Dragonstorm,157,normal,common,1,104994,d8b43b00-f4d1-436c-bf3f-6d414cd4ce38,0.16,false,false,near_mint,de,CHF,2026-06-21T21:02:37.107Z
Yoris Karten,binder,Dragon Sniper,TDM,Tarkir: Dragonstorm,139,normal,uncommon,1,105120,074b1e00-45bb-4436-8f5e-058512b2d08a,0.62,false,false,near_mint,de,CHF,2026-06-21T21:02:37.106Z
Yoris Karten,binder,Snakeskin Veil,TDM,Tarkir: Dragonstorm,159,normal,common,1,104856,a3d2c692-7566-468e-9c86-47a9f768fde2,0.15,false,false,near_mint,de,CHF,2026-06-21T21:02:37.104Z
Yoris Karten,binder,Ainok Wayfarer,TDM,Tarkir: Dragonstorm,134,normal,common,1,105133,57695a9b-8f72-4ccc-a946-5d5037b09b8f,0.17,false,false,near_mint,de,CHF,2026-06-21T21:02:37.103Z
Yoris Karten,binder,Stronghold Biologist,NEM,Nemesis,45,normal,uncommon,1,33837,6215a5d9-d6d2-4f9f-8a0c-a65d1afd956a,0.24,false,false,near_mint,de,CHF,2026-06-21T21:02:37.102Z
Yoris Karten,binder,Krotiq Nestguard,TDM,Tarkir: Dragonstorm,148,normal,common,2,104862,a5d0a9fb-1068-478d-a78c-6fd77cc313f0,0.04,false,false,near_mint,de,CHF,2026-06-21T21:02:37.101Z
Yoris Karten,binder,Ulvenwald Captive // Ulvenwald Abomination,EMN,Eldritch Moon,175,normal,common,5,8159,0dbaef61-fa39-4ea7-bc21-445401c373e7,0.15,false,false,near_mint,de,CHF,2026-06-21T21:02:37.111Z
Yoris Karten,binder,Servant of the Scale,DTK,Dragons of Tarkir,203,normal,common,2,11611,ca887c41-a8ee-4751-a902-87149c29a9df,0.08,false,false,near_mint,de,CHF,2026-06-21T21:02:37.120Z
Yoris Karten,binder,Relentless Pursuit,THB,Theros Beyond Death,195,normal,common,2,46867,752b9560-b1d6-441c-8bc8-bf6988112d25,0.08,false,false,near_mint,de,CHF,2026-06-21T21:02:37.133Z
Yoris Karten,binder,Warbriar Blessing,WOC,Wilds of Eldraine Commander,137,normal,common,2,85497,76fd958e-bcc6-4f6d-9566-b6cd875fa6c4,0.13,false,false,near_mint,de,CHF,2026-06-21T21:02:37.134Z
Yoris Karten,binder,Murasa Behemoth,MH1,Modern Horizons,172,normal,common,7,44762,480ddde1-81d3-4939-b232-cb1ced6cfc4d,0.07,false,false,near_mint,de,CHF,2026-06-21T21:02:37.135Z
Yoris Karten,binder,Fin-Clade Fugitives,CMR,Commander Legends,227,normal,common,2,56049,3eb7af70-e024-44bf-a52b-209074b005a3,0.1,false,false,near_mint,de,CHF,2026-06-21T21:02:37.146Z
Yoris Karten,binder,Oakheart Dryads,JOU,Journey into Nyx,133,normal,common,2,14516,d8ef63b9-c021-40fe-910e-93c06d660c20,0.06,false,false,near_mint,de,CHF,2026-06-21T21:02:37.158Z
Yoris Karten,binder,Warden of the Woods,M21,Core Set 2021,213,normal,uncommon,3,51067,f1d81cfc-cff8-4478-92b6-efbfc5084165,0.19,false,false,near_mint,de,CHF,2026-06-21T21:02:37.167Z
Yoris Karten,binder,Track Down,M21,Core Set 2021,211,normal,common,2,50963,b41b6c8a-bd76-4b69-ae72-4c8acac379b4,0.2,false,false,near_mint,de,CHF,2026-06-21T21:02:37.174Z
Yoris Karten,binder,Pincher Beetles,10E,Tenth Edition,285,normal,common,6,25765,48484372-325a-4bef-ae86-a7f61816fd65,0.06,false,false,near_mint,de,CHF,2026-06-21T21:02:37.175Z
Yoris Karten,binder,Rushwood Dryad,10E,Tenth Edition,294,normal,common,4,25752,3ed23582-3260-44c6-9884-904d294442ad,0.11,false,false,near_mint,de,CHF,2026-06-21T21:02:37.176Z
Yoris Karten,binder,Canopy Spider,M20,Core Set 2020,339,normal,common,3,45121,0ae7fabb-dcb6-4c21-87ee-2893b63814be,0.21,false,false,near_mint,de,CHF,2026-06-21T21:02:37.180Z
Yoris Karten,binder,Civic Wayfinder,DDR,Duel Decks: Nissa vs. Ob Nixilis,5,normal,common,2,7858,5e9754ec-18d1-4c0f-abdd-49ce2d778083,0.05,false,false,near_mint,de,CHF,2026-06-21T21:02:37.189Z
Yoris Karten,binder,Giant Spider,DMR,Dominaria Remastered,163,normal,common,3,77824,213c9202-b6f4-43ab-b57f-b97a1da5e263,0.05,false,false,near_mint,de,CHF,2026-06-21T21:02:37.191Z
Yoris Karten,binder,Pathbreaker Wurm,AVR,Avacyn Restored,188,normal,common,3,18090,fe65eded-37ef-4cf0-b55c-390d34aab7b8,0.05,false,false,near_mint,de,CHF,2026-06-21T21:02:37.196Z
Yoris Karten,binder,Geist Trappers,AVR,Avacyn Restored,179,normal,common,2,18099,26f00a18-0ff7-42e4-be16-aa34fe27093b,0.03,false,false,near_mint,de,CHF,2026-06-21T21:02:37.199Z
Yoris Karten,binder,Diregraf Escort,AVR,Avacyn Restored,174,normal,common,3,18104,640e21ad-5064-41bc-886e-2c997f69a3f5,0.06,false,false,near_mint,de,CHF,2026-06-21T21:02:37.201Z
Yoris Karten,binder,Trusted Forcemage,AVR,Avacyn Restored,199,normal,common,4,18079,3ee66ef9-10a7-4aab-88f7-84956811cc6c,0.04,false,false,near_mint,de,CHF,2026-06-21T21:02:37.203Z
Yoris Karten,binder,Borderland Ranger,E02,Explorers of Ixalan,31,normal,common,2,3344,12124073-518a-498c-a817-400547ae7040,0.2,false,false,near_mint,de,CHF,2026-06-21T21:02:37.206Z
Yoris Karten,binder,Nightshade Peddler,AVR,Avacyn Restored,187,normal,common,2,18091,4d3de66c-2283-458f-9d0d-943027520aa2,0.06,false,false,near_mint,de,CHF,2026-06-21T21:02:37.207Z
Yoris Karten,binder,Sacred Wolf,M12,Magic 2012,194,normal,common,2,19073,ff4661dd-2075-48c3-b19b-fc7f8aaba1b8,0.06,false,false,near_mint,de,CHF,2026-06-21T21:02:37.213Z
Yoris Karten,binder,Lurking Crocodile,M12,Magic 2012,184,normal,common,2,19083,4cd7d075-031e-4766-89e9-03a8a7197019,0.06,false,false,near_mint,de,CHF,2026-06-21T21:02:37.216Z
Yoris Karten,binder,Lure,IMA,Iconic Masters,175,normal,uncommon,2,3450,72c8336d-54cf-45af-a9ef-a1428facf91b,0.15,false,false,near_mint,de,CHF,2026-06-21T21:02:37.218Z
Yoris Karten,binder,Wreath of Geists,ISD,Innistrad,211,normal,uncommon,3,18687,7604e22e-1f29-4a8f-b887-b18f43e3745e,0.06,false,false,near_mint,de,CHF,2026-06-21T21:02:37.220Z
Yoris Karten,binder,Netcaster Spider,M20,Core Set 2020,184,normal,common,4,45277,07c95074-32c8-426e-b615-8ad5427c6c1c,0.2,false,false,near_mint,de,CHF,2026-06-21T21:02:37.225Z
Yoris Karten,binder,Earthen Arms,BFZ,Battle for Zendikar,172,normal,common,2,10179,dadc77d8-ef1c-431d-8716-9583f4fad33f,0.07,false,false,near_mint,de,CHF,2026-06-21T21:02:37.228Z
Yoris Karten,binder,Centaur Nurturer,WAR,War of the Spark,156,normal,common,5,44248,bf020acb-e0c6-43b4-8324-0f2ec68b73d6,0.03,false,false,near_mint,de,CHF,2026-06-21T21:02:37.234Z
Yoris Karten,binder,Arlinn's Wolf,WAR,War of the Spark,151,normal,common,4,44253,747223a5-c669-4d0e-a062-265eb47710cd,0.17,false,false,near_mint,de,CHF,2026-06-21T21:02:37.235Z
Yoris Karten,binder,Arboreal Grazer,TDC,Tarkir: Dragonstorm Commander,245,normal,common,2,104838,9eb7b2ae-a364-485b-ae75-10dbb0af5541,0.27,false,false,near_mint,de,CHF,2026-06-21T21:02:37.236Z
Yoris Karten,binder,Wardscale Crocodile,WAR,War of the Spark,183,normal,common,6,44221,aa5341b9-06e4-4360-a75d-f405d468276e,0.1,false,false,near_mint,de,CHF,2026-06-21T21:02:37.238Z
Yoris Karten,binder,Unnatural Aggression,BFZ,Battle for Zendikar,168,normal,common,3,10183,8293c66d-9a9b-4817-9bc3-ffd57fda290c,0.1,false,false,near_mint,de,CHF,2026-06-21T21:02:37.241Z
Yoris Karten,binder,Scrounging Bandar,CMR,Commander Legends,252,normal,common,5,55988,02c8aab5-ed0d-489d-87af-7eb3193b75db,0.22,false,false,near_mint,de,CHF,2026-06-21T21:02:37.248Z
Yoris Karten,binder,Natural Obsolescence,AER,Aether Revolt,118,normal,common,2,6296,ff693e03-4cc6-4903-8fc4-388d23c2f92f,0.04,false,false,near_mint,de,CHF,2026-06-21T21:02:37.254Z
Yoris Karten,binder,Highspire Infusion,AER,Aether Revolt,111,normal,common,4,6303,08325c39-0eeb-4bd0-9adc-2892c1c6637e,0.14,false,false,near_mint,de,CHF,2026-06-21T21:02:37.256Z
Yoris Karten,binder,Tajuru Stalwart,BFZ,Battle for Zendikar,194,normal,common,2,10157,f916220b-a942-41af-8949-aa384fa7857d,0.04,false,false,near_mint,de,CHF,2026-06-21T21:02:37.261Z
Yoris Karten,binder,Ambuscade,2X2,Double Masters 2022,133,normal,common,3,70211,4df71162-7e8f-47c5-aff4-59d82d8c674d,0.08,false,false,near_mint,de,CHF,2026-06-21T21:02:37.270Z
Yoris Karten,binder,Mtenda Lion,MIR,Mirage,230,normal,common,3,38360,cb05cf5b-2a0d-432a-b8e7-10335c2a18e8,0.14,false,false,near_mint,de,CHF,2026-06-21T21:02:37.283Z
Yoris Karten,binder,Sandstorm,MIR,Mirage,239,normal,common,2,38351,cdce7d3c-cc17-4010-85ec-402a6f256360,0.2,false,false,near_mint,de,CHF,2026-06-21T21:02:37.292Z
Yoris Karten,binder,Skyshroud Archer,STH,Stronghold,114,normal,common,2,36531,485aeabb-4a9b-4d88-80ad-83e31da6804b,0.14,false,false,near_mint,de,CHF,2026-06-21T21:02:37.297Z
Yoris Karten,binder,Jackalope Herd,EXO,Exodus,111,normal,common,2,36225,cb80105c-d2c0-4f8c-9302-5e6152a60f54,0.11,false,false,near_mint,de,CHF,2026-06-21T21:02:37.300Z
Yoris Karten,binder,Kavu Climber,10E,Tenth Edition,273,normal,common,3,25783,b343c2ba-e646-4614-aace-9f8772974069,0.02,false,false,near_mint,de,CHF,2026-06-21T21:02:37.302Z
Yoris Karten,binder,Shredding Winds,THS,Theros,178,normal,common,2,15486,33f36143-85b6-412c-8c79-053728b45c25,0.07,false,false,near_mint,de,CHF,2026-06-21T21:02:37.306Z
Yoris Karten,binder,Courage in Crisis,CMM,Commander Masters,278,normal,common,3,84789,b836b0a9-c38b-423a-bf22-c9041acf1952,0.18,false,false,near_mint,de,CHF,2026-06-21T21:02:37.315Z
Yoris Karten,binder,Thundering Ceratok,WAR,War of the Spark,179,normal,common,4,44225,9888d9a4-ad72-43f6-8031-1031877171a9,0.05,false,false,near_mint,de,CHF,2026-06-21T21:02:37.316Z
Yoris Karten,binder,Vivien's Grizzly,WAR,War of the Spark,182,normal,common,4,44222,37f2571b-6756-462c-9e71-3121fa458160,0.15,false,false,near_mint,de,CHF,2026-06-21T21:02:37.317Z
Yoris Karten,binder,Thrashing Brontodon,FDN,Foundations,560,normal,uncommon,2,101519,592364bf-68b5-4ea0-97d6-c7cadce940fd,0.11,false,false,near_mint,de,CHF,2026-06-21T21:02:37.322Z
Yoris Karten,binder,Canopy Stalker,M21,Core Set 2021,175,normal,uncommon,2,50929,a3f6a13a-ab38-49d1-8712-f9c9135a23c8,0.12,false,false,near_mint,de,CHF,2026-06-21T21:02:37.324Z
Yoris Karten,binder,Wildwood Scourge,FDN,Foundations,236,normal,uncommon,2,100359,36359fb6-fb8c-4382-8555-e348422f116c,0.19,false,false,near_mint,de,CHF,2026-06-21T21:02:37.325Z
Yoris Karten,binder,Heritage Reclamation,TDM,Tarkir: Dragonstorm,145,normal,common,2,104636,4f8fee37-a050-4329-8b10-46d150e7a95e,0.26,false,false,near_mint,de,CHF,2026-06-21T21:02:37.336Z
Yoris Karten,binder,Rubbleback Rhino,RTR,Return to Ravnica,132,normal,common,3,17290,51daaf9b-d8a8-49a6-94e1-0c8be2c6188b,0.02,false,false,near_mint,de,CHF,2026-06-21T21:02:37.339Z
Yoris Karten,binder,Quirion Dryad,M21,Core Set 2021,198,normal,uncommon,2,50922,a20d20f7-bc4d-42fa-9f5b-5bb330eb7f38,0.1,false,false,near_mint,de,CHF,2026-06-21T21:02:37.342Z
Yoris Karten,binder,Urban Burgeoning,RTR,Return to Ravnica,138,normal,common,3,17284,393c230f-5bc3-4b71-b5ac-81d5ce227df5,0.18,false,false,near_mint,de,CHF,2026-06-21T21:02:37.358Z
Yoris Karten,binder,Towering Indrik,RTR,Return to Ravnica,137,normal,common,4,17285,c6049e92-6c52-44be-a3c7-aa8e8bf9c10a,0.02,false,false,near_mint,de,CHF,2026-06-21T21:02:37.361Z
Yoris Karten,binder,Earthbrawn,MOR,Morningtide,119,normal,common,5,24906,478208df-9776-4354-b8a9-8da16ae1f50a,0.13,false,false,near_mint,de,CHF,2026-06-21T21:02:37.368Z
Yoris Karten,binder,Clear Shot,INR,Innistrad Remastered,188,normal,uncommon,3,102653,88b8905b-68d3-491b-b7fe-eed74841e9a0,0.04,false,false,near_mint,de,CHF,2026-06-21T21:02:37.380Z
Yoris Karten,binder,Natural End,M20,Core Set 2020,183,normal,common,3,45278,84dcd314-f4d2-461e-a66e-7b1d8f141879,0.14,false,false,near_mint,de,CHF,2026-06-21T21:02:37.388Z
Yoris Karten,binder,Terrifying Presence,DDL,Duel Decks: Heroes vs. Monsters,65,normal,common,2,15700,070408ff-5f23-4972-a9cc-d5351fd995f7,0.21,false,false,near_mint,de,CHF,2026-06-21T21:02:37.391Z
Yoris Karten,binder,Lair Delve,AVR,Avacyn Restored,184,normal,common,3,18094,604948d8-6224-45ca-9ebb-d716644bbfd0,0.07,false,false,near_mint,de,CHF,2026-06-21T21:02:37.394Z
Yoris Karten,binder,Sylvan Might,2XM,Double Masters,181,normal,common,5,52177,a4e1ecf4-bf72-4ae9-9993-9b9a6ca80da7,0.11,false,false,near_mint,de,CHF,2026-06-21T21:02:37.398Z
Yoris Karten,binder,Colossal Dreadmaw,M21,Core Set 2021,176,normal,common,2,50875,8059c52b-5d25-4052-b48a-e9e219a7a546,0.14,false,false,near_mint,de,CHF,2026-06-21T21:02:37.405Z
Yoris Karten,binder,Titanic Growth,M21,Core Set 2021,210,normal,common,5,50843,6da62557-9783-4e6c-9b5f-2b77dbf96909,0.17,false,false,near_mint,de,CHF,2026-06-21T21:02:37.411Z
Yoris Karten,binder,Call the Scions,BFZ,Battle for Zendikar,165,normal,common,2,10186,5d248ed0-c2b4-4558-9a09-ace8fd4b0599,0.08,false,false,near_mint,de,CHF,2026-06-21T21:02:37.420Z
Yoris Karten,binder,War Oracle,ORI,Magic Origins,41,normal,uncommon,1,10901,3d8827bf-11c3-4f78-b7aa-ae953442c709,0.03,false,false,near_mint,de,CHF,2026-06-21T21:14:54.963Z
Yoris Karten,binder,Orzhov Advokist,MKC,Murders at Karlov Manor Commander,77,normal,uncommon,1,90473,a30947a1-b25a-4570-b36c-75c4e9689abd,0.26,false,false,near_mint,de,CHF,2026-06-21T21:14:54.962Z
Yoris Karten,binder,Tolarian Kraken,M21,Core Set 2021,80,normal,uncommon,3,50979,c2776694-6183-498d-9a38-e4c5c9e78179,0.19,false,false,near_mint,de,CHF,2026-06-21T21:14:54.941Z
Yoris Karten,binder,Sentinel of the Pearl Trident,2XM,Double Masters,67,normal,uncommon,3,52176,a19284d8-4404-4032-8dee-3c7af2819045,0.14,false,false,near_mint,de,CHF,2026-06-21T21:14:54.940Z
Yoris Karten,binder,Diligent Excavator,DOM,Dominaria,51,normal,uncommon,2,2225,65212970-770e-4110-aa86-c89128688867,0.25,false,false,near_mint,de,CHF,2026-06-21T21:14:54.939Z
Yoris Karten,binder,Knight of Malice,FDN,Foundations,608,normal,uncommon,1,101061,bb678e10-e5a4-4143-8e49-7b523118674e,0.11,false,false,near_mint,de,CHF,2026-06-21T21:14:54.936Z
Yoris Karten,binder,Slagwoods Bridge,DRC,Aetherdrift Commander,171,normal,common,1,102988,39a60957-eaee-4154-824f-148dba07161a,0.2,false,false,near_mint,de,CHF,2026-06-21T21:14:54.932Z
Yoris Karten,binder,Foundry Helix,MH2,Modern Horizons 2,196,normal,common,1,59701,9c54b7c6-f94c-4349-8725-319c54240409,0.15,false,false,near_mint,de,CHF,2026-06-21T21:14:54.931Z
Yoris Karten,binder,Terramorph,CLB,Commander Legends: Battle for Baldur's Gate,836,normal,uncommon,1,69503,47c7b2ac-1263-402a-b2a0-bc31f61e66b5,0.27,false,false,near_mint,de,CHF,2026-06-21T21:14:54.930Z
Yoris Karten,binder,Quirion Ranger,MH2,Modern Horizons 2,285,normal,uncommon,1,59485,320fdf89-e158-41c5-b0bf-fee9dec36a75,1.22,false,false,near_mint,de,CHF,2026-06-21T21:14:54.928Z
Yoris Karten,binder,Crack Open,MOC,March of the Machine Commander,294,normal,common,1,81780,829af103-68b4-4a4b-94b4-d272b38e45cd,0.21,false,false,near_mint,de,CHF,2026-06-21T21:14:54.927Z
Yoris Karten,binder,Flourishing Strike,MH2,Modern Horizons 2,159,normal,common,1,59700,9c4b23a5-d997-4f02-b136-44ee7be51c7b,0.1,false,false,near_mint,de,CHF,2026-06-21T21:14:54.926Z
Yoris Karten,binder,Fairgrounds Patrol,MH2,Modern Horizons 2,13,normal,common,2,59447,237e07ed-24ef-40f7-91fc-fe212d948ca8,0.06,false,false,near_mint,de,CHF,2026-06-21T21:14:54.924Z
Yoris Karten,binder,Thornglint Bridge,MH2,Modern Horizons 2,258,normal,common,1,59702,9d483643-6a11-47f7-a0aa-190e0179525f,0.23,false,false,near_mint,de,CHF,2026-06-21T21:14:54.923Z
Yoris Karten,binder,Guardian Kirin,MH2,Modern Horizons 2,15,normal,common,1,59625,754b4061-3009-46e4-8602-8349c6367cbf,0.07,false,false,near_mint,de,CHF,2026-06-21T21:14:54.922Z
Yoris Karten,binder,Arcbound Javelineer,MH2,Modern Horizons 2,2,normal,uncommon,1,59903,fe4a2cb0-4129-451e-a946-a21ea646cc28,0.25,false,false,near_mint,de,CHF,2026-06-21T21:14:54.921Z
Yoris Karten,binder,Wren's Run Hydra,MH2,Modern Horizons 2,183,normal,uncommon,1,59557,5198ac65-118c-4616-8315-d71d41b883ad,0.2,false,false,near_mint,de,CHF,2026-06-21T21:14:54.920Z
Yoris Karten,binder,Deepwood Denizen,MH2,Modern Horizons 2,155,normal,common,1,59490,333f02f7-3b8a-41e3-9ae5-2151539e64ad,0.16,false,false,near_mint,de,CHF,2026-06-21T21:14:54.919Z
Yoris Karten,binder,Seal of Cleansing,MKC,Murders at Karlov Manor Commander,80,normal,common,1,90284,22a6673b-1528-4e0f-b316-bd482c7ed8aa,0.26,false,false,near_mint,de,CHF,2026-06-21T21:14:54.918Z
Yoris Karten,binder,Break Ties,MH2,Modern Horizons 2,8,normal,common,1,59620,723ec2ef-aa82-449d-88b0-405d06454fc2,0.14,false,false,near_mint,de,CHF,2026-06-21T21:14:54.917Z
Yoris Karten,binder,Scour the Desert,MH2,Modern Horizons 2,28,normal,uncommon,1,59766,b87d368f-e1e0-41ab-9da0-f07c01c8ae38,0.11,false,false,near_mint,de,CHF,2026-06-21T21:14:54.916Z
Yoris Karten,binder,Late to Dinner,MH2,Modern Horizons 2,19,normal,common,1,59596,6633cab9-23f9-474e-96f1-ca7c0c67691c,0.19,false,false,near_mint,de,CHF,2026-06-21T21:14:54.915Z
Yoris Karten,binder,Landscaper Colos,MH2,Modern Horizons 2,18,normal,common,1,59887,f45a9e86-133e-4626-a239-73ef88d9ae12,0.13,false,false,near_mint,de,CHF,2026-06-21T21:14:54.914Z
Yoris Karten,binder,Soul of Migration,MH2,Modern Horizons 2,33,normal,common,1,59524,4541217f-5e86-491b-918b-ed7a2eb3e4eb,0.13,false,false,near_mint,de,CHF,2026-06-21T21:14:54.913Z
Yoris Karten,binder,Dihada's Ploy,MH2,Modern Horizons 2,193,normal,common,1,59675,9091e8dc-b546-4b74-9dc9-aef55f60d13a,0.2,false,false,near_mint,de,CHF,2026-06-21T21:14:54.911Z
Yoris Karten,binder,Chrome Courier,MH2,Modern Horizons 2,190,normal,common,1,59716,a11d8da1-a183-470a-b4ed-2e35ac5ab9a9,0.13,false,false,near_mint,de,CHF,2026-06-21T21:14:54.910Z
Yoris Karten,binder,Tanglepool Bridge,DRC,Aetherdrift Commander,175,normal,common,1,102958,2adf277c-945e-49b4-88d7-ac720863d0d6,0.25,false,false,near_mint,de,CHF,2026-06-21T21:14:54.909Z
Yoris Karten,binder,Moderation,MH2,Modern Horizons 2,206,normal,rare,1,59792,c41b3d7a-f8e1-46b8-a689-6125dcd9cb17,0.23,false,false,near_mint,de,CHF,2026-06-21T21:14:54.906Z
Yoris Karten,binder,Graceful Restoration,MH2,Modern Horizons 2,201,normal,uncommon,1,59874,f03d7c3c-02f2-4c42-bcfa-0b83de30f607,0.15,false,false,near_mint,de,CHF,2026-06-21T21:14:54.905Z
Yoris Karten,binder,Ghost-Lit Drifter,MH2,Modern Horizons 2,45,normal,uncommon,1,59571,5a8cd89e-d849-4107-a629-98eae4c91489,0.1,false,false,near_mint,de,CHF,2026-06-21T21:14:54.904Z
Yoris Karten,binder,Hard Evidence,H2R,Modern Horizons 2 Timeshifts,5,normal,common,1,94606,c55901dc-3f5a-490d-8496-5b844530d410,0.17,false,false,near_mint,de,CHF,2026-06-21T21:14:54.902Z
Yoris Karten,binder,Tragic Fall,MH2,Modern Horizons 2,104,normal,common,1,59746,affc1d27-55f6-46e9-a67c-f15b6832813d,0.04,false,false,near_mint,de,CHF,2026-06-21T21:14:54.901Z
Yoris Karten,binder,Recalibrate,MH2,Modern Horizons 2,57,normal,common,1,59772,b95cc841-4e4f-4896-a073-f2e246ca62e4,0.06,false,false,near_mint,de,CHF,2026-06-21T21:14:54.900Z
Yoris Karten,binder,Bone Shards,MH2,Modern Horizons 2,76,normal,common,1,59436,1ee98955-4c47-4d45-9377-608dfa755337,0.14,false,false,near_mint,de,CHF,2026-06-21T21:14:54.899Z
Yoris Karten,binder,Mount Velus Manticore,MH2,Modern Horizons 2,136,normal,common,1,59597,667a356c-b10d-42f2-bb2f-c3fd9affa4bd,0.04,false,false,near_mint,de,CHF,2026-06-21T21:14:54.898Z
Yoris Karten,binder,Chatterstorm,BLC,Bloomburrow Commander,210,normal,common,1,96386,9426c906-e665-40a4-823a-0245bc39fbda,0.27,false,false,near_mint,de,CHF,2026-06-21T21:14:54.897Z
Yoris Karten,binder,World-Weary,MH2,Modern Horizons 2,109,normal,common,1,59608,6c7c1b08-3184-478f-92be-88db6cda33c5,0.16,false,false,near_mint,de,CHF,2026-06-21T21:14:54.896Z
Yoris Karten,binder,Bloodbraid Marauder,MH2,Modern Horizons 2,116,normal,rare,1,59590,6286fd93-bb97-4721-8a40-1c5a884c2edb,0.2,false,false,near_mint,de,CHF,2026-06-21T21:14:54.895Z
Yoris Karten,binder,Fire // Ice,MH2,Modern Horizons 2,290,normal,rare,3,59406,0e09b054-4d33-4a12-bf2a-9b0009f33044,0.23,false,false,near_mint,de,CHF,2026-06-21T21:14:54.894Z
Yoris Karten,binder,Step Through,MH2,Modern Horizons 2,66,normal,common,1,59617,716534cb-aa89-4de7-9aa5-8d8aa4422a6a,0.2,false,false,near_mint,de,CHF,2026-06-21T21:14:54.892Z
Yoris Karten,binder,Wavesifter,MKC,Murders at Karlov Manor Commander,220,normal,common,1,90420,7ca787d2-eee4-4474-9db7-e8efa161ceec,0.23,false,false,near_mint,de,CHF,2026-06-21T21:14:54.891Z
Yoris Karten,binder,Foul Watcher,MH2,Modern Horizons 2,43,normal,common,1,59619,71d00175-5e5e-40dd-a71b-5ba56d763134,0.1,false,false,near_mint,de,CHF,2026-06-21T21:14:54.890Z
Yoris Karten,binder,Loathsome Curator,MH2,Modern Horizons 2,91,normal,common,1,59412,11a59a6f-6ef0-4acc-8358-a4e2cebdb7d5,0.08,false,false,near_mint,de,CHF,2026-06-21T21:14:54.889Z
Yoris Karten,binder,Silverbluff Bridge,EOC,Edge of Eternities Commander,180,normal,common,1,107297,8f14540a-479f-4a3c-8e5b-f482caf48451,0.2,false,false,near_mint,de,CHF,2026-06-21T21:14:54.888Z
Yoris Karten,binder,Arcbound Slasher,MH2,Modern Horizons 2,111,normal,common,1,59834,dcafff1a-e220-40ff-8c00-de6037219bc6,0.15,false,false,near_mint,de,CHF,2026-06-21T21:14:54.886Z
Yoris Karten,binder,Breya's Apprentice,MH2,Modern Horizons 2,117,normal,rare,1,59788,c32b5b2e-dabf-4672-b476-4873781f636e,0.26,false,false,near_mint,de,CHF,2026-06-21T21:14:54.885Z
Yoris Karten,binder,Skophos Reaver,MH2,Modern Horizons 2,140,normal,common,1,59486,32691e3f-dea9-45ac-96fe-96b34d5116a9,0.16,false,false,near_mint,de,CHF,2026-06-21T21:14:54.884Z
Yoris Karten,binder,Glimmer Bairn,MH2,Modern Horizons 2,163,normal,common,1,59384,03250752-bd85-485a-b19a-fa344c4ffd50,0.11,false,false,near_mint,de,CHF,2026-06-21T21:14:54.883Z
Yoris Karten,binder,Yavimaya Elder,DSC,Duskmourn: House of Horror Commander,208,normal,common,1,99087,27dacbde-a646-418c-b569-4a4f11c9faae,0.23,false,false,near_mint,de,CHF,2026-06-21T21:14:54.882Z
Yoris Karten,binder,Jewel-Eyed Cobra,MH2,Modern Horizons 2,168,normal,common,2,59673,8f8db60d-3adf-45e1-b4d0-3b5e24f5e01d,0.2,false,false,near_mint,de,CHF,2026-06-21T21:14:54.880Z
Yoris Karten,binder,Nested Shambler,BLC,Bloomburrow Commander,185,normal,common,1,96199,202011d5-755e-497b-b4a7-f2b6e6a0b464,0.22,false,false,near_mint,de,CHF,2026-06-21T21:14:54.879Z
Yoris Karten,binder,Viashino Lashclaw,MH2,Modern Horizons 2,146,normal,common,1,59492,3457e346-a5de-4624-b577-f59d4c186537,0.18,false,false,near_mint,de,CHF,2026-06-21T21:14:54.878Z
Yoris Karten,binder,Aeromoeba,MH2,Modern Horizons 2,37,normal,common,1,59465,2a304f7e-0b9e-4ef6-9ad8-34350839f7d9,0.14,false,false,near_mint,de,CHF,2026-06-21T21:14:54.877Z
Yoris Karten,binder,Greed,MH2,Modern Horizons 2,274,normal,uncommon,1,59652,851f8d1f-163c-4c4f-beee-431b64ec8a99,0.28,false,false,near_mint,de,CHF,2026-06-21T21:14:54.876Z
Yoris Karten,binder,Vile Entomber,FDN,Foundations,616,normal,uncommon,1,100755,833b5a32-5d77-4e46-a524-25bada29ef59,0.22,false,false,near_mint,de,CHF,2026-06-21T21:14:54.875Z
Yoris Karten,binder,Selesnya Keyrune,RTR,Return to Ravnica,233,normal,uncommon,3,17189,1645eafd-cd17-463a-9d7e-42f5f7b5196f,0.1,false,false,near_mint,de,CHF,2026-06-21T21:14:54.872Z
Yoris Karten,binder,Jangling Automaton,WTH,Weatherlight,151,normal,common,1,37146,2e2a427b-9869-4059-aeeb-d9b97b324e4e,0.1,false,false,near_mint,de,CHF,2026-06-21T21:14:54.871Z
Yoris Karten,binder,Igneous Golem,MIR,Mirage,305,normal,uncommon,1,38285,f44c5e24-98f9-4a4d-9ecc-c862363eb66d,0.12,false,false,near_mint,de,CHF,2026-06-21T21:14:54.870Z
Yoris Karten,binder,Prismite,M21,Core Set 2021,235,normal,common,4,51064,eedce8ab-771a-4247-9504-72ae0629df83,0.11,false,false,near_mint,de,CHF,2026-06-21T21:14:54.869Z
Yoris Karten,binder,Watchers of the Dead,AKH,Amonkhet,238,normal,uncommon,2,5447,30efc831-3673-4bc1-8a25-150c0349253a,0.1,false,false,near_mint,de,CHF,2026-06-21T21:14:54.868Z
Yoris Karten,binder,Wall of Forgotten Pharaohs,HOU,Hour of Devastation,168,normal,common,7,4507,d3f8f211-79f9-4d34-8e23-c0835703cd91,0.06,false,false,near_mint,de,CHF,2026-06-21T21:14:54.867Z
Yoris Karten,binder,Honed Khopesh,AKH,Amonkhet,230,normal,common,3,5455,c7d80b98-baa2-48ea-9611-96e64d7cb950,0.06,false,false,near_mint,de,CHF,2026-06-21T21:14:54.863Z
Yoris Karten,binder,Rakdos Keyrune,GK2,RNA Guild Kit,75,normal,uncommon,1,43952,f5647ef4-736e-4861-8718-06c53a2253b3,0.24,false,false,near_mint,de,CHF,2026-06-21T21:14:54.862Z
Yoris Karten,binder,Izzet Keyrune,RTR,Return to Ravnica,230,normal,uncommon,3,17192,83e4e83b-cbb8-4efd-b6c4-4459a29177ac,0.19,false,false,near_mint,de,CHF,2026-06-21T21:14:54.861Z
Yoris Karten,binder,Cellar Door,ISD,Innistrad,218,normal,uncommon,2,18680,97bdfb00-7773-4af6-895c-c90088a96b07,0.16,false,false,near_mint,de,CHF,2026-06-21T21:14:54.860Z
Yoris Karten,binder,Graveyard Shovel,ISD,Innistrad,225,normal,uncommon,1,18673,1a4b8888-a10c-48b1-ba19-c041e5667b29,0.07,false,false,near_mint,de,CHF,2026-06-21T21:14:54.859Z
Yoris Karten,binder,Rusted Sentinel,M12,Magic 2012,215,normal,uncommon,2,19052,cba5fc44-4b9a-418b-a4e0-26d2c3a1eca4,0.04,false,false,near_mint,de,CHF,2026-06-21T21:14:54.857Z
Yoris Karten,binder,Crown of Empires,M12,Magic 2012,203,normal,uncommon,1,19064,d4e36991-7b9f-4cc7-8da2-55b8baf19d70,0.11,false,false,near_mint,de,CHF,2026-06-21T21:14:54.856Z
Yoris Karten,binder,Street Sweeper,RTR,Return to Ravnica,234,normal,uncommon,2,17188,4a62827a-183f-4bef-b6ce-20a4577f6d30,0.07,false,false,near_mint,de,CHF,2026-06-21T21:14:54.855Z
Yoris Karten,binder,Wizard Replica,HOP,Planechase,129,normal,common,1,22905,ed9b6a66-2ec4-44e6-b29b-f08768dca9cc,0.29,false,false,near_mint,de,CHF,2026-06-21T21:14:54.850Z
Yoris Karten,binder,Copper Myr,HOP,Planechase,109,normal,common,3,22925,0cecd069-638b-489f-9e2d-a0a4d9a8906a,0.72,false,false,near_mint,de,CHF,2026-06-21T21:14:54.849Z
Yoris Karten,binder,Suntouched Myr,HOP,Planechase,128,normal,common,2,22906,4c5d4ae3-bc7e-4e60-a5e6-c3ae349fe6fc,0.69,false,false,near_mint,de,CHF,2026-06-21T21:14:54.848Z
Yoris Karten,binder,Dross Ripper,MBS,Mirrodin Besieged,106,normal,common,1,20035,55d54f08-53f0-41b2-8b86-8244515224eb,0.04,false,false,near_mint,de,CHF,2026-06-21T21:14:54.847Z
Yoris Karten,binder,Drill-Skimmer,DST,Darksteel,118,normal,common,1,29543,3b60dc6a-3b38-4dde-9dd4-aa49a53f29ae,0.06,false,false,near_mint,de,CHF,2026-06-21T21:14:54.846Z
Yoris Karten,binder,Dragon's Claw,M12,Magic 2012,206,normal,uncommon,1,19061,0d732b87-08e5-41b6-8448-62dd6bf20d9c,0.23,false,false,near_mint,de,CHF,2026-06-21T21:14:54.845Z
Yoris Karten,binder,Ronin Warclub,BOK,Betrayers of Kamigawa,158,normal,uncommon,2,28551,46ad31cd-38dc-4fd3-b9e4-8988f4898719,0.29,false,false,near_mint,de,CHF,2026-06-21T21:14:54.844Z
Yoris Karten,binder,Keeper of the Lens,DTK,Dragons of Tarkir,240,normal,common,2,11574,86d6c502-ae3e-4e67-8f1d-3323b4468f72,0.1,false,false,near_mint,de,CHF,2026-06-21T21:14:54.835Z
Yoris Karten,binder,Spidersilk Net,DTK,Dragons of Tarkir,244,normal,common,2,11570,9561b47c-b863-463a-8a10-56fede2cb42c,0.18,false,false,near_mint,de,CHF,2026-06-21T21:14:54.834Z
Yoris Karten,binder,Gleaming Barrier,FDN,Foundations,252,normal,common,1,101479,1b49b009-e6f2-494a-9235-f5c25c2d70a9,0.16,false,false,near_mint,de,CHF,2026-06-21T21:14:54.833Z
Yoris Karten,binder,Cobbled Wings,XLN,Ixalan,233,normal,common,1,3779,3b2ff4f0-0dd1-4551-826b-68e8ff1e5860,0.19,false,false,near_mint,de,CHF,2026-06-21T21:14:54.832Z
Yoris Karten,binder,Revelsong Horn,SHM,Shadowmoor,261,normal,uncommon,1,24605,10a4801c-fa69-47a0-bdfa-f5f110fd0976,0.1,false,false,near_mint,de,CHF,2026-06-21T21:14:54.831Z
Yoris Karten,binder,Runed Stalactite,MMA,Modern Masters,214,normal,common,1,16095,a54f50fe-d4c0-49ba-9063-853c76ae3e19,0.16,false,false,near_mint,de,CHF,2026-06-21T21:14:54.830Z
Yoris Karten,binder,Bladed Pinions,SOM,Scars of Mirrodin,140,normal,common,1,20892,bf479c90-c791-4152-a8e6-fd3123f698df,0.2,false,false,near_mint,de,CHF,2026-06-21T21:14:54.826Z
Yoris Karten,binder,Iron Myr,SOM,Scars of Mirrodin,168,normal,common,1,20864,5bd0a588-b695-4060-b5d5-c6a74710ff0f,0.97,false,false,near_mint,de,CHF,2026-06-21T21:14:54.823Z
Yoris Karten,binder,Snapsail Glider,SOM,Scars of Mirrodin,203,normal,common,1,20829,fc98e0af-b18e-4172-bc56-19952ebd0303,0.04,false,false,near_mint,de,CHF,2026-06-21T21:14:54.822Z
Yoris Karten,binder,Fleetfeather Sandals,THS,Theros,216,normal,common,2,15448,2222f499-09f9-45a6-8255-9de79df76f1c,0.15,false,false,near_mint,de,CHF,2026-06-21T21:14:54.819Z
Yoris Karten,binder,Trigon of Infestation,SOM,Scars of Mirrodin,214,normal,uncommon,1,20818,be409a80-846c-4883-8aee-c2e3f973fc0f,0.14,false,false,near_mint,de,CHF,2026-06-21T21:14:54.815Z
Yoris Karten,binder,Strider Harness,SOM,Scars of Mirrodin,207,normal,common,1,20825,9d7b9e54-b3ef-44fb-9240-0d67c1c4b7f6,0.12,false,false,near_mint,de,CHF,2026-06-21T21:14:54.812Z
Yoris Karten,binder,Copper Carapace,MM2,Modern Masters 2015,205,normal,common,1,11012,24eb220b-3ff1-4396-87e3-7aaaa1098691,0.03,false,false,near_mint,de,CHF,2026-06-21T21:14:54.811Z
Yoris Karten,binder,Gingerbrute,ELD,Throne of Eldraine,219,normal,common,2,46119,f55fe038-c903-4d92-b689-72dd6d041a91,0.18,false,false,near_mint,de,CHF,2026-06-21T21:14:54.803Z
Yoris Karten,binder,Meteorite,M21,Core Set 2021,233,normal,uncommon,2,51058,ec3a2c95-4e7a-43c5-90bd-6f1de7c82a5c,0.12,false,false,near_mint,de,CHF,2026-06-21T21:14:54.794Z
Yoris Karten,binder,Staff of the Death Magus,M15,Magic 2015,232,normal,uncommon,1,13620,84a341a4-8177-41cd-a3bc-eff5dee48c94,0.31,false,false,near_mint,de,CHF,2026-06-21T21:14:54.791Z
Yoris Karten,binder,Guardian Automaton,ORI,Magic Origins,227,normal,common,3,10715,7e8916b7-f5e4-4fae-8db8-9859d69212ec,0.02,false,false,near_mint,de,CHF,2026-06-21T21:14:54.789Z
Yoris Karten,binder,Galvanic Juggernaut,INR,Innistrad Remastered,263,normal,uncommon,1,102693,9cc1c735-22ad-4714-84e7-253df00941fa,0.02,false,false,near_mint,de,CHF,2026-06-21T21:14:54.784Z
Yoris Karten,binder,Jalum Tome,DMR,Dominaria Remastered,226,normal,common,2,77868,3d2db45f-4cdb-4b7f-a270-44b2b1482f69,0.08,false,false,near_mint,de,CHF,2026-06-21T21:14:54.783Z
Yoris Karten,binder,Sisay's Ring,CMR,Commander Legends,340,normal,common,2,55586,20c0e608-0208-408a-b473-1e54caa96cea,0.22,false,false,near_mint,de,CHF,2026-06-21T21:14:54.782Z
Yoris Karten,binder,Lumengrid Gargoyle,CMR,Commander Legends,321,normal,common,1,56179,c200239c-d28e-4c55-a7bc-64a1d138cc2f,0.07,false,false,near_mint,de,CHF,2026-06-21T21:14:54.781Z
Yoris Karten,binder,Yotian Soldier,4ED,Fourth Edition,360,normal,common,1,39827,aaab84be-bb96-437b-a9a7-aa7a11ffd21d,0.07,false,false,near_mint,de,CHF,2026-06-21T21:14:54.780Z
Yoris Karten,binder,Enchanted Carriage,ELD,Throne of Eldraine,218,normal,uncommon,3,46120,0057c2ae-ea4f-404a-ab95-f3979efd1b3b,0.12,false,false,near_mint,de,CHF,2026-06-21T21:14:54.779Z
Yoris Karten,binder,Bronze Sword,THB,Theros Beyond Death,232,normal,common,2,46830,0b33162d-8d8f-4312-b31e-04ce86e3b914,0.23,false,false,near_mint,de,CHF,2026-06-21T21:14:54.776Z
Yoris Karten,binder,Wings of Hubris,THB,Theros Beyond Death,241,normal,common,4,46821,e3ef8f96-3e3c-4b1b-8180-3b38c7deaaff,0.17,false,false,near_mint,de,CHF,2026-06-21T21:14:54.775Z
Yoris Karten,binder,Vial of Dragonfire,CMM,Commander Masters,417,normal,common,5,84863,c924502b-a49e-4bf6-9e1a-9aa83f279228,0.08,false,false,near_mint,de,CHF,2026-06-21T21:14:54.774Z
Yoris Karten,binder,Eldrazi Devastator,BFZ,Battle for Zendikar,7,normal,common,1,10344,04b13e32-01b9-4a86-a3df-ca8b784c6a6c,0.25,false,false,near_mint,de,CHF,2026-06-21T21:14:54.773Z
Yoris Karten,binder,Titan's Presence,CMM,Commander Masters,810,normal,uncommon,3,84347,4dd8cf3f-1ca8-41e4-b0f7-ea9d61f731d7,0.35,false,false,near_mint,de,CHF,2026-06-21T21:14:54.772Z
Yoris Karten,binder,Kozilek's Channeler,BFZ,Battle for Zendikar,10,normal,common,2,10341,c550d179-32ec-4ad8-91c2-d79320a21cba,0.23,false,false,near_mint,de,CHF,2026-06-21T21:14:54.771Z
Yoris Karten,binder,Soldevi Sentry,ALL,Alliances,132a,normal,common,1,38672,85976b5c-4eed-4cf9-b2b0-a8421a97ab2a,0.1,false,false,near_mint,de,CHF,2026-06-21T21:14:54.770Z
Yoris Karten,binder,Sand Golem,MIR,Mirage,318,normal,uncommon,1,38272,84e4a955-ce9a-4386-b6ac-c00fd25de882,0.15,false,false,near_mint,de,CHF,2026-06-21T21:14:54.769Z
Yoris Karten,binder,Mishra's Groundbreaker,ALL,Alliances,123,normal,uncommon,1,38682,74e2dc26-30aa-4e20-84b0-ea4be8894475,0.19,false,false,near_mint,de,CHF,2026-06-21T21:14:54.768Z
Yoris Karten,binder,Scarab of the Unseen,ALL,Alliances,128,normal,uncommon,1,38676,d5da1c71-6059-4e4e-933d-dbca1cc4bd15,0.19,false,false,near_mint,de,CHF,2026-06-21T21:14:54.767Z
Yoris Karten,binder,Marauder's Axe,M20,Core Set 2020,231,normal,common,1,45229,73ac5204-69ef-491d-9ca8-f522b99f1412,0.05,false,false,near_mint,de,CHF,2026-06-21T21:14:54.766Z
Yoris Karten,binder,Moriok Replica,SOM,Scars of Mirrodin,178,normal,common,1,20854,480311ae-b9af-4fb7-881b-35566598cf07,0.14,false,false,near_mint,de,CHF,2026-06-21T21:14:54.765Z
Yoris Karten,binder,Crashing Drawbridge,TDC,Tarkir: Dragonstorm Commander,316,normal,common,3,104422,018257cf-8981-4691-92ab-6a33f77c9680,0.52,false,false,near_mint,de,CHF,2026-06-21T21:14:54.764Z
Yoris Karten,binder,Irontread Crusher,AER,Aether Revolt,161,normal,common,3,6253,81873223-29c7-466b-b922-6717ec84afff,0.09,false,false,near_mint,de,CHF,2026-06-21T21:14:54.763Z
Yoris Karten,binder,Mobile Garrison,AER,Aether Revolt,165,normal,common,3,6249,da443378-f5cb-4240-9524-2c40ec17c933,0.19,false,false,near_mint,de,CHF,2026-06-21T21:14:54.762Z
Yoris Karten,binder,Untethered Express,AER,Aether Revolt,179,normal,uncommon,1,6235,dba729d8-fd5e-4183-806a-0997f443a58f,0.27,false,false,near_mint,de,CHF,2026-06-21T21:14:54.761Z
Yoris Karten,binder,Crook of Condemnation,HOU,Hour of Devastation,159,normal,uncommon,3,4516,78f6d7c2-ee4f-4cd0-a9a2-d8469ff89291,0.09,false,false,near_mint,de,CHF,2026-06-21T21:14:54.760Z
Yoris Karten,binder,Pirate's Cutlass,FDN,Foundations,563,normal,common,7,101209,d9d20aef-d35b-4353-a241-e6cfa9730975,0.09,false,false,near_mint,de,CHF,2026-06-21T21:14:54.757Z
Yoris Karten,binder,Prying Blade,XLN,Ixalan,244,normal,common,2,3768,ad45720e-2870-414d-8119-8e48c5600d3b,0.19,false,false,near_mint,de,CHF,2026-06-21T21:14:54.758Z
Yoris Karten,binder,Mirror Shield,THB,Theros Beyond Death,234,normal,uncommon,12,46828,e7624e84-93ce-4983-8624-ebc934cab67f,0.37,false,false,near_mint,de,CHF,2026-06-21T21:14:54.777Z
Yoris Karten,binder,Spinning Wheel,ELD,Throne of Eldraine,234,normal,uncommon,7,46104,070ff479-9d87-4ab6-aaaa-e96b9df0bac4,0.15,false,false,near_mint,de,CHF,2026-06-21T21:14:54.778Z
Yoris Karten,binder,Guardians of Meletis,ORI,Magic Origins,228,normal,common,5,10714,2ff39de2-d071-4568-baac-25b505a2da56,0.05,false,false,near_mint,de,CHF,2026-06-21T21:14:54.785Z
Yoris Karten,binder,Bonded Construct,ORI,Magic Origins,223,normal,common,5,10719,43361897-f853-4cab-a132-5af48dad3b54,0.03,false,false,near_mint,de,CHF,2026-06-21T21:14:54.787Z
Yoris Karten,binder,Tyrant's Machine,BBD,Battlebond,248,normal,common,2,1745,2c697b0b-edba-491a-b40e-f88572a6e955,0.04,false,false,near_mint,de,CHF,2026-06-21T21:14:54.792Z
Yoris Karten,binder,Silent Dart,RVR,Ravnica Remastered,268,normal,uncommon,7,89986,f59521a1-07c4-47a6-8b2f-8a2d8338a58c,0.06,false,false,near_mint,de,CHF,2026-06-21T21:14:54.795Z
Yoris Karten,binder,Roving Keep,ELD,Throne of Eldraine,228,normal,common,4,46110,38a0136e-a637-4a12-a38f-35f772b290a9,0.12,false,false,near_mint,de,CHF,2026-06-21T21:14:54.800Z
Yoris Karten,binder,Jousting Dummy,ELD,Throne of Eldraine,224,normal,common,5,46114,f6601056-af08-4239-97d5-5e11597fce18,0.08,false,false,near_mint,de,CHF,2026-06-21T21:14:54.801Z
Yoris Karten,binder,Locthwain Gargoyle,ELD,Throne of Eldraine,225,normal,common,7,46113,02551bee-335c-4bf7-b38e-67dd71d1d567,0.06,false,false,near_mint,de,CHF,2026-06-21T21:14:54.802Z
Yoris Karten,binder,Henge Walker,ELD,Throne of Eldraine,221,normal,common,4,46117,9925f0bc-8685-4e38-8864-0ad3a9549ab5,0.06,false,false,near_mint,de,CHF,2026-06-21T21:14:54.805Z
Yoris Karten,binder,Filigree Familiar,CMR,Commander Legends,308,normal,common,2,55767,875df3ef-fab4-455f-bfdb-8f6361b27bf6,0.26,false,false,near_mint,de,CHF,2026-06-21T21:14:54.809Z
Yoris Karten,binder,Traveler's Amulet,INR,Innistrad Remastered,273,normal,common,2,102467,26a7e5f0-0d60-4118-ad10-b27c7382511a,0.16,false,false,near_mint,de,CHF,2026-06-21T21:14:54.810Z
Yoris Karten,binder,Origin Spellbomb,SOM,Scars of Mirrodin,189,normal,common,2,20843,91e7faa4-160e-47d9-a9a1-5928d9d2b5e4,0.13,false,false,near_mint,de,CHF,2026-06-21T21:14:54.813Z
Yoris Karten,binder,Glint Hawk Idol,MM2,Modern Masters 2015,216,normal,common,2,11001,09c64d2e-1fbf-4858-8fa7-82bf2e41fe1f,0.04,false,false,near_mint,de,CHF,2026-06-21T21:14:54.816Z
Yoris Karten,binder,Watchwing Scarecrow,SHM,Shadowmoor,268,normal,common,2,24598,5c7774fd-3460-46e3-9c9c-7aa70f2ff6d8,0.27,false,false,near_mint,de,CHF,2026-06-21T21:14:54.820Z
Yoris Karten,binder,Perilous Myr,CMR,Commander Legends,330,normal,common,2,55695,5a15c8ef-04ad-4aab-a7f1-c7a90c10eb50,0.17,false,false,near_mint,de,CHF,2026-06-21T21:14:54.824Z
Yoris Karten,binder,Elsewhere Flask,SHM,Shadowmoor,250,normal,common,3,24616,9273a17d-114b-4d54-a2a5-1047df8caa9d,0.25,false,false,near_mint,de,CHF,2026-06-21T21:14:54.827Z
Yoris Karten,binder,Scour from Existence,BFZ,Battle for Zendikar,13,normal,common,3,10338,6e47edb2-e43d-479f-a911-e72b67a06c3b,0.19,false,false,near_mint,de,CHF,2026-06-21T21:14:54.836Z
Yoris Karten,binder,Hedron Blade,BFZ,Battle for Zendikar,224,normal,common,3,10127,87242e1d-babe-4b0d-aa1f-ab62e0bc4ab7,0.03,false,false,near_mint,de,CHF,2026-06-21T21:14:54.838Z
Yoris Karten,binder,Hankyu,CHK,Champions of Kamigawa,253,normal,uncommon,4,28972,6f22a88a-4f04-4500-9e05-909b54ad43e3,0.13,false,false,near_mint,de,CHF,2026-06-21T21:14:54.843Z
Yoris Karten,binder,Courier's Capsule,ALA,Shards of Alara,37,normal,common,3,24062,39ae12ff-8039-4aac-aa50-f879376888a1,0.19,false,false,near_mint,de,CHF,2026-06-21T21:14:54.851Z
Yoris Karten,binder,Training Drone,MBS,Mirrodin Besieged,142,normal,common,2,19999,8b7e986f-5b28-46d2-8ec2-ee719b07dbfd,0.04,false,false,near_mint,de,CHF,2026-06-21T21:14:54.852Z
Yoris Karten,binder,Captain Ripley Vance,CMM,Commander Masters,209,normal,uncommon,2,84931,d640bc10-51ce-48e9-bceb-c3e69d7eae31,0.21,false,false,near_mint,de,CHF,2026-06-21T21:14:54.874Z
Yoris Karten,binder,Duskshell Crawler,CLU,Ravnica: Clue Edition,161,normal,common,2,91280,eb39a0c0-668f-4881-957a-3d09c50beaf4,0.24,false,false,near_mint,de,CHF,2026-06-21T21:14:54.887Z
Yoris Karten,binder,Storm God's Oracle,MH2,Modern Horizons 2,213,normal,common,2,59728,a6d22f24-f752-4bc8-ba97-061b2c060ec8,0.05,false,false,near_mint,de,CHF,2026-06-21T21:14:54.893Z
Yoris Karten,binder,Goblin Anarchomancer,MH2,Modern Horizons 2,200,normal,common,2,59593,633a3423-501d-4b22-95a6-743233be521e,0.62,false,false,near_mint,de,CHF,2026-06-21T21:14:54.907Z
Yoris Karten,binder,Urban Daggertooth,MH2,Modern Horizons 2,181,normal,common,2,59539,4ab83a39-d90d-403e-b74d-fe99c8b2aacd,0.18,false,false,near_mint,de,CHF,2026-06-21T21:14:54.912Z
Yoris Karten,binder,Janjeet Sentry,KLD,Kaladesh,53,normal,uncommon,3,7590,826b9080-2b6d-4f4e-93a6-cf977d40654f,0.1,false,false,near_mint,de,CHF,2026-06-21T21:14:54.943Z
Yoris Karten,binder,Silumgar Sorcerer,DTK,Dragons of Tarkir,76,normal,uncommon,4,11738,6a914304-e774-49fd-9ac7-09e36989b1d5,0.1,false,false,near_mint,de,CHF,2026-06-21T21:14:54.946Z
Yoris Karten,binder,Triton Tactics,DDT,Duel Decks: Merfolk vs. Goblins,23,normal,uncommon,2,3688,da8134a6-7fd7-4f41-8127-dc32400fb04b,0.16,false,false,near_mint,de,CHF,2026-06-21T21:14:54.955Z
Yoris Karten,binder,Belltoll Dragon,DTK,Dragons of Tarkir,46,normal,uncommon,2,11768,97e8fba0-fcb4-440c-9442-92278e21c5e9,0.23,false,false,near_mint,de,CHF,2026-06-21T21:14:54.957Z
Yoris Karten,binder,Trusty Companion,KLD,Kaladesh,33,normal,uncommon,3,7610,0a79eefb-50a4-41c4-93cf-378fa546f539,0.06,false,false,near_mint,de,CHF,2026-06-21T21:14:54.959Z
Yoris Karten,binder,Long Road Home,BBD,Battlebond,96,normal,uncommon,2,1897,6f883c9b-c9c0-4777-b0a4-186620243f02,0.2,false,false,near_mint,de,CHF,2026-06-21T21:14:54.964Z
Yoris Karten,binder,Shrill Howler // Howling Chorus,INR,Innistrad Remastered,214,normal,uncommon,2,102815,e414e208-2e90-4b0d-b107-7a387b3f779b,0.14,false,false,near_mint,de,CHF,2026-06-21T21:14:54.967Z
Yoris Karten,binder,Mystic Sanctuary,MKC,Murders at Karlov Manor Commander,277,normal,common,1,90383,67652446-6d12-4e2a-bb51-ba685f2e79d1,2.46,false,false,near_mint,de,CHF,2026-06-22T16:12:15.140Z
Yoris Karten,binder,Sex Appeal,UGL,Unglued,13,normal,common,1,36180,97cfc18c-ed01-4016-86a2-162d7bc1bf33,0.57,false,false,near_mint,de,CHF,2026-06-22T16:12:15.139Z
Yoris Karten,binder,Growth Spurt,UND,Unsanctioned,64,normal,common,1,47298,a8052788-65d6-4809-a338-68ff40ef5b0f,0.1,false,false,near_mint,de,CHF,2026-06-22T16:12:15.138Z
Yoris Karten,binder,Ghazbán Ogress,UGL,Unglued,60,normal,common,1,36133,17c18690-cf8c-4006-a981-6258d18ba538,2.21,false,false,near_mint,de,CHF,2026-06-22T16:12:15.137Z
Yoris Karten,binder,Fowl Play,UGL,Unglued,24,normal,common,1,36169,2303a4e0-b8eb-4e8b-bc62-507eee52e7bc,0.23,false,false,near_mint,de,CHF,2026-06-22T16:12:15.136Z
Yoris Karten,binder,Blighted Fen,BFZ,Battle for Zendikar,230,normal,uncommon,1,10121,29d02950-cd50-4662-97af-3106598dc3c4,0.1,false,false,near_mint,de,CHF,2026-06-22T16:12:15.135Z
Yoris Karten,binder,Wind-Scarred Crag,IKO,Ikoria: Lair of Behemoths,258,normal,common,1,49819,86367edc-9587-4f3b-aa95-c3a2bfc8c6f4,0.17,false,false,near_mint,de,CHF,2026-06-22T16:12:15.122Z
Yoris Karten,binder,Wind-Scarred Crag,FDN,Foundations,271,normal,common,1,100684,759e99df-11a8-4aee-b6bc-344e84e10d94,0.19,false,false,near_mint,de,CHF,2026-06-22T16:12:15.117Z
Yoris Karten,binder,Thornwood Falls,M21,Core Set 2021,257,normal,common,1,51077,f82851a5-5f70-488a-b21c-bdd65d2fca7c,0.08,false,false,near_mint,de,CHF,2026-06-22T16:12:15.115Z
Yoris Karten,binder,Blossoming Sands,FDN,Foundations,260,normal,common,2,100364,37676ed8-588c-4bca-8065-874b74d84807,0.23,false,false,near_mint,de,CHF,2026-06-22T16:12:15.113Z
Yoris Karten,binder,Tranquil Expanse,M19,Core Set 2019,259,normal,common,1,1053,78b33867-5ccf-49a1-8e9b-9d2ddac78f17,0.2,false,false,near_mint,de,CHF,2026-06-22T16:12:15.108Z
Yoris Karten,binder,Swiftwater Cliffs,FDN,Foundations,268,normal,common,1,101389,fb88667d-7088-4889-960f-317486ebe856,0.26,false,false,near_mint,de,CHF,2026-06-22T16:12:15.107Z
Yoris Karten,binder,Jungle Hollow,FDN,Foundations,263,normal,common,1,101224,dc758e14-d370-45e4-bbc5-938fb4d21127,0.23,false,false,near_mint,de,CHF,2026-06-22T16:12:15.104Z
Yoris Karten,binder,Dismal Backwater,FDN,Foundations,261,normal,common,1,101220,dbb0df36-8467-4a41-8e1c-6c3584d4fd10,0.23,false,false,near_mint,de,CHF,2026-06-22T16:12:15.103Z
Yoris Karten,binder,Dismal Backwater,M20,Core Set 2020,245,normal,common,4,45215,a5ff247f-82d1-4b79-9ac0-1471a1f0f58b,0.14,false,false,near_mint,de,CHF,2026-06-22T16:12:15.102Z
Yoris Karten,binder,Orzhov Basilica,DRC,Aetherdrift Commander,164,normal,uncommon,2,103274,cc8f8ede-9620-4f7f-8326-a75031ef6ec1,0.27,false,false,near_mint,de,CHF,2026-06-22T16:12:15.100Z
Yoris Karten,binder,Scoured Barrens,FDN,Foundations,266,normal,common,1,100277,2632a4b2-9ca6-4b67-9a99-14f52ad3dc41,0.19,false,false,near_mint,de,CHF,2026-06-22T16:12:15.099Z
Yoris Karten,binder,Scoured Barrens,M20,Core Set 2020,251,normal,common,1,45209,3b9edd33-a64e-4526-a89f-edd31ac4b175,0.13,false,false,near_mint,de,CHF,2026-06-22T16:12:15.098Z
Yoris Karten,binder,Rugged Highlands,IKO,Ikoria: Lair of Behemoths,252,normal,common,1,49825,9a69fa8f-1c2b-453d-8d54-2748890ce925,0.14,false,false,near_mint,de,CHF,2026-06-22T16:12:15.096Z
Yoris Karten,binder,Woodland Stream,SOI,Shadows over Innistrad,282,normal,uncommon,1,8714,18a0c745-dee6-4cb2-acaa-3d2b8e0cce5b,0.1,false,false,near_mint,de,CHF,2026-06-22T16:12:15.095Z
Yoris Karten,binder,Desert of the Indomitable,M3C,Modern Horizons 3 Commander,336,normal,common,1,95029,c8ff47b8-467b-4fdc-8ba1-3460301b1de7,0.27,false,false,near_mint,de,CHF,2026-06-22T16:12:15.092Z
Yoris Karten,binder,Mistvault Bridge,MH2,Modern Horizons 2,249,normal,common,1,59709,9f36a6e2-3e51-4a30-a225-10cfe6650b9d,0.47,false,false,near_mint,de,CHF,2026-06-22T16:12:15.091Z
Yoris Karten,binder,Orzhov Guildgate,RNA,Ravnica Allegiance,253,normal,common,4,43612,f7046b5e-622f-4ae8-9ddd-709ccd61000e,0.1,false,false,near_mint,de,CHF,2026-06-22T16:12:15.085Z
Yoris Karten,binder,Boros Guildgate,CMR,Commander Legends,478,normal,common,1,56202,cce912e1-73fe-41f3-a86c-4c19ff3f100f,0.19,false,false,near_mint,de,CHF,2026-06-22T16:12:15.083Z
Yoris Karten,binder,Boros Guildgate,GRN,Guilds of Ravnica,243,normal,common,11,240,c52ceefc-90d0-49d1-ae54-9a4eab819849,0.14,false,false,near_mint,de,CHF,2026-06-22T16:12:15.082Z
Yoris Karten,binder,Izzet Guildgate,GRN,Guilds of Ravnica,252,normal,common,6,231,fc36bb2a-115d-4e24-a1e9-02b21773e945,0.13,false,false,near_mint,de,CHF,2026-06-22T16:12:15.077Z
Yoris Karten,binder,Golgari Guildgate,FDN,Foundations,689,normal,common,1,100836,92d4646c-a375-4835-aa58-8bb77d1a5abf,0.1,false,false,near_mint,de,CHF,2026-06-22T16:12:15.075Z
Yoris Karten,binder,Simic Guildgate,CMR,Commander Legends,493,normal,common,1,56218,d93f0124-eb83-4261-8ad2-5590155274a4,0.12,false,false,near_mint,de,CHF,2026-06-22T16:12:15.074Z
Yoris Karten,binder,Rakdos Guildgate,FDN,Foundations,693,normal,common,1,101249,e1f01964-c610-4d0f-a2b4-f52e46dc50d2,0.1,false,false,near_mint,de,CHF,2026-06-22T16:12:15.073Z
Yoris Karten,binder,Grasping Shadows // Shadows' Lair,LCI,The Lost Caverns of Ixalan,108,normal,uncommon,1,88635,81b8b9c9-725d-476d-a3cf-55e3dc3e433d,0.17,false,false,near_mint,de,CHF,2026-06-22T16:12:15.072Z
Yoris Karten,binder,Rakdos Guildgate,RNA,Ravnica Allegiance,256,normal,common,3,43609,d88b90fa-a7f1-4739-a507-d22dede9384f,0.1,false,false,near_mint,de,CHF,2026-06-22T16:12:15.070Z
Yoris Karten,binder,Power Depot,MH2,Modern Horizons 2,251,normal,uncommon,1,59385,032eba04-0a63-4823-85e1-64861330a8d7,0.35,false,false,near_mint,de,CHF,2026-06-22T16:12:15.068Z
Yoris Karten,binder,Crawling Barrens,FDN,Foundations,685,normal,rare,1,100979,ac2aff0e-1319-4d3b-903c-fa1ce3db7602,0.12,false,false,near_mint,de,CHF,2026-06-22T16:12:15.054Z
Yoris Karten,binder,Warped Landscape,C18,Commander 2018,291,normal,common,1,552,3d313741-af67-47fd-9beb-8abc7d554715,0.2,false,false,near_mint,de,CHF,2026-06-22T16:12:15.051Z
Yoris Karten,binder,Crumbling Vestige,OGW,Oath of the Gatewatch,170,normal,common,3,9212,d491c13c-43e3-4ca3-b888-4edd34dfe14a,0.18,false,false,near_mint,de,CHF,2026-06-22T16:12:15.052Z
Yoris Karten,binder,Sequestered Stash,KLD,Kaladesh,248,normal,uncommon,2,7395,86a17084-bb96-4e81-bff0-005bd44a1fbd,0.13,false,false,near_mint,de,CHF,2026-06-22T16:12:15.057Z
Yoris Karten,binder,Gateway Plaza,RNA,Ravnica Allegiance,247,normal,common,3,43618,3433a2c2-d252-4cd8-97e8-389875b2cda0,0.25,false,false,near_mint,de,CHF,2026-06-22T16:12:15.069Z
Yoris Karten,binder,Azorius Guildgate,RNA,Ravnica Allegiance,243,normal,common,7,43622,93cf5412-c711-41b4-ab3b-7788a0a22228,0.1,false,false,near_mint,de,CHF,2026-06-22T16:12:15.078Z
Yoris Karten,binder,Azorius Guildgate,RNA,Ravnica Allegiance,244,normal,common,7,43621,e52013ba-9b17-497b-a844-1e7eb5607019,0.13,false,false,near_mint,de,CHF,2026-06-22T16:12:15.079Z
Yoris Karten,binder,Bloodfell Caves,M21,Core Set 2021,243,normal,common,4,50827,5d89a0e2-1163-4a11-b0df-deef2e6c8108,0.14,false,false,near_mint,de,CHF,2026-06-22T16:12:15.109Z
Yoris Karten,binder,Wind-Scarred Crag,M21,Core Set 2021,259,normal,common,4,50814,56d7428b-25a7-4185-8c3e-69017bd1ba6d,0.09,false,false,near_mint,de,CHF,2026-06-22T16:12:15.116Z
Yoris Karten,binder,Wind-Scarred Crag,CMR,Commander Legends,502,normal,common,2,56139,9bf1fd55-9e9f-49c2-bf4f-439a18f7f36a,0.14,false,false,near_mint,de,CHF,2026-06-22T16:12:15.118Z
Yoris Karten,binder,Tranquil Cove,C19,Commander 2019,284,normal,common,3,45650,36c70a1d-c129-4c97-a190-6b3eaa83d48c,0.11,false,false,near_mint,de,CHF,2026-06-22T16:12:15.123Z
Yoris Karten,binder,Tranquil Cove,KHC,Kaldheim Commander,119,normal,common,9,57260,be3a2d81-adda-49f7-980f-64bd567f89b6,0.23,false,false,near_mint,de,CHF,2026-06-22T16:12:15.125Z
Yoris Karten,binder,Argothian Opportunist,BRO,The Brothers' War,167,normal,common,1,75718,b22586ce-efcc-4b20-83f9-c23b8eeaa88c,0.1,false,false,near_mint,de,CHF,2026-06-22T16:25:00.502Z
Yoris Karten,binder,Inexorable Blob,SOI,Shadows over Innistrad,212,normal,rare,1,8784,0210ff44-19d9-4d24-9d32-f1f9f219d9e0,0.23,false,false,near_mint,de,CHF,2026-06-22T16:25:00.500Z
Yoris Karten,binder,Wary Okapi,GRN,Guilds of Ravnica,149,normal,common,1,334,54f26697-0d4b-4af4-a644-3d0ae13f1d2e,0.03,false,false,near_mint,de,CHF,2026-06-22T16:25:00.499Z
Yoris Karten,binder,Glowstone Recluse,IKO,Ikoria: Lair of Behemoths,296,normal,uncommon,1,49781,980dcb8f-fc04-49d2-9859-830ca3d12af6,0.29,false,false,near_mint,de,CHF,2026-06-22T16:25:00.498Z
Yoris Karten,binder,Setessan Petitioner,THB,Theros Beyond Death,199,normal,uncommon,1,46863,384495c2-238b-4f8d-89c2-e05b64f9dde0,0.1,false,false,near_mint,de,CHF,2026-06-22T16:25:00.497Z
Yoris Karten,binder,Redtooth Genealogist,WOE,Wilds of Eldraine,179,normal,common,1,85600,99c81440-66eb-4443-a83f-e2f15cb68a3e,0.07,false,false,near_mint,de,CHF,2026-06-22T16:25:00.494Z
Yoris Karten,binder,Bloodbriar,2XM,Double Masters,154,normal,common,1,51858,3a9281d7-9c11-4dc8-9035-902fa3a69ebf,0.22,false,false,near_mint,de,CHF,2026-06-22T16:25:00.493Z
Yoris Karten,binder,Fierce Witchstalker,ELD,Throne of Eldraine,154,normal,common,2,46184,d63a6be2-ae9a-4758-9d5c-0297ef9af57c,0.12,false,false,near_mint,de,CHF,2026-06-22T16:25:00.492Z
Yoris Karten,binder,Tel-Jilad Wolf,DST,Darksteel,88,normal,common,1,29573,ac40a1c6-88df-4f01-aa59-4ef3c6b57e75,0.06,false,false,near_mint,de,CHF,2026-06-22T16:25:00.491Z
Yoris Karten,binder,Hyrax Tower Scout,THB,Theros Beyond Death,173,normal,common,1,46889,bb7f2638-d757-4df6-90b0-b616534dd3a0,0.2,false,false,near_mint,de,CHF,2026-06-22T16:25:00.490Z
Yoris Karten,binder,Murasa Sproutling,ZNR,Zendikar Rising,196,normal,uncommon,1,54821,f53472b7-53da-4833-b7f9-204706dfb721,0.04,false,false,near_mint,de,CHF,2026-06-22T16:25:00.487Z
Yoris Karten,binder,Dragon-Scarred Bear,DTK,Dragons of Tarkir,183,normal,common,1,11631,689a6390-894a-4d31-87c2-f9cec3b187a7,0.24,false,false,near_mint,de,CHF,2026-06-22T16:25:00.484Z
Yoris Karten,binder,"Erinis, Gloom Stalker",CLB,Commander Legends: Battle for Baldur's Gate,230,normal,uncommon,1,69247,b6a7d041-957a-4b19-9517-214689dadd45,0.14,false,false,near_mint,de,CHF,2026-06-22T16:25:00.483Z
Yoris Karten,binder,Pradesh Gypsies,6ED,Classic Sixth Edition,244,normal,common,1,35133,a4c9b18c-4993-4ce1-b2bd-ab14c9f3aad7,,false,false,near_mint,de,CHF,2026-06-22T16:25:00.482Z
Yoris Karten,binder,Territorial Scythecat,ZNR,Zendikar Rising,213,normal,common,1,54568,5e0f725c-8d1f-47ff-ad81-a5007199a5e2,0.19,false,false,near_mint,de,CHF,2026-06-22T16:25:00.480Z
Yoris Karten,binder,Setessan Oathsworn,BNG,Born of the Gods,138,normal,common,2,14822,e5579755-4718-406a-bba6-27f1f2811e59,0.17,false,false,near_mint,de,CHF,2026-06-22T16:25:00.478Z
Yoris Karten,binder,Wood Elves,CMA,Commander Anthology,170,normal,common,1,5116,77f95da2-cbc4-4430-adb7-75f4c469d98e,0.39,false,false,near_mint,de,CHF,2026-06-22T16:25:00.476Z
Yoris Karten,binder,Maraleaf Rider,ELD,Throne of Eldraine,166,normal,common,3,46172,1b2b198d-493c-4d6c-bfb6-e842728522f6,0.16,false,false,near_mint,de,CHF,2026-06-22T16:25:00.470Z
Yoris Karten,binder,Devkarin Dissident,GRN,Guilds of Ravnica,127,normal,common,2,356,490cd287-5f09-442f-9150-4a6ac2cf3e2e,0.04,false,false,near_mint,de,CHF,2026-06-22T16:25:00.469Z
Yoris Karten,binder,Glade Watcher,DTK,Dragons of Tarkir,188,normal,common,2,11626,02c9c6d9-e715-4b70-a10e-8bc5a4e9e938,0.08,false,false,near_mint,de,CHF,2026-06-22T16:25:00.467Z
Yoris Karten,binder,Archers' Parapet,KTK,Khans of Tarkir,128,normal,common,2,13270,64ac0667-8ecc-4034-89bb-dce0af531014,0.06,false,false,near_mint,de,CHF,2026-06-22T16:25:00.466Z
Yoris Karten,binder,Naga Vitalist,AKH,Amonkhet,176,normal,common,1,5509,ce9a8551-8788-47ea-b774-477f0f3ff22a,0.12,false,false,near_mint,de,CHF,2026-06-22T16:25:00.448Z
Yoris Karten,binder,Darkthicket Wolf,ISD,Innistrad,175,normal,common,1,18723,fec37c5a-8223-441c-a8a6-8da1a2dfc3fb,0.06,false,false,near_mint,de,CHF,2026-06-22T16:25:00.437Z
Yoris Karten,binder,Territorial Witchstalker,WOE,Wilds of Eldraine,189,normal,common,1,85300,2515d53d-7a50-4da3-980d-91d91fea2020,0.04,false,false,near_mint,de,CHF,2026-06-22T16:25:00.436Z
Yoris Karten,binder,Troublemaker Ouphe,WOE,Wilds of Eldraine,194,normal,common,1,85518,7f7b2fc0-d3f6-4c4d-a163-986a372e5b12,0.2,false,false,near_mint,de,CHF,2026-06-22T16:25:00.435Z
Yoris Karten,binder,Loam Larva,OGW,Oath of the Gatewatch,135,normal,common,1,9247,affa9314-0021-445e-9496-349254b16bf8,0.07,false,false,near_mint,de,CHF,2026-06-22T16:25:00.434Z
Yoris Karten,binder,Bitterblade Warrior,AKH,Amonkhet,157,normal,common,1,5528,dd54edbb-c35d-4f7f-b5ce-d39b0f766ab8,0.05,false,false,near_mint,de,CHF,2026-06-22T16:25:00.433Z
Yoris Karten,binder,Garenbrig Squire,ELD,Throne of Eldraine,158,normal,common,1,46180,74237cce-2ca2-4bfd-a846-c7309621a85f,0.04,false,false,near_mint,de,CHF,2026-06-22T16:25:00.432Z
Yoris Karten,binder,Kazandu Nectarpot,ZNR,Zendikar Rising,190,normal,common,1,54624,7c9d3f4a-ef83-454e-b8a1-1fc5d5f44be8,0.2,false,false,near_mint,de,CHF,2026-06-22T16:25:00.431Z
Yoris Karten,binder,Territorial Boar,CLU,Ravnica: Clue Edition,175,normal,common,1,90904,5c8e201d-b182-47fc-830e-a2d0345a5e98,0.04,false,false,near_mint,de,CHF,2026-06-22T16:25:00.430Z
Yoris Karten,binder,Kraul Harpooner,CLU,Ravnica: Clue Edition,167,normal,uncommon,1,91279,eab7414e-9e36-4420-a50a-61cb8061f349,0.16,false,false,near_mint,de,CHF,2026-06-22T16:25:00.429Z
Yoris Karten,binder,Curious Pair // Treats to Share,ELD,Throne of Eldraine,150,normal,common,1,46188,7f78a570-d776-42f2-a609-6da0156c8de7,0.19,false,false,near_mint,de,CHF,2026-06-22T16:25:00.428Z
Yoris Karten,binder,Essence Symbiote,IKO,Ikoria: Lair of Behemoths,149,normal,common,1,49928,8d09ddf0-91f0-4e76-809f-c39ca7418ed5,0.15,false,false,near_mint,de,CHF,2026-06-22T16:25:00.426Z
Yoris Karten,binder,Nessian Wanderer,CMM,Commander Masters,905,normal,uncommon,1,84105,1a4789a2-f201-4b05-954d-527d169de091,0.13,false,false,near_mint,de,CHF,2026-06-22T16:25:00.424Z
Yoris Karten,binder,Kazandu Nectarpot,ZNR,Zendikar Rising,306,normal,common,1,54616,796b5899-97e5-4682-aac8-51378f0c904e,0.12,false,false,near_mint,de,CHF,2026-06-22T16:25:00.422Z
Yoris Karten,binder,Initiate's Companion,AKH,Amonkhet,174,normal,common,1,5511,0046b802-bc71-44af-8925-666684d5fc87,0.14,false,false,near_mint,de,CHF,2026-06-22T16:25:00.420Z
Yoris Karten,binder,Vine Gecko,ZNR,Zendikar Rising,219,normal,uncommon,1,54617,7a6f9984-dec7-4a1f-91d6-1e85b5df5e4c,0.06,false,false,near_mint,de,CHF,2026-06-22T16:25:00.419Z
Yoris Karten,binder,Moldgraf Scavenger,SOI,Shadows over Innistrad,218,normal,common,1,8778,76755763-7c02-451f-b799-2106a3a4973b,0.03,false,false,near_mint,de,CHF,2026-06-22T16:25:00.417Z
Yoris Karten,binder,Temur Charger,KTK,Khans of Tarkir,153,normal,uncommon,1,13245,f77258fc-8683-4656-84a3-4df4ea2a8435,0.18,false,false,near_mint,de,CHF,2026-06-22T16:25:00.416Z
Yoris Karten,binder,Timberpack Wolf,A25,Masters 25,190,normal,common,1,2526,5f3d1b54-ceef-425d-a349-80a49ac5d879,0.12,false,false,near_mint,de,CHF,2026-06-22T16:25:00.415Z
Yoris Karten,binder,Matsu-Tribe Sniper,BOK,Betrayers of Kamigawa,136,normal,common,1,28573,143af295-040d-400e-ae23-59abd2f88e11,0.11,false,false,near_mint,de,CHF,2026-06-22T16:25:00.413Z
Yoris Karten,binder,Destiny Spinner,WOC,Wilds of Eldraine Commander,123,normal,uncommon,1,85735,cfcde60c-7dbf-41e1-98c5-7be993913a84,1.69,false,false,near_mint,de,CHF,2026-06-22T16:25:00.412Z
Yoris Karten,binder,Orochi Ranger,CHK,Champions of Kamigawa,235,normal,common,1,28990,e8dc216f-4447-4370-b31a-18304507669b,0.07,false,false,near_mint,de,CHF,2026-06-22T16:25:00.411Z
Yoris Karten,binder,Nessian Hornbeetle,FDN,Foundations,229,normal,uncommon,1,100395,3d4d93de-85c6-4653-8ddd-d8bf21516d44,0.14,false,false,near_mint,de,CHF,2026-06-22T16:25:00.410Z
Yoris Karten,binder,Elvish Vanguard,DDU,Duel Decks: Elves vs. Inventors,8,normal,common,1,2459,838a8d40-5268-467e-8d14-d9fd72253df6,0.54,false,false,near_mint,de,CHF,2026-06-22T16:25:00.409Z
Yoris Karten,binder,Sauroform Hybrid,CLU,Ravnica: Clue Edition,173,normal,common,1,91343,ff22e36c-079e-4cd4-bf74-ff053b24db71,0.06,false,false,near_mint,de,CHF,2026-06-22T16:25:00.406Z
Yoris Karten,binder,Boneyard Wurm,UMA,Ultimate Masters,159,normal,uncommon,1,43352,605038e9-2840-4c2d-bd7a-1004ae210e2a,0.23,false,false,near_mint,de,CHF,2026-06-22T16:25:00.405Z
Yoris Karten,binder,Sylvan Ranger,WOC,Wilds of Eldraine Commander,134,normal,common,1,85763,db9edf66-4a30-4d82-9c46-505ed9b8a3f7,0.26,false,false,near_mint,de,CHF,2026-06-22T16:25:00.404Z
Yoris Karten,binder,Spore Frog,BLC,Bloomburrow Commander,238,normal,common,2,96237,3164ebb4-269a-4be6-a535-a112303f9fe8,0.31,false,false,near_mint,de,CHF,2026-06-22T16:25:00.398Z
Yoris Karten,binder,Satyr Wayfinder,EOC,Edge of Eternities Commander,106,normal,common,1,107087,8bbbe65d-7162-42fb-94ee-d835d6c3f02a,0.19,false,false,near_mint,de,CHF,2026-06-22T16:25:00.386Z
Yoris Karten,binder,Oashra Cultivator,AKH,Amonkhet,177,normal,common,1,5508,3d10be36-8e57-4b08-bc3b-e69769e0908a,0.07,false,false,near_mint,de,CHF,2026-06-22T16:25:00.385Z
Yoris Karten,binder,Kin-Tree Warden,KTK,Khans of Tarkir,139,normal,common,1,13259,dfddafbc-590b-4610-894a-b91335a60528,0.02,false,false,near_mint,de,CHF,2026-06-22T16:25:00.383Z
Yoris Karten,binder,Nafs Asp,4ED,Fourth Edition,264,normal,common,1,39923,0db4a4ef-20a8-415f-8d7d-a6740b482f73,0.06,false,false,near_mint,de,CHF,2026-06-22T16:25:00.382Z
Yoris Karten,binder,Ixalli's Lorekeeper,LCI,The Lost Caverns of Ixalan,194,normal,uncommon,1,88475,4bc94ded-458d-4458-9c0b-136d825b885d,0.25,false,false,near_mint,de,CHF,2026-06-22T16:25:00.381Z
Yoris Karten,binder,Granger Guildmage,MIR,Mirage,220,normal,common,1,38370,3f495b27-3eed-4962-b69a-b86f9fc6a9a7,0.1,false,false,near_mint,de,CHF,2026-06-22T16:25:00.380Z
Yoris Karten,binder,Chainweb Aracnir,THB,Theros Beyond Death,167,normal,uncommon,1,46895,874afaad-546a-4cb2-ad01-2b4a4862b219,0.16,false,false,near_mint,de,CHF,2026-06-22T16:25:00.379Z
Yoris Karten,binder,Taunting Elf,UDS,Urza's Destiny,122,normal,common,1,34723,85bfa6b9-c898-4bb6-a444-6cf336bfb260,0.26,false,false,near_mint,de,CHF,2026-06-22T16:25:00.378Z
Yoris Karten,binder,Healer of the Glade,M20,Core Set 2020,176,normal,common,1,45285,cbe262f2-e35b-4c85-938d-3e9e9c764c1b,0.15,false,false,near_mint,de,CHF,2026-06-22T16:25:00.376Z
Yoris Karten,binder,Elvish Skysweeper,CMA,Commander Anthology,104,normal,common,1,5182,a26c340e-ccfb-4e91-ab10-a8b7714a9089,0.23,false,false,near_mint,de,CHF,2026-06-22T16:25:00.372Z
Yoris Karten,binder,Dauntless Survivor,ZNR,Zendikar Rising,184,normal,common,1,54548,52b1b4a2-52a7-4fcd-aa96-f7d9e459657b,0.1,false,false,near_mint,de,CHF,2026-06-22T16:25:00.370Z
Yoris Karten,binder,Pollenbright Druid,SLD,Secret Lair Drop,776,foil,rare,1,96543,422e29a7-caf4-4d78-813d-10b6d83802d3,0.79,false,false,near_mint,de,CHF,2026-06-22T16:25:00.368Z
Yoris Karten,binder,Bestial Bloodline,WOE,Wilds of Eldraine,162,normal,common,1,85402,55b9b8e5-1ed8-4be0-aad5-041a599c6841,0.09,false,false,near_mint,de,CHF,2026-06-22T16:25:00.366Z
Yoris Karten,binder,Skullwinder,OTC,Outlaws of Thunder Junction Commander,207,normal,uncommon,1,93911,e820c022-c3a8-4c98-a60b-1fb105d38937,0.23,false,false,near_mint,de,CHF,2026-06-22T16:25:00.364Z
Yoris Karten,binder,Skyclave Pick-Axe,ZNR,Zendikar Rising,204,normal,uncommon,2,54662,9965a54b-8b22-418c-9a0d-bf154932f2e2,0.1,false,false,near_mint,de,CHF,2026-06-22T16:25:00.363Z
Yoris Karten,binder,Jukai Messenger,CHK,Champions of Kamigawa,218,normal,common,1,29007,56e1967e-5bc5-47e7-9998-7fcfdffc3bb1,0.07,false,false,near_mint,de,CHF,2026-06-22T16:25:00.362Z
Yoris Karten,binder,Lucky Clover,ELD,Throne of Eldraine,226,normal,uncommon,2,46112,4b5d23a6-3a23-4169-aea1-f10bf5153180,0.26,false,false,near_mint,de,CHF,2026-06-22T16:25:00.359Z
Yoris Karten,binder,Relic Amulet,ZNR,Zendikar Rising,247,normal,uncommon,5,54432,0ab97a84-fe8c-4986-afd8-3abdcc029f7f,0.06,false,false,near_mint,de,CHF,2026-06-22T16:25:00.358Z
Yoris Karten,binder,Mutant's Prey,DGM,Dragon's Maze,45,normal,common,1,16420,d9e32d47-2796-4eac-b373-a93506d8d6b7,0.09,false,false,near_mint,de,CHF,2026-06-22T16:25:00.356Z
Yoris Karten,binder,Giant Growth,DKM,Deckmasters,27,normal,common,1,31795,aa028813-82dc-4121-b105-d7d5e926f68f,0.2,false,false,near_mint,de,CHF,2026-06-22T16:25:00.355Z
Yoris Karten,binder,Survivors' Bond,IKO,Ikoria: Lair of Behemoths,172,normal,common,1,49905,530ff2a1-6447-4653-a661-d9a39156d6fa,0.13,false,false,near_mint,de,CHF,2026-06-22T16:25:00.353Z
Yoris Karten,binder,Phytoburst,DGM,Dragon's Maze,46,normal,common,1,16419,7507afc4-f504-4eb2-a86d-f99bc2860838,0.08,false,false,near_mint,de,CHF,2026-06-22T16:25:00.352Z
Yoris Karten,binder,Growth Cycle,M20,Core Set 2020,175,normal,common,1,45286,1e619121-f2e8-4da5-8652-a2b5dae2e55c,0.03,false,false,near_mint,de,CHF,2026-06-22T16:25:00.351Z
Yoris Karten,binder,Monstrous Step,IKO,Ikoria: Lair of Behemoths,166,normal,uncommon,1,49911,893f300b-a823-4156-90f2-0636e9f499b0,0.07,false,false,near_mint,de,CHF,2026-06-22T16:25:00.349Z
Yoris Karten,binder,Rosethorn Halberd,ELD,Throne of Eldraine,175,normal,common,3,46163,d4a66e33-af5c-42b5-bef6-0ff0197ecc14,0.06,false,false,near_mint,de,CHF,2026-06-22T16:25:00.343Z
Yoris Karten,binder,Confront the Unknown,SOI,Shadows over Innistrad,198,normal,common,4,8798,c59557c3-aba2-4f80-8f37-accb7b991cb9,0.07,false,false,near_mint,de,CHF,2026-06-22T16:25:00.338Z
Yoris Karten,binder,Shed Weakness,UMA,Ultimate Masters,181,normal,common,3,43333,467d9e99-5624-44ac-ab33-c4ebb338e6bf,0.06,false,false,near_mint,de,CHF,2026-06-22T16:25:00.332Z
Yoris Karten,binder,Vastwood Fortification // Vastwood Thicket,ZNR,Zendikar Rising,216,normal,uncommon,2,54521,3a7fd24e-84d8-405d-86e4-0571a9e23cc2,0.19,false,false,near_mint,de,CHF,2026-06-22T16:25:00.334Z
Yoris Karten,binder,Stony Strength,RNA,Ravnica Allegiance,143,normal,common,3,43722,8bbab274-69dd-44a9-9310-a15779c35cad,0.08,false,false,near_mint,de,CHF,2026-06-22T16:25:00.335Z
Yoris Karten,binder,Aspect of Hydra,BNG,Born of the Gods,117,normal,common,3,14843,19353629-07be-47e2-a7d5-3a5e5e1120c8,0.23,false,false,near_mint,de,CHF,2026-06-22T16:25:00.337Z
Yoris Karten,binder,Heir of the Wilds,KTK,Khans of Tarkir,134,normal,uncommon,2,13264,0995e041-fe90-4459-8c70-fd9851ecf830,0.2,false,false,near_mint,de,CHF,2026-06-22T16:25:00.361Z
Yoris Karten,binder,Elvish Mystic,CMM,Commander Masters,284,normal,common,3,84500,75918859-c93f-41b4-9ad0-a4a96c389f0d,0.71,false,false,near_mint,de,CHF,2026-06-22T16:25:00.367Z
Yoris Karten,binder,Jungle Delver,XLN,Ixalan,195,normal,common,2,3817,be0e3547-d8cb-4b68-a396-8c8fbc3b2b1c,0.06,false,false,near_mint,de,CHF,2026-06-22T16:25:00.373Z
Yoris Karten,binder,Loam Dryad,SOI,Shadows over Innistrad,216,normal,common,2,8780,61c9441d-18d9-4ec6-859e-e9a7893b54e3,0.06,false,false,near_mint,de,CHF,2026-06-22T16:25:00.387Z
Yoris Karten,binder,Moss Viper,THB,Theros Beyond Death,179,normal,common,2,46883,a4d35ec4-0e0d-4611-8ad9-39d2c8a2ad6e,0.19,false,false,near_mint,de,CHF,2026-06-22T16:25:00.393Z
Yoris Karten,binder,Kronch Wrangler,CLU,Ravnica: Clue Edition,169,normal,common,3,90926,6536320d-79c3-4406-96eb-b44a9f4a0686,0.06,false,false,near_mint,de,CHF,2026-06-22T16:25:00.407Z
Yoris Karten,binder,Deeproot Warrior,XLN,Ixalan,186,normal,common,2,3826,7c1a1963-ec46-4ed3-9be1-e4cc09687922,0.04,false,false,near_mint,de,CHF,2026-06-22T16:25:00.408Z
Yoris Karten,binder,Setessan Skirmisher,THB,Theros Beyond Death,200,normal,common,2,46862,46739993-6afe-428d-bf63-b57649e38a65,0.05,false,false,near_mint,de,CHF,2026-06-22T16:25:00.423Z
Yoris Karten,binder,Hinterland Logger // Timber Shredder,INR,Innistrad Remastered,203,normal,common,2,102483,34898af1-ebe6-4ede-81be-23fd62844480,0.06,false,false,near_mint,de,CHF,2026-06-22T16:25:00.438Z
Yoris Karten,binder,Whisperer of the Wilds,2XM,Double Masters,187,normal,common,2,52110,2cf17d8a-c7ee-4909-bc80-4138dcfe7e67,0.2,false,false,near_mint,de,CHF,2026-06-22T16:25:00.444Z
Yoris Karten,binder,Carapace Forger,SOM,Scars of Mirrodin,114,normal,common,2,20918,e9948e4c-d583-4fde-a305-df926cf00199,0.12,false,false,near_mint,de,CHF,2026-06-22T16:25:00.446Z
Yoris Karten,binder,Highland Game,M19,Core Set 2019,188,normal,common,2,1124,4ec59964-42c1-4c29-8c60-37b7f376c347,0.02,false,false,near_mint,de,CHF,2026-06-22T16:25:00.452Z
Yoris Karten,binder,Smoke Teller,KTK,Khans of Tarkir,151,normal,common,2,13247,1916a2d9-4747-4118-b1b2-7a5ce492e3fc,0.02,false,false,near_mint,de,CHF,2026-06-22T16:25:00.462Z
Yoris Karten,binder,Skola Grovedancer,DSC,Duskmourn: House of Horror Commander,199,normal,common,2,99351,ce7753e0-2838-49c2-acd0-80b534f43bad,0.17,false,false,near_mint,de,CHF,2026-06-22T16:25:00.464Z
Yoris Karten,binder,Farhaven Elf,KHC,Kaldheim Commander,62,normal,common,2,57205,320d0a4c-c556-4468-b934-bfdf17961a53,0.16,false,false,near_mint,de,CHF,2026-06-22T16:25:00.471Z
Yoris Karten,binder,Advocate of the Beast,M14,Magic 2014,164,normal,common,2,15887,b1320400-5aa8-48d6-be84-197b4559456f,0.07,false,false,near_mint,de,CHF,2026-06-22T16:25:00.473Z
Yoris Karten,binder,Taunting Arbormage,ZNR,Zendikar Rising,212,normal,uncommon,3,54750,ca6f8996-bf72-4e55-944f-5b8202b6068c,0.03,false,false,near_mint,de,CHF,2026-06-22T16:25:00.488Z
Yoris Karten,binder,Vine Kami,CHK,Champions of Kamigawa,249,normal,common,3,28976,fa5241c8-7f50-413e-9ac0-9ab0ad5c884c,0.07,false,false,near_mint,de,CHF,2026-06-22T16:36:59.064Z
Yoris Karten,binder,Hamlet Glutton,WOE,Wilds of Eldraine,173,normal,common,1,85623,a4ec5544-c138-44bb-a807-5798313c9a50,0.04,false,false,near_mint,de,CHF,2026-06-22T16:36:59.063Z
Yoris Karten,binder,Arashin War Beast,FRF,Fate Reforged,123,normal,uncommon,1,12003,66aed11a-0831-4619-931f-7dfded999c66,0.05,false,false,near_mint,de,CHF,2026-06-22T16:36:59.062Z
Yoris Karten,binder,Greater Sandwurm,IKO,Ikoria: Lair of Behemoths,157,normal,common,2,49920,d90c5650-7eb2-480a-856e-a04406096830,0.2,false,false,near_mint,de,CHF,2026-06-22T16:36:59.061Z
Yoris Karten,binder,Beanstalk Giant // Fertile Footsteps,ELD,Throne of Eldraine,295,normal,uncommon,2,46012,49875f7a-31b9-4276-b971-8ead1e18fc81,0.27,false,false,near_mint,de,CHF,2026-06-22T16:36:59.060Z
Yoris Karten,binder,Sandsteppe Mastodon,FRF,Fate Reforged,137,normal,rare,1,11989,76ae01fb-12fa-444d-9d49-bfe195c2a5a6,0.1,false,false,near_mint,de,CHF,2026-06-22T16:36:59.059Z
Yoris Karten,binder,Honey Mammoth,IKO,Ikoria: Lair of Behemoths,158,normal,common,3,49919,84b9bee2-b973-4de7-b72d-7f36f8e8153c,0.1,false,false,near_mint,de,CHF,2026-06-22T16:36:59.057Z
Yoris Karten,binder,Kazandu Stomper,ZNR,Zendikar Rising,191,normal,common,3,54698,afdfe5aa-8b15-4a89-a22a-03baf6afa4e7,0.03,false,false,near_mint,de,CHF,2026-06-22T16:36:59.053Z
Yoris Karten,binder,Pheres-Band Brawler,THB,Theros Beyond Death,193,normal,uncommon,3,46869,10ac20a9-6b10-4165-ad81-a47587b64d1e,0.04,false,false,near_mint,de,CHF,2026-06-22T16:36:59.047Z
Yoris Karten,binder,Veteran Adventurer,ZNR,Zendikar Rising,218,normal,uncommon,1,54790,e524ddf0-9a2f-4c1c-ae72-4b5b48f55645,0.1,false,false,near_mint,de,CHF,2026-06-22T16:36:59.042Z
Yoris Karten,binder,Kessig Dire Swine,SOI,Shadows over Innistrad,214,normal,common,1,8782,9235ac46-dac9-46e6-9c7f-a69caaee1a2e,0.06,false,false,near_mint,de,CHF,2026-06-22T16:36:59.040Z
Yoris Karten,binder,Foxfire Oak,SHM,Shadowmoor,115,normal,common,1,24751,46e23eae-7630-40db-b265-2fa00715878e,0.13,false,false,near_mint,de,CHF,2026-06-22T16:36:59.039Z
Yoris Karten,binder,Ambush Krotiq,FRF,Fate Reforged,122,normal,common,1,12004,fd3068c6-d403-46d5-b3d7-1c3b00b9a9b1,0.02,false,false,near_mint,de,CHF,2026-06-22T16:36:59.038Z
Yoris Karten,binder,Yavimaya Wurm,BTD,Beatdown Box Set,66,normal,common,1,33357,25e6de28-d1f1-4225-a0e3-181992d1a614,0.29,false,false,near_mint,de,CHF,2026-06-22T16:36:59.036Z
Yoris Karten,binder,Primordial Wurm,WAR,War of the Spark,174,normal,common,1,44230,fc0e8298-adac-4922-8824-a1fafa089f72,0.04,false,false,near_mint,de,CHF,2026-06-22T16:36:59.032Z
Yoris Karten,binder,Tusked Colossodon,KTK,Khans of Tarkir,155,normal,common,1,13243,2d511407-0c1e-4342-a578-ca557c6886fd,0.1,false,false,near_mint,de,CHF,2026-06-22T16:36:59.030Z
Yoris Karten,binder,Excavating Anurid,MH1,Modern Horizons,163,normal,common,6,44771,d353d315-5790-417d-adf5-270df1ff34b0,0.19,false,false,near_mint,de,CHF,2026-06-22T16:36:59.029Z
Yoris Karten,binder,Mammoth Spider,RNA,Ravnica Allegiance,132,normal,common,1,43733,9a684871-ff6e-4474-82da-30757c324c73,0.13,false,false,near_mint,de,CHF,2026-06-22T16:36:59.026Z
Yoris Karten,binder,Webweaver Changeling,2X2,Double Masters 2022,164,normal,common,3,70236,576807eb-47fa-4f08-8982-1c0b3526fdd2,0.22,false,false,near_mint,de,CHF,2026-06-22T16:36:59.024Z
Yoris Karten,binder,Kraul Foragers,GRN,Guilds of Ravnica,135,normal,common,2,348,b5ed4b08-8583-4ad4-b0ba-0463d367efc8,0.13,false,false,near_mint,de,CHF,2026-06-22T16:36:59.022Z
Yoris Karten,binder,Watcher in the Web,SOI,Shadows over Innistrad,239,normal,common,1,8757,be1ee2d4-5992-4081-9907-4bc26750aff0,0.24,false,false,near_mint,de,CHF,2026-06-22T16:36:59.021Z
Yoris Karten,binder,Charging Rhino,BBD,Battlebond,192,normal,common,1,1801,f12724b4-3c73-4b16-b5f8-482dc3f56a3c,0.04,false,false,near_mint,de,CHF,2026-06-22T16:36:59.018Z
Yoris Karten,binder,Greater Basilisk,IMA,Iconic Masters,165,normal,common,1,3460,886e40d7-5677-493d-9ea4-205f50d2aefe,0.12,false,false,near_mint,de,CHF,2026-06-22T16:36:59.017Z
Yoris Karten,binder,Venerable Kumo,CHK,Champions of Kamigawa,248,normal,common,1,28977,308566ed-18cc-4e3b-b5ab-d5b17795f2f1,0.07,false,false,near_mint,de,CHF,2026-06-22T16:36:59.013Z
Yoris Karten,binder,Auspicious Starrix,IKO,Ikoria: Lair of Behemoths,144,normal,uncommon,1,49933,a39ae1e4-d4dd-4691-af5a-5fa25ace4ebe,0.22,false,false,near_mint,de,CHF,2026-06-22T16:36:59.012Z
Yoris Karten,binder,Sagu Archer,KTK,Khans of Tarkir,146,normal,common,1,13252,3a26baca-467e-4d94-873e-f266bebd5fd8,0.02,false,false,near_mint,de,CHF,2026-06-22T16:36:59.011Z
Yoris Karten,binder,Springmantle Cleric,ZNR,Zendikar Rising,205,normal,uncommon,1,54640,8d822730-6d81-4dbc-a3c3-ce96d29a1078,0.05,false,false,near_mint,de,CHF,2026-06-22T16:36:59.009Z
Yoris Karten,binder,Spike Colony,BRB,Battle Royale Box Set,77,normal,common,1,33983,0a6156cc-9dde-4590-bc8b-adfd470cddce,,false,false,near_mint,de,CHF,2026-06-22T16:36:59.006Z
Yoris Karten,binder,Gobbling Ooze,RTR,Return to Ravnica,126,normal,uncommon,3,17296,465d8a63-0ced-4aec-be34-2098b72c8af6,0.1,false,false,near_mint,de,CHF,2026-06-22T16:36:59.003Z
Yoris Karten,binder,Nessian Game Warden,JOU,Journey into Nyx,132,normal,uncommon,1,14517,5099d18d-c8b5-4706-bc93-40d1bb12988d,0.05,false,false,near_mint,de,CHF,2026-06-22T16:36:59.002Z
Yoris Karten,binder,Jaddi Lifestrider,DDR,Duel Decks: Nissa vs. Ob Nixilis,12,normal,uncommon,2,7851,2dff438a-925c-4fca-a2e3-3e9519b7afed,0.09,false,false,near_mint,de,CHF,2026-06-22T16:36:59.001Z
Yoris Karten,binder,Acidic Slime,M3C,Modern Horizons 3 Commander,218,normal,uncommon,1,94980,7dfeb1d1-7b2d-4235-902f-22a62af5dc0f,0.28,false,false,near_mint,de,CHF,2026-06-22T16:36:59.000Z
Yoris Karten,binder,Thornhide Wolves,M19,Core Set 2019,204,normal,common,1,1108,fc0f3812-bb6c-4d99-b505-9dfd84e3fd95,0.08,false,false,near_mint,de,CHF,2026-06-22T16:36:58.998Z
Yoris Karten,binder,Setessan Starbreaker,BNG,Born of the Gods,139,normal,common,7,14821,03af8b3b-a897-43e2-a87d-833da93edc41,0.02,false,false,near_mint,de,CHF,2026-06-22T16:36:58.997Z
Yoris Karten,binder,Canopy Baloth,ZNR,Zendikar Rising,304,normal,common,1,54765,d52e90d3-d356-4b23-8f5c-a4004b20394c,0.06,false,false,near_mint,de,CHF,2026-06-22T16:36:58.995Z
Yoris Karten,binder,Festerhide Boar,INR,Innistrad Remastered,196,normal,common,2,102736,b401dba6-c26e-45c1-b10a-12116fb1cb4e,0.08,false,false,near_mint,de,CHF,2026-06-22T16:36:58.987Z
Yoris Karten,binder,Saddleback Lagac,BBD,Battlebond,211,normal,common,1,1782,634f9544-5ac3-4566-aa73-65a3930b559b,0.02,false,false,near_mint,de,CHF,2026-06-22T16:36:58.979Z
Yoris Karten,binder,Bristling Boar,IKO,Ikoria: Lair of Behemoths,146,normal,common,1,49931,c3c3243c-e9af-4b7d-8296-f7714436e571,0.09,false,false,near_mint,de,CHF,2026-06-22T16:36:58.978Z
Yoris Karten,binder,Solitary Hunter // One of the Pack,SOI,Shadows over Innistrad,229,normal,common,1,8767,6c200ef1-ea08-48d4-ab50-77940a0e08c3,0.07,false,false,near_mint,de,CHF,2026-06-22T16:36:58.977Z
Yoris Karten,binder,Sultai Flayer,IMA,Iconic Masters,186,normal,uncommon,1,3439,e50d74eb-07df-48b5-8788-8b5f5fc0b22b,0.08,false,false,near_mint,de,CHF,2026-06-22T16:36:58.976Z
Yoris Karten,binder,Garenbrig Carver // Shield's Might,ELD,Throne of Eldraine,156,normal,common,1,46182,194b7a1c-291a-470e-9a40-61b72a46793b,0.19,false,false,near_mint,de,CHF,2026-06-22T16:36:58.974Z
Yoris Karten,binder,Conifer Strider,DTK,Dragons of Tarkir,179,normal,common,1,11635,72f07879-7893-46d9-9239-8d2625355881,0.14,false,false,near_mint,de,CHF,2026-06-22T16:36:58.969Z
Yoris Karten,binder,Lumberknot,INR,Innistrad Remastered,206,normal,uncommon,1,102408,07eae396-ee57-485e-8360-962a1310ca31,0.14,false,false,near_mint,de,CHF,2026-06-22T16:36:58.968Z
Yoris Karten,binder,Ramunap Hydra,HOU,Hour of Devastation,130,normal,rare,1,4545,953f3722-2126-4eb3-a3d8-cff4b0703a9c,0.28,false,false,near_mint,de,CHF,2026-06-22T16:36:58.966Z
Yoris Karten,binder,Golgari Raiders,GRN,Guilds of Ravnica,130,normal,uncommon,1,353,37284ba8-441c-4cf6-95c6-6a0f52e6d36d,0.18,false,false,near_mint,de,CHF,2026-06-22T16:36:58.963Z
Yoris Karten,binder,Bloom Hulk,WAR,War of the Spark,154,normal,common,1,44250,fd1c9129-254d-4d1d-9d95-112292bd6bcc,0.15,false,false,near_mint,de,CHF,2026-06-22T16:36:58.962Z
Yoris Karten,binder,Wildheart Invoker,FDN,Foundations,561,normal,common,1,100581,60f42969-bb5c-4183-8bd3-ba87f008391d,0.1,false,false,near_mint,de,CHF,2026-06-22T16:36:58.961Z
Yoris Karten,binder,Longshot Squad,KTK,Khans of Tarkir,140,normal,common,1,13258,dd9edd62-dc18-4887-a020-4464e31b79c2,0.09,false,false,near_mint,de,CHF,2026-06-22T16:36:58.960Z
Yoris Karten,binder,Soul Swallower,SOI,Shadows over Innistrad,230,normal,rare,1,8766,22fbc045-2c86-4816-8622-db56929ae94d,0.19,false,false,near_mint,de,CHF,2026-06-22T16:36:58.958Z
Yoris Karten,binder,Karametra's Acolyte,THS,Theros,160,normal,uncommon,1,15504,374a1b7c-ce11-4734-aff2-b0bd00857fad,0.37,false,false,near_mint,de,CHF,2026-06-22T16:36:58.957Z
Yoris Karten,binder,Loathsome Chimera,THB,Theros Beyond Death,177,normal,common,3,46885,3afe6283-3642-4883-ac6e-83ae3280af9c,0.05,false,false,near_mint,de,CHF,2026-06-22T16:36:58.945Z
Yoris Karten,binder,Byway Courier,SOI,Shadows over Innistrad,196,normal,common,2,8800,2f243a51-bbd3-4028-a469-469ab5591aae,0.05,false,false,near_mint,de,CHF,2026-06-22T16:36:58.924Z
Yoris Karten,binder,Golgari Brownscale,UMA,Ultimate Masters,166,normal,common,1,43346,e41f3323-f702-46a6-92db-33ec0afd75d2,0.21,false,false,near_mint,de,CHF,2026-06-22T16:36:58.919Z
Yoris Karten,binder,Cystbearer,SOM,Scars of Mirrodin,117,normal,common,1,20915,b6c10302-f0b3-4076-ae5c-a8c8c09a7d41,0.09,false,false,near_mint,de,CHF,2026-06-22T16:36:58.918Z
Yoris Karten,binder,Excavation Mole,IKO,Ikoria: Lair of Behemoths,150,normal,common,1,49927,3a1712dc-8f4c-407f-83ea-3a1c59c437d1,0.08,false,false,near_mint,de,CHF,2026-06-22T16:36:58.917Z
Yoris Karten,binder,Netcaster Spider,OGW,Oath of the Gatewatch,137,normal,common,1,9245,456de8f8-f5dc-44fb-81b1-ca653c32be8e,0.06,false,false,near_mint,de,CHF,2026-06-22T16:36:58.916Z
Yoris Karten,binder,Villagers of Estwald // Howlpack of Estwald,INR,Innistrad Remastered,224,normal,common,1,102480,319b65f6-a6e6-45ea-9837-bc5831f54205,0.06,false,false,near_mint,de,CHF,2026-06-22T16:36:58.915Z
Yoris Karten,binder,Kami of the Hunt,CHK,Champions of Kamigawa,219,normal,common,2,29006,5ace3c4e-3287-4975-b4d0-91f009c0cf5b,0.08,false,false,near_mint,de,CHF,2026-06-22T16:36:58.920Z
Yoris Karten,binder,Frontier Mastodon,FRF,Fate Reforged,130,normal,common,2,11996,46c09fe7-d55f-49b4-95c9-a3bb36baa3aa,0.04,false,false,near_mint,de,CHF,2026-06-22T16:36:58.922Z
Yoris Karten,binder,Hooded Brawler,AKH,Amonkhet,173,normal,common,2,5512,1b4dab03-abf1-4c8f-983e-77dffcfb1578,0.04,false,false,near_mint,de,CHF,2026-06-22T16:36:58.928Z
Yoris Karten,binder,Valeron Wardens,ORI,Magic Origins,203,normal,uncommon,2,10739,e693a7e7-d95e-4cd8-9524-ca5fc517189a,0.15,false,false,near_mint,de,CHF,2026-06-22T16:36:58.931Z
Yoris Karten,binder,Invasive Species,M15,Magic 2015,181,normal,common,2,13671,c1fb5a98-94f4-419f-850b-e3a01f17080f,0.03,false,false,near_mint,de,CHF,2026-06-22T16:36:58.933Z
Yoris Karten,binder,Nyx Herald,THB,Theros Beyond Death,189,normal,uncommon,2,46873,866dcef0-8d3e-4126-963a-05598d8a9e79,0.13,false,false,near_mint,de,CHF,2026-06-22T16:36:58.939Z
Yoris Karten,binder,Citanul Woodreaders,TSR,Time Spiral Remastered,199,normal,common,3,57804,b0cd9af6-3729-4c9c-9669-a2800a693b39,0.1,false,false,near_mint,de,CHF,2026-06-22T16:36:58.941Z
Yoris Karten,binder,Grave Bramble,ISD,Innistrad,184,normal,common,4,18714,8be1d4d2-5215-44b2-9b67-627d088efdb5,0.06,false,false,near_mint,de,CHF,2026-06-22T16:36:58.946Z
Yoris Karten,binder,Intrepid Provisioner,INR,Innistrad Remastered,205,normal,common,2,102854,fb0b9da3-bce8-463c-ab5e-2a2e9030df97,0.03,false,false,near_mint,de,CHF,2026-06-22T16:36:58.955Z
Yoris Karten,binder,Nylea's Huntmaster,THB,Theros Beyond Death,187,normal,common,3,46875,2a4fe89a-0d2b-493f-883e-a1e0b0918340,0.05,false,false,near_mint,de,CHF,2026-06-22T16:36:58.956Z
Yoris Karten,binder,Archers of Qarsi,FRF,Fate Reforged,124,normal,common,2,12002,0fcf0074-162a-4cc0-9726-8672a0261307,0.03,false,false,near_mint,de,CHF,2026-06-22T16:36:58.964Z
Yoris Karten,binder,Voracious Typhon,THB,Theros Beyond Death,203,normal,common,4,46859,efa2bccb-0e01-4629-b9a8-5c0ea26239b3,0.07,false,false,near_mint,de,CHF,2026-06-22T16:36:58.971Z
Yoris Karten,binder,Joraga Visionary,ZNR,Zendikar Rising,188,normal,common,2,54675,a1ea2c17-382a-45e4-ac34-88bf8ba47169,0.09,false,false,near_mint,de,CHF,2026-06-22T16:36:58.981Z
Yoris Karten,binder,Bellowing Elk,MH1,Modern Horizons,157,normal,common,2,44777,cec6cf54-79ff-44e8-af83-786fd72867dd,0.03,false,false,near_mint,de,CHF,2026-06-22T16:36:58.984Z
Yoris Karten,binder,Woodland Sleuth,ISD,Innistrad,210,normal,common,3,18688,3088a924-58c6-4ab7-baf0-842d6688fcec,0.06,false,false,near_mint,de,CHF,2026-06-22T16:36:58.991Z
Yoris Karten,binder,Canopy Baloth,ZNR,Zendikar Rising,182,normal,common,4,54592,6b04160c-89a7-4dcd-b05d-5dc846824d64,0.06,false,false,near_mint,de,CHF,2026-06-22T16:36:58.994Z
Yoris Karten,binder,Conclave Naturalists,2XM,Double Masters,160,normal,common,2,52091,082a5372-b25a-4559-96b8-2d8d54199a38,0.17,false,false,near_mint,de,CHF,2026-06-22T16:36:59.010Z
Yoris Karten,binder,Iridescent Hornbeetle,ZNR,Zendikar Rising,187,normal,uncommon,2,54475,214ef641-b08c-42d0-94a5-3054fa7fcebc,0.21,false,false,near_mint,de,CHF,2026-06-22T16:36:59.014Z
Yoris Karten,binder,Nyxborn Colossus,THB,Theros Beyond Death,191,normal,common,2,46871,8b4f003c-1e99-4e53-ad6d-81ff3c592b2c,0.14,false,false,near_mint,de,CHF,2026-06-22T16:36:59.031Z
Yoris Karten,binder,Tuinvale Treefolk // Oaken Boon,ELD,Throne of Eldraine,301,normal,common,3,46006,7b7c91e7-b0c6-47e1-9c92-c5e9faace876,0.22,false,false,near_mint,de,CHF,2026-06-22T16:36:59.034Z
Yoris Karten,binder,Hooting Mandrills,UMA,Ultimate Masters,170,normal,common,2,43342,6dfbd094-1d59-4539-80e1-595227d3e64d,0.18,false,false,near_mint,de,CHF,2026-06-22T16:36:59.035Z
Yoris Karten,binder,Vigorspore Wurm,GRN,Guilds of Ravnica,147,normal,common,2,336,b62625de-3a2f-43d6-8cf7-ea38f038f3b6,0.06,false,false,near_mint,de,CHF,2026-06-22T16:36:59.045Z
Yoris Karten,binder,Tangle Spider,DST,Darksteel,85,normal,common,3,29576,3ca75ce1-8f4e-4980-adb7-5816446d56a9,0.07,false,false,near_mint,de,CHF,2026-06-22T16:36:59.050Z
Yoris Karten,binder,Tuinvale Treefolk // Oaken Boon,ELD,Throne of Eldraine,180,normal,common,2,46158,8bc518fc-904e-4e39-aeda-ffb222bfcc82,0.15,false,false,near_mint,de,CHF,2026-06-22T16:36:59.054Z
Yoris Karten,binder,Iron Bully,2XM,Double Masters,262,normal,common,1,52132,545521f8-ab61-4f18-b290-16cd2c2d505e,0.04,false,false,near_mint,de,CHF,2026-06-22T17:10:06.595Z
Yoris Karten,binder,Abzan Banner,KTK,Khans of Tarkir,215,normal,common,2,13183,7855528a-ede9-49a9-8749-795a004fd927,0.16,false,false,near_mint,de,CHF,2026-06-22T17:10:06.591Z
Yoris Karten,binder,Sultai Banner,KTK,Khans of Tarkir,225,normal,common,3,13173,1695cf35-8f7c-4674-bfd3-43520b13d084,0.08,false,false,near_mint,de,CHF,2026-06-22T17:10:06.588Z
Yoris Karten,binder,Mardu Banner,KTK,Khans of Tarkir,224,normal,common,2,13174,fe10c56d-a8e1-495d-a03a-0b920b44182f,0.13,false,false,near_mint,de,CHF,2026-06-22T17:10:06.587Z
Yoris Karten,binder,Temur Banner,KTK,Khans of Tarkir,226,normal,common,3,13172,9990bdff-c27a-447f-b530-d8b7614fe9a0,0.16,false,false,near_mint,de,CHF,2026-06-22T17:10:06.586Z
Yoris Karten,binder,Leonin Bladetrap,CMA,Commander Anthology,219,normal,uncommon,1,5067,de829013-dd6a-47a7-afd4-a2bda0da6ac5,0.18,false,false,near_mint,de,CHF,2026-06-22T17:10:06.579Z
Yoris Karten,binder,Basalt Monolith,2XM,Double Masters,232,normal,uncommon,1,52077,f79de5e7-1545-420c-bfe1-ee2444fca85b,2.88,false,false,near_mint,de,CHF,2026-06-22T17:10:06.577Z
Yoris Karten,binder,Butcher's Cleaver,DDQ,Duel Decks: Blessed vs. Cursed,31,normal,uncommon,1,9152,9359d59f-872e-4e43-94b6-90d6616f17e0,0.23,false,false,near_mint,de,CHF,2026-06-22T17:10:06.575Z
Yoris Karten,binder,Thunderstaff,CMA,Commander Anthology,237,normal,uncommon,1,5049,3d73681d-189f-4331-ac4b-e7e1541023ee,0.26,false,false,near_mint,de,CHF,2026-06-22T17:10:06.574Z
Yoris Karten,binder,Commander's Sphere,ECC,Lorwyn Eclipsed Commander,139,normal,common,1,110579,a0d50603-e31f-4cd7-b4b6-49847d99eb2e,0.26,false,false,near_mint,de,CHF,2026-06-22T17:10:06.573Z
Yoris Karten,binder,Ramroller,ORI,Magic Origins,237,normal,uncommon,2,10705,07f7ba4d-26bb-4631-a135-f27d94f376d1,0.06,false,false,near_mint,de,CHF,2026-06-22T17:10:06.571Z
Yoris Karten,binder,Relic Golem,ZNR,Zendikar Rising,249,normal,uncommon,2,54435,0b59c75b-d8f8-4f95-9030-ed73c67d988e,0.19,false,false,near_mint,de,CHF,2026-06-22T17:10:06.569Z
Yoris Karten,binder,Custodian of the Trove,DTK,Dragons of Tarkir,236,normal,common,1,11578,eb14f061-9506-40fb-b10d-4bada38ca0f7,0.05,false,false,near_mint,de,CHF,2026-06-22T17:10:06.567Z
Yoris Karten,binder,Cathodion,2XM,Double Masters,237,normal,common,1,52096,13ddba34-e627-4f4c-b78c-ea0c48a22537,0.13,false,false,near_mint,de,CHF,2026-06-22T17:10:06.563Z
Yoris Karten,binder,Luxa River Shrine,AKH,Amonkhet,232,normal,common,1,5453,9f43dc6f-910c-42a1-b329-038e20dfb264,0.12,false,false,near_mint,de,CHF,2026-06-22T17:10:06.562Z
Yoris Karten,binder,Bottle Gnomes,CM2,Commander Anthology Volume II,177,normal,uncommon,1,1560,fa29a4ce-a8fa-499d-9994-f294c38b2ce5,0.14,false,false,near_mint,de,CHF,2026-06-22T17:10:06.561Z
Yoris Karten,binder,Simic Locket,RNA,Ravnica Allegiance,240,normal,common,1,43625,29c65978-e5b0-428e-aace-f99768ca6106,0.15,false,false,near_mint,de,CHF,2026-06-22T17:10:06.556Z
Yoris Karten,binder,Gruul Locket,RNA,Ravnica Allegiance,234,normal,common,1,43631,1ec78880-a8ec-4c87-bc3f-e2a79d154884,0.1,false,false,near_mint,de,CHF,2026-06-22T17:10:06.555Z
Yoris Karten,binder,Wingrattle Scarecrow,SHM,Shadowmoor,270,normal,common,1,24596,61c5d86e-1ce1-4386-b70f-73b24351d6ae,0.45,false,false,near_mint,de,CHF,2026-06-22T17:10:06.554Z
Yoris Karten,binder,Aesthir Glider,ATH,Anthologies,67,normal,common,1,35551,70e93d36-0d07-452f-88c8-018afad2b91d,0.15,false,false,near_mint,de,CHF,2026-06-22T17:10:06.553Z
Yoris Karten,binder,Gargoyle Sentinel,M19,Core Set 2019,236,normal,uncommon,1,1076,381e9f97-9655-4f41-9829-4ac26c2ed6ac,0.06,false,false,near_mint,de,CHF,2026-06-22T17:10:06.552Z
Yoris Karten,binder,Jeskai Banner,KTK,Khans of Tarkir,222,normal,common,1,13176,684dc050-a66b-4364-9880-56f383db6c0a,0.1,false,false,near_mint,de,CHF,2026-06-22T17:10:06.550Z
Yoris Karten,binder,Simic Signet,DSC,Duskmourn: House of Horror Commander,252,normal,uncommon,1,99328,bf222c78-f12e-4857-93da-fade99c740b8,0.24,false,false,near_mint,de,CHF,2026-06-22T17:10:06.543Z
Yoris Karten,binder,Sunset Pyramid,CMR,Commander Legends,345,normal,uncommon,1,56079,5d346c67-744c-4605-be62-18d794e83049,0.19,false,false,near_mint,de,CHF,2026-06-22T17:10:06.539Z
Yoris Karten,binder,Golden Egg,ELD,Throne of Eldraine,220,normal,common,3,46118,525142c3-f17c-4e02-a02d-fa385215aa12,0.25,false,false,near_mint,de,CHF,2026-06-22T17:10:06.538Z
Yoris Karten,binder,Entrancing Lyre,THB,Theros Beyond Death,233,normal,uncommon,1,46829,064abee6-7394-4b75-946f-4ad9840034ac,0.1,false,false,near_mint,de,CHF,2026-06-22T17:10:06.536Z
Yoris Karten,binder,Stonework Packbeast,ZNR,Zendikar Rising,255,normal,common,2,54678,a29e17ba-d584-4296-9f43-17467edaa25f,0.2,false,false,near_mint,de,CHF,2026-06-22T17:10:06.530Z
Yoris Karten,binder,Amulet of Kroog,5ED,Fifth Edition,347,normal,common,1,37659,50871a5f-ad52-470a-840a-2277f43ea47b,0.11,false,false,near_mint,de,CHF,2026-06-22T17:10:06.528Z
Yoris Karten,binder,Ugin's Conjurant,WAR,War of the Spark,3,normal,uncommon,1,44401,9957ecca-5ea0-446f-bfd3-46c2aaa42f08,0.12,false,false,near_mint,de,CHF,2026-06-22T17:10:06.527Z
Yoris Karten,binder,Mage-Ring Responder,ORI,Magic Origins,232,normal,rare,1,10710,7c60473d-5065-4e63-bfc2-a041a8ca48ed,0.1,false,false,near_mint,de,CHF,2026-06-22T17:10:06.524Z
Yoris Karten,binder,Prophet of the Peak,ELD,Throne of Eldraine,227,normal,common,2,46111,58131bf2-2a9f-4b81-9eeb-810372f3896c,0.13,false,false,near_mint,de,CHF,2026-06-22T17:10:06.522Z
Yoris Karten,binder,Witness of the Ages,KTK,Khans of Tarkir,228,normal,uncommon,2,13170,763ac4c4-af2d-4b71-9fb3-244c96f93860,0.02,false,false,near_mint,de,CHF,2026-06-22T17:10:06.521Z
Yoris Karten,binder,Kozilek's Pathfinder,OGW,Oath of the Gatewatch,5,normal,common,1,9377,b75585bd-fdd8-44d1-8c7c-b96df5fc473e,0.04,false,false,near_mint,de,CHF,2026-06-22T17:10:06.519Z
Yoris Karten,binder,Epitaph Golem,INR,Innistrad Remastered,262,normal,common,1,102455,202125f5-9182-436f-86df-701cdc7e60ce,0.1,false,false,near_mint,de,CHF,2026-06-22T17:10:06.516Z
Yoris Karten,binder,Assault Suit,CMM,Commander Masters,369,normal,uncommon,1,84628,92b22076-b04e-4d65-9d9c-d3e4c7a3cf1c,0.24,false,false,near_mint,de,CHF,2026-06-22T17:10:06.514Z
Yoris Karten,binder,Warden of Geometries,OGW,Oath of the Gatewatch,11,normal,common,1,9371,c7f517b9-ac10-4710-8ef1-ced1253d5ecf,0.22,false,false,near_mint,de,CHF,2026-06-22T17:10:06.509Z
Yoris Karten,binder,Ancestral Statue,DTK,Dragons of Tarkir,234,normal,common,1,11580,c7124a6f-b690-4326-93b5-036a8c520c1f,0.12,false,false,near_mint,de,CHF,2026-06-22T17:10:06.508Z
Yoris Karten,binder,Grapeshot Catapult,5ED,Fifth Edition,375,normal,common,1,37631,9ae0fe07-85b6-4179-859b-fbae74faab5f,0.06,false,false,near_mint,de,CHF,2026-06-22T17:10:06.506Z
Yoris Karten,binder,Gingerbrute,WOE,Wilds of Eldraine,246,normal,common,1,85242,09a4578a-7dc6-4da3-93ee-913b10be5740,0.33,false,false,near_mint,de,CHF,2026-06-22T17:10:06.502Z
Yoris Karten,binder,Hovermyr,NPH,New Phyrexia,138,normal,common,1,19747,95e4e445-8333-4cb4-b4fb-80957fae0b97,0.22,false,false,near_mint,de,CHF,2026-06-22T17:10:06.501Z
Yoris Karten,binder,Myr Scrapling,MH2,Modern Horizons 2,230,normal,common,1,59576,5b9072a5-bd7f-4007-a34a-ebe251c95356,0.21,false,false,near_mint,de,CHF,2026-06-22T17:10:06.500Z
Yoris Karten,binder,Everflowing Chalice,EOC,Edge of Eternities Commander,137,normal,uncommon,1,107346,e4ed0052-d6dd-4f69-8313-10863baefac9,0.23,false,false,near_mint,de,CHF,2026-06-22T17:10:06.498Z
Yoris Karten,binder,Springjaw Trap,IKO,Ikoria: Lair of Behemoths,241,normal,common,1,49836,3741de51-ea92-493a-8058-e0f2000e7701,0.12,false,false,near_mint,de,CHF,2026-06-22T17:10:06.493Z
Yoris Karten,binder,Zuran Orb,MH2,Modern Horizons 2,300,normal,uncommon,1,59588,618c8ecc-686d-41de-b9b1-1a7ee9cc7c14,2.72,false,false,near_mint,de,CHF,2026-06-22T17:10:06.492Z
Yoris Karten,binder,Abstruse Interference,OGW,Oath of the Gatewatch,40,normal,common,1,9342,249a7be3-311e-4ce6-97dc-97242463ae23,0.06,false,false,near_mint,de,CHF,2026-06-22T17:10:06.491Z
Yoris Karten,binder,Cliffhaven Kitesail,ZNR,Zendikar Rising,243,normal,common,1,54809,eebf8f67-49d0-42de-a5cc-ad13d19d2c55,0.1,false,false,near_mint,de,CHF,2026-06-22T17:10:06.488Z
Yoris Karten,binder,Sphere of the Suns,MM2,Modern Masters 2015,231,normal,common,1,10986,971f7dd0-290f-4ba4-aa2d-29ff148e7778,0.17,false,false,near_mint,de,CHF,2026-06-22T17:10:06.487Z
Yoris Karten,binder,Assemble the Rank and Vile,CN2,Conspiracy: Take the Crown,2,normal,common,1,8095,7023889e-924f-495f-b189-82592989d659,0.08,false,false,near_mint,de,CHF,2026-06-22T17:10:06.486Z
Yoris Karten,binder,Void Shatter,OGW,Oath of the Gatewatch,49,normal,uncommon,2,9333,4bf13c5e-3968-48ad-ba08-99ba58873223,0.23,false,false,near_mint,de,CHF,2026-06-22T17:10:06.485Z
Yoris Karten,binder,Writhing Chrysalis,MH3,Modern Horizons 3,208,normal,common,1,94680,f54dbeb1-51f8-40e2-912a-ec25457de5a2,0.19,false,false,near_mint,de,CHF,2026-06-22T17:10:06.482Z
Yoris Karten,binder,Prophet of Distortion,OGW,Oath of the Gatewatch,46,normal,uncommon,1,9336,03ee2d7e-50ee-4f5a-b787-cf9669a892f3,0.19,false,false,near_mint,de,CHF,2026-06-22T17:10:06.481Z
Yoris Karten,binder,Baton of Morale,ICE,Ice Age,313,normal,uncommon,1,39496,8bc29872-b1a2-4851-9eca-f3e67ae6e14c,0.5,false,false,near_mint,de,CHF,2026-06-22T17:10:06.478Z
Yoris Karten,binder,Stone Golem,M20,Core Set 2020,240,normal,common,1,45220,1b4de70a-729b-4566-b6f3-c76f551405a5,0.04,false,false,near_mint,de,CHF,2026-06-22T17:10:06.476Z
Yoris Karten,binder,Scalding Cauldron,ELD,Throne of Eldraine,229,normal,common,5,46109,710d2782-2b23-441f-9890-6fa9c923b701,0.06,false,false,near_mint,de,CHF,2026-06-22T17:10:06.473Z
Yoris Karten,binder,Briber's Purse,KTK,Khans of Tarkir,217,normal,uncommon,1,13181,7f9951f1-ca51-44a2-8480-602df466f0ab,0.23,false,false,near_mint,de,CHF,2026-06-22T17:10:06.471Z
Yoris Karten,binder,Mysterious Egg,IKO,Ikoria: Lair of Behemoths,3,normal,common,2,50074,cdfac3c3-7f38-49d6-bd88-dc0f5001116f,0.17,false,false,near_mint,de,CHF,2026-06-22T17:10:06.469Z
Yoris Karten,binder,Witch's Oven,ELD,Throne of Eldraine,237,normal,uncommon,2,46101,04ef8493-d986-45f8-a718-617b028f7ad4,1.25,false,false,near_mint,de,CHF,2026-06-22T17:10:06.467Z
Yoris Karten,binder,Lupine Prototype,INR,Innistrad Remastered,267,normal,uncommon,1,102720,ae02ff5c-c667-4cb6-8bf4-8532d82c4fbf,0.21,false,false,near_mint,de,CHF,2026-06-22T17:10:06.463Z
Yoris Karten,binder,Brain in a Jar,SOI,Shadows over Innistrad,252,normal,rare,1,8744,88ecfcbe-e8db-4f08-aa8b-5b7b3e6c6ce7,0.25,false,false,near_mint,de,CHF,2026-06-22T17:10:06.456Z
Yoris Karten,binder,Skyclave Sentinel,ZNR,Zendikar Rising,253,normal,common,2,54831,fac8809a-77cd-4090-8a89-12121a8da676,0.04,false,false,near_mint,de,CHF,2026-06-22T17:10:06.455Z
Yoris Karten,binder,Utility Knife,ZNR,Zendikar Rising,256,normal,common,1,54471,1e5c781d-cd89-4671-8fbe-fae82c33357b,0.06,false,false,near_mint,de,CHF,2026-06-22T17:10:06.454Z
Yoris Karten,binder,Sky Skiff,KLD,Kaladesh,233,normal,common,1,7410,cf4a4939-130b-40d7-8a0f-e31eb931d2d5,0.17,false,false,near_mint,de,CHF,2026-06-22T17:10:06.450Z
Yoris Karten,binder,Cultivator's Caravan,DRC,Aetherdrift Commander,127,normal,rare,1,103094,6e6ab4b6-49a8-4c02-a230-74a29f535f8c,0.23,false,false,near_mint,de,CHF,2026-06-22T17:10:06.449Z
Yoris Karten,binder,Lens of Clarity,KTK,Khans of Tarkir,223,normal,common,1,13175,3c82e2b8-f0f6-44da-83ee-8a671344ac62,0.06,false,false,near_mint,de,CHF,2026-06-22T17:10:06.445Z
Yoris Karten,binder,Iron League Steed,2XM,Double Masters,263,normal,common,1,52142,60370058-da94-444b-aafd-23202296070b,0.07,false,false,near_mint,de,CHF,2026-06-22T17:10:06.444Z
Yoris Karten,binder,Heavy Arbalest,A25,Masters 25,225,normal,uncommon,1,2491,813fae24-ff38-45e8-8ab9-d539d4494435,0.17,false,false,near_mint,de,CHF,2026-06-22T17:10:06.443Z
Yoris Karten,binder,Common Bond,RTR,Return to Ravnica,151,normal,common,1,17271,59965953-1522-4103-9a6c-5534205d34d9,0.08,false,false,near_mint,de,CHF,2026-06-22T17:10:06.440Z
Yoris Karten,binder,Vagrant Plowbeasts,CON,Conflux,129,normal,uncommon,1,23600,546b0a74-ebef-4596-b730-2190e20b2e66,0.14,false,false,near_mint,de,CHF,2026-06-22T17:10:06.438Z
Yoris Karten,binder,Mishra's Factory,DMR,Dominaria Remastered,251,normal,uncommon,1,77970,6e9fec20-a52c-42c0-9928-c572d9e1b21f,0.17,false,false,near_mint,de,CHF,2026-06-22T17:10:06.433Z
Yoris Karten,binder,Livewire Lash,2X2,Double Masters 2022,307,normal,uncommon,1,70418,a4ac4633-066b-4897-b484-2ec654c7eaa1,0.23,false,false,near_mint,de,CHF,2026-06-22T17:10:06.432Z
Yoris Karten,binder,Worn Powerstone,MH3,Modern Horizons 3,298,normal,uncommon,1,94578,ace686ad-9e3f-41b3-b8eb-d1b6d45eb4e1,0.31,false,false,near_mint,de,CHF,2026-06-22T17:10:06.431Z
Yoris Karten,binder,Jade-Cast Sentinel,TDM,Tarkir: Dragonstorm,243,normal,common,2,104293,516ce5fa-bd00-429b-ba22-b38c7dd9306c,0.14,false,false,near_mint,de,CHF,2026-06-22T17:10:06.430Z
Yoris Karten,binder,Embermouth Sentinel,TDM,Tarkir: Dragonstorm,242,normal,common,2,104606,485f75d5-da5b-4605-885a-561ccd999cc6,0.11,false,false,near_mint,de,CHF,2026-06-22T17:10:06.428Z
Yoris Karten,binder,Watcher of the Wayside,TDM,Tarkir: Dragonstorm,249,normal,common,1,104262,2dcafdac-a293-4adc-a540-3b3f469cf6f3,0.1,false,false,near_mint,de,CHF,2026-06-22T17:10:06.427Z
Yoris Karten,binder,Boulderborn Dragon,TDM,Tarkir: Dragonstorm,323,normal,common,1,104326,970e11f0-337a-46b5-9bff-4bcb7843ed3a,0.14,false,false,near_mint,de,CHF,2026-06-22T17:10:06.425Z
Yoris Karten,binder,Sky Diamond,VOC,Crimson Vow Commander,167,normal,common,1,64498,115d7ea5-9e15-4b0f-83ce-e99228b49cd3,0.24,false,false,near_mint,de,CHF,2026-06-22T17:10:06.421Z
Yoris Karten,binder,Vexing Scuttler,EMN,Eldritch Moon,11,normal,uncommon,2,8326,1c3dd0aa-f6e9-435c-af64-20e9de67efe9,0.18,false,false,near_mint,de,CHF,2026-06-22T17:10:06.414Z
Yoris Karten,binder,Dimir Keyrune,CLB,Commander Legends: Battle for Baldur's Gate,856,normal,uncommon,1,69550,69d1dd6c-21d3-4fe8-af1b-7088dcceef08,0.29,false,false,near_mint,de,CHF,2026-06-22T17:10:06.413Z
Yoris Karten,binder,Gruul Keyrune,GTC,Gatecrash,230,normal,uncommon,1,16594,7cf96f1c-066e-4fde-acb8-4674842fb6c2,0.1,false,false,near_mint,de,CHF,2026-06-22T17:10:06.412Z
Yoris Karten,binder,Dromoka Monument,DTK,Dragons of Tarkir,238,normal,uncommon,4,11576,d4df975f-b6ef-4e8e-8be8-529c0ffd8a37,0.07,false,false,near_mint,de,CHF,2026-06-22T17:10:06.411Z
Yoris Karten,binder,Silumgar Monument,DTK,Dragons of Tarkir,243,normal,uncommon,3,11571,3243e300-1420-4e96-a3d3-610c3723a11f,0.19,false,false,near_mint,de,CHF,2026-06-22T17:10:06.410Z
Yoris Karten,binder,Atarka Monument,DTK,Dragons of Tarkir,235,normal,uncommon,4,11579,63d52217-a340-4567-9b07-28092a7dc561,0.11,false,false,near_mint,de,CHF,2026-06-22T17:10:06.409Z
Yoris Karten,binder,Ojutai Monument,DTK,Dragons of Tarkir,242,normal,uncommon,4,11572,8ef29942-a7e3-4e47-9f95-527a5d7e4f1d,0.1,false,false,near_mint,de,CHF,2026-06-22T17:10:06.408Z
Yoris Karten,binder,Kolaghan Monument,IMA,Iconic Masters,217,normal,uncommon,4,3408,3efb210e-00a9-470e-ac30-4036a7befd4c,0.2,false,false,near_mint,de,CHF,2026-06-22T17:10:06.407Z
Yoris Karten,binder,Charcoal Diamond,VOC,Crimson Vow Commander,162,normal,common,1,64502,1a48d5fe-acad-47af-8fd8-e8a893d90a92,0.3,false,false,near_mint,de,CHF,2026-06-22T17:10:06.406Z
Yoris Karten,binder,Marble Diamond,VOC,Crimson Vow Commander,165,normal,common,1,64535,4b6b0727-f4b7-4ca5-bf82-339eb40041ba,0.28,false,false,near_mint,de,CHF,2026-06-22T17:10:06.405Z
Yoris Karten,binder,Pilgrim of the Fires,FRF,Fate Reforged,162,normal,uncommon,2,11964,45a60623-d523-4b43-89b0-8e89568546c7,0.11,false,false,near_mint,de,CHF,2026-06-22T17:10:06.404Z
Yoris Karten,binder,Jousting Lance,DOM,Dominaria,221,normal,common,1,2055,446579ab-5e36-44e2-84d7-cfa537619146,0.09,false,false,near_mint,de,CHF,2026-06-22T17:10:06.400Z
Yoris Karten,binder,Navigator's Compass,DOM,Dominaria,225,normal,common,1,2051,6a283135-7a51-4cf7-82a6-7e50894e64a5,0.16,false,false,near_mint,de,CHF,2026-06-22T17:10:06.399Z
Yoris Karten,binder,Pardic Wanderer,DOM,Dominaria,226,normal,common,1,2050,2fffe967-3a99-4f00-af46-f4e5567598df,0.05,false,false,near_mint,de,CHF,2026-06-22T17:10:06.396Z
Yoris Karten,binder,Skittering Surveyor,DOM,Dominaria,230,normal,common,1,2046,90c7bea0-79c9-4856-8279-cef7cee82fc1,0.16,false,false,near_mint,de,CHF,2026-06-22T17:10:06.394Z
Yoris Karten,binder,Bloodtallow Candle,DOM,Dominaria,212,normal,common,1,2064,5f8125b6-911e-4663-962a-d741984c927d,0.05,false,false,near_mint,de,CHF,2026-06-22T17:10:06.393Z
Yoris Karten,binder,Voltaic Servant,DOM,Dominaria,236,normal,common,1,2040,28564ac6-8b9b-4b99-9630-8fb3158d354c,0.15,false,false,near_mint,de,CHF,2026-06-22T17:10:06.392Z
Yoris Karten,binder,Stillness in Motion,TDM,Tarkir: Dragonstorm,59,normal,rare,1,104864,a6289251-17e4-4987-96b9-2fb1a8f90e2a,0.2,false,false,near_mint,de,CHF,2026-06-22T17:10:06.389Z
Yoris Karten,binder,Magmatic Hellkite,TDM,Tarkir: Dragonstorm,111,normal,rare,1,104895,b3b3aec8-d931-4c7f-86b5-1e7dfb717b59,0.34,false,false,near_mint,de,CHF,2026-06-22T17:10:06.388Z
Yoris Karten,binder,Tersa Lightshatter,TDM,Tarkir: Dragonstorm,345,normal,rare,1,104752,7a1689bb-f7a4-4b53-8473-75b7ce7b496d,0.78,false,false,near_mint,de,CHF,2026-06-22T17:10:06.387Z
Yoris Karten,binder,Tall as a Beanstalk,ELD,Throne of Eldraine,178,normal,common,5,46160,098bfd71-a47f-4dfc-b516-b88a388fb7b5,0.11,false,false,near_mint,de,CHF,2026-06-22T17:10:06.386Z
Yoris Karten,binder,Hydra's Growth,THB,Theros Beyond Death,172,normal,uncommon,1,46890,5112ee2a-a6f3-4280-a915-000a97a9cdef,1.49,false,false,near_mint,de,CHF,2026-06-22T17:10:06.381Z
Yoris Karten,binder,Sheltered Aerie,DTK,Dragons of Tarkir,206,normal,common,2,11608,afecf5a8-3c9e-48e0-8818-e2e3183e958c,0.06,false,false,near_mint,de,CHF,2026-06-22T17:10:06.380Z
Yoris Karten,binder,Regeneration,MIR,Mirage,236,normal,common,1,38354,cc3d7a4f-8ccc-44cf-bacc-5055c7e1edbc,0.1,false,false,near_mint,de,CHF,2026-06-22T17:10:06.377Z
Yoris Karten,binder,Wolfwillow Haven,BLC,Bloomburrow Commander,246,normal,uncommon,1,96367,8506e3eb-07c1-4f5c-a2a7-c210acf6be16,0.28,false,false,near_mint,de,CHF,2026-06-22T17:10:06.375Z
Yoris Karten,binder,Vessel of Nascency,A25,Masters 25,193,normal,common,3,2523,9d502ecf-b3a5-4657-8718-104e8f0ab9af,0.19,false,false,near_mint,de,CHF,2026-06-22T17:10:06.373Z
Yoris Karten,binder,Time to Feed,DDO,Duel Decks: Elspeth vs. Kiora,50,normal,common,1,11880,32561f72-bb4d-44b2-9c90-9d1041cf3699,0.13,false,false,near_mint,de,CHF,2026-06-22T17:10:06.362Z
Yoris Karten,binder,Lead the Stampede,IKO,Ikoria: Lair of Behemoths,163,normal,uncommon,1,49914,9e76b676-c7a3-4de6-a78d-3059a0df83f2,0.19,false,false,near_mint,de,CHF,2026-06-22T17:10:06.361Z
Yoris Karten,binder,Map the Wastes,FRF,Fate Reforged,134,normal,common,1,11992,039b61b1-79d5-44b6-8c0f-b8e8e508e5a9,0.05,false,false,near_mint,de,CHF,2026-06-22T17:10:06.358Z
Yoris Karten,binder,Benefaction of Rhonas,AKH,Amonkhet,156,normal,common,1,5529,dc98fcdd-8482-4462-ab71-935cea48e409,0.17,false,false,near_mint,de,CHF,2026-06-22T17:10:06.357Z
Yoris Karten,binder,Curse of the Werefox,WOE,Wilds of Eldraine,167,normal,common,1,85547,89148458-1fd6-48ef-a2d9-7b434c9723ec,0.18,false,false,near_mint,de,CHF,2026-06-22T17:10:06.356Z
Yoris Karten,binder,Fade into Antiquity,CN2,Conspiracy: Take the Crown,181,normal,common,1,7916,d74b6f74-9021-467a-974f-8b04ed1bac9a,0.09,false,false,near_mint,de,CHF,2026-06-22T17:10:06.353Z
Yoris Karten,binder,Rabid Bite,BLB,Bloomburrow,394,normal,common,2,96036,53a73200-b798-4bfd-a431-8b94e17b70be,0.13,false,false,near_mint,de,CHF,2026-06-22T17:10:06.350Z
Yoris Karten,binder,Fork in the Road,SOI,Shadows over Innistrad,205,normal,common,1,8791,0a7ad701-65c3-494a-8986-b4ea1bab46bc,0.1,false,false,near_mint,de,CHF,2026-06-22T17:10:06.348Z
Yoris Karten,binder,Winding Way,OTC,Outlaws of Thunder Junction Commander,213,normal,common,1,93874,d3340062-3071-4d8e-98f8-fd3343a011ad,2.81,false,false,near_mint,de,CHF,2026-06-22T17:10:06.347Z
Yoris Karten,binder,Nature's Spiral,DOM,Dominaria,175,normal,uncommon,1,2101,6666b95e-80de-4bf7-bae6-8a7e991b38ad,0.21,false,false,near_mint,de,CHF,2026-06-22T17:10:06.346Z
Yoris Karten,binder,Rhonas's Last Stand,HOU,Hour of Devastation,132,normal,rare,1,4543,e991d1eb-70ab-4e2c-862d-fb8bfcefc542,0.14,false,false,near_mint,de,CHF,2026-06-22T17:10:06.345Z
Yoris Karten,binder,Commune with the Gods,EMA,Eternal Masters,162,normal,common,1,8513,67d95f6f-3ff0-483d-b98f-ccb4fb5715f4,0.23,false,false,near_mint,de,CHF,2026-06-22T17:10:06.344Z
Yoris Karten,binder,Savage Punch,KTK,Khans of Tarkir,147,normal,common,1,13251,6c6b50dc-244a-4df5-a9a9-5a2b8f30d40c,0.04,false,false,near_mint,de,CHF,2026-06-22T17:10:06.343Z
Yoris Karten,binder,Restore,CMA,Commander Anthology,141,normal,uncommon,1,5145,0c0ae36e-19c8-4e05-8c02-cc7fb5da5a39,0.34,false,false,near_mint,de,CHF,2026-06-22T17:10:06.341Z
Yoris Karten,binder,Brave the Wilds,WOE,Wilds of Eldraine,165,normal,common,1,85526,821b9e86-d108-42e5-b642-c5e07ab16c37,0.11,false,false,near_mint,de,CHF,2026-06-22T17:10:06.337Z
Yoris Karten,binder,Open the Gates,RVR,Ravnica Remastered,151,normal,common,1,89553,0daa4f17-149a-4304-a488-8874ebe045e9,0.26,false,false,near_mint,de,CHF,2026-06-22T17:10:06.336Z
Yoris Karten,binder,Many Partings,LTR,The Lord of the Rings: Tales of Middle-earth,176,normal,common,1,83528,d179dbbe-9c79-4dbc-955a-5209a3e2745a,0.19,false,false,near_mint,de,CHF,2026-06-22T17:10:06.335Z
Yoris Karten,binder,Attune with Aether,DRC,Aetherdrift Commander,109,normal,common,1,103008,442c3621-3d4c-4145-b63d-81cd2564374b,0.18,false,false,near_mint,de,CHF,2026-06-22T17:10:06.334Z
Yoris Karten,binder,Thrive,2X2,Double Masters 2022,161,normal,common,1,70186,43c8bdb1-fa35-462e-ac3f-6953fe7f3476,0.14,false,false,near_mint,de,CHF,2026-06-22T17:10:06.333Z
Yoris Karten,binder,Return to Nature,THB,Theros Beyond Death,197,normal,common,1,46865,a4515a76-53f0-40a2-8b88-70b73447d1e6,0.2,false,false,near_mint,de,CHF,2026-06-22T17:10:06.326Z
Yoris Karten,binder,Naturalize,DDU,Duel Decks: Elves vs. Inventors,19,normal,common,1,2448,3b4465b8-0988-4efd-8b33-cc471909a773,0.23,false,false,near_mint,de,CHF,2026-06-22T17:10:06.317Z
Yoris Karten,binder,Echoing Courage,A25,Masters 25,166,normal,common,1,2550,04367e72-3f8c-4cba-8bdf-5a1ba9c9f01f,0.1,false,false,near_mint,de,CHF,2026-06-22T17:10:06.311Z
Yoris Karten,binder,Might of Murasa,ZNR,Zendikar Rising,194,normal,common,1,54528,42914fd9-e56e-4c3e-a445-fdfa45a45178,0.07,false,false,near_mint,de,CHF,2026-06-22T17:10:06.310Z
Yoris Karten,binder,Grapple with the Past,TDC,Tarkir: Dragonstorm Commander,257,normal,common,1,104743,76c25c9a-245b-41c7-a75d-8061eb231389,0.23,false,false,near_mint,de,CHF,2026-06-22T17:10:06.309Z
Yoris Karten,binder,Feed the Clan,KTK,Khans of Tarkir,132,normal,common,1,13266,52f7c53d-0b53-400f-aa67-967547f3e394,0.11,false,false,near_mint,de,CHF,2026-06-22T17:10:06.308Z
Yoris Karten,binder,Disturbed Slumber,LCI,The Lost Caverns of Ixalan,182,normal,common,1,88441,4404b8d6-3673-4d82-b9ed-d28e9b54e1f6,0.13,false,false,near_mint,de,CHF,2026-06-22T17:10:06.307Z
Yoris Karten,binder,Aerial Volley,ORI,Magic Origins,168,normal,common,1,10774,c5178301-f766-48d3-af07-6bd6f822c725,0.08,false,false,near_mint,de,CHF,2026-06-22T17:10:06.304Z
Yoris Karten,binder,Elvish Fury,MH1,Modern Horizons,162,normal,common,1,44772,e5a24943-0121-4c64-9624-2e4cff37e6ca,0.17,false,false,near_mint,de,CHF,2026-06-22T17:10:06.303Z
Yoris Karten,binder,Mystic Repeal,THB,Theros Beyond Death,180,normal,uncommon,1,46882,6797195a-508f-45b1-964d-da842dc46ca8,0.09,false,false,near_mint,de,CHF,2026-06-22T17:10:06.301Z
Yoris Karten,binder,Natural State,OGW,Oath of the Gatewatch,136,normal,common,1,9246,fdd4bdd5-1673-4f22-b593-41df8ce95a97,0.23,false,false,near_mint,de,CHF,2026-06-22T17:10:06.300Z
Yoris Karten,binder,Windstorm,KTK,Khans of Tarkir,157,normal,uncommon,1,13241,154dc31c-ac9d-4b78-b92b-e7bacc532915,0.06,false,false,near_mint,de,CHF,2026-06-22T17:10:06.299Z
Yoris Karten,binder,Stinging Shot,AKH,Amonkhet,189,normal,common,1,5496,547c4c26-1118-41fa-aec8-1b43a7792e59,0.1,false,false,near_mint,de,CHF,2026-06-22T17:10:06.298Z
Yoris Karten,binder,Dissenter's Deliverance,AKH,Amonkhet,164,normal,common,1,5521,543eb854-bac7-468f-b3b0-d9987cfac318,0.06,false,false,near_mint,de,CHF,2026-06-22T17:10:06.297Z
Yoris Karten,binder,Lull,A25,Masters 25,180,normal,common,1,2536,8bdb38b2-3eba-4b2e-b5d8-58e9ad799d1f,0.15,false,false,near_mint,de,CHF,2026-06-22T17:10:06.296Z
Yoris Karten,binder,Lifecrafter's Gift,CMR,Commander Legends,240,normal,common,1,56248,fa000086-e4aa-4bb6-8e66-f4c96e875749,0.18,false,false,near_mint,de,CHF,2026-06-22T17:10:06.291Z
Yoris Karten,binder,Savage Surge,RTR,Return to Ravnica,133,normal,uncommon,3,17289,0fa74aae-e857-410c-8836-953c8623d0b0,0.03,false,false,near_mint,de,CHF,2026-06-22T17:10:06.283Z
Yoris Karten,binder,Mortal's Resolve,BNG,Born of the Gods,127,normal,common,3,14833,131a96b4-393d-4e8e-9b6a-f15f3804febb,0.18,false,false,near_mint,de,CHF,2026-06-22T17:10:06.287Z
Yoris Karten,binder,Clip Wings,SOI,Shadows over Innistrad,197,normal,common,2,8799,f2835993-6c71-4a63-bad5-cb25aedc4a15,0.09,false,false,near_mint,de,CHF,2026-06-22T17:10:06.288Z
Yoris Karten,binder,Plummet,THB,Theros Beyond Death,194,normal,common,3,46868,a8b2f186-4e04-49cb-a206-257cfb7e9361,0.06,false,false,near_mint,de,CHF,2026-06-22T17:10:06.289Z
Yoris Karten,binder,Naturalize,KTK,Khans of Tarkir,142,normal,common,2,13256,b129b44e-a1ce-41f2-a0cf-b6c879c7cbbd,0.2,false,false,near_mint,de,CHF,2026-06-22T17:10:06.290Z
Yoris Karten,binder,Tel-Jilad Defiance,SOM,Scars of Mirrodin,129,normal,common,2,20903,ef01d3f6-c172-43fb-bc65-ff12567111da,0.14,false,false,near_mint,de,CHF,2026-06-22T17:10:06.292Z
Yoris Karten,binder,Haze of Pollen,AKH,Amonkhet,171,normal,common,6,5514,b636925d-1c32-4fdc-b814-e6111393d04e,0.2,false,false,near_mint,de,CHF,2026-06-22T17:10:06.293Z
Yoris Karten,binder,Gift of Strength,CLU,Ravnica: Clue Edition,165,normal,common,3,91159,bc69887e-0b7b-4ffe-8f56-0b8486f23f99,0.08,false,false,near_mint,de,CHF,2026-06-22T17:10:06.318Z
Yoris Karten,binder,Return to Nature,MOC,March of the Machine Commander,309,normal,common,4,81767,7e99f99a-68a1-4f35-853c-794630d313fc,0.19,false,false,near_mint,de,CHF,2026-06-22T17:10:06.325Z
Yoris Karten,binder,Strength of Solidarity,ZNR,Zendikar Rising,206,normal,common,2,54428,090b3da4-c942-480e-9997-bb9c20e8d62d,0.04,false,false,near_mint,de,CHF,2026-06-22T17:10:06.338Z
Yoris Karten,binder,Epic Confrontation,A25,Masters 25,170,normal,common,2,2546,02ac4e89-d5fa-4f1b-bd61-be15eb322f40,0.17,false,false,near_mint,de,CHF,2026-06-22T17:10:06.342Z
Yoris Karten,binder,Root Out,MOC,March of the Machine Commander,311,normal,common,2,81557,228a08f0-6664-407a-a74c-2c32badc0d37,0.25,false,false,near_mint,de,CHF,2026-06-22T17:10:06.354Z
Yoris Karten,binder,Scout the Borders,KTK,Khans of Tarkir,148,normal,common,4,13250,eb15c6c7-8fe6-496c-9977-3e7942b920c4,0.1,false,false,near_mint,de,CHF,2026-06-22T17:10:06.366Z
Yoris Karten,binder,Wolf's Quarry,ELD,Throne of Eldraine,184,normal,common,2,46154,5d21c15f-378e-4abf-992f-9743aa6ab6b8,0.16,false,false,near_mint,de,CHF,2026-06-22T17:10:06.370Z
Yoris Karten,binder,Gift of Paradise,C21,Commander 2021,191,normal,common,4,58781,48273e83-139a-43a4-9bb8-171d3620da60,0.28,false,false,near_mint,de,CHF,2026-06-22T17:10:06.382Z
Yoris Karten,binder,Workshop Assistant,CMR,Commander Legends,348,normal,common,2,56234,e9387e8f-0e72-4212-81c8-e64050700c52,0.22,false,false,near_mint,de,CHF,2026-06-22T17:10:06.390Z
Yoris Karten,binder,Aesthir Glider,DOM,Dominaria,209,normal,common,3,2067,25afd4a7-4253-4a4e-a105-e92f64460faa,0.07,false,false,near_mint,de,CHF,2026-06-22T17:10:06.391Z
Yoris Karten,binder,Sparring Construct,DOM,Dominaria,232,normal,common,2,2044,badc7db8-386e-4fb6-aefa-591e99747eb2,0.1,false,false,near_mint,de,CHF,2026-06-22T17:10:06.401Z
Yoris Karten,binder,Moss Diamond,CMR,Commander Legends,327,normal,common,3,55955,ec8ea247-5529-4948-8c81-0f413aedc82e,0.19,false,false,near_mint,de,CHF,2026-06-22T17:10:06.403Z
Yoris Karten,binder,Pilgrim's Eye,CMM,Commander Masters,402,normal,common,4,84319,48bfc25b-f73c-431c-b173-adcd65c5d491,0.09,false,false,near_mint,de,CHF,2026-06-22T17:10:06.417Z
Yoris Karten,binder,Staunch Throneguard,CMM,Commander Masters,412,normal,common,2,84927,d60160a6-8786-4488-b373-6599221341e5,0.22,false,false,near_mint,de,CHF,2026-06-22T17:10:06.418Z
Yoris Karten,binder,Boulderborn Dragon,TDM,Tarkir: Dragonstorm,239,normal,common,2,104292,50c6e815-bfe7-4599-9227-d36504a3640f,0.14,false,false,near_mint,de,CHF,2026-06-22T17:10:06.423Z
Yoris Karten,binder,Dragonstorm Globe,TDM,Tarkir: Dragonstorm,241,normal,common,3,104767,7f50aa6e-ce6a-4479-9725-202926245f2c,0.19,false,false,near_mint,de,CHF,2026-06-22T17:10:06.424Z
Yoris Karten,binder,Spare Supplies,ZNR,Zendikar Rising,254,normal,common,3,54682,a53baf25-1782-427b-a9dd-fc9b8dc6444f,0.21,false,false,near_mint,de,CHF,2026-06-22T17:10:06.434Z
Yoris Karten,binder,Weapon Rack,ELD,Throne of Eldraine,236,normal,common,4,46102,89ca22d2-3ba5-4173-9c8c-6587a901ff4a,0.05,false,false,near_mint,de,CHF,2026-06-22T17:10:06.435Z
Yoris Karten,binder,Soul-Guide Lantern,DRC,Aetherdrift Commander,139,normal,uncommon,2,103089,6a0f5301-0af9-496d-b55d-6bb5518b009c,0.23,false,false,near_mint,de,CHF,2026-06-22T17:10:06.436Z
Yoris Karten,binder,Renegade Freighter,KLD,Kaladesh,230,normal,common,3,7413,7a10e2c3-0132-4eb2-94f0-5915caca2a17,0.12,false,false,near_mint,de,CHF,2026-06-22T17:10:06.447Z
Yoris Karten,binder,Ornithopter,DMR,Dominaria Remastered,233,normal,common,2,77845,305078a5-ac18-4721-bba2-3434eba5b1cf,0.25,false,false,near_mint,de,CHF,2026-06-22T17:10:06.448Z
Yoris Karten,binder,Neurok Stealthsuit,5DN,Fifth Dawn,140,normal,common,4,29355,a65ad83a-7374-435d-a5bd-2dd455fa6420,0.63,false,false,near_mint,de,CHF,2026-06-22T17:10:06.451Z
Yoris Karten,binder,Relic Axe,ZNR,Zendikar Rising,248,normal,uncommon,4,54751,ca8705e3-0e44-45c9-bcdf-c24507b038fe,0.06,false,false,near_mint,de,CHF,2026-06-22T17:10:06.452Z
Yoris Karten,binder,Bone Saw,OGW,Oath of the Gatewatch,161,normal,common,4,9221,dc3d19ff-b618-4b07-99a8-ea6e7ee72459,0.09,false,false,near_mint,de,CHF,2026-06-22T17:10:06.458Z
Yoris Karten,binder,Shambling Suit,ELD,Throne of Eldraine,230,normal,uncommon,2,46108,1100b898-31a8-4fdf-a54f-a1470ec032f3,0.28,false,false,near_mint,de,CHF,2026-06-22T17:10:06.460Z
Yoris Karten,binder,Inquisitive Puppet,ELD,Throne of Eldraine,223,normal,uncommon,2,46115,807a570a-b5eb-420d-9fa5-6e5364025510,0.06,false,false,near_mint,de,CHF,2026-06-22T17:10:06.470Z
Yoris Karten,binder,Thought Harvester,OGW,Oath of the Gatewatch,48,normal,uncommon,3,9334,46f9eeb2-22f6-4bdb-bbf8-f53774cc6226,0.19,false,false,near_mint,de,CHF,2026-06-22T17:10:06.479Z
Yoris Karten,binder,Ulamog's Crusher,UMA,Ultimate Masters,8,normal,common,3,43491,eda0fd38-38e6-4e9b-9c17-4d855e01b1e1,0.26,false,false,near_mint,de,CHF,2026-06-22T17:10:06.494Z
Yoris Karten,binder,Sea Gate Colossus,ZNR,Zendikar Rising,251,normal,common,3,54699,b04fd8e8-ee8d-4cb7-87ab-955303c46ece,0.04,false,false,near_mint,de,CHF,2026-06-22T17:10:06.499Z
Yoris Karten,binder,Signpost Scarecrow,ELD,Throne of Eldraine,231,normal,common,3,46107,a2c5f336-c100-4bec-89d5-548f60064d7f,0.23,false,false,near_mint,de,CHF,2026-06-22T17:10:06.511Z
Yoris Karten,binder,Clockwork Servant,ELD,Throne of Eldraine,216,normal,uncommon,2,46122,c3af5942-d171-401a-9444-3b59c579e4db,0.06,false,false,near_mint,de,CHF,2026-06-22T17:10:06.557Z
Yoris Karten,binder,Night Market Guard,BBD,Battlebond,242,normal,common,2,1751,2098bb0f-6ab5-407c-93f7-fee3b385926e,0.08,false,false,near_mint,de,CHF,2026-06-22T17:10:06.559Z
Yoris Karten,binder,Golgari Keyrune,RTR,Return to Ravnica,229,normal,uncommon,4,17193,913b803f-ba82-4660-86be-49677d1e32c9,0.08,false,false,near_mint,de,CHF,2026-06-22T17:10:06.564Z
Yoris Karten,binder,Azorius Keyrune,GK2,RNA Guild Kit,23,normal,uncommon,2,43998,d3e9e7be-598a-4353-8a7e-350837a7c0a0,0.19,false,false,near_mint,de,CHF,2026-06-22T17:10:06.576Z
Yoris Karten,binder,Graven Abomination,HOU,Hour of Devastation,162,normal,common,5,4513,89880f30-aa38-4231-8d16-25c644bde6bf,0.03,false,false,near_mint,de,CHF,2026-06-22T17:10:06.593Z
Yoris Karten,binder,Wild Ride,TDM,Tarkir: Dragonstorm,132,normal,common,2,105154,abc8c6f5-6135-428e-8476-1751f82623f9,0.22,false,false,near_mint,de,CHF,2026-06-22T17:18:10.337Z
Yoris Karten,binder,Narset's Rebuke,TDM,Tarkir: Dragonstorm,114,normal,common,1,104640,5098bd73-d51c-4db4-bf06-fd4854089d37,0.08,false,false,near_mint,de,CHF,2026-06-22T17:18:10.330Z
Yoris Karten,binder,Stormshriek Feral // Flush Out,TDM,Tarkir: Dragonstorm,124,normal,common,1,104447,0ec92c44-7cf0-48a5-a3ca-bc633496d887,0.19,false,false,near_mint,de,CHF,2026-06-22T17:18:10.325Z
Yoris Karten,binder,Jeskai Devotee,TDM,Tarkir: Dragonstorm,110,normal,common,1,104257,27f31f9c-7149-4608-9b18-b3530a2efd4a,0.05,false,false,near_mint,de,CHF,2026-06-22T17:18:10.321Z
Yoris Karten,binder,Brazen Freebooter,CMR,Commander Legends,164,normal,common,2,55651,45657345-b564-4e5f-a57a-01dc54df7e7c,0.11,false,false,near_mint,de,CHF,2026-06-22T17:18:10.314Z
Yoris Karten,binder,Welding Sparks,CMR,Commander Legends,210,normal,common,2,55619,346cc190-6825-4226-8ea5-71abe788454d,0.02,false,false,near_mint,de,CHF,2026-06-22T17:18:10.312Z
Yoris Karten,binder,Goblin War Paint,MM2,Modern Masters 2015,115,normal,common,1,11102,52aedc52-8fc9-4a5d-af42-f9db684c3003,0.12,false,false,near_mint,de,CHF,2026-06-22T17:18:10.305Z
Yoris Karten,binder,Fire Elemental,FDN,Foundations,538,normal,common,3,101607,dc506f58-048d-49cc-ad8c-2eb851b08bb6,0.06,false,false,near_mint,de,CHF,2026-06-22T17:18:10.304Z
Yoris Karten,binder,Faithless Looting,TDC,Tarkir: Dragonstorm Commander,213,normal,common,2,104933,c43aeb5a-8bdc-4aa9-89d1-156f97ac38aa,0.24,false,false,near_mint,de,CHF,2026-06-22T17:18:10.295Z
Yoris Karten,binder,Dragon Fodder,FDN,Foundations,535,normal,common,2,101626,f9abe517-f601-4784-8d62-2350bd755146,0.1,false,false,near_mint,de,CHF,2026-06-22T17:18:10.294Z
Yoris Karten,binder,Structural Distortion,SOI,Shadows over Innistrad,185,normal,common,1,8811,a7895890-a774-4c7c-9f15-78b8aadfd9ef,0.06,false,false,near_mint,de,CHF,2026-06-22T17:18:10.293Z
Yoris Karten,binder,Dynacharge,MM3,Modern Masters 2017,94,normal,common,2,6119,a9e530cc-21b9-43c2-a6a9-f1d96e06c2cd,0.09,false,false,near_mint,de,CHF,2026-06-22T17:18:10.291Z
Yoris Karten,binder,Collateral Damage,FRF,Fate Reforged,95,normal,common,4,12031,fb738362-b0b4-4811-9fbf-5f45c852c822,0.05,false,false,near_mint,de,CHF,2026-06-22T17:18:10.290Z
Yoris Karten,binder,Vildin-Pack Outcast // Dronepack Kindred,EMN,Eldritch Moon,148,normal,common,2,8186,460f7733-c0a6-4439-a313-7b26ae6ee15b,0.06,false,false,near_mint,de,CHF,2026-06-22T17:18:10.286Z
Yoris Karten,binder,Ghitu Chronicler,DOM,Dominaria,125,normal,common,1,2151,d3ca6dd9-040a-4122-9308-8dcd0d506ada,0.12,false,false,near_mint,de,CHF,2026-06-22T17:18:10.285Z
Yoris Karten,binder,Keldon Warcaller,DOM,Dominaria,136,normal,common,4,2140,22d2e230-2d60-402d-98e4-0f33d2f27c56,0.1,false,false,near_mint,de,CHF,2026-06-22T17:18:10.284Z
Yoris Karten,binder,Mardu Scout,FRF,Fate Reforged,108,normal,common,4,12018,0e7891b8-ba69-4c5b-a29f-ee7bcf2374f0,0.04,false,false,near_mint,de,CHF,2026-06-22T17:18:10.283Z
Yoris Karten,binder,Sigiled Skink,JOU,Journey into Nyx,111,normal,common,3,14538,37f84b4d-82db-4e3a-a099-2e438c0a6418,0.05,false,false,near_mint,de,CHF,2026-06-22T17:18:10.281Z
Yoris Karten,binder,Dragon Hatchling,BBD,Battlebond,173,normal,common,2,1820,83cb9ea2-ce64-437e-afac-5029a34bf10f,0.11,false,false,near_mint,de,CHF,2026-06-22T17:18:10.280Z
Yoris Karten,binder,Impact Tremors,MOC,March of the Machine Commander,285,normal,common,3,81646,46db3811-db1d-4f69-8143-a93f64d0297b,4.05,false,false,near_mint,de,CHF,2026-06-22T17:18:10.278Z
Yoris Karten,binder,Hissing Iguanar,UMA,Ultimate Masters,134,normal,common,1,43376,e549b7d4-0120-44d1-8692-e5e997d26535,0.15,false,false,near_mint,de,CHF,2026-06-22T17:18:10.277Z
Yoris Karten,binder,Bloodfire Enforcers,FRF,Fate Reforged,93,normal,uncommon,1,12033,e72f0a37-32d6-4c1f-858d-7eec096dd42a,0.04,false,false,near_mint,de,CHF,2026-06-22T17:18:10.276Z
Yoris Karten,binder,Pyroceratops,IKO,Ikoria: Lair of Behemoths,130,normal,common,1,49947,f6599645-dbb5-4174-bd26-8556af6d89c3,0.16,false,false,near_mint,de,CHF,2026-06-22T17:18:10.275Z
Yoris Karten,binder,Spelleater Wolverine,IKO,Ikoria: Lair of Behemoths,137,normal,common,1,49940,a5f03ffd-dcdb-441c-8dfc-4fe06a289b22,0.11,false,false,near_mint,de,CHF,2026-06-22T17:18:10.274Z
Yoris Karten,binder,Dreamshaper Shaman,2X2,Double Masters 2022,108,normal,uncommon,2,70471,c11f5d27-37f3-430a-833c-84e249b5e744,0.16,false,false,near_mint,de,CHF,2026-06-22T17:18:10.272Z
Yoris Karten,binder,Chandra's Magmutt,M21,Core Set 2021,137,normal,common,2,50897,91d3e366-4da5-42c8-bbd5-a0c178c0da28,0.13,false,false,near_mint,de,CHF,2026-06-22T17:18:10.271Z
Yoris Karten,binder,Pyre Hound,A25,Masters 25,145,normal,common,1,2571,cd970484-49b3-442a-806a-cabc56526ee1,0.12,false,false,near_mint,de,CHF,2026-06-22T17:18:10.270Z
Yoris Karten,binder,Akoum Warrior // Akoum Teeth,ZNR,Zendikar Rising,134,normal,uncommon,1,54771,d8ed0335-daa6-4dbe-a94d-4d56c8cfd093,0.17,false,false,near_mint,de,CHF,2026-06-22T17:18:10.266Z
Yoris Karten,binder,Young Pyromancer,OTC,Outlaws of Thunder Junction Commander,185,normal,uncommon,2,93930,f233a41f-106b-4bf0-a599-7ac5d83cfed5,0.31,false,false,near_mint,de,CHF,2026-06-22T17:18:10.265Z
Yoris Karten,binder,Frostwielder,CHK,Champions of Kamigawa,167,normal,common,5,29058,a54df527-6949-4b74-821b-b051f493f3c5,0.19,false,false,near_mint,de,CHF,2026-06-22T17:18:10.264Z
Yoris Karten,binder,Lightning-Rig Crew,CMR,Commander Legends,190,normal,uncommon,2,56130,8fa676ef-3f26-43bb-98f9-9b0b9681a7fe,0.21,false,false,near_mint,de,CHF,2026-06-22T17:18:10.262Z
Yoris Karten,binder,Frenzied Saddlebrute,CMR,Commander Legends,180,normal,uncommon,1,56215,d518fffb-542f-4752-be05-d0dbcf4dd6c2,0.27,false,false,near_mint,de,CHF,2026-06-22T17:18:10.261Z
Yoris Karten,binder,Ferocious Tigorilla,IKO,Ikoria: Lair of Behemoths,115,normal,common,1,49962,5976e8d8-5122-4423-b3eb-61170390ad7a,0.15,false,false,near_mint,de,CHF,2026-06-22T17:18:10.259Z
Yoris Karten,binder,Spitfire Lagac,FDN,Foundations,208,normal,common,3,101496,30f600cd-b696-4f49-9cbc-5a33aa43d04c,0.23,false,false,near_mint,de,CHF,2026-06-22T17:18:10.258Z
Yoris Karten,binder,Tuktuk Rubblefort,ZNR,Zendikar Rising,173,normal,common,2,54411,02eedf9d-e26c-405c-aee5-1b3493dc5e9b,0.26,false,false,near_mint,de,CHF,2026-06-22T17:18:10.256Z
Yoris Karten,binder,Soulbright Flamekin,A25,Masters 25,151,normal,common,1,2565,945c52c8-a2c3-4f48-a5c3-2db92011e0cc,0.2,false,false,near_mint,de,CHF,2026-06-22T17:18:10.254Z
Yoris Karten,binder,Inner-Flame Igniter,MM2,Modern Masters 2015,120,normal,common,1,11097,107b3dbc-fc02-4548-90cf-844da42db13f,0.05,false,false,near_mint,de,CHF,2026-06-22T17:18:10.252Z
Yoris Karten,binder,Grotag Night-Runner,ZNR,Zendikar Rising,143,normal,uncommon,1,54419,0568341b-f972-407f-92ce-1b7c9ef742f6,0.08,false,false,near_mint,de,CHF,2026-06-22T17:18:10.251Z
Yoris Karten,binder,Blisterspit Gremlin,IKO,Ikoria: Lair of Behemoths,108,normal,common,1,49969,4ec65b97-d5c0-4609-8a60-3c4daa3e59c1,0.25,false,false,near_mint,de,CHF,2026-06-22T17:18:10.250Z
Yoris Karten,binder,Orcish Vandal,2XM,Double Masters,137,normal,common,1,52179,a6ac010e-bcd9-4e40-91f5-3f6058dca104,0.12,false,false,near_mint,de,CHF,2026-06-22T17:18:10.249Z
Yoris Karten,binder,"Syr Carah, the Bold",ELD,Throne of Eldraine,145,normal,uncommon,1,46193,080a249a-df47-4769-bb63-0d8ab3f2467c,0.24,false,false,near_mint,de,CHF,2026-06-22T17:18:10.247Z
Yoris Karten,binder,"Anax, Hardened in the Forge",CMM,Commander Masters,204,normal,uncommon,1,84740,ad107ae0-2540-46f8-9970-72983b87ba04,0.14,false,false,near_mint,de,CHF,2026-06-22T17:18:10.244Z
Yoris Karten,binder,"Squee, the Immortal",NCC,New Capenna Commander,275,normal,rare,1,68345,a8232acd-4645-489c-8cf1-4efdc75d9322,1.04,false,false,near_mint,de,CHF,2026-06-22T17:18:10.243Z
Yoris Karten,binder,"Dargo, the Shipwrecker",CMR,Commander Legends,172,normal,uncommon,2,55699,5cd87cf8-4d5d-4aba-8dfa-800b1fb3799b,0.19,false,false,near_mint,de,CHF,2026-06-22T17:18:10.245Z
Yoris Karten,binder,Thermo-Alchemist,INR,Innistrad Remastered,174,normal,uncommon,4,102616,78b194b3-108a-4152-bd37-52c302e25ad6,0.29,false,false,near_mint,de,CHF,2026-06-22T17:18:10.248Z
Yoris Karten,binder,Smokebraider,ECC,Lorwyn Eclipsed Commander,96,normal,common,2,110630,d5975979-12ca-4cb5-9897-71a683104eda,0.22,false,false,near_mint,de,CHF,2026-06-22T17:18:10.253Z
Yoris Karten,binder,Akoum Hellhound,ZNR,Zendikar Rising,133,normal,common,2,54520,3a5ad1c8-3d70-43ed-9539-2aa6289c5c4a,0.16,false,false,near_mint,de,CHF,2026-06-22T17:18:10.260Z
Yoris Karten,binder,Turret Ogre,CLU,Ravnica: Clue Edition,152,normal,common,3,90689,1d28484d-c6fd-490b-b73c-77e98ca2ab19,0.04,false,false,near_mint,de,CHF,2026-06-22T17:18:10.269Z
Yoris Karten,binder,Bone Pit Brute,M21,Core Set 2021,132,normal,common,2,50831,6075e0a3-a0ab-4a11-8ad2-7dabb071d309,0.1,false,false,near_mint,de,CHF,2026-06-22T17:18:10.288Z
Yoris Karten,binder,Summit Intimidator,TDM,Tarkir: Dragonstorm,125,normal,common,4,104373,e3cba0b1-7c22-4e51-b9cf-5bf01e67a222,0.02,false,false,near_mint,de,CHF,2026-06-22T17:18:10.316Z
Yoris Karten,binder,Fire-Rim Form,TDM,Tarkir: Dragonstorm,107,normal,common,3,104537,32dc1bf4-a135-449f-848f-361a5360fae1,0.1,false,false,near_mint,de,CHF,2026-06-22T17:18:10.317Z
Yoris Karten,binder,Devoted Duelist,TDM,Tarkir: Dragonstorm,104,normal,common,2,104354,bbf9c673-37b4-48ed-a9ea-13f8e3e6c47b,0.13,false,false,near_mint,de,CHF,2026-06-22T17:18:10.318Z
Yoris Karten,binder,Molten Exhale,TDM,Tarkir: Dragonstorm,113,normal,common,4,104440,0ab95aab-a4bf-4131-83a0-2c138b6f20c3,0.1,false,false,near_mint,de,CHF,2026-06-22T17:18:10.319Z
Yoris Karten,binder,Rescue Leopard,TDM,Tarkir: Dragonstorm,116,normal,common,2,105119,056136a8-84be-477c-b654-63238fb8236e,0.11,false,false,near_mint,de,CHF,2026-06-22T17:18:10.320Z
Yoris Karten,binder,Seize Opportunity,TDM,Tarkir: Dragonstorm,119,normal,common,2,104391,f7818d28-b9a5-4341-9adc-666070b8878d,0.18,false,false,near_mint,de,CHF,2026-06-22T17:18:10.323Z
Yoris Karten,binder,Underfoot Underdogs,TDM,Tarkir: Dragonstorm,129,normal,common,2,104431,049acc79-1d68-410f-a081-88a7d40e823a,0.13,false,false,near_mint,de,CHF,2026-06-22T17:18:10.324Z
Yoris Karten,binder,Shock Brigade,TDM,Tarkir: Dragonstorm,120,normal,common,3,104700,66940466-8e9d-4a85-bfb0-e92189b7a121,0.18,false,false,near_mint,de,CHF,2026-06-22T17:18:10.326Z
Yoris Karten,binder,Bathe in Dragonfire,BBD,Battlebond,164,normal,common,3,1829,85eff8ed-ba1c-492f-ae29-0698bb7f9849,0.13,false,false,near_mint,de,CHF,2026-06-22T18:06:45.141Z
Yoris Karten,binder,Hordeling Outburst,ONC,Phyrexia: All Will Be One Commander,100,normal,uncommon,3,78847,c80c53a3-a2de-4e54-a50a-2eabb2ceb67c,3.93,false,false,near_mint,de,CHF,2026-06-22T18:06:45.140Z
Yoris Karten,binder,Barrage of Boulders,KTK,Khans of Tarkir,100,normal,common,2,13298,2eb1a9f7-32ba-48fd-a7f7-788b0ec052c6,0.07,false,false,near_mint,de,CHF,2026-06-22T18:06:45.139Z
Yoris Karten,binder,Act of Treason,M20,Core Set 2020,124,normal,common,1,45337,20234668-53ce-4cc8-892f-30ee3ecfc34c,0.19,false,false,near_mint,de,CHF,2026-06-22T18:06:45.138Z
Yoris Karten,binder,Act of Treason,KTK,Khans of Tarkir,95,normal,common,3,13303,e20d6dfd-5f7b-4c71-89e6-8f996d85801d,0.1,false,false,near_mint,de,CHF,2026-06-22T18:06:45.137Z
Yoris Karten,binder,Mark of Mutiny,IMA,Iconic Masters,139,normal,common,2,3486,a8882153-ad51-4bef-91bd-275a46688320,0.17,false,false,near_mint,de,CHF,2026-06-22T18:06:45.134Z
Yoris Karten,binder,Arc Lightning,KTK,Khans of Tarkir,97,normal,uncommon,2,13301,35c7c392-6782-40c8-bb24-6aad24f14660,0.06,false,false,near_mint,de,CHF,2026-06-22T18:06:45.132Z
Yoris Karten,binder,Rift Bolt,2X2,Double Masters 2022,122,normal,common,1,70208,4ccd0ada-92b2-48f3-b5ae-96346fc138b6,0.26,false,false,near_mint,de,CHF,2026-06-22T18:06:45.128Z
Yoris Karten,binder,Kari Zev's Expertise,AER,Aether Revolt,88,normal,rare,1,6326,ab5c7400-6307-4c51-88b8-9c0232110714,1.46,false,false,near_mint,de,CHF,2026-06-22T18:06:45.127Z
Yoris Karten,binder,Tormenting Voice,SOI,Shadows over Innistrad,186,normal,common,3,8810,2f5b0a20-2422-465e-b74e-4402b34fb57b,0.06,false,false,near_mint,de,CHF,2026-06-22T18:06:45.122Z
Yoris Karten,binder,Joust,ELD,Throne of Eldraine,129,normal,uncommon,4,46209,5e725f04-5530-47f1-9f04-4cc13ed9348b,0.06,false,false,near_mint,de,CHF,2026-06-22T18:06:45.120Z
Yoris Karten,binder,Forbidden Friendship,IKO,Ikoria: Lair of Behemoths,119,normal,common,3,49958,e634baa3-2cdd-412a-9407-c347fe46f9b8,0.2,false,false,near_mint,de,CHF,2026-06-22T18:06:45.119Z
Yoris Karten,binder,Nightbird's Clutches,UMA,Ultimate Masters,141,normal,common,3,43369,f8952ef0-d81e-491e-a137-be08a74ed005,0.1,false,false,near_mint,de,CHF,2026-06-22T18:06:45.118Z
Yoris Karten,binder,Cathartic Reunion,ECC,Lorwyn Eclipsed Commander,91,normal,common,2,110641,e3bca51a-b9be-4be2-a256-b15853fde433,0.25,false,false,near_mint,de,CHF,2026-06-22T18:06:45.117Z
Yoris Karten,binder,Yamabushi's Storm,CHK,Champions of Kamigawa,199,normal,common,2,29026,0a5a930d-ae59-47e2-9b98-f703e308b5c0,0.09,false,false,near_mint,de,CHF,2026-06-22T18:06:45.116Z
Yoris Karten,binder,Lava Coil,2X2,Double Masters 2022,116,normal,common,2,70341,802c39df-4b92-4acc-92f9-bebd3d405471,0.23,false,false,near_mint,de,CHF,2026-06-22T18:06:45.115Z
Yoris Karten,binder,Go for Blood,IKO,Ikoria: Lair of Behemoths,122,normal,common,2,49955,67315df9-99a1-45ba-8ade-ddc476368a86,0.1,false,false,near_mint,de,CHF,2026-06-22T18:06:45.114Z
Yoris Karten,binder,Magmatic Chasm,SOI,Shadows over Innistrad,172,normal,common,2,8824,d4d5de8b-0286-4fca-86fd-e983a91f4a8c,0.04,false,false,near_mint,de,CHF,2026-06-22T18:06:45.113Z
Yoris Karten,binder,Cleansing Wildfire,ZNR,Zendikar Rising,137,normal,common,2,54537,492d77e5-acc6-41b8-8930-f39d69234919,0.31,false,false,near_mint,de,CHF,2026-06-22T18:06:45.112Z
Yoris Karten,binder,Roil Eruption,ZNR,Zendikar Rising,155,normal,common,1,54634,86572747-8faa-4242-b059-07d11e6be1cd,0.11,false,false,near_mint,de,CHF,2026-06-22T18:06:45.111Z
Yoris Karten,binder,Thundering Rebuke,ZNR,Zendikar Rising,170,normal,uncommon,1,54780,dc671707-4708-44d8-8ec8-d5332599adf9,0.08,false,false,near_mint,de,CHF,2026-06-22T18:06:45.110Z
Yoris Karten,binder,Sparkmage's Gambit,2X2,Double Masters 2022,124,normal,common,1,70596,f10b4edf-5f0e-4edd-88f9-2e3e7d9cad0a,0.06,false,false,near_mint,de,CHF,2026-06-22T18:06:45.109Z
Yoris Karten,binder,Shenanigans,MH1,Modern Horizons,146,normal,common,1,44788,580c6fe2-ab43-491e-a1b2-d076a5c2a74e,0.18,false,false,near_mint,de,CHF,2026-06-22T18:06:45.108Z
Yoris Karten,binder,Seven Dwarves,ELD,Throne of Eldraine,141,normal,common,3,46197,464adbae-70ea-48e1-b8ae-b404766f7a5a,0.32,false,false,near_mint,de,CHF,2026-06-22T18:06:45.107Z
Yoris Karten,binder,Blazing Volley,IKO,Ikoria: Lair of Behemoths,107,normal,common,2,49970,3adc0288-acdf-4a99-9bfb-919cae1aeb69,0.21,false,false,near_mint,de,CHF,2026-06-22T18:06:45.106Z
Yoris Karten,binder,Triumphant Chomp,LCI,The Lost Caverns of Ixalan,170,normal,uncommon,2,88240,06b28139-efa7-4818-a012-cf8150692b43,0.21,false,false,near_mint,de,CHF,2026-06-22T18:06:45.105Z
Yoris Karten,binder,Crash Through,FDN,Foundations,620,normal,common,2,100903,9eb16918-6363-4849-8d74-e26822a0ddf7,0.13,false,false,near_mint,de,CHF,2026-06-22T18:06:45.104Z
Yoris Karten,binder,Reckless Charge,MH1,Modern Horizons,144,normal,common,1,44790,1754a8db-060e-470f-94c0-37f12d82978a,0.14,false,false,near_mint,de,CHF,2026-06-22T18:06:45.103Z
Yoris Karten,binder,Meteor Shower,ICE,Ice Age,202,normal,common,1,39607,50b4851e-677b-468e-9baa-e47a3b4b8339,0.18,false,false,near_mint,de,CHF,2026-06-22T18:06:45.102Z
Yoris Karten,binder,Tectonic Hazard,LCI,The Lost Caverns of Ixalan,169,normal,common,1,88496,5204c781-f568-4c7f-b3f7-ce4dd678689b,0.27,false,false,near_mint,de,CHF,2026-06-22T18:06:45.100Z
Yoris Karten,binder,Renegade Tactics,CMR,Commander Legends,195,normal,common,1,56116,7dfa0e65-1ce0-4f8e-a78b-2ade2d25e748,0.14,false,false,near_mint,de,CHF,2026-06-22T18:06:45.099Z
Yoris Karten,binder,Mutiny,RIX,Rivals of Ixalan,106,normal,common,1,2912,010711a0-5e95-4a8c-816f-e314f2a909ef,0.06,false,false,near_mint,de,CHF,2026-06-22T18:06:45.098Z
Yoris Karten,binder,Satyr's Cunning,THB,Theros Beyond Death,152,normal,common,1,46910,646d8201-be68-42fa-bcfd-42d81a2ad195,0.19,false,false,near_mint,de,CHF,2026-06-22T18:06:45.097Z
Yoris Karten,binder,Unpredictable Cyclone,IKO,Ikoria: Lair of Behemoths,139,normal,rare,1,49938,3a0462f6-a027-43c0-8e01-c0591d9a45d9,0.14,false,false,near_mint,de,CHF,2026-06-22T18:06:45.095Z
Yoris Karten,binder,Blood Rites,CHK,Champions of Kamigawa,159,normal,uncommon,1,29067,6af8cd97-28cb-4499-a197-687e8f31644a,0.08,false,false,near_mint,de,CHF,2026-06-22T18:06:45.094Z
Yoris Karten,binder,Rageform,FRF,Fate Reforged,112,normal,uncommon,4,12014,038ed726-bde8-46b0-bdf5-f88e2f074434,0.08,false,false,near_mint,de,CHF,2026-06-22T18:06:45.093Z
Yoris Karten,binder,Iroas's Blessing,THB,Theros Beyond Death,142,normal,common,3,46920,ab6e99a5-b105-489e-aff6-7d2ca50d8ba9,0.05,false,false,near_mint,de,CHF,2026-06-22T18:06:45.092Z
Yoris Karten,binder,Pyromancer's Assault,OGW,Oath of the Gatewatch,115,normal,uncommon,1,9267,b2c8dad1-278c-4ced-8124-5593b140d361,0.06,false,false,near_mint,de,CHF,2026-06-22T18:06:45.090Z
Yoris Karten,binder,Goblinslide,KTK,Khans of Tarkir,109,normal,uncommon,2,13289,a9d80e96-3956-4408-84fb-5f94a364eb41,0.25,false,false,near_mint,de,CHF,2026-06-22T18:06:45.088Z
Yoris Karten,binder,Dragon Grip,KTK,Khans of Tarkir,107,normal,uncommon,2,13291,0269d5bd-d8aa-465b-bfe9-6703937f933c,0.08,false,false,near_mint,de,CHF,2026-06-22T18:06:45.087Z
Yoris Karten,binder,Trial of Zeal,AKH,Amonkhet,152,normal,uncommon,2,5533,543539ce-af50-4bbe-82aa-f35fd2c2a256,0.05,false,false,near_mint,de,CHF,2026-06-22T18:06:45.086Z
Yoris Karten,binder,Aspect of Manticore,THB,Theros Beyond Death,127,normal,common,2,46935,f67d0091-1925-44a5-89f3-21c2afd5665c,0.15,false,false,near_mint,de,CHF,2026-06-22T18:06:45.085Z
Yoris Karten,binder,Imminent Doom,HOU,Hour of Devastation,98,normal,rare,1,4577,a51f8207-485e-4a4e-aa62-8e0e69645a0e,0.11,false,false,near_mint,de,CHF,2026-06-22T18:06:45.083Z
Yoris Karten,binder,Mardu Runemark,FRF,Fate Reforged,107,normal,common,1,12019,333df10b-7db4-4f8a-a754-e8a630b26cac,0.07,false,false,near_mint,de,CHF,2026-06-22T18:06:45.082Z
Yoris Karten,binder,Idol of the Deep King // Sovereign's Macuahuitl,LCI,The Lost Caverns of Ixalan,155,normal,common,1,88917,d1d8d8ef-c8b2-4e7c-89e4-b381dff20584,0.07,false,false,near_mint,de,CHF,2026-06-22T18:06:45.081Z
Yoris Karten,binder,Furnace Celebration,CMR,Commander Legends,181,normal,uncommon,1,55963,f48f7f79-fc49-4d1e-a84f-c630ba238e83,0.09,false,false,near_mint,de,CHF,2026-06-22T18:06:45.078Z
Yoris Karten,binder,The Triumph of Anax,THB,Theros Beyond Death,160,normal,uncommon,1,46902,49b5b348-1415-4062-a2a7-017694424c05,0.12,false,false,near_mint,de,CHF,2026-06-22T18:06:45.077Z
Yoris Karten,binder,Break Through the Line,FRF,Fate Reforged,94,normal,uncommon,4,12032,81c1cdbe-5ddb-4cc6-975b-42f3f1ee4749,0.29,false,false,near_mint,de,CHF,2026-06-22T18:06:45.076Z
Yoris Karten,binder,Crystal Slipper,ELD,Throne of Eldraine,119,normal,common,3,46219,9f738ca6-5254-4dbc-9f59-854e81c8dac2,0.1,false,false,near_mint,de,CHF,2026-06-22T18:06:45.075Z
Yoris Karten,binder,Infectious Bloodlust,ORI,Magic Origins,152,normal,common,2,10790,ee44df88-45a4-46ef-a8bd-f7fb7b9542b8,0.06,false,false,near_mint,de,CHF,2026-06-22T18:06:45.074Z
Yoris Karten,binder,Call of the Full Moon,ORI,Magic Origins,134,normal,uncommon,1,10808,369d837a-a19b-457c-8146-cc1766a63ec1,0.08,false,false,near_mint,de,CHF,2026-06-22T18:06:45.071Z
Yoris Karten,binder,Senseless Rage,SOI,Shadows over Innistrad,180,normal,common,1,8816,9c779cb6-3454-4d5a-85a1-bea5cf8005b1,0.05,false,false,near_mint,de,CHF,2026-06-22T18:06:45.069Z
Yoris Karten,binder,Omen of the Forge,THB,Theros Beyond Death,145,normal,common,1,46917,70388773-709b-4cd8-a8b7-56093fd77a1d,0.06,false,false,near_mint,de,CHF,2026-06-22T18:06:45.068Z
Yoris Karten,binder,Thunderous Might,BNG,Born of the Gods,114,normal,uncommon,1,14846,d361851d-e2d4-4912-ba08-81913f6b6e08,0.24,false,false,near_mint,de,CHF,2026-06-22T18:06:45.066Z
Yoris Karten,binder,Bespoke Battlegarb,WOE,Wilds of Eldraine,122,normal,common,1,85615,a28ecd59-9166-473c-bafc-cb3c54c21388,0.13,false,false,near_mint,de,CHF,2026-06-22T18:06:45.065Z
Yoris Karten,binder,Tilonalli's Crown,RIX,Rivals of Ixalan,120,normal,common,1,2898,f0e941a7-c2c1-4855-b79a-c0dfebb28854,0.21,false,false,near_mint,de,CHF,2026-06-22T18:06:45.064Z
Yoris Karten,binder,Epiphany Storm,BNG,Born of the Gods,91,normal,common,5,14869,dd3a0128-4499-498d-9721-b1fd70ea84b4,0.2,false,false,near_mint,de,CHF,2026-06-22T18:06:45.063Z
Yoris Karten,binder,Chandra's Fury,ORI,Magic Origins,136,normal,common,4,10806,d2b85237-98a8-4b52-9cc6-6fd14849b069,0.14,false,false,near_mint,de,CHF,2026-06-22T18:06:45.061Z
Yoris Karten,binder,Burn Away,CN2,Conspiracy: Take the Crown,151,normal,uncommon,1,7946,b09c774a-0ea0-4bb8-9195-ea2d83461e75,0.12,false,false,near_mint,de,CHF,2026-06-22T18:06:45.059Z
Yoris Karten,binder,Command the Storm,GRN,Guilds of Ravnica,94,normal,common,1,389,c4144e98-957e-43ac-b107-8ccf450748df,0.04,false,false,near_mint,de,CHF,2026-06-22T18:06:45.055Z
Yoris Karten,binder,Synchronized Spellcraft,ZNR,Zendikar Rising,168,normal,common,1,54769,d87f4637-1ad3-4d61-98ff-98c0b0be46a1,0.03,false,false,near_mint,de,CHF,2026-06-22T18:06:45.054Z
Yoris Karten,binder,Goblin Wizardry,CLU,Ravnica: Clue Edition,136,normal,common,2,90626,04d250d6-7ab1-4b30-85a4-acb0b620629c,0.23,false,false,near_mint,de,CHF,2026-06-22T18:06:45.053Z
Yoris Karten,binder,Swift Kick,KTK,Khans of Tarkir,122,normal,common,2,13276,2dc3120c-7e04-4c4a-af16-da264593a1d1,0.02,false,false,near_mint,de,CHF,2026-06-22T18:06:45.051Z
Yoris Karten,binder,Bring Low,KTK,Khans of Tarkir,103,normal,common,2,13295,9ba5e7bf-2ad8-4061-937a-ef1e9b63da3d,0.07,false,false,near_mint,de,CHF,2026-06-22T18:06:45.050Z
Yoris Karten,binder,Stoke the Flames,M15,Magic 2015,164,normal,uncommon,1,13688,1d94c000-52e0-4215-83af-6351dc43e636,0.19,false,false,near_mint,de,CHF,2026-06-22T18:06:45.049Z
Yoris Karten,binder,Radiating Lightning,M19,Core Set 2019,313,normal,common,1,999,9395fce4-11bf-4934-8323-5be4862c9779,0.07,false,false,near_mint,de,CHF,2026-06-22T18:06:45.048Z
Yoris Karten,binder,Slaying Fire,ELD,Throne of Eldraine,143,normal,uncommon,4,46195,83b5b110-c430-4ffe-9fc1-8e6987f52d1e,0.11,false,false,near_mint,de,CHF,2026-06-22T18:06:45.046Z
Yoris Karten,binder,Final Flare,THB,Theros Beyond Death,134,normal,common,3,46928,f0c95dee-a480-4878-a967-9e46be9ee372,0.1,false,false,near_mint,de,CHF,2026-06-22T18:06:45.045Z
Yoris Karten,binder,Bombard,RIX,Rivals of Ixalan,93,normal,common,1,2925,0a605abc-78e8-47ba-9022-0fad9006fd05,0.03,false,false,near_mint,de,CHF,2026-06-22T18:06:45.034Z
Yoris Karten,binder,Trumpet Blast,M19,Core Set 2019,165,normal,common,1,1147,c676a5b0-bd46-46b3-b71b-a50b86c9b0bd,0.05,false,false,near_mint,de,CHF,2026-06-22T18:06:45.032Z
Yoris Karten,binder,Open Fire,HOU,Hour of Devastation,105,normal,common,1,4570,448f9fb5-ffb5-4325-9f81-ce8782e5f9e9,0.05,false,false,near_mint,de,CHF,2026-06-22T18:06:45.031Z
Yoris Karten,binder,Molten Blast,ZNR,Zendikar Rising,149,normal,common,1,54722,bb1beef2-788b-469b-883b-cf1cca04eeff,0.09,false,false,near_mint,de,CHF,2026-06-22T18:06:45.030Z
Yoris Karten,binder,Volatile Claws,MH1,Modern Horizons,154,normal,common,1,44780,36cb119b-dd15-40d2-8f75-c92f5d41d1e1,0.14,false,false,near_mint,de,CHF,2026-06-22T18:06:45.029Z
Yoris Karten,binder,The Chase Is On,MKM,Murders at Karlov Manor,304,normal,common,1,91027,87d5d312-8664-4690-9823-8be4d1c06cd0,0.06,false,false,near_mint,de,CHF,2026-06-22T18:06:45.027Z
Yoris Karten,binder,Blur of Blades,HOU,Hour of Devastation,84,normal,common,2,4591,b53f5b9b-d24b-4e9a-bc90-7ed198cd1132,0.05,false,false,near_mint,de,CHF,2026-06-22T18:06:45.021Z
Yoris Karten,binder,Smash to Smithereens,ORI,Magic Origins,163,normal,common,4,10779,655c489f-bffb-45a4-8e7c-2d1a35220197,0.25,false,false,near_mint,de,CHF,2026-06-22T18:06:45.016Z
Yoris Karten,binder,Tears of Valakut,OGW,Oath of the Gatewatch,118,normal,uncommon,2,9264,db858823-ae8b-4da1-be6f-aee541e008ae,0.1,false,false,near_mint,de,CHF,2026-06-22T18:06:45.015Z
Yoris Karten,binder,Brute Strength,DDT,Duel Decks: Merfolk vs. Goblins,35,normal,common,2,3676,7776b3cb-0410-4d9c-958f-3ea042f9eaea,0.07,false,false,near_mint,de,CHF,2026-06-22T18:06:45.014Z
Yoris Karten,binder,Sizzling Barrage,ZNR,Zendikar Rising,162,normal,common,2,54467,1bf5843a-a01f-4d1c-b8fe-c586d5160f6e,0.06,false,false,near_mint,de,CHF,2026-06-22T18:06:45.012Z
Yoris Karten,binder,Raking Claws,IKO,Ikoria: Lair of Behemoths,131,normal,common,3,49946,6eb0d9a2-f9bb-4d8e-a1ca-896c42f8ad56,0.19,false,false,near_mint,de,CHF,2026-06-22T18:06:45.011Z
Yoris Karten,binder,Sure Strike,GRN,Guilds of Ravnica,118,normal,common,1,365,8d01f1ce-9931-4712-a907-72c2c6d5ee76,0.03,false,false,near_mint,de,CHF,2026-06-22T18:06:45.010Z
Yoris Karten,binder,Fury Charm,IMA,Iconic Masters,130,normal,common,2,3495,d585cf04-b823-49c1-a33a-9cd8f3116eda,0.2,false,false,near_mint,de,CHF,2026-06-22T18:06:45.006Z
Yoris Karten,binder,Draconic Roar,IMA,Iconic Masters,123,normal,common,2,3502,11c57c26-500b-4ca2-9c47-f2a0e31975b3,0.22,false,false,near_mint,de,CHF,2026-06-22T18:06:45.005Z
Yoris Karten,binder,Shatter,KTK,Khans of Tarkir,120,normal,common,2,13278,2c4ecaa0-a85f-4771-a829-1ab440b29165,0.04,false,false,near_mint,de,CHF,2026-06-22T18:06:45.004Z
Yoris Karten,binder,Lightning Strike,XLN,Ixalan,149,normal,uncommon,2,3863,f0f55dee-7e39-4183-8e74-844d9c299bf5,0.14,false,false,near_mint,de,CHF,2026-06-22T18:06:45.003Z
Yoris Karten,binder,Reality Hemorrhage,OGW,Oath of the Gatewatch,100,normal,common,1,9282,c044168d-cb08-493d-98c1-b66b6149fe5a,0.07,false,false,near_mint,de,CHF,2026-06-22T18:06:44.999Z
Yoris Karten,binder,Yamabushi's Flame,CHK,Champions of Kamigawa,198,normal,common,1,29027,1a9bacba-55c4-4b92-bdd9-01b6035ed1b2,0.05,false,false,near_mint,de,CHF,2026-06-22T18:06:44.998Z
Yoris Karten,binder,Zoyowa's Justice,LCI,The Lost Caverns of Ixalan,173,normal,uncommon,1,88230,04839717-d2f9-481d-9d13-e4038dbcbb0e,0.23,false,false,near_mint,de,CHF,2026-06-22T18:06:44.997Z
Yoris Karten,binder,Jaya's Greeting,WAR,War of the Spark,136,normal,common,1,44268,ec66f169-5cf9-4d7c-a5ab-c64fc4801358,0.08,false,false,near_mint,de,CHF,2026-06-22T18:06:44.995Z
Yoris Karten,binder,Buccaneer's Bravado,RIX,Rivals of Ixalan,96,normal,common,1,2922,d82c583f-3d2b-4c7f-a6f4-97da150423b4,0.16,false,false,near_mint,de,CHF,2026-06-22T18:06:44.994Z
Yoris Karten,binder,Cinderclasm,ZNR,Zendikar Rising,136,normal,uncommon,1,54551,5516cf97-805f-4a21-a4c6-2d6e55865336,0.15,false,false,near_mint,de,CHF,2026-06-22T18:06:44.993Z
Yoris Karten,binder,Fry,M20,Core Set 2020,140,normal,uncommon,1,45321,070d7766-a662-443c-93c5-811dbdac2480,0.11,false,false,near_mint,de,CHF,2026-06-22T18:06:44.992Z
Yoris Karten,binder,Temur Battle Rage,CMM,Commander Masters,264,normal,common,1,84236,375bc646-942e-4bf5-9c71-2c5471828e35,0.19,false,false,near_mint,de,CHF,2026-06-22T18:06:44.991Z
Yoris Karten,binder,Scorchmark,RNA,Ravnica Allegiance,113,normal,common,1,43752,2a14834f-78ae-4ca5-9ce0-5b928ad3d76c,0.02,false,false,near_mint,de,CHF,2026-06-22T18:06:44.990Z
Yoris Karten,binder,Rush of Adrenaline,E02,Explorers of Ixalan,28,normal,common,2,3347,024eea40-6d8f-4b4e-9bcc-e55a9f12bf64,0.16,false,false,near_mint,de,CHF,2026-06-22T18:06:44.989Z
Yoris Karten,binder,Storm Strike,RNA,Ravnica Allegiance,119,normal,common,1,43746,8de24cba-545a-438b-9516-1c19a50ca78c,0.05,false,false,near_mint,de,CHF,2026-06-22T18:06:44.988Z
Yoris Karten,binder,Shivan Fire,DOM,Dominaria,142,normal,common,2,2134,21b9d339-99ed-4923-8f56-be37f29a0bfa,0.08,false,false,near_mint,de,CHF,2026-06-22T18:06:44.986Z
Yoris Karten,binder,Fiery Impulse,ORI,Magic Origins,145,normal,common,1,10797,5b81a589-44bf-4441-9079-1ae66d067519,0.26,false,false,near_mint,de,CHF,2026-06-22T18:06:44.984Z
Yoris Karten,binder,Shock,M21,Core Set 2021,159,normal,common,1,50819,59fa8e8d-bcb8-47bf-b71a-df11c8d0f2c9,0.13,false,false,near_mint,de,CHF,2026-06-22T18:06:44.981Z
Yoris Karten,binder,Infuriate,THB,Theros Beyond Death,141,normal,common,2,46921,85a74392-4056-428c-a807-b062957e838e,0.11,false,false,near_mint,de,CHF,2026-06-22T18:06:44.980Z
Yoris Karten,binder,Kindled Heroism,WOE,Wilds of Eldraine,138,normal,common,1,85297,22a6d05e-e566-4a85-bcf8-9d0fbea3dd14,0.09,false,false,near_mint,de,CHF,2026-06-22T18:06:44.979Z
Yoris Karten,binder,Kindled Fury,HOU,Hour of Devastation,101,normal,common,2,4574,cffb2c38-76b0-4d5f-a4d1-e2494f4be192,0.02,false,false,near_mint,de,CHF,2026-06-22T18:06:44.978Z
Yoris Karten,binder,Heat Ray,IMA,Iconic Masters,133,normal,common,2,3492,d59a9859-c50a-4dc5-aae2-56fcafb1792d,0.03,false,false,near_mint,de,CHF,2026-06-22T18:06:44.975Z
Yoris Karten,binder,Ravaging Blaze,CMM,Commander Masters,250,normal,uncommon,1,84746,ae28c04c-d208-4949-a3ec-7d549f5740c3,0.24,false,false,near_mint,de,CHF,2026-06-22T18:06:44.974Z
Yoris Karten,binder,Titan's Strength,2X2,Double Masters 2022,128,normal,common,3,70140,30f1bfbe-7cfd-4b11-be95-0df327a83c12,0.26,false,false,near_mint,de,CHF,2026-06-22T18:06:44.982Z
Yoris Karten,binder,Crushing Pain,CHK,Champions of Kamigawa,162,normal,common,3,29063,c58b4374-1a50-4574-8493-f5535c1020e8,0.14,false,false,near_mint,de,CHF,2026-06-22T18:06:44.996Z
Yoris Karten,binder,Fire Prophecy,IKO,Ikoria: Lair of Behemoths,116,normal,common,2,49961,4c2029e5-cf7d-461f-b7b9-bf96399d8f49,0.18,false,false,near_mint,de,CHF,2026-06-22T18:06:45.001Z
Yoris Karten,binder,Shredded Sails,IKO,Ikoria: Lair of Behemoths,136,normal,common,3,49941,8b10219a-aa72-4431-9a6a-984109a605c8,0.17,false,false,near_mint,de,CHF,2026-06-22T18:06:45.008Z
Yoris Karten,binder,Fiery Temper,INR,Innistrad Remastered,154,normal,uncommon,2,102450,1d3a3a1d-c393-4a57-8a0e-5907d1722331,0.27,false,false,near_mint,de,CHF,2026-06-22T18:06:45.037Z
Yoris Karten,binder,Fiery Cannonade,CMR,Commander Legends,178,normal,common,5,56043,396f1cdf-712b-4518-a0e8-0039303dccdc,0.19,false,false,near_mint,de,CHF,2026-06-22T18:06:45.039Z
Yoris Karten,binder,Tormenting Voice,M19,Core Set 2019,164,normal,common,4,1148,48dbbc83-5549-480f-bf98-da90495d2a29,0.24,false,false,near_mint,de,CHF,2026-06-22T18:06:45.121Z
Yoris Karten,binder,Devour in Flames,OGW,Oath of the Gatewatch,106,normal,uncommon,2,9276,432dd78b-9520-4c28-8699-d7ff9c477070,0.05,false,false,near_mint,de,CHF,2026-06-22T18:06:45.126Z
Yoris Karten,binder,Volcanic Rambler,ORI,Magic Origins,167,normal,common,1,10775,7fc075ee-16e9-4cf5-bbb0-7b3b4b9eb3f4,0.02,false,false,near_mint,de,CHF,2026-06-22T18:26:02.960Z
Yoris Karten,binder,Granitic Titan,HOU,Hour of Devastation,95,normal,common,1,4580,607bdb54-a956-4a9c-89cf-af6f1163b856,0.1,false,false,near_mint,de,CHF,2026-06-22T18:26:02.956Z
Yoris Karten,binder,Igneous Elemental,MH1,Modern Horizons,133,normal,common,1,44801,974bf524-5322-4287-ac49-face12655874,0.04,false,false,near_mint,de,CHF,2026-06-22T18:26:02.954Z
Yoris Karten,binder,Lava Serpent,IKO,Ikoria: Lair of Behemoths,124,normal,common,1,49953,00ebd57f-7f7c-41b0-aa56-511c1816bc14,0.1,false,false,near_mint,de,CHF,2026-06-22T18:26:02.952Z
Yoris Karten,binder,Volcanic Dragon,CMR,Commander Legends,207,normal,uncommon,1,56057,46419d29-21a1-4753-a2f0-1d0d996ec54e,0.17,false,false,near_mint,de,CHF,2026-06-22T18:26:02.951Z
Yoris Karten,binder,Ingot Chewer,ECC,Lorwyn Eclipsed Commander,95,normal,common,1,110615,c2086d4e-c202-4677-8dee-ecabd61cf921,0.2,false,false,near_mint,de,CHF,2026-06-22T18:26:02.943Z
Yoris Karten,binder,Akroan Conscriptor,BNG,Born of the Gods,87,normal,uncommon,1,14873,decb529f-44fd-409d-932f-be9c403f12f6,0.15,false,false,near_mint,de,CHF,2026-06-22T18:26:02.941Z
Yoris Karten,binder,Cinder Hellion,OGW,Oath of the Gatewatch,105,normal,common,1,9277,5a069118-42e4-40e3-a2ba-593ac89b9064,0.03,false,false,near_mint,de,CHF,2026-06-22T18:26:02.940Z
Yoris Karten,binder,Prickleboar,ORI,Magic Origins,158,normal,common,1,10784,3191a8fd-2c54-4e47-9d5a-692bb38c811f,0.05,false,false,near_mint,de,CHF,2026-06-22T18:26:02.937Z
Yoris Karten,binder,Whiptail Moloch,DIS,Dissension,79,normal,common,1,27346,ccd8e674-49be-47b7-910d-736c9acfa916,0.04,false,false,near_mint,de,CHF,2026-06-22T18:26:02.927Z
Yoris Karten,binder,Soul of Magma,CHK,Champions of Kamigawa,189,normal,common,1,29036,40b20126-da96-4d79-8d3f-8d7da8e94f4a,0.07,false,false,near_mint,de,CHF,2026-06-22T18:26:02.923Z
Yoris Karten,binder,Ambush Party,HML,Homelands,63a,normal,common,1,39222,87e24788-cc7c-4f5d-84d8-dcb35e10626f,0.1,false,false,near_mint,de,CHF,2026-06-22T18:26:02.916Z
Yoris Karten,binder,Rubblebelt Recluse,M20,Core Set 2020,334,normal,common,1,45126,b0d43107-713d-4ff2-8cbd-237c7393229f,0.24,false,false,near_mint,de,CHF,2026-06-22T18:26:02.915Z
Yoris Karten,binder,Gilded Cerodon,HOU,Hour of Devastation,94,normal,common,1,4581,f68c8fbd-9223-447d-a85c-fa6222c75277,0.03,false,false,near_mint,de,CHF,2026-06-22T18:26:02.912Z
Yoris Karten,binder,Mardu Heart-Piercer,KTK,Khans of Tarkir,116,normal,uncommon,1,13282,d17b6eee-da22-48aa-ba8a-cbd1a3389bcb,0.02,false,false,near_mint,de,CHF,2026-06-22T18:26:02.909Z
Yoris Karten,binder,Enthralling Victor,BBD,Battlebond,176,normal,uncommon,1,1817,559a4875-2c91-4013-afc9-7832d8e1e818,0.04,false,false,near_mint,de,CHF,2026-06-22T18:26:02.903Z
Yoris Karten,binder,Embodiment of Fury,OGW,Oath of the Gatewatch,107,normal,uncommon,1,9275,92f385d1-a6c5-40b7-bc90-6f71b6f815e7,0.11,false,false,near_mint,de,CHF,2026-06-22T18:26:02.898Z
Yoris Karten,binder,Curator of Sun's Creation,LCI,The Lost Caverns of Ixalan,141,normal,uncommon,1,88760,a144d0b3-678d-4f4c-a9b0-22af19f5cf9f,0.23,false,false,near_mint,de,CHF,2026-06-22T18:26:02.897Z
Yoris Karten,binder,Child of the Volcano,LCI,The Lost Caverns of Ixalan,140,normal,common,1,88997,e964f026-9cbf-4fa2-acdc-60d19b88f183,0.07,false,false,near_mint,de,CHF,2026-06-22T18:26:02.896Z
Yoris Karten,binder,Furnace Whelp,IMA,Iconic Masters,129,normal,common,1,3496,1267597a-bbfe-4fb7-91b7-7fee371f0dfd,0.04,false,false,near_mint,de,CHF,2026-06-22T18:26:02.895Z
Yoris Karten,binder,Skophos Maze-Warden,THB,Theros Beyond Death,153,normal,uncommon,1,46909,0f470a7b-63ef-4efa-855e-f8a3ce1ab534,0.02,false,false,near_mint,de,CHF,2026-06-22T18:26:02.888Z
Yoris Karten,binder,Thundering Sparkmage,ZNR,Zendikar Rising,171,normal,uncommon,1,54686,a9e6de80-3516-426b-8a1b-bda45f8c0cac,0.09,false,false,near_mint,de,CHF,2026-06-22T18:26:02.887Z
Yoris Karten,binder,Skyraker Giant,FDN,Foundations,547,normal,common,1,101526,5e3fbafb-e915-43eb-8a68-245840ba73ff,0.09,false,false,near_mint,de,CHF,2026-06-22T18:26:02.872Z
Yoris Karten,binder,Sabertooth Outrider,DTK,Dragons of Tarkir,152,normal,common,1,11662,64ddda91-3ccb-4c87-82e6-d4e60f4afc24,0.06,false,false,near_mint,de,CHF,2026-06-22T18:26:02.870Z
Yoris Karten,binder,Rampaging Cyclops,DOM,Dominaria,139,normal,common,1,2137,7fdac0c6-bf72-4a9b-9fad-ae7bc2632a4a,0.02,false,false,near_mint,de,CHF,2026-06-22T18:26:02.865Z
Yoris Karten,binder,Warcry Phoenix,DOM,Dominaria,150,normal,uncommon,1,2126,ff561f01-8dbc-4988-be00-592d1e417396,0.23,false,false,near_mint,de,CHF,2026-06-22T18:26:02.864Z
Yoris Karten,binder,Gorehorn Minotaurs,E01,Archenemy: Nicol Bolas,49,normal,common,1,4877,87573fa7-5593-4810-bc4a-0caa55577be5,0.04,false,false,near_mint,de,CHF,2026-06-22T18:26:02.862Z
Yoris Karten,binder,Skizzik,DOM,Dominaria,145,normal,uncommon,1,2131,77af9d28-1639-47bd-b925-7f3d2eefd352,0.1,false,false,near_mint,de,CHF,2026-06-22T18:26:02.859Z
Yoris Karten,binder,Daggersail Aeronaut,M20,Core Set 2020,133,normal,common,1,45328,5a46b090-8b03-4498-840e-cf130510892c,0.03,false,false,near_mint,de,CHF,2026-06-22T18:26:02.856Z
Yoris Karten,binder,Lightning Talons,BBD,Battlebond,180,normal,common,2,1813,5a7e5dd8-2c7d-4dc1-b991-ce90d8e86b43,0.03,false,false,near_mint,de,CHF,2026-06-22T18:26:02.851Z
Yoris Karten,binder,Dreamstalker Manticore,THB,Theros Beyond Death,131,normal,uncommon,1,46931,ee10eaa0-dbe0-45ee-9a7d-395ec5d27e08,0.07,false,false,near_mint,de,CHF,2026-06-22T18:26:02.850Z
Yoris Karten,binder,Sabertooth Alley Cat,RAV,Ravnica: City of Guilds,140,normal,common,1,27870,b9ec817c-c414-4a56-b455-748c6e5cac0d,0.14,false,false,near_mint,de,CHF,2026-06-22T18:26:02.843Z
Yoris Karten,binder,Blood Ogre,E01,Archenemy: Nicol Bolas,41,normal,common,1,4885,3f249a72-7568-4603-94f4-01a605fc1771,0.08,false,false,near_mint,de,CHF,2026-06-22T18:26:02.835Z
Yoris Karten,binder,Reckless Bushwhacker,OGW,Oath of the Gatewatch,116,normal,uncommon,1,9266,0405b1b9-976a-4aaf-bec6-fa006decea74,0.26,false,false,near_mint,de,CHF,2026-06-22T18:26:02.834Z
Yoris Karten,binder,Plundering Pirate,LCI,The Lost Caverns of Ixalan,160,normal,common,1,88525,5bb2552f-8370-4931-83e1-93706d51413a,0.18,false,false,near_mint,de,CHF,2026-06-22T18:26:02.833Z
Yoris Karten,binder,Storm Herald,THB,Theros Beyond Death,156,normal,rare,1,46906,e0594aa2-1c53-4271-a0d0-9002c07f3697,0.19,false,false,near_mint,de,CHF,2026-06-22T18:26:02.831Z
Yoris Karten,binder,Barbarian Lunatic,ODY,Odyssey,175,normal,common,1,32002,6c899f9b-ebce-4424-9cd9-861a50a5f7d2,0.04,false,false,near_mint,de,CHF,2026-06-22T18:26:02.829Z
Yoris Karten,binder,Sabretooth Tiger,6ED,Classic Sixth Edition,203,normal,common,1,35174,b4f0585f-f4ea-4b49-b090-8fdf56e5de7d,0.05,false,false,near_mint,de,CHF,2026-06-22T18:26:02.828Z
Yoris Karten,binder,Khenra Scrapper,HOU,Hour of Devastation,100,normal,common,1,4575,e5d4caac-95e8-47bb-90c4-3bf877afdc57,0.05,false,false,near_mint,de,CHF,2026-06-22T18:26:02.827Z
Yoris Karten,binder,Kazuul's Toll Collector,2XM,Double Masters,133,normal,common,1,52157,7377e5a7-b479-48cc-8fbb-01af87c62566,0.19,false,false,near_mint,de,CHF,2026-06-22T18:26:02.822Z
Yoris Karten,binder,Akoum Flameseeker,OGW,Oath of the Gatewatch,101,normal,common,1,9281,6ef4e1e2-7961-47d2-bb55-9168ea201214,0.04,false,false,near_mint,de,CHF,2026-06-22T18:26:02.821Z
Yoris Karten,binder,Thresher Lizard,A25,Masters 25,153,normal,common,2,2563,bff0d9ba-100a-4f4a-b04b-1382ed912eaa,0.02,false,false,near_mint,de,CHF,2026-06-22T18:26:02.820Z
Yoris Karten,binder,Prickly Marmoset,IKO,Ikoria: Lair of Behemoths,129,normal,common,1,49948,bad8512f-31b9-48ba-bb10-1497303dcfba,0.11,false,false,near_mint,de,CHF,2026-06-22T18:26:02.812Z
Yoris Karten,binder,Destructive Digger,M20,Core Set 2020,134,normal,common,1,45327,d981b310-5e75-4f30-baf6-37f069f00aa3,0.02,false,false,near_mint,de,CHF,2026-06-22T18:26:02.810Z
Yoris Karten,binder,Flamespeaker Adept,THS,Theros,123,normal,uncommon,1,15541,b84b90b6-71e2-429e-9853-50bcbd6538db,0.05,false,false,near_mint,de,CHF,2026-06-22T18:26:02.802Z
Yoris Karten,binder,Regathan Firecat,M14,Magic 2014,150,normal,common,1,15901,4b4df1dd-886d-4fe7-b3f7-2dca044de41c,0.04,false,false,near_mint,de,CHF,2026-06-22T18:26:02.782Z
Yoris Karten,binder,Swaggering Corsair,RIX,Rivals of Ixalan,119,normal,common,1,2899,22da9f6a-9598-4cfe-b465-719266b65dee,0.06,false,false,near_mint,de,CHF,2026-06-22T18:26:02.781Z
Yoris Karten,binder,Brazen Scourge,FDN,Foundations,191,normal,uncommon,1,101616,eb84b86c-3276-4fc1-a09d-47de388cb729,0.04,false,false,near_mint,de,CHF,2026-06-22T18:26:02.777Z
Yoris Karten,binder,Salivating Gremlins,2XM,Double Masters,143,normal,common,1,52093,0cbec0d9-42b4-4aff-8d55-0721c8911de3,0.06,false,false,near_mint,de,CHF,2026-06-22T18:26:02.776Z
Yoris Karten,binder,Bogardan Dragonheart,MH1,Modern Horizons,120,normal,common,1,44814,feb81f44-8f22-4d28-a452-a50bef69a3e3,0.11,false,false,near_mint,de,CHF,2026-06-22T18:26:02.773Z
Yoris Karten,binder,Wojek Bodyguard,CLU,Ravnica: Clue Edition,154,normal,common,1,90639,08e3015b-9c76-484e-9d28-0fbdeb982605,0.06,false,false,near_mint,de,CHF,2026-06-22T18:26:02.772Z
Yoris Karten,binder,Aethertorch Renegade,KLD,Kaladesh,106,normal,uncommon,1,7537,e5c443e1-fd13-4627-85a9-8e9a340a2786,0.13,false,false,near_mint,de,CHF,2026-06-22T18:26:02.769Z
Yoris Karten,binder,Keldon Overseer,DOM,Dominaria,134,normal,common,1,2142,ec66b814-9c47-4d17-8c02-1d9be565c76c,0.11,false,false,near_mint,de,CHF,2026-06-22T18:26:02.768Z
Yoris Karten,binder,Jeering Instigator,KTK,Khans of Tarkir,113,normal,rare,1,13285,72777ccf-1cd8-45e8-8dfb-0a42550b5607,0.25,false,false,near_mint,de,CHF,2026-06-22T18:26:02.762Z
Yoris Karten,binder,Satyr Rambler,THS,Theros,139,normal,common,1,15525,fabccddd-c0ea-45a5-bebc-d8f858242a2a,0.11,false,false,near_mint,de,CHF,2026-06-22T18:26:02.758Z
Yoris Karten,binder,Chandra's Embercat,M20,Core Set 2020,129,normal,common,1,45332,30f9c266-f32e-4483-9709-f83675331688,0.1,false,false,near_mint,de,CHF,2026-06-22T18:26:02.757Z
Yoris Karten,binder,Grotag Bug-Catcher,ZNR,Zendikar Rising,142,normal,common,1,54563,5b310b01-f9cb-48ce-8af3-5957d3abf098,0.06,false,false,near_mint,de,CHF,2026-06-22T18:26:02.748Z
Yoris Karten,binder,Everflame Eidolon,BNG,Born of the Gods,92,normal,uncommon,2,14868,a018d5ea-5229-40ca-b7c5-31d3e8ebb894,0.09,false,false,near_mint,de,CHF,2026-06-22T18:26:02.747Z
Yoris Karten,binder,Sunshot Militia,LCI,The Lost Caverns of Ixalan,168,normal,common,1,88920,d3114f5c-21e9-43c3-abe3-3cf1da20916f,0.23,false,false,near_mint,de,CHF,2026-06-22T18:26:02.744Z
Yoris Karten,binder,Dragonlord's Servant,TDC,Tarkir: Dragonstorm Commander,210,normal,uncommon,2,104924,be6fa0dc-74e7-4fad-9bdd-8e986612577a,0.23,false,false,near_mint,de,CHF,2026-06-22T18:26:02.743Z
Yoris Karten,binder,Scourge Wolf,SOI,Shadows over Innistrad,179,normal,rare,1,8817,072f47ad-3055-4bd2-b7fd-cfbd22720d58,0.09,false,false,near_mint,de,CHF,2026-06-22T18:26:02.742Z
Yoris Karten,binder,Belligerent Yearling,LCI,The Lost Caverns of Ixalan,133,normal,uncommon,1,88260,0b2debca-8535-4cf6-a461-c268faaacaae,0.2,false,false,near_mint,de,CHF,2026-06-22T18:26:02.741Z
Yoris Karten,binder,Pathmaker Initiate,BBD,Battlebond,182,normal,common,1,1811,a2cfcb26-565d-451c-9a99-00a8a84a033d,0.04,false,false,near_mint,de,CHF,2026-06-22T18:26:02.736Z
Yoris Karten,binder,Battlefield Scavenger,AKH,Amonkhet,118,normal,uncommon,1,5567,f0eb1a40-8239-4544-96a1-a4acaf7e2054,0.06,false,false,near_mint,de,CHF,2026-06-22T18:26:02.735Z
Yoris Karten,binder,War-Name Aspirant,KTK,Khans of Tarkir,126,normal,uncommon,1,13272,e8d1714b-ff65-4c5c-ad21-b469f2c72286,0.06,false,false,near_mint,de,CHF,2026-06-22T18:26:02.734Z
Yoris Karten,binder,Hearth Kami,CHK,Champions of Kamigawa,171,normal,common,1,29054,d7361289-5111-49c2-a786-b7181384596b,0.06,false,false,near_mint,de,CHF,2026-06-22T18:26:02.733Z
Yoris Karten,binder,Nimble-Blade Khenra,AKH,Amonkhet,145,normal,common,1,5540,5e36a17b-89d6-4de9-867b-9762afedb4f1,0.04,false,false,near_mint,de,CHF,2026-06-22T18:26:02.732Z
Yoris Karten,binder,Kessig Forgemaster // Flameheart Werewolf,SOI,Shadows over Innistrad,169,normal,uncommon,1,8827,33e542ce-1106-489d-9563-bd62886b8ed3,0.19,false,false,near_mint,de,CHF,2026-06-22T18:26:02.729Z
Yoris Karten,binder,Glass of the Guildpact,RNA,Ravnica Allegiance,233,normal,rare,1,43632,d1022d41-c1d0-42bf-b3e5-d6fb02d47119,0.18,false,false,near_mint,de,CHF,2026-06-22T18:26:02.722Z
Yoris Karten,binder,Bladeback Sliver,MH1,Modern Horizons,119,normal,common,1,44815,7066c9ab-9420-46f9-a6c7-ce4d5273e2fa,0.12,false,false,near_mint,de,CHF,2026-06-22T18:26:02.700Z
Yoris Karten,binder,Viashino Slasher,RAV,Ravnica: City of Guilds,149,normal,common,1,27861,5fa18f23-c995-4fcc-8e95-bbf76426e703,0.03,false,false,near_mint,de,CHF,2026-06-22T18:26:02.697Z
Yoris Karten,binder,Battle-Mad Ronin,CHK,Champions of Kamigawa,156,normal,common,1,29070,a6e4394a-fa91-4cf9-99c1-dc0bc1011c5b,0.1,false,false,near_mint,de,CHF,2026-06-22T18:26:02.694Z
Yoris Karten,binder,Ember-Fist Zubera,CHK,Champions of Kamigawa,166,normal,common,1,29059,0150e3f0-237e-4669-9401-d2cd08e86387,0.14,false,false,near_mint,de,CHF,2026-06-22T18:26:02.693Z
Yoris Karten,binder,Sun-Collared Raptor,RIX,Rivals of Ixalan,118,normal,common,2,2900,62fbd1bc-3e57-43d5-ad54-443ca740fcc4,0.1,false,false,near_mint,de,CHF,2026-06-22T18:26:02.692Z
Yoris Karten,binder,Bloodstone Goblin,DOM,Dominaria,115,normal,common,1,2161,31adbfd4-56aa-4137-aeba-8720233260be,0.09,false,false,near_mint,de,CHF,2026-06-22T18:26:02.687Z
Yoris Karten,binder,Cinder Wall,WTH,Weatherlight,94,normal,common,1,37203,6c1e429c-2e66-4363-b50a-b12b72efa060,0.06,false,false,near_mint,de,CHF,2026-06-22T18:26:02.685Z
Yoris Karten,binder,Goblin Tomb Raider,LCI,The Lost Caverns of Ixalan,151,normal,common,1,88218,018160fe-f602-43f5-8495-241a08eaa69c,0.23,false,false,near_mint,de,CHF,2026-06-22T18:26:02.679Z
Yoris Karten,binder,Kris Mage,MMQ,Mercadian Masques,195,normal,common,1,34215,4389fbcd-182a-4cac-b14f-aa971948cf8e,0.19,false,false,near_mint,de,CHF,2026-06-22T18:26:02.678Z
Yoris Karten,binder,Insolent Neonate,SOI,Shadows over Innistrad,168,normal,common,1,8828,813104f6-e6e4-4709-8626-12fe4262a11f,0.14,false,false,near_mint,de,CHF,2026-06-22T18:26:02.674Z
Yoris Karten,binder,Foundry Street Denizen,DDT,Duel Decks: Merfolk vs. Goblins,38,normal,common,1,3673,a328c8d8-a404-43b5-8c79-2e79d639fb40,0.12,false,false,near_mint,de,CHF,2026-06-22T18:26:02.668Z
Yoris Karten,binder,Goblin Champion,MH1,Modern Horizons,127,normal,common,1,44807,9543660a-6797-4719-bbe7-ff6e40709599,0.13,false,false,near_mint,de,CHF,2026-06-22T18:26:02.664Z
Yoris Karten,binder,Goblin Motivator,M19,Core Set 2019,143,normal,common,1,1169,94b3a4fb-9024-45ef-a54b-cf3a9fa5b9c2,0.21,false,false,near_mint,de,CHF,2026-06-22T18:26:02.662Z
Yoris Karten,binder,Kird Ape,EMA,Eternal Masters,137,normal,common,1,8538,e14a5c79-29a3-4415-9b70-b287a474a0e0,0.15,false,false,near_mint,de,CHF,2026-06-22T18:26:02.661Z
Yoris Karten,binder,Akroan Crusader,UMA,Ultimate Masters,121,normal,common,1,43388,73d295ac-3c83-47db-a324-aa4907bcefdd,0.07,false,false,near_mint,de,CHF,2026-06-22T18:26:02.655Z
Yoris Karten,binder,Torch Courier,GRN,Guilds of Ravnica,119,normal,common,1,364,d4c9fc8c-e68f-4636-84b8-877f6ec04b09,0.21,false,false,near_mint,de,CHF,2026-06-22T18:26:02.654Z
Yoris Karten,binder,Into the Maw of Hell,ISD,Innistrad,150,normal,uncommon,1,18748,5d188d9b-7a12-4eaf-855b-af4f0204dc5a,0.23,false,false,near_mint,de,CHF,2026-06-22T18:26:02.653Z
Yoris Karten,binder,Pyrotechnics,FRF,Fate Reforged,111,normal,uncommon,2,12015,51893dd5-e70f-44bb-85d4-e31480ba84d6,0.04,false,false,near_mint,de,CHF,2026-06-22T18:26:02.647Z
Yoris Karten,binder,Fiery Intervention,DOM,Dominaria,118,normal,common,1,2158,67f36a25-3692-4f2e-a25e-84b90656e6a4,0.04,false,false,near_mint,de,CHF,2026-06-22T18:26:02.646Z
Yoris Karten,binder,Fierce Invocation,FRF,Fate Reforged,98,normal,common,1,12028,0137de04-9fd7-41b0-b497-163e6e93432b,0.07,false,false,near_mint,de,CHF,2026-06-22T18:26:02.645Z
Yoris Karten,binder,Press into Service,OGW,Oath of the Gatewatch,114,normal,uncommon,1,9268,69b9eb4b-3ab8-4506-baa4-3a818e7677a3,0.14,false,false,near_mint,de,CHF,2026-06-22T18:26:02.643Z
Yoris Karten,binder,Vandalize,DTK,Dragons of Tarkir,165,normal,common,1,11649,48b04f7a-4fd6-47d2-b378-99c7fb0c1809,0.07,false,false,near_mint,de,CHF,2026-06-22T18:26:02.641Z
Yoris Karten,binder,Demolish,ORI,Magic Origins,139,normal,common,5,10803,ae7c95da-458d-4914-9e7c-2c5fc1aa626b,0.09,false,false,near_mint,de,CHF,2026-06-22T18:26:02.638Z
Yoris Karten,binder,Demolish,KLD,Kaladesh,113,normal,common,1,7530,2d231d40-c113-4a8d-897c-ed3120a1363e,0.05,false,false,near_mint,de,CHF,2026-06-22T18:26:02.637Z
Yoris Karten,binder,Portent of Betrayal,THB,Theros Beyond Death,149,normal,common,4,46913,b9c2b855-5079-418e-bfb4-9fc575ebe4f7,0.1,false,false,near_mint,de,CHF,2026-06-22T18:26:02.636Z
Yoris Karten,binder,Lightning Javelin,ORI,Magic Origins,153,normal,common,2,10789,c1ccaeed-9670-4432-8a45-d5c06119fa9f,0.03,false,false,near_mint,de,CHF,2026-06-22T18:26:02.635Z
Yoris Karten,binder,Puncturing Blow,HOU,Hour of Devastation,106,normal,common,2,4569,d7d88da5-d9a3-49b3-a091-458b058c9114,0.02,false,false,near_mint,de,CHF,2026-06-22T18:26:02.633Z
Yoris Karten,binder,Tentative Connection,IKO,Ikoria: Lair of Behemoths,138,normal,common,2,49939,5c40fd33-bb95-48f3-a10f-a33eb27c48f1,0.18,false,false,near_mint,de,CHF,2026-06-22T18:26:02.632Z
Yoris Karten,binder,Wrap in Flames,THB,Theros Beyond Death,164,normal,common,2,46898,b5f7ff4f-3fd6-4084-aaf7-9f290ecc0181,0.04,false,false,near_mint,de,CHF,2026-06-22T18:26:02.631Z
Yoris Karten,binder,Malevolent Whispers,C19,Commander 2019,150,normal,uncommon,1,45784,b4b0da4b-88b0-4f9a-b16f-3ad383493d1f,0.21,false,false,near_mint,de,CHF,2026-06-22T18:26:02.628Z
Yoris Karten,binder,Rumbling Rockslide,IKO,Ikoria: Lair of Behemoths,134,normal,common,1,49943,96f9aaa7-11c7-4cd0-9803-9471c14ab846,0.08,false,false,near_mint,de,CHF,2026-06-22T18:26:02.626Z
Yoris Karten,binder,Start Your Engines,KLD,Kaladesh,135,normal,uncommon,1,7508,bbae1eb8-697d-43e1-b03e-f4246a9f225e,0.23,false,false,near_mint,de,CHF,2026-06-22T18:26:02.623Z
Yoris Karten,binder,Madcap Experiment,KLD,Kaladesh,122,normal,rare,2,7521,05768b87-d2df-42fc-bf63-e471d31b32e3,0.14,false,false,near_mint,de,CHF,2026-06-22T18:26:02.629Z
Yoris Karten,binder,Arrow Storm,KTK,Khans of Tarkir,98,normal,common,3,13300,c57534fb-2591-4003-aeec-6452faa4a759,0.04,false,false,near_mint,de,CHF,2026-06-22T18:26:02.648Z
Yoris Karten,binder,Fanatical Firebrand,FDN,Foundations,195,normal,common,2,101598,d1296316-7781-4e98-95e6-7020648be6a5,0.2,false,false,near_mint,de,CHF,2026-06-22T18:26:02.657Z
Yoris Karten,binder,Goblin Arsonist,M21,Core Set 2021,147,normal,common,2,51082,fa4bf664-3b92-4598-b905-2bc090958c8b,0.2,false,false,near_mint,de,CHF,2026-06-22T18:26:02.663Z
Yoris Karten,binder,Bloodlust Inciter,AKH,Amonkhet,120,normal,common,2,5565,b1cd0757-1b06-4e1b-a236-31271bd0d9a3,0.1,false,false,near_mint,de,CHF,2026-06-22T18:26:02.675Z
Yoris Karten,binder,Spear Spewer,RNA,Ravnica Allegiance,117,normal,common,2,43748,dbee1daa-b4ba-49ee-bed1-e70fa09942a2,0.19,false,false,near_mint,de,CHF,2026-06-22T18:26:02.676Z
Yoris Karten,binder,Goblin Locksmith,GRN,Guilds of Ravnica,104,normal,common,2,379,cf2bed0a-990a-499a-af0a-52b77557d7cb,0.11,false,false,near_mint,de,CHF,2026-06-22T18:26:02.688Z
Yoris Karten,binder,Embereth Shieldbreaker // Battle Display,CLB,Commander Legends: Battle for Baldur's Gate,792,normal,uncommon,3,69689,e2f789b3-3274-4a93-b44b-fabc44c1833c,0.17,false,false,near_mint,de,CHF,2026-06-22T18:26:02.703Z
Yoris Karten,binder,Underworld Rage-Hound,THB,Theros Beyond Death,163,normal,common,3,46899,a04eef82-fd53-41f4-9c7e-28b9ac039032,0.11,false,false,near_mint,de,CHF,2026-06-22T18:26:02.704Z
Yoris Karten,binder,Arena Athlete,UMA,Ultimate Masters,123,normal,common,2,43386,bacc2881-26b8-4199-9b7d-e12c75effe6e,0.06,false,false,near_mint,de,CHF,2026-06-22T18:26:02.706Z
Yoris Karten,binder,Nef-Crop Entangler,AKH,Amonkhet,144,normal,common,3,5541,96569dc0-ea94-4a43-b002-85c5066e5386,0.02,false,false,near_mint,de,CHF,2026-06-22T18:26:02.708Z
Yoris Karten,binder,Ember-Eye Wolf,SOI,Shadows over Innistrad,154,normal,common,2,8842,98fe1e1e-b14a-4efe-894b-b9da635f007f,0.05,false,false,near_mint,de,CHF,2026-06-22T18:26:02.709Z
Yoris Karten,binder,Sanguinary Mage,SOI,Shadows over Innistrad,178,normal,common,3,8818,ace86fac-769c-4440-9a40-318d7172555b,0.05,false,false,near_mint,de,CHF,2026-06-22T18:26:02.710Z
Yoris Karten,binder,Subterranean Scout,DMR,Dominaria Remastered,143,normal,common,4,78098,b9e6c26c-84f8-46dd-bb32-b3fc57e172c0,0.08,false,false,near_mint,de,CHF,2026-06-22T18:26:02.713Z
Yoris Karten,binder,Rimrock Knight // Boulder Rush,ELD,Throne of Eldraine,137,normal,common,5,46201,a3d13d84-01e4-4429-93db-e5afff811527,0.12,false,false,near_mint,de,CHF,2026-06-22T18:26:02.715Z
Yoris Karten,binder,Teeterpeak Ambusher,ZNR,Zendikar Rising,169,normal,common,3,54691,ad57c2f3-d9cb-4165-bb39-897b5b12689e,0.05,false,false,near_mint,de,CHF,2026-06-22T18:26:02.721Z
Yoris Karten,binder,Careless Celebrant,THB,Theros Beyond Death,129,normal,uncommon,2,46933,bac6bdd4-b25b-41f6-835d-7d1570cdb951,0.12,false,false,near_mint,de,CHF,2026-06-22T18:26:02.726Z
Yoris Karten,binder,Valley Dasher,KTK,Khans of Tarkir,125,normal,common,4,13273,8543adbd-0dd1-47d3-ac41-2ec72d6a5d35,0.02,false,false,near_mint,de,CHF,2026-06-22T18:26:02.745Z
Yoris Karten,binder,Irreverent Revelers,THB,Theros Beyond Death,143,normal,common,2,46919,55405dca-3555-45ff-be1c-e276fe1a0c2e,0.08,false,false,near_mint,de,CHF,2026-06-22T18:26:02.770Z
Yoris Karten,binder,Dragon Egg,CMR,Commander Legends,173,normal,common,3,56035,300761b6-9943-4251-9b1a-96a940f3334b,0.2,false,false,near_mint,de,CHF,2026-06-22T18:26:02.783Z
Yoris Karten,binder,Expedition Champion,ZNR,Zendikar Rising,138,normal,common,2,54503,30084dc1-f501-4b7c-972d-1a3b9137083a,0.07,false,false,near_mint,de,CHF,2026-06-22T18:26:02.797Z
Yoris Karten,binder,Bloodfire Expert,KTK,Khans of Tarkir,101,normal,common,3,13297,0742564e-f7a7-4107-b9ed-63703ca4702c,0.02,false,false,near_mint,de,CHF,2026-06-22T18:26:02.803Z
Yoris Karten,binder,Convicted Killer // Branded Howler,SOI,Shadows over Innistrad,149,normal,common,3,8847,f43f5f02-1b29-4e75-a6af-378dcc88c3df,0.05,false,false,near_mint,de,CHF,2026-06-22T18:26:02.804Z
Yoris Karten,binder,Bloodmad Vampire,INR,Innistrad Remastered,145,normal,common,2,102662,8a9747c1-ef2c-4c61-9529-abfb6ae0f964,0.1,false,false,near_mint,de,CHF,2026-06-22T18:26:02.805Z
Yoris Karten,binder,Gore Swine,FRF,Fate Reforged,103,normal,common,2,12023,31c36d53-1173-4a55-8fb8-63a624fde7de,0.06,false,false,near_mint,de,CHF,2026-06-22T18:26:02.832Z
Yoris Karten,binder,Hyena Pack,AKH,Amonkhet,139,normal,common,2,5546,f9fa8351-567e-4ef4-8346-c58e50c778a6,0.04,false,false,near_mint,de,CHF,2026-06-22T18:26:02.857Z
Yoris Karten,binder,Emberhorn Minotaur,AKH,Amonkhet,130,normal,common,2,5555,81e7aeca-eaba-4d9a-b061-0d9a63b03b3a,0.05,false,false,near_mint,de,CHF,2026-06-22T18:26:02.858Z
Yoris Karten,binder,Arena Trickster,THB,Theros Beyond Death,126,normal,common,3,46936,e096049d-9f02-4abb-bb5a-97b14fd17099,0.02,false,false,near_mint,de,CHF,2026-06-22T18:26:02.866Z
Yoris Karten,binder,Firefiend Elemental,ORI,Magic Origins,146,normal,common,6,10796,55051412-8749-4b65-ac76-c20ef57fd2e3,0.05,false,false,near_mint,de,CHF,2026-06-22T18:26:02.882Z
Yoris Karten,binder,Vaultbreaker,FRF,Fate Reforged,117,normal,uncommon,2,12009,12891fcf-7118-428a-bdfe-9495a77f8b3d,0.03,false,false,near_mint,de,CHF,2026-06-22T18:26:02.904Z
Yoris Karten,binder,Lightning Shrieker,FRF,Fate Reforged,106,normal,common,3,12020,0071bf6e-a78b-4286-b3e7-acf44631a001,0.04,false,false,near_mint,de,CHF,2026-06-22T18:26:02.913Z
Yoris Karten,binder,Quakefoot Cyclops,MH1,Modern Horizons,142,normal,common,2,44792,27573ee0-156a-4bf3-95eb-5e7b63c638e7,0.16,false,false,near_mint,de,CHF,2026-06-22T18:26:02.918Z
Yoris Karten,binder,Stampeding Horncrest,RIX,Rivals of Ixalan,116,normal,common,2,2902,3d4d4bb3-583c-4c3b-b6b7-342a78bbaec6,0.06,false,false,near_mint,de,CHF,2026-06-22T18:26:02.920Z
Yoris Karten,binder,Pyroclastic Hellion,ZNR,Zendikar Rising,152,normal,common,2,54559,5929c89b-8c61-47f5-a8ec-b64bf41e9d5b,0.06,false,false,near_mint,de,CHF,2026-06-22T18:26:02.922Z
Yoris Karten,binder,Cloudpiercer,IKO,Ikoria: Lair of Behemoths,112,normal,common,3,49965,3ec5f005-d8fb-48b8-8ac5-74445cc83273,0.13,false,false,near_mint,de,CHF,2026-06-22T18:26:02.924Z
Yoris Karten,binder,Manticore of the Gauntlet,AKH,Amonkhet,142,normal,common,2,5543,82b6ece3-1574-4634-b940-829e54c4f78d,0.02,false,false,near_mint,de,CHF,2026-06-22T18:26:02.929Z
Yoris Karten,binder,Cloudpiercer,IKO,Ikoria: Lair of Behemoths,291,normal,common,2,49786,3db7d906-1794-40eb-9d73-1f2a4db3a13f,0.18,false,false,near_mint,de,CHF,2026-06-22T18:26:02.930Z
Yoris Karten,binder,Canyon Lurkers,KTK,Khans of Tarkir,105,normal,common,2,13293,ef6c56d1-6eca-43be-9834-0478bea67b48,0.03,false,false,near_mint,de,CHF,2026-06-22T18:26:02.944Z
Yoris Karten,binder,Rampaging Ceratops,LCI,The Lost Caverns of Ixalan,162,normal,uncommon,2,88675,8bab3f8f-cb06-466d-a35d-0b5e1a2b524c,0.09,false,false,near_mint,de,CHF,2026-06-22T18:26:02.945Z
Yoris Karten,binder,Desert Cerodon,AKH,Amonkhet,128,normal,common,2,5557,2047c2e5-8b3b-4c6b-91cf-3484f21e52f0,0.1,false,false,near_mint,de,CHF,2026-06-22T18:26:02.955Z
Yoris Karten,binder,Defiant Ogre,FRF,Fate Reforged,96,normal,common,4,12030,09cfd3d5-1b44-4dc7-b35d-703f3a75da88,0.02,false,false,near_mint,de,CHF,2026-06-22T18:26:02.957Z
Yoris Karten,binder,Segovian Angel,MH1,Modern Horizons,25,normal,common,2,44909,b5dbaec5-502d-48c2-9e71-c12cd0bccc6a,0.34,false,false,near_mint,de,CHF,2026-06-22T18:49:26.415Z
Yoris Karten,binder,Abzan Falconer,MOC,March of the Machine Commander,165,normal,uncommon,1,82050,f7e2b0e1-c9ea-4f91-b19e-73b1bd6a0884,0.31,false,false,near_mint,de,CHF,2026-06-22T18:49:26.414Z
Yoris Karten,binder,Chosen by Heliod,THS,Theros,5,normal,common,1,15659,d8ead499-920c-465a-a23d-f08710d7e9bc,0.06,false,false,near_mint,de,CHF,2026-06-22T18:49:26.413Z
Yoris Karten,binder,Gauntlets of Light,M20,Core Set 2020,17,normal,uncommon,1,45444,da0d5436-b881-45ac-b8ec-248d88714021,0.14,false,false,near_mint,de,CHF,2026-06-22T18:49:26.412Z
Yoris Karten,binder,Frontline Medic,CLB,Commander Legends: Battle for Baldur's Gate,693,normal,rare,1,69488,3e9ad9ce-f862-4663-9a36-caf0844eb416,0.14,false,false,near_mint,de,CHF,2026-06-22T18:49:26.411Z
Yoris Karten,binder,Arcbound Prototype,MH2,Modern Horizons 2,4,normal,common,2,59432,1cb0a1a4-9216-47f8-a4e3-20fe0de6a518,0.2,false,false,near_mint,de,CHF,2026-06-22T18:49:26.409Z
Yoris Karten,binder,Skyscanner,M21,Core Set 2021,238,normal,common,1,50994,cab69fbd-0179-4b02-adba-71d2a0eeea5c,0.22,false,false,near_mint,de,CHF,2026-06-22T18:49:26.408Z
Yoris Karten,binder,Healer's Hawk,FDN,Foundations,142,normal,common,2,101595,cc8e4563-04bb-46b5-835e-64ba11c0e972,0.16,false,false,near_mint,de,CHF,2026-06-22T18:49:26.407Z
Yoris Karten,binder,Ironpaw Aspirant,LCI,The Lost Caverns of Ixalan,18,normal,common,2,89042,f70689a0-ac69-4052-84fc-9055e9e1c54b,0.17,false,false,near_mint,de,CHF,2026-06-22T18:49:26.405Z
Yoris Karten,binder,Knighted Myr,CMM,Commander Masters,36,normal,common,1,84947,db0489ee-96b6-4437-a716-ee07ecbd4cb7,0.25,false,false,near_mint,de,CHF,2026-06-22T18:49:26.404Z
Yoris Karten,binder,Healer's Flock,MH2,Modern Horizons 2,16,normal,uncommon,1,59771,b93b5429-8512-4ab6-9ecd-fa270e0144f3,0.22,false,false,near_mint,de,CHF,2026-06-22T18:49:26.401Z
Yoris Karten,binder,Sunmane Pegasus,THB,Theros Beyond Death,38,normal,common,3,47024,52e28f5a-55ee-4fcc-bc16-e59944592fcd,0.15,false,false,near_mint,de,CHF,2026-06-22T18:49:26.400Z
Yoris Karten,binder,Sungrace Pegasus,M15,Magic 2015,38,normal,common,2,13814,52d851b9-c290-4fcc-860d-a3250923b850,0.09,false,false,near_mint,de,CHF,2026-06-22T18:49:26.399Z
Yoris Karten,binder,Miner's Guidewing,LCI,The Lost Caverns of Ixalan,24,normal,common,3,88690,9048cd9d-df3f-4705-a5f4-e5b09760c631,0.15,false,false,near_mint,de,CHF,2026-06-22T18:49:26.398Z
Yoris Karten,binder,Abzan Battle Priest,MOC,March of the Machine Commander,164,normal,uncommon,2,81932,c0fb53e6-441f-4faa-bf0e-0847cf83279d,0.35,false,false,near_mint,de,CHF,2026-06-22T18:49:26.397Z
Yoris Karten,binder,Outlaw Medic,OTJ,Outlaws of Thunder Junction,23,normal,common,1,93107,2feaa51e-47fb-4849-b420-ee7278f3489a,0.14,false,false,near_mint,de,CHF,2026-06-22T18:49:26.394Z
Yoris Karten,binder,Leonin Bola,DST,Darksteel,127,normal,common,1,29534,a7eab112-20a6-414f-84c9-678580485420,0.11,false,false,near_mint,de,CHF,2026-06-22T18:49:26.393Z
Yoris Karten,binder,Savage Smash,RNA,Ravnica Allegiance,203,normal,common,1,43662,4ca942d7-a3a3-429f-a159-fc2363d9bca6,0.09,false,false,near_mint,de,CHF,2026-06-22T18:49:26.392Z
Yoris Karten,binder,Struggle // Survive,MOC,March of the Machine Commander,339,normal,uncommon,2,81927,bf909dbb-6e49-4556-a37a-2738889915d1,0.12,false,false,near_mint,de,CHF,2026-06-22T18:49:26.391Z
Yoris Karten,binder,Frenzied Arynx,RNA,Ravnica Allegiance,173,normal,common,2,43692,bce2eef7-03a4-415f-8bb7-a29d50ce1b0f,0.09,false,false,near_mint,de,CHF,2026-06-22T18:49:26.390Z
Yoris Karten,binder,Cactusfolk Sureshot,OTJ,Outlaws of Thunder Junction,199,normal,uncommon,4,93109,318b8c5d-9fb0-488f-9b32-c2e29d1f1dbb,0.2,false,false,near_mint,de,CHF,2026-06-22T18:49:26.387Z
Yoris Karten,binder,Domri's Ambush,WAR,War of the Spark,192,normal,uncommon,1,44212,b0dcae59-e9be-45a8-8ed8-5b47309bb716,0.22,false,false,near_mint,de,CHF,2026-06-22T18:49:26.386Z
Yoris Karten,binder,"Jolene, Plundering Pugilist",OTJ,Outlaws of Thunder Junction,210,normal,uncommon,1,93443,fe30b5c8-4889-4350-bb1d-3e2a67d9dfb2,0.25,false,false,near_mint,de,CHF,2026-06-22T18:49:26.385Z
Yoris Karten,binder,Tuya Bearclaw,CMM,Commander Masters,360,normal,uncommon,1,84978,e146e10c-3104-442d-9383-0f670960180d,0.13,false,false,near_mint,de,CHF,2026-06-22T18:49:26.384Z
Yoris Karten,binder,"Ruby, Daring Tracker",FDN,Foundations,245,normal,uncommon,1,101405,fe3e7dd2-b66d-4218-9fde-f84bec26b7bf,0.19,false,false,near_mint,de,CHF,2026-06-22T18:49:26.383Z
Yoris Karten,binder,"Radha, Coalition Warlord",MUL,Multiverse Legends,55,normal,uncommon,1,81955,ca9bdaae-55f4-4e90-b6b5-28eb1cec198b,0.08,false,false,near_mint,de,CHF,2026-06-22T18:49:26.382Z
Yoris Karten,binder,War Flare,FRF,Fate Reforged,158,normal,common,1,11968,243f33d8-ec20-4376-99c2-a12098773dee,0.03,false,false,near_mint,de,CHF,2026-06-22T18:49:26.379Z
Yoris Karten,binder,Hero of the Nyxborn,THB,Theros Beyond Death,219,normal,uncommon,1,46843,9854e673-1816-4a76-b9db-bb399ac7489f,0.08,false,false,near_mint,de,CHF,2026-06-22T18:49:26.378Z
Yoris Karten,binder,Honored Crop-Captain,AKH,Amonkhet,200,normal,uncommon,1,5485,b1b44194-fed5-491c-a791-80b986dd66d6,0.1,false,false,near_mint,de,CHF,2026-06-22T18:49:26.376Z
Yoris Karten,binder,Kargan Warleader,ZNR,Zendikar Rising,224,normal,uncommon,1,54602,6f921dca-ce93-42d1-87b1-149973558467,0.14,false,false,near_mint,de,CHF,2026-06-22T18:49:26.375Z
Yoris Karten,binder,Conduit Goblin,MH3,Modern Horizons 3,179,normal,common,1,94461,5c9ad04d-c4d4-4d06-93bb-a881be733717,0.1,false,false,near_mint,de,CHF,2026-06-22T18:49:26.373Z
Yoris Karten,binder,"Ash, Party Crasher",WOE,Wilds of Eldraine,201,normal,uncommon,2,85744,d51e6610-25b6-4d8e-92d7-c50a2ff844ff,0.12,false,false,near_mint,de,CHF,2026-06-22T18:49:26.372Z
Yoris Karten,binder,"Depala, Pilot Exemplar",KLD,Kaladesh,178,normal,rare,1,7465,592f3a92-787e-4180-9d0b-06c973ce8975,0.23,false,false,near_mint,de,CHF,2026-06-22T18:49:26.371Z
Yoris Karten,binder,Decimator Beetle,AKH,Amonkhet,197,normal,uncommon,1,5488,6b75e834-fa46-4833-ae9f-1bc2809ece2f,0.14,false,false,near_mint,de,CHF,2026-06-22T18:49:26.370Z
Yoris Karten,binder,Destined // Lead,AKH,Amonkhet,217,normal,uncommon,1,5468,5cf5c549-1e2a-4c47-baf7-e608661b3088,0.09,false,false,near_mint,de,CHF,2026-06-22T18:49:26.369Z
Yoris Karten,binder,Status // Statue,CLU,Ravnica: Clue Edition,210,normal,uncommon,1,90622,03541f43-671a-4b5d-a07c-c75efd6fe490,0.08,false,false,near_mint,de,CHF,2026-06-22T18:49:26.368Z
Yoris Karten,binder,Golgari Charm,UMA,Ultimate Masters,201,normal,uncommon,1,43316,9d467e61-bbec-4cea-bd5d-f10555910c9d,1.02,false,false,near_mint,de,CHF,2026-06-22T18:49:26.367Z
Yoris Karten,binder,Rakish Scoundrel,MKM,Murders at Karlov Manor,225,normal,common,1,90937,6aaa8c6b-7ef7-45db-99c9-4a6e7f177b94,0.03,false,false,near_mint,de,CHF,2026-06-22T18:49:26.366Z
Yoris Karten,binder,Shambling Shell,RVR,Ravnica Remastered,460,normal,common,1,89763,807557f3-5265-448f-9dbe-3f6688657284,0.19,false,false,near_mint,de,CHF,2026-06-22T18:49:26.365Z
Yoris Karten,binder,"Harald, King of Skemfar",KHM,Kaldheim,212,normal,uncommon,1,57006,9eac78a2-599f-4dba-aec7-982c5ae3f75a,0.23,false,false,near_mint,de,CHF,2026-06-22T18:49:26.364Z
Yoris Karten,binder,Rakdos Locket,C19,Commander 2019,220,normal,common,1,45714,ae74a4a0-b95b-4ddd-80df-cbec1c469025,0.15,false,false,near_mint,de,CHF,2026-06-22T18:49:26.363Z
Yoris Karten,binder,Steelclaw Lance,ELD,Throne of Eldraine,202,normal,uncommon,1,46136,cafcf909-d726-4bc2-adf6-c12ca242f0c1,0.15,false,false,near_mint,de,CHF,2026-06-22T18:49:26.362Z
Yoris Karten,binder,Spike Jester,MM3,Modern Masters 2017,188,normal,common,2,6025,7f82ff29-2b2c-4e4f-a6ac-e307e2921da0,0.1,false,false,near_mint,de,CHF,2026-06-22T18:49:26.361Z
Yoris Karten,binder,Rakdos Roustabout,RNA,Ravnica Allegiance,198,normal,common,2,43667,5ed534af-e16a-4d1d-8884-938fc7e13ca8,0.05,false,false,near_mint,de,CHF,2026-06-22T18:49:26.358Z
Yoris Karten,binder,Pyretic Rebirth,MH3,Modern Horizons 3,200,normal,uncommon,1,94456,5968f641-48b5-4b97-8072-ddd8073cd4d7,0.16,false,false,near_mint,de,CHF,2026-06-22T18:49:26.355Z
Yoris Karten,binder,Zoyowa Lava-Tongue,LCI,The Lost Caverns of Ixalan,245,normal,uncommon,4,88865,c06f0ff2-d42f-4854-bbe5-4b022fb26d7d,0.21,false,false,near_mint,de,CHF,2026-06-22T18:49:26.353Z
Yoris Karten,binder,"Angrath, Captain of Chaos",WAR,War of the Spark,227,normal,uncommon,1,44177,aa3a4cb5-945e-4caf-8a18-1ef977879fe8,0.23,false,false,near_mint,de,CHF,2026-06-22T18:49:26.352Z
Yoris Karten,binder,"Vial Smasher, Gleeful Grenadier",OTJ,Outlaws of Thunder Junction,235,normal,uncommon,1,93129,3afce4e6-ac59-4fba-b63a-8fed96bbdc4a,0.14,false,false,near_mint,de,CHF,2026-06-22T18:49:26.351Z
Yoris Karten,binder,"Garna, the Bloodflame",DMC,Dominaria United Commander,151,normal,uncommon,1,71537,732797d3-59e1-4fff-bcf0-22c2606a7a5f,0.22,false,false,near_mint,de,CHF,2026-06-22T18:49:26.350Z
Yoris Karten,binder,Crackling Drake,RVR,Ravnica Remastered,174,normal,uncommon,5,89748,73957e3b-504d-4ac7-a69c-0b81cb9af402,0.16,false,false,near_mint,de,CHF,2026-06-22T18:49:26.347Z
Yoris Karten,binder,Master the Way,KTK,Khans of Tarkir,188,normal,uncommon,3,13210,704743a8-27d6-4db9-8fe1-f65f5f3a955f,0.11,false,false,near_mint,de,CHF,2026-06-22T18:49:26.343Z
Yoris Karten,binder,Brutal Expulsion,BFZ,Battle for Zendikar,200,normal,rare,1,10151,8b0eb64b-a463-4f25-9278-340051139f0e,0.13,false,false,near_mint,de,CHF,2026-06-22T18:49:26.338Z
Yoris Karten,binder,"Captain Storm, Cosmium Raider",LCI,The Lost Caverns of Ixalan,227,normal,uncommon,1,88296,14c65f5a-10bd-4f9b-b816-46c2240b11ff,0.26,false,false,near_mint,de,CHF,2026-06-22T18:49:26.336Z
Yoris Karten,binder,Efreet Weaponmaster,KTK,Khans of Tarkir,175,normal,common,1,13223,8986cb2e-76e0-41f3-8810-3d11c39a527a,0.04,false,false,near_mint,de,CHF,2026-06-22T18:49:26.335Z
Yoris Karten,binder,Snowhorn Rider,KTK,Khans of Tarkir,201,normal,common,1,13197,f5d9aa9b-1ed4-46db-89d1-6c9593c29f55,0.09,false,false,near_mint,de,CHF,2026-06-22T18:49:26.334Z
Yoris Karten,binder,Stoic Angel,MM3,Modern Masters 2017,190,normal,rare,1,6023,37fd303a-0a51-4931-9735-704ce8179a98,0.44,false,false,near_mint,de,CHF,2026-06-22T18:49:26.333Z
Yoris Karten,binder,Abzan Ascendancy,2X2,Double Masters 2022,165,normal,rare,1,70343,80b722d9-be9d-463c-929e-78f7156af9c6,0.26,false,false,near_mint,de,CHF,2026-06-22T18:49:26.332Z
Yoris Karten,binder,Savage Knuckleblade,KTK,Khans of Tarkir,197,normal,rare,1,13201,4c9dddd3-7c8d-4669-8298-58149b142b8a,0.17,false,false,near_mint,de,CHF,2026-06-22T18:49:26.331Z
Yoris Karten,binder,Abzan Charm,DMC,Dominaria United Commander,138,normal,uncommon,1,71735,bd5b386e-e71e-492d-8456-6cd178ef5b3d,0.28,false,false,near_mint,de,CHF,2026-06-22T18:49:26.330Z
Yoris Karten,binder,Dimir Guildmage,CLU,Ravnica: Clue Edition,186,normal,uncommon,1,90646,0b963389-6231-4095-a1f4-33457ce51ff2,0.1,false,false,near_mint,de,CHF,2026-06-22T18:49:26.328Z
Yoris Karten,binder,Paranoid Delusions,GTC,Gatecrash,186,normal,common,1,16638,af406038-91ce-41fe-8b6d-55408a96d0a2,0.1,false,false,near_mint,de,CHF,2026-06-22T18:49:26.326Z
Yoris Karten,binder,Butcher of the Horde,KTK,Khans of Tarkir,168,normal,rare,1,13230,4c76027b-9c8d-4181-9311-270fed0212e3,0.15,false,false,near_mint,de,CHF,2026-06-22T18:49:26.323Z
Yoris Karten,binder,Ponyback Brigade,KTK,Khans of Tarkir,191,normal,common,2,13207,192d77ef-e8b5-44e2-842b-2c1f342c1e69,0.03,false,false,near_mint,de,CHF,2026-06-22T18:49:26.322Z
Yoris Karten,binder,Incendiary Dissent,CN2,Conspiracy: Take the Crown,8,normal,common,1,8089,cfbe340b-ca40-4604-bdc6-4b00e7444df4,0.06,false,false,near_mint,de,CHF,2026-06-22T18:49:26.321Z
Yoris Karten,binder,Hired Heist,CN2,Conspiracy: Take the Crown,5,normal,common,1,8092,d3914468-d769-4fe3-ae18-0caee9eb1502,0.06,false,false,near_mint,de,CHF,2026-06-22T18:49:26.320Z
Yoris Karten,binder,Sharktocrab,RVR,Ravnica Remastered,222,normal,uncommon,1,89969,ec7933b5-15de-4ed7-af0c-626f81726338,0.14,false,false,near_mint,de,CHF,2026-06-22T18:49:26.303Z
Yoris Karten,binder,Aeromunculus,RNA,Ravnica Allegiance,152,normal,common,1,43713,671c94c1-df52-4985-ad78-3e1c9c78df18,0.1,false,false,near_mint,de,CHF,2026-06-22T18:49:26.302Z
Yoris Karten,binder,Urban Evolution,M3C,Modern Horizons 3 Commander,276,normal,uncommon,1,94969,6eecff8f-89c6-425d-baf7-1148b3cfc381,0.27,false,false,near_mint,de,CHF,2026-06-22T18:49:26.298Z
Yoris Karten,binder,Enigmatic Incarnation,THB,Theros Beyond Death,215,normal,rare,1,46847,dd116c0b-0404-42ba-978f-7044b1a03d90,0.1,false,false,near_mint,de,CHF,2026-06-22T18:49:26.291Z
Yoris Karten,binder,Coiling Oracle,BLC,Bloomburrow Commander,250,normal,common,2,96399,9cfb4080-0f31-4352-b47a-a36955b68a18,0.24,false,false,near_mint,de,CHF,2026-06-22T18:49:26.289Z
Yoris Karten,binder,"Troyan, Gutsy Explorer",WOE,Wilds of Eldraine,217,normal,uncommon,1,85807,eadd2a1a-93a0-4257-897d-1aaee279449f,0.18,false,false,near_mint,de,CHF,2026-06-22T18:49:26.287Z
Yoris Karten,binder,Mistmeadow Witch,2X2,Double Masters 2022,256,normal,uncommon,1,70468,c0119777-70da-4cba-8104-a7e78604d515,0.14,false,false,near_mint,de,CHF,2026-06-22T18:49:26.286Z
Yoris Karten,binder,Senate Griffin,RNA,Ravnica Allegiance,219,normal,common,1,43646,465adbb4-4c64-44eb-8323-61d23282c6b8,0.06,false,false,near_mint,de,CHF,2026-06-22T18:49:26.283Z
Yoris Karten,binder,Reviving Vapors,UMA,Ultimate Masters,205,normal,uncommon,1,43315,b7a6c902-4705-4210-8e5e-08d6a6f67573,0.05,false,false,near_mint,de,CHF,2026-06-22T18:49:26.282Z
Yoris Karten,binder,"Sygg, River Guide",LRW,Lorwyn,251,normal,rare,1,25191,fb1aefaf-1b96-4c08-a73e-98e401655965,1.36,false,false,near_mint,de,CHF,2026-06-22T18:49:26.280Z
Yoris Karten,binder,"Temmet, Vizier of Naktamun",AKH,Amonkhet,207,normal,rare,1,5478,6af12a34-52a1-4940-a8d5-9e9811fcd59f,0.21,false,false,near_mint,de,CHF,2026-06-22T18:49:26.279Z
Yoris Karten,binder,Thunderclap Wyvern,KHC,Kaldheim Commander,94,normal,uncommon,1,57239,7fc3c21f-99d5-48dc-b36e-8db597da44bf,0.19,false,false,near_mint,de,CHF,2026-06-22T18:49:26.276Z
Yoris Karten,binder,Search Warrant,RTR,Return to Ravnica,193,normal,common,1,17229,d55f625a-6e9e-40ba-ae46-cf6bafc0a41b,0.12,false,false,near_mint,de,CHF,2026-06-22T18:49:26.275Z
Yoris Karten,binder,Oakhame Ranger // Bring Back,ELD,Throne of Eldraine,212,normal,uncommon,1,46126,8a665794-513f-4f78-92c9-1844ec27c79c,0.16,false,false,near_mint,de,CHF,2026-06-22T18:49:26.274Z
Yoris Karten,binder,Unflinching Courage,C18,Commander 2018,192,normal,uncommon,1,651,fe1da142-9480-4b57-be8f-b3d5bc3541be,0.23,false,false,near_mint,de,CHF,2026-06-22T18:49:26.273Z
Yoris Karten,binder,Appeal // Authority,HOU,Hour of Devastation,152,normal,uncommon,1,4523,2c25b8ef-6331-49df-9457-b8b4e44da2c9,0.16,false,false,near_mint,de,CHF,2026-06-22T18:49:26.272Z
Yoris Karten,binder,Oakhame Ranger // Bring Back,ELD,Throne of Eldraine,302,normal,uncommon,1,46005,c389e04c-b009-4468-b760-5dd588cff9b9,0.16,false,false,near_mint,de,CHF,2026-06-22T18:49:26.271Z
Yoris Karten,binder,Faithful Watchdog,MH3,Modern Horizons 3,185,normal,common,1,94882,b9afac99-a094-41a8-8323-90dec29691c4,0.14,false,false,near_mint,de,CHF,2026-06-22T18:49:26.270Z
Yoris Karten,binder,Centaur Healer,GK1,GRN Guild Kit,110,normal,common,2,36,fc7154bc-9512-4bbd-994f-b2068e3d0059,0.06,false,false,near_mint,de,CHF,2026-06-22T18:49:26.269Z
Yoris Karten,binder,Murasa Rootgrazer,ZNR,Zendikar Rising,229,normal,uncommon,1,54793,e70b3b78-9bdc-449b-82a9-c2fc3dd7f120,0.15,false,false,near_mint,de,CHF,2026-06-22T18:49:26.268Z
Yoris Karten,binder,Selesnya Guildmage,CLU,Ravnica: Clue Edition,207,normal,uncommon,1,91058,954b8e86-284a-4a6f-ac35-896afd414f8a,0.07,false,false,near_mint,de,CHF,2026-06-22T18:49:26.267Z
Yoris Karten,binder,Wayward Servant,DRC,Aetherdrift Commander,121,normal,uncommon,1,103084,65475db4-ea0f-4ef3-ac2f-18e308c64682,0.25,false,false,near_mint,de,CHF,2026-06-22T18:49:26.265Z
Yoris Karten,binder,Call to the Feast,2X2,Double Masters 2022,190,normal,common,1,70514,cf31f32f-bbca-4e70-93ca-f74c20202939,0.21,false,false,near_mint,de,CHF,2026-06-22T18:49:26.263Z
Yoris Karten,binder,Harsh Sustenance,FRF,Fate Reforged,154,normal,common,1,11972,770d60a0-23fc-4224-873c-2e5549b3a816,0.07,false,false,near_mint,de,CHF,2026-06-22T18:49:26.261Z
Yoris Karten,binder,Pitiless Pontiff,RNA,Ravnica Allegiance,194,normal,uncommon,1,43671,98f66c03-cf79-4de0-be55-b921cbdc5038,0.19,false,false,near_mint,de,CHF,2026-06-22T18:49:26.259Z
Yoris Karten,binder,Final Payment,RNA,Ravnica Allegiance,171,normal,common,1,43694,49a21a8f-9c7b-4ae8-8635-f2ee2151c8de,0.06,false,false,near_mint,de,CHF,2026-06-22T18:49:26.255Z
Yoris Karten,binder,Grasping Thrull,RNA,Ravnica Allegiance,177,normal,common,1,43688,56f82d97-ce50-490c-ad7f-46d70a73e454,0.05,false,false,near_mint,de,CHF,2026-06-22T18:49:26.254Z
Yoris Karten,binder,Scaldkin,KTK,Khans of Tarkir,52,normal,common,5,13346,8110eb0a-63dc-43df-b55a-9241f45b1cc6,0.02,false,false,near_mint,de,CHF,2026-06-22T18:49:26.253Z
Yoris Karten,binder,Mardu Hateblade,KTK,Khans of Tarkir,16,normal,common,2,13382,f1d1cdfa-834c-4028-8036-c4bfb7da071b,0.08,false,false,near_mint,de,CHF,2026-06-22T18:49:26.250Z
Yoris Karten,binder,Screeching Griffin,RAV,Ravnica: City of Guilds,29,normal,common,1,27981,5e2fa710-4615-42de-8716-41b009b56d32,0.07,false,false,near_mint,de,CHF,2026-06-22T18:49:26.248Z
Yoris Karten,binder,Selesnya Sentry,RTR,Return to Ravnica,21,normal,common,2,17401,9c34c1f5-d509-4c66-ba41-c7958ef5ee44,0.05,false,false,near_mint,de,CHF,2026-06-22T18:49:26.247Z
Yoris Karten,binder,Basilica Guards,RVR,Ravnica Remastered,7,normal,common,1,89700,5ba068ef-7f08-474f-beea-575568dd6963,0.26,false,false,near_mint,de,CHF,2026-06-22T18:49:26.245Z
Yoris Karten,binder,Horned Helm,5DN,Fifth Dawn,132,normal,common,1,29363,749c408a-0a19-44a3-a436-295380573f91,0.09,false,false,near_mint,de,CHF,2026-06-22T18:49:26.241Z
Yoris Karten,binder,Mardu Warshrieker,KTK,Khans of Tarkir,117,normal,common,2,13281,1381ae25-0d44-4d06-beae-48e4bbb4bb45,0.09,false,false,near_mint,de,CHF,2026-06-22T18:49:26.237Z
Yoris Karten,binder,Dragonsoul Knight,MM2,Modern Masters 2015,112,normal,common,1,11105,3ef2daf4-45ff-4604-b572-31dfaf1e70fe,0.09,false,false,near_mint,de,CHF,2026-06-22T18:49:26.234Z
Yoris Karten,binder,Bloodfire Mentor,KTK,Khans of Tarkir,102,normal,common,1,13296,4836fb70-a8f3-44ed-bae4-890ef7d07f88,0.02,false,false,near_mint,de,CHF,2026-06-22T18:49:26.232Z
Yoris Karten,binder,Blood Price,ZNR,Zendikar Rising,93,normal,common,1,54782,df14d32d-fe53-4370-8298-fab528ff12db,0.06,false,false,near_mint,de,CHF,2026-06-22T18:49:26.230Z
Yoris Karten,binder,Bump in the Night,DDK,Duel Decks: Sorin vs. Tibalt,57,normal,common,3,16516,320e394c-c8b1-42ad-91a5-6d57296f85ab,0.23,false,false,near_mint,de,CHF,2026-06-22T18:49:26.229Z
Yoris Karten,binder,Bitter Revelation,CMR,Commander Legends,109,normal,common,1,55599,25657da2-e7bc-4e9b-8ec2-5a5779738436,0.14,false,false,near_mint,de,CHF,2026-06-22T18:49:26.225Z
Yoris Karten,binder,Dead Ringers,APC,Apocalypse,37,normal,common,1,32419,9b78028c-3ebd-432d-b628-e1fa284f08f3,0.06,false,false,near_mint,de,CHF,2026-06-22T18:49:26.224Z
Yoris Karten,binder,Sanguine Indulgence,FDN,Foundations,613,normal,common,1,100099,03a26ca7-b26f-4b86-a060-712f15f4bf7f,0.14,false,false,near_mint,de,CHF,2026-06-22T18:49:26.220Z
Yoris Karten,binder,Mind Drain,ZNR,Zendikar Rising,114,normal,common,1,54422,0683d586-a54b-425a-a24d-2efb2342f150,0.1,false,false,near_mint,de,CHF,2026-06-22T18:49:26.217Z
Yoris Karten,binder,Alms of the Vein,SOI,Shadows over Innistrad,98,normal,common,1,8898,79b80948-a3cd-4962-8fce-d58f2db7e68e,0.33,false,false,near_mint,de,CHF,2026-06-22T18:49:26.216Z
Yoris Karten,binder,Murderous Compulsion,INR,Innistrad Remastered,126,normal,common,1,102563,5fca1faf-bd47-45cd-a2d9-b2efbc75cbb5,0.13,false,false,near_mint,de,CHF,2026-06-22T18:49:26.214Z
Yoris Karten,binder,Wretched Banquet,CON,Conflux,56,normal,common,1,23673,3bdaf55b-2de3-4c8a-90ae-9c88c9d00fd7,0.03,false,false,near_mint,de,CHF,2026-06-22T18:49:26.211Z
Yoris Karten,binder,Fruit of Tizerus,THB,Theros Beyond Death,96,normal,common,1,46966,66e577a0-e5d7-4e6a-919c-d85c2ae819ce,0.09,false,false,near_mint,de,CHF,2026-06-22T18:49:26.207Z
Yoris Karten,binder,Live Fast,KLD,Kaladesh,87,normal,common,1,7556,ad0bb8da-ad05-43d9-aba3-d917744168fe,0.09,false,false,near_mint,de,CHF,2026-06-22T18:49:26.202Z
Yoris Karten,binder,Rite of the Serpent,KTK,Khans of Tarkir,86,normal,common,1,13312,005b9fec-66de-4079-88e0-c7de7e22d18e,0.04,false,false,near_mint,de,CHF,2026-06-22T18:49:26.201Z
Yoris Karten,binder,Mind Rake,MH1,Modern Horizons,96,normal,common,1,44838,682ccb0a-5e73-462e-a035-87d4dac59779,0.24,false,false,near_mint,de,CHF,2026-06-22T18:49:26.195Z
Yoris Karten,binder,Mind Rot,W16,Welcome Deck 2016,7,normal,common,1,9092,8363865b-23f9-4cca-beb4-a5d467caff4c,0.04,false,false,near_mint,de,CHF,2026-06-22T18:49:26.193Z
Yoris Karten,binder,Festergloom,CN2,Conspiracy: Take the Crown,135,normal,common,1,7962,5da1371f-8888-4428-b3f4-d8f07e12f91b,0.05,false,false,near_mint,de,CHF,2026-06-22T18:49:26.190Z
Yoris Karten,binder,Toll of the Invasion,WAR,War of the Spark,108,normal,common,1,44296,4471c2a5-aa2c-47e2-8238-1eb366c8adc9,0.1,false,false,near_mint,de,CHF,2026-06-22T18:49:26.185Z
Yoris Karten,binder,Rakshasa's Secret,KTK,Khans of Tarkir,84,normal,common,1,13314,ae62a43e-36ce-471e-93f1-21fe674858b5,0.04,false,false,near_mint,de,CHF,2026-06-22T18:49:26.183Z
Yoris Karten,binder,Shadows' Verdict,ZNR,Zendikar Rising,124,normal,rare,1,54546,52470883-b44d-415b-9324-8074e66f79ae,0.17,false,false,near_mint,de,CHF,2026-06-22T18:49:26.182Z
Yoris Karten,binder,Wander in Death,AKH,Amonkhet,115,normal,common,1,5570,aea7ad5c-d9b9-4b12-90dd-c02399d73b26,0.14,false,false,near_mint,de,CHF,2026-06-22T18:49:26.181Z
Yoris Karten,binder,Recover,RIX,Rivals of Ixalan,84,normal,common,1,2934,f2f4e0a8-7af7-4422-a964-c19503692ba6,0.14,false,false,near_mint,de,CHF,2026-06-22T18:49:26.180Z
Yoris Karten,binder,Cauldron's Gift,ELD,Throne of Eldraine,83,normal,uncommon,1,46255,5db19a94-1170-45a0-9f06-893bf58b7233,0.17,false,false,near_mint,de,CHF,2026-06-22T18:49:26.172Z
Yoris Karten,binder,Funeral Rites,THB,Theros Beyond Death,97,normal,common,1,46965,30aa6796-0cb6-426b-9e3f-4d7e4959a6a4,0.1,false,false,near_mint,de,CHF,2026-06-22T18:49:26.169Z
Yoris Karten,binder,Essence Drain,DST,Darksteel,43,normal,common,1,29618,9950052e-f674-4f09-802e-3f5f52f5e717,0.03,false,false,near_mint,de,CHF,2026-06-22T18:49:26.167Z
Yoris Karten,binder,Unearth,2X2,Double Masters 2022,96,normal,common,1,70442,b1f73271-b70f-40ae-be64-f8de7805923a,0.52,false,false,near_mint,de,CHF,2026-06-22T18:49:26.164Z
Yoris Karten,binder,Vicious Rumors,GRN,Guilds of Ravnica,89,normal,common,1,394,b1939952-608e-4786-beeb-a6ff0fa36624,0.17,false,false,near_mint,de,CHF,2026-06-22T18:49:26.155Z
Yoris Karten,binder,Dead Revels,RNA,Ravnica Allegiance,71,normal,common,1,43793,f5b2c21a-419d-4896-82e3-1b5cb32b158e,0.11,false,false,near_mint,de,CHF,2026-06-22T18:49:26.152Z
Yoris Karten,binder,Sovereign's Bite,M19,Core Set 2019,120,normal,common,1,1192,5326d251-bb91-4653-b1fa-44f14c4e0b88,0.14,false,false,near_mint,de,CHF,2026-06-22T18:49:26.151Z
Yoris Karten,binder,Specter's Shriek,ELD,Throne of Eldraine,106,normal,uncommon,1,46232,edae2c29-1418-477c-9efe-e53fa6c7fe93,0.06,false,false,near_mint,de,CHF,2026-06-22T18:49:26.149Z
Yoris Karten,binder,Memory Theft,ELD,Throne of Eldraine,96,normal,common,1,46242,397fd49b-a520-4b0e-9ab9-71675ab5969d,0.04,false,false,near_mint,de,CHF,2026-06-22T18:49:26.148Z
Yoris Karten,binder,Eager Cadet,8ED,Eighth Edition,S1,normal,common,1,30541,81a5ec5a-b490-456a-98e8-36cf4b836d2a,0.13,false,false,near_mint,de,CHF,2026-06-22T18:49:26.142Z
Yoris Karten,binder,Allied Reinforcements,OGW,Oath of the Gatewatch,15,normal,uncommon,1,9367,fd7d7c93-5622-45ca-9359-110685d9162c,0.07,false,false,near_mint,de,CHF,2026-06-22T18:49:26.139Z
Yoris Karten,binder,Staunch Shieldmate,M21,Core Set 2021,39,normal,common,1,51032,db17f25a-32d1-469b-bb5f-f1761e227990,0.18,false,false,near_mint,de,CHF,2026-06-22T18:49:26.138Z
Yoris Karten,binder,Nyxborn Courser,THB,Theros Beyond Death,29,normal,common,2,47033,0fd32240-c003-4e18-adf1-e2e992c702b1,0.05,false,false,near_mint,de,CHF,2026-06-22T18:49:26.137Z
Yoris Karten,binder,Suspension Field,KTK,Khans of Tarkir,25,normal,uncommon,2,13373,ba5c9628-1801-43d9-8bb4-4cca168510b2,0.14,false,false,near_mint,de,CHF,2026-06-22T18:49:26.132Z
Yoris Karten,binder,Luminous Bonds,M19,Core Set 2019,25,normal,common,1,1287,9db10390-725e-40f5-885b-a433e7b46f52,0.06,false,false,near_mint,de,CHF,2026-06-22T18:49:26.131Z
Yoris Karten,binder,Revoke Privileges,KLD,Kaladesh,26,normal,common,1,7617,84e44502-f4e4-440a-92b1-97bfb6314820,0.03,false,false,near_mint,de,CHF,2026-06-22T18:49:26.130Z
Yoris Karten,binder,Legion's Judgment,M21,Core Set 2021,24,normal,common,1,50687,032f6c5a-8d88-4a55-a54b-28df42d801e1,0.07,false,false,near_mint,de,CHF,2026-06-22T18:49:26.128Z
Yoris Karten,binder,Smite the Monstrous,ZNR,Zendikar Rising,42,normal,common,3,54666,9c103163-31b7-4d25-aa2c-02ca082ee1bf,0.07,false,false,near_mint,de,CHF,2026-06-22T18:49:26.126Z
Yoris Karten,binder,Swift Response,CMM,Commander Masters,64,normal,common,1,84265,3d70dcbe-0b90-40b4-8a54-e5218b7135b1,0.07,false,false,near_mint,de,CHF,2026-06-22T18:49:26.125Z
Yoris Karten,binder,Puncturing Light,SOI,Shadows over Innistrad,35,normal,common,1,8961,5b101264-4994-43b7-9156-228f7d10d2bd,0.06,false,false,near_mint,de,CHF,2026-06-22T18:49:26.122Z
Yoris Karten,binder,Call for Unity,AER,Aether Revolt,9,normal,rare,1,6405,eeca4557-98aa-433b-a3ee-050e4a3e6d88,0.18,false,false,near_mint,de,CHF,2026-06-22T18:49:26.121Z
Yoris Karten,binder,Sanguimancy,BNG,Born of the Gods,81,normal,uncommon,2,14879,fb129def-4055-4b12-9944-39406b451553,0.18,false,false,near_mint,de,CHF,2026-06-22T18:49:26.146Z
Yoris Karten,binder,Consign to the Pit,RNA,Ravnica Allegiance,69,normal,common,2,43795,09991fad-4282-4a17-bfb1-03eaa13502df,0.04,false,false,near_mint,de,CHF,2026-06-22T18:49:26.153Z
Yoris Karten,binder,Mephitic Vapors,RVR,Ravnica Remastered,85,normal,common,2,89594,20770a2a-0138-430b-a45d-96bd2e3e5b6b,0.16,false,false,near_mint,de,CHF,2026-06-22T18:49:26.156Z
Yoris Karten,binder,Severed Strands,2X2,Double Masters 2022,88,normal,common,2,70426,a7496304-2ab2-497b-bb3a-b3c91ee1ff60,0.07,false,false,near_mint,de,CHF,2026-06-22T18:49:26.157Z
Yoris Karten,binder,Return from Extinction,MH1,Modern Horizons,104,normal,common,4,44830,c6db664e-f0c4-4e60-add7-89b9f210cbc7,0.23,false,false,near_mint,de,CHF,2026-06-22T18:49:26.161Z
Yoris Karten,binder,Reave Soul,ELD,Throne of Eldraine,103,normal,common,4,46235,ce7ff657-aa44-4336-895a-87518159cef6,0.03,false,false,near_mint,de,CHF,2026-06-22T18:49:26.168Z
Yoris Karten,binder,Mind Rot,RTR,Return to Ravnica,70,normal,common,3,17352,5261ab4b-dfe7-4761-a71c-44a893fc4a69,0.05,false,false,near_mint,de,CHF,2026-06-22T18:49:26.173Z
Yoris Karten,binder,Gruesome Fate,RIX,Rivals of Ixalan,75,normal,common,2,2943,3ea07116-afe7-4d88-a530-54424e791b74,0.14,false,false,near_mint,de,CHF,2026-06-22T18:49:26.178Z
Yoris Karten,binder,Wrench Mind,IMA,Iconic Masters,115,normal,common,3,3510,360a6ada-b257-44b8-b830-aaa122474bce,0.18,false,false,near_mint,de,CHF,2026-06-22T18:49:26.186Z
Yoris Karten,binder,Covenant of Blood,M15,Magic 2015,91,normal,common,2,13761,752b7d05-19d7-4765-9bf8-05a7cb539c3f,0.05,false,false,near_mint,de,CHF,2026-06-22T18:49:26.191Z
Yoris Karten,binder,Tasigur's Cruelty,FRF,Fate Reforged,88,normal,common,3,12038,169748df-10ac-4db4-ba94-192345c6fad3,0.07,false,false,near_mint,de,CHF,2026-06-22T18:49:26.197Z
Yoris Karten,binder,Fortuitous Find,KLD,Kaladesh,81,normal,common,3,7562,7706bbb1-c94a-4169-9f12-a54cfcc3a7ad,0.22,false,false,near_mint,de,CHF,2026-06-22T18:49:26.203Z
Yoris Karten,binder,Shamble Back,SOI,Shadows over Innistrad,134,normal,common,2,8862,f6913dce-05f5-4e1b-9dd9-67eb347b5be8,0.14,false,false,near_mint,de,CHF,2026-06-22T18:49:26.213Z
Yoris Karten,binder,Leaping Master,KTK,Khans of Tarkir,114,normal,common,2,13284,0f786a1d-4703-4bac-abba-632506d2726c,0.02,false,false,near_mint,de,CHF,2026-06-22T18:49:26.233Z
Yoris Karten,binder,Viashino Slaughtermaster,MM2,Modern Masters 2015,133,normal,common,2,11084,a441fae0-a9c7-4d91-a69e-8ea1f8fa6947,0.09,false,false,near_mint,de,CHF,2026-06-22T18:49:26.235Z
Yoris Karten,binder,Spectral Shepherd,INR,Innistrad Remastered,41,normal,uncommon,2,102706,a44cc0d0-5fdf-4090-bedd-a64069831df4,0.11,false,false,near_mint,de,CHF,2026-06-22T18:49:26.242Z
Yoris Karten,binder,Firehoof Cavalry,KTK,Khans of Tarkir,11,normal,common,4,13387,edb2b284-f79c-41eb-a25f-4710d4a5228f,0.02,false,false,near_mint,de,CHF,2026-06-22T18:49:26.244Z
Yoris Karten,binder,Boros Fury-Shield,RAV,Ravnica: City of Guilds,5,normal,common,2,28005,c46b2f5c-3c7a-4421-9d6f-81197e93d8d0,0.15,false,false,near_mint,de,CHF,2026-06-22T18:49:26.251Z
Yoris Karten,binder,Syndicate Guildmage,RNA,Ravnica Allegiance,211,normal,uncommon,3,43654,e82d3c8d-849a-445b-bc7c-365514d1511f,0.06,false,false,near_mint,de,CHF,2026-06-22T18:49:26.257Z
Yoris Karten,binder,"Noyan Dar, Roil Shaper",BFZ,Battle for Zendikar,216,normal,rare,2,10135,018a66fc-e7aa-42df-a622-50743cb20183,0.12,false,false,near_mint,de,CHF,2026-06-22T18:49:26.278Z
Yoris Karten,binder,Make Your Own Luck,OTJ,Outlaws of Thunder Junction,218,normal,uncommon,2,93032,0557b0a3-2b48-408f-a508-9f4da2ab1cd1,0.17,false,false,near_mint,de,CHF,2026-06-22T18:49:26.290Z
Yoris Karten,binder,Weaver of Currents,AKH,Amonkhet,209,normal,uncommon,3,5476,dac35181-baae-4c50-b397-a10b234833e5,0.1,false,false,near_mint,de,CHF,2026-06-22T18:49:26.294Z
Yoris Karten,binder,Scuttlegator,CLU,Ravnica: Clue Edition,206,normal,common,2,90725,25ba94e2-2abe-47a0-af18-faecd3bd7d94,0.1,false,false,near_mint,de,CHF,2026-06-22T18:49:26.296Z
Yoris Karten,binder,Icefeather Aven,C19,Commander 2019,194,normal,uncommon,3,45740,dc8b7dc7-b7a2-40fe-823c-642d8867973c,0.13,false,false,near_mint,de,CHF,2026-06-22T18:49:26.297Z
Yoris Karten,binder,Empyreal Voyager,KLD,Kaladesh,180,normal,uncommon,2,7463,4554b10e-9c3e-4eb4-b0fe-044e483e872f,0.07,false,false,near_mint,de,CHF,2026-06-22T18:49:26.299Z
Yoris Karten,binder,Ethereal Ambush,FRF,Fate Reforged,152,normal,common,8,11974,825d3f4d-eba3-4c45-8846-03b246e93f6c,0.09,false,false,near_mint,de,CHF,2026-06-22T18:49:26.301Z
Yoris Karten,binder,Spring // Mind,AKH,Amonkhet,219,normal,uncommon,4,5466,6431d464-1f2b-42c4-ad38-67b7d0984080,0.18,false,false,near_mint,de,CHF,2026-06-22T18:49:26.304Z
Yoris Karten,binder,Intimidation Campaign,OTJ,Outlaws of Thunder Junction,208,normal,uncommon,2,93172,596fb7a2-bb79-44b7-ad84-414c8139ec13,0.1,false,false,near_mint,de,CHF,2026-06-22T18:49:26.324Z
Yoris Karten,binder,Winterflame,KTK,Khans of Tarkir,213,normal,uncommon,2,13185,b8924ab9-fa55-4348-b67d-b2b9e48a357a,0.1,false,false,near_mint,de,CHF,2026-06-22T18:49:26.339Z
Yoris Karten,binder,Merciless Javelineer,AKH,Amonkhet,202,normal,uncommon,2,5483,ee0e8c57-3046-414d-be00-39bfb2537026,0.12,false,false,near_mint,de,CHF,2026-06-22T18:49:26.354Z
Yoris Karten,binder,Ride Down,KTK,Khans of Tarkir,194,normal,uncommon,2,13204,3bc9a434-9617-4a20-88f0-355b20f2c538,0.1,false,false,near_mint,de,CHF,2026-06-22T18:49:26.374Z
Yoris Karten,binder,Fabled Hero,THS,Theros,12,normal,rare,2,15652,642d9a5c-5697-4747-adce-5a71bcf1c086,0.22,false,false,near_mint,de,CHF,2026-06-22T19:06:15.544Z
Yoris Karten,binder,Royal Trooper,BBD,Battlebond,104,normal,common,1,1889,d2ef5a76-e91c-4687-8323-7436ced35153,0.05,false,false,near_mint,de,CHF,2026-06-22T19:06:15.541Z
Yoris Karten,binder,Faerie Guidemother // Gift of the Fae,ELD,Throne of Eldraine,11,normal,common,1,46327,e8bbece8-9620-44d9-b991-350fe952538a,0.06,false,false,near_mint,de,CHF,2026-06-22T19:06:15.536Z
Yoris Karten,binder,Patagia Tiger,IKO,Ikoria: Lair of Behemoths,26,normal,common,1,50051,be398100-89e2-432b-8017-74fb7e4dbc26,0.07,false,false,near_mint,de,CHF,2026-06-22T19:06:15.532Z
Yoris Karten,binder,Tireless Missionaries,M15,Magic 2015,39,normal,common,3,13813,c47b7386-168f-4b8e-9a26-9da6d697a501,0.04,false,false,near_mint,de,CHF,2026-06-22T19:06:15.527Z
Yoris Karten,binder,Razorfoot Griffin,M15,Magic 2015,27,normal,common,1,13825,662d812f-4936-48e4-acbe-abccf9ab21c7,0.05,false,false,near_mint,de,CHF,2026-06-22T19:06:15.526Z
Yoris Karten,binder,Wispweaver Angel,KLD,Kaladesh,35,normal,uncommon,2,7608,57300d02-faad-43b2-afa9-023d1c3a0901,0.19,false,false,near_mint,de,CHF,2026-06-22T19:06:15.524Z
Yoris Karten,binder,Winged Shepherd,AKH,Amonkhet,39,normal,common,2,5646,04301470-82d9-43c7-aaf1-a41e185cb109,0.16,false,false,near_mint,de,CHF,2026-06-22T19:06:15.522Z
Yoris Karten,binder,Lancer Sliver,MH1,Modern Horizons,18,normal,common,2,44916,9a4f8d9a-3760-449e-b8a6-72b2a641ff23,0.23,false,false,near_mint,de,CHF,2026-06-22T19:06:15.521Z
Yoris Karten,binder,Jeskai Student,KTK,Khans of Tarkir,14,normal,common,4,13384,9007c528-0107-40fd-a97e-e5576f297eb2,0.14,false,false,near_mint,de,CHF,2026-06-22T19:06:15.519Z
Yoris Karten,binder,Sage-Eye Harrier,KTK,Khans of Tarkir,20,normal,common,2,13378,3cc7b4c3-647e-48da-86f8-f55e3e990ac1,0.02,false,false,near_mint,de,CHF,2026-06-22T19:06:15.518Z
Yoris Karten,binder,Disenchant,ZNR,Zendikar Rising,10,normal,common,2,54565,5c37ba56-e22c-4b10-821a-2827c5cd81ad,0.14,false,false,near_mint,de,CHF,2026-06-22T19:06:15.508Z
Yoris Karten,binder,Smite the Monstrous,DDL,Duel Decks: Heroes vs. Monsters,29,normal,common,1,15736,9121c0d0-de5a-4764-ae17-707ae8cc920c,0.19,false,false,near_mint,de,CHF,2026-06-22T19:06:15.507Z
Yoris Karten,binder,Slip On the Ring,LTR,The Lord of the Rings: Tales of Middle-earth,31,normal,common,1,82961,2e20c2b8-ffe3-4d14-8588-f89719358e3d,0.21,false,false,near_mint,de,CHF,2026-06-22T19:06:15.505Z
Yoris Karten,binder,Mending Hands,9ED,Ninth Edition,29,normal,common,1,28334,53709642-9d61-425f-9bcf-0c579404b521,0.18,false,false,near_mint,de,CHF,2026-06-22T19:06:15.504Z
Yoris Karten,binder,Erase,KTK,Khans of Tarkir,9,normal,common,2,13389,d1dd0e10-2ad7-467f-8d4b-c70b95bf2e9c,0.05,false,false,near_mint,de,CHF,2026-06-22T19:06:15.499Z
Yoris Karten,binder,Take Heart,GRN,Guilds of Ravnica,28,normal,common,2,455,b26f10d5-b826-45b0-abed-80d86e1335c9,0.04,false,false,near_mint,de,CHF,2026-06-22T19:06:15.497Z
Yoris Karten,binder,Kill Shot,CN2,Conspiracy: Take the Crown,94,normal,common,2,8003,1977d0d0-a7cc-48b8-ab61-199de54fb591,0.03,false,false,near_mint,de,CHF,2026-06-22T19:06:15.488Z
Yoris Karten,binder,Triumphant Surge,THB,Theros Beyond Death,41,normal,common,3,47021,75d6eb18-a49d-4fa5-a333-78aafbc4abcb,0.14,false,false,near_mint,de,CHF,2026-06-22T19:06:15.482Z
Yoris Karten,binder,Vengeful Townsfolk,OTJ,Outlaws of Thunder Junction,37,normal,common,1,93102,2df404af-571a-4867-83f5-bb4163b433ff,0.06,false,false,near_mint,de,CHF,2026-06-22T19:06:15.472Z
Yoris Karten,binder,Unruly Mob,MID,Innistrad: Midnight Hunt,40,normal,common,4,63266,5f48622a-abf3-407f-921f-77c29d59ba8e,0.09,false,false,near_mint,de,CHF,2026-06-22T19:06:15.471Z
Yoris Karten,binder,Observant Alseid,THS,Theros,24,normal,common,1,15640,e1410d10-476a-4ed2-ae44-75383ed0e359,0.05,false,false,near_mint,de,CHF,2026-06-22T19:06:15.467Z
Yoris Karten,binder,Acrobatic Maneuver,KLD,Kaladesh,1,normal,common,1,7642,74f92174-f38f-4623-a5f7-f5be7f7dcc9d,0.11,false,false,near_mint,de,CHF,2026-06-22T19:06:15.465Z
Yoris Karten,binder,Trustworthy Scout,MH1,Modern Horizons,33,normal,common,2,44901,8a65f118-3812-4698-8f43-669ceb6b7982,0.02,false,false,near_mint,de,CHF,2026-06-22T19:06:15.462Z
Yoris Karten,binder,Martyr's Soul,MH1,Modern Horizons,19,normal,common,2,44915,7c17428c-e31d-42f3-8811-6734abd96b0b,0.1,false,false,near_mint,de,CHF,2026-06-22T19:06:15.461Z
Yoris Karten,binder,Ajani's Pridemate,FDN,Foundations,135,normal,uncommon,1,100255,222c1a68-e34c-4103-b1be-17d4ceaef6ce,0.23,false,false,near_mint,de,CHF,2026-06-22T19:06:15.459Z
Yoris Karten,binder,Vessel of Ephemera,SOI,Shadows over Innistrad,48,normal,common,2,8948,f4051020-688c-473a-9a08-b62f0fd75675,0.07,false,false,near_mint,de,CHF,2026-06-22T19:06:15.456Z
Yoris Karten,binder,Pacifism,FDN,Foundations,501,normal,common,2,97181,839160d2-44a3-4566-be9d-558d043beac8,0.18,false,false,near_mint,de,CHF,2026-06-22T19:06:15.452Z
Yoris Karten,binder,Knightly Valor,2X2,Double Masters 2022,14,normal,common,1,70470,c0f20ca6-1a92-4be5-a84a-e7f8f0b7f648,0.09,false,false,near_mint,de,CHF,2026-06-22T19:06:15.446Z
Yoris Karten,binder,Dub,M21,Core Set 2021,16,normal,common,1,50985,c3de35fd-425d-46b8-bc7d-c2f05d86858d,0.15,false,false,near_mint,de,CHF,2026-06-22T19:06:15.445Z
Yoris Karten,binder,Journey to Oblivion,ZNR,Zendikar Rising,17,normal,uncommon,1,54532,47120e3c-73aa-468d-96b7-47aead342e31,0.09,false,false,near_mint,de,CHF,2026-06-22T19:06:15.440Z
Yoris Karten,binder,The Birth of Meletis,THB,Theros Beyond Death,5,normal,uncommon,1,47057,d824f8bd-58f8-4796-80b5-5cd3033d35e8,0.27,false,false,near_mint,de,CHF,2026-06-22T19:06:15.438Z
Yoris Karten,binder,Glory Bearers,THB,Theros Beyond Death,17,normal,common,2,47045,8a70e1be-f04a-43c1-8fca-205a24e3db38,0.02,false,false,near_mint,de,CHF,2026-06-22T19:06:15.434Z
Yoris Karten,binder,Nahiri's Binding,ZNR,Zendikar Rising,29,normal,common,1,54527,421eac28-d6f2-44f2-b7ca-eb73fbf23887,0.15,false,false,near_mint,de,CHF,2026-06-22T19:06:15.432Z
Yoris Karten,binder,Bonds of Faith,DDQ,Duel Decks: Blessed vs. Cursed,2,normal,common,5,9181,cc5dbb93-63a2-478e-b874-1fdf3a03cbff,0.06,false,false,near_mint,de,CHF,2026-06-22T19:06:15.431Z
Yoris Karten,binder,Oteclan Landmark // Oteclan Levitator,LCI,The Lost Caverns of Ixalan,29,normal,common,4,88252,099a1d1c-72ba-468e-9385-8f93e1fce001,0.14,false,false,near_mint,de,CHF,2026-06-22T19:06:15.430Z
Yoris Karten,binder,Makindi Aeronaut,OGW,Oath of the Gatewatch,27,normal,common,1,9355,a35d3113-6cb7-4b74-94a3-8160d9ac1b89,0.04,false,false,near_mint,de,CHF,2026-06-22T19:06:15.427Z
Yoris Karten,binder,Stalwart Aven,IMA,Iconic Masters,32,normal,common,1,3593,4248b993-87c6-42a8-b800-75d958805440,0.02,false,false,near_mint,de,CHF,2026-06-22T19:06:15.426Z
Yoris Karten,binder,Sustainer of the Realm,IMA,Iconic Masters,35,normal,common,1,3590,e9f7e21e-d4d8-4d6c-9530-b17d5204e9e7,0.09,false,false,near_mint,de,CHF,2026-06-22T19:06:15.425Z
Yoris Karten,binder,Loyal Pegasus,M20,Core Set 2020,28,normal,uncommon,1,45433,7cae7971-953b-454a-84dd-ae2974946da9,0.2,false,false,near_mint,de,CHF,2026-06-22T19:06:15.421Z
Yoris Karten,binder,Flutterfox,ELD,Throne of Eldraine,12,normal,common,1,46326,769cddf0-2078-456b-a622-057571464fe7,0.17,false,false,near_mint,de,CHF,2026-06-22T19:06:15.420Z
Yoris Karten,binder,Favored of Iroas,THB,Theros Beyond Death,15,normal,uncommon,1,47047,f09e7aff-d873-4420-b0d5-1c63d686dd73,0.07,false,false,near_mint,de,CHF,2026-06-22T19:06:15.418Z
Yoris Karten,binder,Sea Gate Banneret,ZNR,Zendikar Rising,36,normal,common,1,54591,6ae4634e-1487-4b66-8f70-bcb4b1fa6e77,0.06,false,false,near_mint,de,CHF,2026-06-22T19:06:15.414Z
Yoris Karten,binder,Mardu Hordechief,KTK,Khans of Tarkir,17,normal,common,4,13381,23426221-30a8-4be2-9c70-f0eb022edad7,0.04,false,false,near_mint,de,CHF,2026-06-22T19:06:15.413Z
Yoris Karten,binder,Perimeter Sergeant,IKO,Ikoria: Lair of Behemoths,27,normal,common,3,50050,2a174587-d964-48b3-8f69-fa576c1b8bba,0.06,false,false,near_mint,de,CHF,2026-06-22T19:06:15.411Z
Yoris Karten,binder,Emeria Captain,ZNR,Zendikar Rising,11,normal,uncommon,1,54581,6490370e-fff5-4f17-b715-74ff8df5bc7c,0.1,false,false,near_mint,de,CHF,2026-06-22T19:06:15.409Z
Yoris Karten,binder,Prowling Felidar,ZNR,Zendikar Rising,34,normal,common,2,54720,b9d1c11a-a32c-449c-95c6-450dce6c26d2,0.16,false,false,near_mint,de,CHF,2026-06-22T19:06:15.402Z
Yoris Karten,binder,Servo Exhibition,KLD,Kaladesh,27,normal,uncommon,1,7616,9aba0c60-78e2-4e1c-a6ad-6f1c001ad7ee,0.14,false,false,near_mint,de,CHF,2026-06-22T19:06:15.395Z
Yoris Karten,binder,Herald of Faith,FDN,Foundations,494,normal,uncommon,1,101514,5579f35b-b3d2-4342-a52b-ae36b579d044,0.14,false,false,near_mint,de,CHF,2026-06-22T19:06:15.393Z
Yoris Karten,binder,Makindi Ox,ZNR,Zendikar Rising,25,normal,common,2,54837,fd0d164a-bce2-4474-abe0-b735eb6c9442,0.06,false,false,near_mint,de,CHF,2026-06-22T19:06:15.392Z
Yoris Karten,binder,Knight of the Pilgrim's Road,ORI,Magic Origins,20,normal,common,1,10922,b9de5f39-b07a-4272-8992-ed971132c9c4,0.06,false,false,near_mint,de,CHF,2026-06-22T19:06:15.391Z
Yoris Karten,binder,Waxmane Baku,MM2,Modern Masters 2015,38,normal,common,2,11179,fd0c47e0-c87b-4304-b412-00496c2c289f,0.02,false,false,near_mint,de,CHF,2026-06-22T19:06:15.386Z
Yoris Karten,binder,Enlightened Ascetic,ORI,Magic Origins,12,normal,common,1,10930,76549fc3-5798-4c70-bb70-802b6f597eb7,0.1,false,false,near_mint,de,CHF,2026-06-22T19:06:15.384Z
Yoris Karten,binder,Thousand Moons Crackshot,LCI,The Lost Caverns of Ixalan,37,normal,common,3,88601,741a7439-965d-49f2-b43e-053f29196e6b,0.05,false,false,near_mint,de,CHF,2026-06-22T19:06:15.383Z
Yoris Karten,binder,Mesa Falcon,6ED,Classic Sixth Edition,31,normal,common,1,35346,a7ce1b8e-13ba-4eed-a445-435300f3101e,0.08,false,false,near_mint,de,CHF,2026-06-22T19:06:15.379Z
Yoris Karten,binder,Affa Protector,OGW,Oath of the Gatewatch,14,normal,common,1,9368,0e54ac79-fbaa-4385-869b-aaf31e33a11f,0.06,false,false,near_mint,de,CHF,2026-06-22T19:06:15.377Z
Yoris Karten,binder,Alabaster Kirin,KTK,Khans of Tarkir,4,normal,common,3,13394,ad1ce529-06ed-4e85-9988-8c8b58401ed5,0.05,false,false,near_mint,de,CHF,2026-06-22T19:06:15.376Z
Yoris Karten,binder,Dawnglare Invoker,CM2,Commander Anthology Volume II,25,normal,common,1,1712,c7cc4332-8d8a-47f5-9583-219be4f2030a,0.25,false,false,near_mint,de,CHF,2026-06-22T19:06:15.371Z
Yoris Karten,binder,Shield Mare,M19,Core Set 2019,37,normal,uncommon,1,1275,d21e0516-4430-4292-850b-f5c524d7f8f8,0.1,false,false,near_mint,de,CHF,2026-06-22T19:06:15.370Z
Yoris Karten,binder,Apostle of Purifying Light,M20,Core Set 2020,6,normal,uncommon,1,45455,62f69602-b5fd-46d6-8dae-d77df35e378c,0.23,false,false,near_mint,de,CHF,2026-06-22T19:06:15.367Z
Yoris Karten,binder,Pious Wayfarer,THB,Theros Beyond Death,32,normal,common,3,47030,10b1a2b5-5be2-43a2-bc35-95df6eb0984f,0.12,false,false,near_mint,de,CHF,2026-06-22T19:06:15.366Z
Yoris Karten,binder,Ivory Cup,4ED,Fourth Edition,327,normal,uncommon,1,39860,14f378af-ea54-4035-9e3e-e8cf980d1e84,0.13,false,false,near_mint,de,CHF,2026-06-22T19:06:15.364Z
Yoris Karten,binder,Impostor of the Sixth Pride,MH1,Modern Horizons,14,normal,common,1,44920,83298c8a-02c4-4ada-9a41-4b973bb58ac6,0.21,false,false,near_mint,de,CHF,2026-06-22T19:06:15.358Z
Yoris Karten,binder,Rush of Battle,KTK,Khans of Tarkir,19,normal,common,4,13379,0d47d8aa-59c8-4e2c-bb48-328ae924dbb3,0.04,false,false,near_mint,de,CHF,2026-06-22T19:06:15.355Z
Yoris Karten,binder,Triplicate Spirits,M15,Magic 2015,40,normal,common,2,13812,3d6498d3-bf1f-4bf1-a602-7c21fb44c106,0.08,false,false,near_mint,de,CHF,2026-06-22T19:06:15.354Z
Yoris Karten,binder,Battle Screech,CMM,Commander Masters,17,normal,common,1,84614,90301f8c-f7af-4179-8faf-9901931bba8d,0.19,false,false,near_mint,de,CHF,2026-06-22T19:06:15.351Z
Yoris Karten,binder,Splicer's Skill,MH1,Modern Horizons,31,normal,uncommon,2,44903,c59dfb0f-45c7-431f-b5a3-d9b429fc6dde,0.14,false,false,near_mint,de,CHF,2026-06-22T19:06:15.347Z
Yoris Karten,binder,Hive Stirrings,M14,Magic 2014,21,normal,common,1,16030,e4399e19-d05d-4bb3-9aff-c4133ddd2850,0.22,false,false,near_mint,de,CHF,2026-06-22T19:06:15.345Z
Yoris Karten,binder,Otherworldly Journey,MM2,Modern Masters 2015,30,normal,common,1,11187,5cd220e4-2e2a-437e-aa4e-1007247c8e4d,0.22,false,false,near_mint,de,CHF,2026-06-22T19:06:15.344Z
Yoris Karten,binder,Stonecloaker,TSR,Time Spiral Remastered,45,normal,uncommon,1,57799,ad0997f0-865f-422b-b34e-485ff8178625,0.13,false,false,near_mint,de,CHF,2026-06-22T19:06:15.341Z
Yoris Karten,binder,Fiend Hunter,INR,Innistrad Remastered,22,normal,uncommon,1,102849,f606cf4d-e29b-415a-956c-b148045c44e9,0.23,false,false,near_mint,de,CHF,2026-06-22T19:06:15.340Z
Yoris Karten,binder,Wall of One Thousand Cuts,MH1,Modern Horizons,36,normal,common,3,44898,f4e5388a-1c1e-4809-99d0-bbdd93436c5e,0.08,false,false,near_mint,de,CHF,2026-06-22T19:06:15.339Z
Yoris Karten,binder,Leonin of the Lost Pride,THB,Theros Beyond Death,28,normal,common,3,47034,e1be3729-7970-45df-8c26-4fe09e56629d,0.09,false,false,near_mint,de,CHF,2026-06-22T19:06:15.336Z
Yoris Karten,binder,Mardu Woe-Reaper,FRF,Fate Reforged,18,normal,uncommon,1,12108,0bf14a32-b97b-48c7-8395-d9c3626735c1,0.15,false,false,near_mint,de,CHF,2026-06-22T19:06:15.335Z
Yoris Karten,binder,Garrison Cat,IKO,Ikoria: Lair of Behemoths,14,normal,common,2,50063,e7ff8345-227c-43b4-bed5-af3a34c0a990,0.25,false,false,near_mint,de,CHF,2026-06-22T19:06:15.334Z
Yoris Karten,binder,Vryn Wingmare,M21,Core Set 2021,43,normal,uncommon,1,50718,17b59819-4746-4c67-b6e5-4157d498a065,0.27,false,false,near_mint,de,CHF,2026-06-22T19:06:15.333Z
Yoris Karten,binder,Oketra's Avenger,HOU,Hour of Devastation,17,normal,common,1,4658,06a644b4-a2f7-4219-935b-237936b07948,0.06,false,false,near_mint,de,CHF,2026-06-22T19:06:15.332Z
Yoris Karten,binder,Caprichrome,MH2,Modern Horizons 2,9,normal,uncommon,1,59859,e8c71a1f-191b-45f6-bb34-fba3e981a711,0.09,false,false,near_mint,de,CHF,2026-06-22T19:06:15.330Z
Yoris Karten,binder,Squad Captain,CMR,Commander Legends,51,normal,common,1,56023,24c98bc7-f6a9-4aaf-a6dc-7067c3d8a41a,0.1,false,false,near_mint,de,CHF,2026-06-22T19:06:15.329Z
Yoris Karten,binder,Kor Blademaster,ZNR,Zendikar Rising,21,normal,uncommon,1,54835,fc6d6049-5599-47eb-ae58-a8eb96927ece,0.11,false,false,near_mint,de,CHF,2026-06-22T19:06:15.328Z
Yoris Karten,binder,Trueheart Duelist,AKH,Amonkhet,35,normal,uncommon,2,5650,628f5230-6c0d-4f24-b89a-7f3d443511f3,0.09,false,false,near_mint,de,CHF,2026-06-22T19:06:15.327Z
Yoris Karten,binder,Constable of the Realm,MOC,March of the Machine Commander,179,normal,uncommon,1,81839,a1000f3c-475e-49b8-8c98-bbff0e7ed87b,0.12,false,false,near_mint,de,CHF,2026-06-22T19:06:15.326Z
Yoris Karten,binder,Thraben Watcher,MH2,Modern Horizons 2,34,normal,uncommon,1,59575,5b4e0e11-2f16-42ad-b835-c9410c4bd7e3,0.31,false,false,near_mint,de,CHF,2026-06-22T19:06:15.325Z
Yoris Karten,binder,Karmic Guide,VOC,Crimson Vow Commander,90,normal,rare,1,64657,f550f0dd-9e20-4faf-a374-9d1c5830a52f,0.9,false,false,near_mint,de,CHF,2026-06-22T19:06:15.323Z
Yoris Karten,binder,Archon of Absolution,ELD,Throne of Eldraine,3,normal,uncommon,2,46335,684ca60c-7ed4-49e1-b54a-91d129539375,0.12,false,false,near_mint,de,CHF,2026-06-22T19:06:15.322Z
Yoris Karten,binder,Devoted Crop-Mate,AKH,Amonkhet,10,normal,uncommon,1,5675,d3677f10-b530-4606-b7c8-a72dd2131160,0.06,false,false,near_mint,de,CHF,2026-06-22T19:06:15.321Z
Yoris Karten,binder,Seeker of the Way,2X2,Double Masters 2022,28,normal,common,1,70584,e9e3cb28-d318-4d5d-b5bf-1ea7c6249a89,0.23,false,false,near_mint,de,CHF,2026-06-22T19:06:15.319Z
Yoris Karten,binder,Hero of the Pride,THB,Theros Beyond Death,22,normal,common,1,47040,81b56863-a52a-4559-a662-f6d9145d5804,0.14,false,false,near_mint,de,CHF,2026-06-22T19:06:15.315Z
Yoris Karten,binder,Skyline Scout,GRN,Guilds of Ravnica,25,normal,common,1,458,b052b641-fce9-45c1-a15b-1e22f1a64e4d,0.04,false,false,near_mint,de,CHF,2026-06-22T19:06:15.314Z
Yoris Karten,binder,Knight of Grace,FDN,Foundations,576,normal,uncommon,1,100487,4efb8633-0a70-4ddc-80af-42508ec75cff,0.11,false,false,near_mint,de,CHF,2026-06-22T19:06:15.313Z
Yoris Karten,binder,Celestial Flare,ORI,Magic Origins,8,normal,common,1,10934,89bb3b06-b33b-4897-882e-75b75790ea02,0.05,false,false,near_mint,de,CHF,2026-06-22T19:06:15.311Z
Yoris Karten,binder,Heliod's Punishment,THB,Theros Beyond Death,21,normal,uncommon,1,47041,3b8e6878-06aa-4505-b3a5-172083b7d258,0.14,false,false,near_mint,de,CHF,2026-06-22T19:06:15.310Z
Yoris Karten,binder,Tempt with Glory,CMA,Commander Anthology,26,normal,rare,1,5260,90e17fdd-c14f-413d-8119-d18cc8e58670,0.28,false,false,near_mint,de,CHF,2026-06-22T19:06:15.308Z
Yoris Karten,binder,Mortal's Ardor,DDO,Duel Decks: Elspeth vs. Kiora,19,normal,common,1,11911,75743f66-fd2d-47e7-b56f-1c95311d09c2,0.19,false,false,near_mint,de,CHF,2026-06-22T19:06:15.302Z
Yoris Karten,binder,Dazzling Reflection,OGW,Oath of the Gatewatch,17,normal,common,1,9365,f77977e8-25d8-4531-a6fc-8c46e6904670,0.06,false,false,near_mint,de,CHF,2026-06-22T19:06:15.301Z
Yoris Karten,binder,Mighty Leap,CLU,Ravnica: Clue Edition,66,normal,common,1,91143,b4c55b3a-0cca-4b4f-9915-61847b8f1455,0.13,false,false,near_mint,de,CHF,2026-06-22T19:06:15.299Z
Yoris Karten,binder,Rosie Cotton of South Lane,LTR,The Lord of the Rings: Tales of Middle-earth,27,normal,uncommon,1,83198,75338f49-1f02-4333-87e4-5779ef14e688,0.26,false,false,near_mint,de,CHF,2026-06-22T19:06:15.296Z
Yoris Karten,binder,Canyon Jerboa,ZNR,Zendikar Rising,7,normal,uncommon,1,54491,26b3938e-ebd7-4668-be3a-422c02ff5b08,0.1,false,false,near_mint,de,CHF,2026-06-22T19:06:15.295Z
Yoris Karten,binder,Make a Stand,CMR,Commander Legends,32,normal,uncommon,2,56044,3a948ef4-145f-4bea-b4af-5daa951b338c,0.18,false,false,near_mint,de,CHF,2026-06-22T19:06:15.291Z
Yoris Karten,binder,Marked by Honor,W16,Welcome Deck 2016,2,normal,common,1,9097,e944e39b-5268-47c0-8b09-2e666315e209,0.05,false,false,near_mint,de,CHF,2026-06-22T19:06:15.290Z
Yoris Karten,binder,Chaplain's Blessing,SOI,Shadows over Innistrad,10,normal,common,1,8986,f70ea481-1751-4097-af41-2d13fe79e788,0.21,false,false,near_mint,de,CHF,2026-06-22T19:06:15.289Z
Yoris Karten,binder,Stave Off,DDN,Duel Decks: Speed vs. Cunning,61,normal,common,1,13469,8257cc36-4886-449a-bb45-51f6abf09e82,0.14,false,false,near_mint,de,CHF,2026-06-22T19:06:15.284Z
Yoris Karten,binder,Brave the Sands,CM2,Commander Anthology Volume II,19,normal,uncommon,1,1718,09ab8b60-cdb1-43a8-b180-b562bb89b5a1,5.11,false,false,near_mint,de,CHF,2026-06-22T19:06:15.279Z
Yoris Karten,binder,Deconstruction Hammer,LCI,The Lost Caverns of Ixalan,9,normal,common,1,88266,0c7ba382-18c4-4833-b3d2-bd469ae2ad77,0.14,false,false,near_mint,de,CHF,2026-06-22T19:06:15.275Z
Yoris Karten,binder,Angelic Page,BRB,Battle Royale Box Set,4,normal,common,1,34056,3a5c2eb7-e019-4923-b182-ff66b5c15a49,0.31,false,false,near_mint,de,CHF,2026-06-22T19:06:15.272Z
Yoris Karten,binder,Renewed Faith,DMR,Dominaria Remastered,23,normal,common,1,78070,a7d66dd3-330f-4b12-81f6-52d7a31013a9,0.11,false,false,near_mint,de,CHF,2026-06-22T19:06:15.271Z
Yoris Karten,binder,Pressure Point,ZNR,Zendikar Rising,33,normal,common,2,54502,2fe82bbf-9b92-4684-a42d-fbc50c4c5903,0.08,false,false,near_mint,de,CHF,2026-06-22T19:06:15.270Z
Yoris Karten,binder,Honor's Reward,FRF,Fate Reforged,14,normal,uncommon,1,12112,084c8b16-7aae-4d1f-87c2-6a150f11bb15,0.05,false,false,near_mint,de,CHF,2026-06-22T19:06:15.268Z
Yoris Karten,binder,Shire Shirriff,LTR,The Lord of the Rings: Tales of Middle-earth,30,normal,uncommon,1,83039,444b687f-2571-4c55-a497-d24b9e18bc0f,0.11,false,false,near_mint,de,CHF,2026-06-22T19:06:15.266Z
Yoris Karten,binder,Drannith Healer,IKO,Ikoria: Lair of Behemoths,10,normal,common,2,50067,ff5a821c-eaec-4f69-97c7-8299cdebc2f4,0.18,false,false,near_mint,de,CHF,2026-06-22T19:06:15.265Z
Yoris Karten,binder,Transcendent Envoy,WOC,Wilds of Eldraine Commander,81,normal,common,2,85231,042b3a3c-a105-4bfa-b0bb-f93d22401c85,0.26,false,false,near_mint,de,CHF,2026-06-22T19:06:15.264Z
Yoris Karten,binder,Dazzling Ramparts,KTK,Khans of Tarkir,6,normal,uncommon,3,13392,ce43a2df-4305-4ab1-ae45-96cca597650e,0.14,false,false,near_mint,de,CHF,2026-06-22T19:06:15.267Z
Yoris Karten,binder,Revitalize,M21,Core Set 2021,31,normal,common,4,50928,a3bd4bce-8ab0-40b9-aad7-7d57a011bb0b,0.15,false,false,near_mint,de,CHF,2026-06-22T19:06:15.269Z
Yoris Karten,binder,Dismantling Blow,MH1,Modern Horizons,5,normal,uncommon,3,44929,70edc5da-4477-49f6-bbcc-f208fdaae0d3,0.17,false,false,near_mint,de,CHF,2026-06-22T19:06:15.276Z
Yoris Karten,binder,Kytheon's Tactics,ORI,Magic Origins,25,normal,common,2,10917,b0521669-206e-4909-be6f-a74603203a70,0.06,false,false,near_mint,de,CHF,2026-06-22T19:06:15.277Z
Yoris Karten,binder,Enshrouding Mist,ORI,Magic Origins,13,normal,common,2,10929,b059bd3e-451c-445a-b299-544c82fc0eb9,0.09,false,false,near_mint,de,CHF,2026-06-22T19:06:15.280Z
Yoris Karten,binder,Apostle's Blessing,MM2,Modern Masters 2015,8,normal,common,2,11209,fdfbc07e-d726-4d42-9394-6aa0f5fc3a3a,0.23,false,false,near_mint,de,CHF,2026-06-22T19:06:15.281Z
Yoris Karten,binder,Trial of Solidarity,AKH,Amonkhet,34,normal,uncommon,2,5651,a2604d43-a105-440b-86b1-60d1d0c04339,0.05,false,false,near_mint,de,CHF,2026-06-22T19:06:15.294Z
Yoris Karten,binder,Pride of Conquerors,RIX,Rivals of Ixalan,17,normal,uncommon,2,3001,ff0a769c-6602-4f6f-a388-f5aa15fb3c90,0.1,false,false,near_mint,de,CHF,2026-06-22T19:06:15.298Z
Yoris Karten,binder,Solid Footing,IKO,Ikoria: Lair of Behemoths,31,normal,common,2,50046,0900a8d1-a1b1-48c9-8af1-726a623c7d74,0.17,false,false,near_mint,de,CHF,2026-06-22T19:06:15.303Z
Yoris Karten,binder,Sentinel's Eyes,THB,Theros Beyond Death,36,normal,common,2,47026,32adc118-b81e-48c2-b7ef-b62e8c3308d6,0.21,false,false,near_mint,de,CHF,2026-06-22T19:06:15.304Z
Yoris Karten,binder,Kabira Outrider,ZNR,Zendikar Rising,18,normal,common,3,54550,53c81719-f820-4674-9cfb-cd5eaf0c1f0d,0.06,false,false,near_mint,de,CHF,2026-06-22T19:06:15.318Z
Yoris Karten,binder,Pteron Ghost,DST,Darksteel,10,normal,common,2,29651,1aff26fc-e6d3-4135-96b9-0da7cb8b6dae,0.09,false,false,near_mint,de,CHF,2026-06-22T19:06:15.324Z
Yoris Karten,binder,Evangel of Heliod,KHC,Kaldheim Commander,23,normal,uncommon,2,57268,ccc00c82-7c2a-4699-8058-e57f690ece96,0.23,false,false,near_mint,de,CHF,2026-06-22T19:06:15.331Z
Yoris Karten,binder,Secure the Scene,M21,Core Set 2021,35,normal,common,2,51023,d6467d96-e43a-4b1e-b6ce-578d991077b5,0.05,false,false,near_mint,de,CHF,2026-06-22T19:06:15.346Z
Yoris Karten,binder,Bladed Ambassador,ONE,Phyrexia: All Will Be One,285,normal,uncommon,3,78674,85465be2-7327-4e1f-8a4b-d24dca4f3ada,0.09,false,false,near_mint,de,CHF,2026-06-22T19:06:15.368Z
Yoris Karten,binder,Topan Freeblade,IMA,Iconic Masters,37,normal,uncommon,4,3588,3e953224-6ea0-4580-b2a2-c1ff133fb991,0.1,false,false,near_mint,de,CHF,2026-06-22T19:06:15.378Z
Yoris Karten,binder,Kor Sky Climber,OGW,Oath of the Gatewatch,24,normal,common,3,9358,54938334-ebad-4dde-82e6-8c854aef4a91,0.11,false,false,near_mint,de,CHF,2026-06-22T19:06:15.387Z
Yoris Karten,binder,Ardenvale Tactician // Dizzying Swoop,ELD,Throne of Eldraine,5,normal,common,3,46333,c7d5e394-8e41-442e-ae97-a478a61e1b9d,0.06,false,false,near_mint,de,CHF,2026-06-22T19:06:15.388Z
Yoris Karten,binder,Salt Road Patrol,KTK,Khans of Tarkir,21,normal,common,2,13377,2c5ee84d-e5b9-4103-8ba7-ccd79a272c0f,0.02,false,false,near_mint,de,CHF,2026-06-22T19:06:15.403Z
Yoris Karten,binder,Divine Arrow,IKO,Ikoria: Lair of Behemoths,9,normal,common,2,50068,5b29acc2-5749-4e8a-924d-3c82406e6393,0.08,false,false,near_mint,de,CHF,2026-06-22T19:06:15.405Z
Yoris Karten,binder,Allied Assault,ZNR,Zendikar Rising,1,normal,uncommon,2,54514,340df0d4-9848-4372-9f45-a73a8e94058a,0.12,false,false,near_mint,de,CHF,2026-06-22T19:06:15.408Z
Yoris Karten,binder,Bridled Bighorn,OTJ,Outlaws of Thunder Junction,7,normal,common,2,93438,fa7bf089-fa9b-4ffc-bf84-45cd51c76463,0.1,false,false,near_mint,de,CHF,2026-06-22T19:06:15.412Z
Yoris Karten,binder,Aeronaut Cavalry,BRO,The Brothers' War,1,normal,common,2,75396,38a62bb2-bc33-44d4-9a7e-92c9ea7d3c2c,0.06,false,false,near_mint,de,CHF,2026-06-22T19:06:15.415Z
Yoris Karten,binder,Enduring Sliver,MH1,Modern Horizons,6,normal,common,2,44928,6ed0f6a5-ed40-44fc-a5e1-3f8bb968d1d9,0.14,false,false,near_mint,de,CHF,2026-06-22T19:06:15.460Z
Yoris Karten,binder,Feat of Resistance,M21,Core Set 2021,19,normal,common,2,50852,73148b3b-73d3-4f57-8b67-1e91fbe112b9,0.26,false,false,near_mint,de,CHF,2026-06-22T19:06:15.466Z
Yoris Karten,binder,Daysquad Marshal,IKO,Ikoria: Lair of Behemoths,8,normal,common,4,50069,17d566bd-f272-49d1-bffb-588f2a42046a,0.08,false,false,near_mint,de,CHF,2026-06-22T19:06:15.473Z
Yoris Karten,binder,Karametra's Blessing,THB,Theros Beyond Death,26,normal,common,3,47036,88c8e4dc-5378-48d6-85b2-f5ea9ec7cf36,0.24,false,false,near_mint,de,CHF,2026-06-22T19:06:15.484Z
Yoris Karten,binder,Defiant Strike,KTK,Khans of Tarkir,7,normal,common,3,13391,39ec83fa-5cb4-4633-8827-36d874a2d2e7,0.1,false,false,near_mint,de,CHF,2026-06-22T19:06:15.487Z
Yoris Karten,binder,Smite the Monstrous,KTK,Khans of Tarkir,24,normal,common,2,13374,1405bb2e-2204-43ab-82a3-5d0c8537325a,0.05,false,false,near_mint,de,CHF,2026-06-22T19:06:15.489Z
Yoris Karten,binder,Divine Arrow,WAR,War of the Spark,10,normal,common,2,44394,73cbb58a-1b00-4883-9b45-da7ded7317e3,0.09,false,false,near_mint,de,CHF,2026-06-22T19:06:15.493Z
Yoris Karten,binder,Lonesome Unicorn // Rider in Need,ELD,Throne of Eldraine,21,normal,common,4,46317,99083707-2152-42c0-b5c3-b4f97ec20190,0.19,false,false,near_mint,de,CHF,2026-06-22T19:06:15.514Z
Yoris Karten,binder,Resolute Archangel,M15,Magic 2015,28,normal,rare,1,13824,e37b31b8-d868-4dff-9ab0-723ce41ee7e4,0.81,false,false,near_mint,de,CHF,2026-06-22T19:24:28.455Z
Yoris Karten,binder,Inspired Charge,KLD,Kaladesh,20,normal,common,1,7623,eca67eb3-44e7-4315-9808-870057915a84,0.08,false,false,near_mint,de,CHF,2026-06-22T19:24:28.453Z
Yoris Karten,binder,Second Breakfast,LTR,The Lord of the Rings: Tales of Middle-earth,29,normal,common,1,82814,002f647a-25f8-461b-8617-52674f5d577c,0.15,false,false,near_mint,de,CHF,2026-06-22T19:24:28.450Z
Yoris Karten,binder,Ordeal of Heliod,A25,Masters 25,27,normal,uncommon,1,2689,dd652c85-f8ca-4e38-a21b-f21b729bcf92,0.1,false,false,near_mint,de,CHF,2026-06-22T19:24:28.447Z
Yoris Karten,binder,Resolute Strike,ZNR,Zendikar Rising,35,normal,common,1,54615,78b82476-4320-4719-9785-af8d68503234,0.06,false,false,near_mint,de,CHF,2026-06-22T19:24:28.444Z
Yoris Karten,binder,Strength of Arms,INR,Innistrad Remastered,42,normal,common,1,102698,a08fb8ec-6890-48f9-97db-0584a9a77578,0.12,false,false,near_mint,de,CHF,2026-06-22T19:24:28.441Z
Yoris Karten,binder,Isolation Zone,OGW,Oath of the Gatewatch,22,normal,common,1,9360,1ca698e3-1249-4a08-be04-bae3bd944e99,0.04,false,false,near_mint,de,CHF,2026-06-22T19:24:28.436Z
Yoris Karten,binder,Static Net,BRO,The Brothers' War,27,normal,uncommon,1,75482,5ab5cb30-3ced-4450-a3c4-b519f3762620,0.12,false,false,near_mint,de,CHF,2026-06-22T19:24:28.435Z
Yoris Karten,binder,Snare Tactician,IKO,Ikoria: Lair of Behemoths,30,normal,common,1,50047,5f640e0c-298d-4a5f-94d0-d839cf06ca86,0.07,false,false,near_mint,de,CHF,2026-06-22T19:24:28.432Z
Yoris Karten,binder,Impeccable Timing,AKH,Amonkhet,18,normal,common,1,5667,a98cee1e-64d8-4662-a911-009b031dc888,0.04,false,false,near_mint,de,CHF,2026-06-22T19:24:28.431Z
Yoris Karten,binder,Checkpoint Officer,IKO,Ikoria: Lair of Behemoths,5,normal,common,1,50072,4a0e12f5-7b15-4a8c-b045-35bcbf1fbb90,0.07,false,false,near_mint,de,CHF,2026-06-22T19:24:28.429Z
Yoris Karten,binder,Gideon's Triumph,WAR,War of the Spark,15,normal,uncommon,1,44389,d6610c6a-717f-406e-a49d-b6e548880946,0.08,false,false,near_mint,de,CHF,2026-06-22T19:24:28.428Z
Yoris Karten,binder,Dispeller's Capsule,C21,Commander 2021,89,normal,common,1,58731,ebecd3d1-15ed-4501-89af-4718a212332d,0.14,false,false,near_mint,de,CHF,2026-06-22T19:24:28.426Z
Yoris Karten,binder,Fragmentize,KLD,Kaladesh,14,normal,common,1,7629,5bf09deb-2607-4eb0-94a7-9584e771fdfb,0.18,false,false,near_mint,de,CHF,2026-06-22T19:24:28.425Z
Yoris Karten,binder,Stern Constable,SOI,Shadows over Innistrad,39,normal,common,1,8957,4f0f87d4-5fed-415c-918a-c3546697a3da,0.06,false,false,near_mint,de,CHF,2026-06-22T19:24:28.424Z
Yoris Karten,binder,Akroan Jailer,ORI,Magic Origins,1,normal,common,1,10941,8d96bc2b-2e31-4654-b192-c3f023d9fde6,0.08,false,false,near_mint,de,CHF,2026-06-22T19:24:28.422Z
Yoris Karten,binder,Glimpse the Sun God,BNG,Born of the Gods,13,normal,uncommon,1,14947,f241e5f7-3168-4bd2-b586-185aad3ae9d9,0.2,false,false,near_mint,de,CHF,2026-06-22T19:24:28.419Z
Yoris Karten,binder,Unexpectedly Absent,C20,Commander 2020,106,normal,rare,1,50312,a1501a42-e233-423b-b68a-1b76630bbccc,0.25,false,false,near_mint,de,CHF,2026-06-22T19:24:28.417Z
Yoris Karten,binder,You Cannot Pass!,LTR,The Lord of the Rings: Tales of Middle-earth,38,normal,uncommon,1,82859,116d4030-acd2-4aa2-8254-aaaff1264459,0.23,false,false,near_mint,de,CHF,2026-06-22T19:24:28.416Z
Yoris Karten,binder,Righteous Blow,GRN,Guilds of Ravnica,23,normal,common,1,460,b4501520-acf4-438f-9e96-4a649875ffdd,0.06,false,false,near_mint,de,CHF,2026-06-22T19:24:28.415Z
Yoris Karten,binder,Gideon's Sacrifice,MKC,Murders at Karlov Manor Commander,68,normal,common,1,90540,d483b409-1853-4456-a077-daeb77e165ba,0.27,false,false,near_mint,de,CHF,2026-06-22T19:24:28.414Z
Yoris Karten,binder,Prison Realm,WAR,War of the Spark,26,normal,uncommon,1,44378,d476e8e5-2377-464b-b2d5-a3cd66ee2e45,0.14,false,false,near_mint,de,CHF,2026-06-22T19:24:28.412Z
Yoris Karten,binder,Pacifism,USG,Urza's Saga,27,normal,common,1,35941,dc81638f-a74c-47fc-825a-ae778c524f66,0.1,false,false,near_mint,de,CHF,2026-06-22T19:24:28.401Z
Yoris Karten,binder,Oreskos Swiftclaw,M19,Core Set 2019,31,normal,common,1,1281,0ea1dfb4-1983-41f7-956c-f2a1d1489b54,0.2,false,false,near_mint,de,CHF,2026-06-22T19:24:28.390Z
Yoris Karten,binder,"Faramir, Field Commander",LTR,The Lord of the Rings: Tales of Middle-earth,303,normal,uncommon,2,82815,008b953a-da2b-4c30-9424-6d6e3e938251,0.17,false,false,near_mint,de,CHF,2026-06-22T19:24:28.376Z
Yoris Karten,binder,"Faramir, Field Commander",LTR,The Lord of the Rings: Tales of Middle-earth,14,normal,uncommon,1,82889,17c2250a-9af1-40de-9f09-7e8c7daec520,0.1,false,false,near_mint,de,CHF,2026-06-22T19:24:28.375Z
Yoris Karten,binder,Samwise the Stouthearted,LTR,The Lord of the Rings: Tales of Middle-earth,28,normal,uncommon,1,82922,214c270e-29ca-4d69-bea6-9252ae7707ad,0.18,false,false,near_mint,de,CHF,2026-06-22T19:24:28.374Z
Yoris Karten,binder,"Linvala, the Preserver",OGW,Oath of the Gatewatch,25,normal,mythic,1,9357,ef0dbb08-d124-46da-bfb1-af7ef4a18179,0.66,false,false,near_mint,de,CHF,2026-06-22T19:24:28.373Z
Yoris Karten,binder,Apothecary Geist,INR,Innistrad Remastered,10,normal,common,1,102711,a79df1a1-6d60-4e5f-b4d8-668155836bb6,0.06,false,false,near_mint,de,CHF,2026-06-22T19:24:28.372Z
Yoris Karten,binder,Vizier of the True,HOU,Hour of Devastation,28,normal,uncommon,1,4647,c1800882-e886-48d5-ac85-0a8e5841dc9a,0.04,false,false,near_mint,de,CHF,2026-06-22T19:24:28.370Z
Yoris Karten,binder,Knight of Valor,VIS,Visions,11,normal,common,1,38162,25aa80ae-bb17-4e52-a269-efe75cf4c041,0.1,false,false,near_mint,de,CHF,2026-06-22T19:24:28.367Z
Yoris Karten,binder,Mausoleum Guard,INR,Innistrad Remastered,33,normal,uncommon,2,102645,849bea7e-74e5-4310-be5a-d517d7b19be6,0.13,false,false,near_mint,de,CHF,2026-06-22T19:24:28.366Z
Yoris Karten,binder,Oltec Cloud Guard,LCI,The Lost Caverns of Ixalan,28,normal,common,1,88224,02d68a38-2e0b-401b-b67d-a55e2af5b18d,0.04,false,false,near_mint,de,CHF,2026-06-22T19:24:28.363Z
Yoris Karten,binder,Stalwarts of Osgiliath,LTR,The Lord of the Rings: Tales of Middle-earth,33,normal,common,1,82955,2acb8240-8e0e-4adf-a884-4986c116e704,0.1,false,false,near_mint,de,CHF,2026-06-22T19:24:28.362Z
Yoris Karten,binder,Errand-Rider of Gondor,LTR,The Lord of the Rings: Tales of Middle-earth,11,normal,common,1,83534,d3f990e7-54a3-4893-8510-645b2065447b,0.1,false,false,near_mint,de,CHF,2026-06-22T19:24:28.361Z
Yoris Karten,binder,Anointer of Valor,2X2,Double Masters 2022,6,normal,common,1,70159,393fb9f7-ec03-4831-96d4-a26c89b91830,0.13,false,false,near_mint,de,CHF,2026-06-22T19:24:28.360Z
Yoris Karten,binder,Kinsbaile Courier,CMR,Commander Legends,29,normal,common,2,55689,56b2b413-e00f-440d-9d27-92eb069b8c71,0.15,false,false,near_mint,de,CHF,2026-06-22T19:24:28.359Z
Yoris Karten,binder,Silverstorm Samurai,BOK,Betrayers of Kamigawa,22,normal,common,1,28687,10d2a6d9-5848-4481-a0f9-42320ff2c230,0.14,false,false,near_mint,de,CHF,2026-06-22T19:24:28.358Z
Yoris Karten,binder,Hundred-Talon Kami,CHK,Champions of Kamigawa,16,normal,common,1,29210,a7b2892a-5c16-4624-9a47-6a47f10e2466,0.06,false,false,near_mint,de,CHF,2026-06-22T19:24:28.356Z
Yoris Karten,binder,Snubhorn Sentry,RIX,Rivals of Ixalan,23,normal,common,1,2995,3ee111e7-5309-46d5-b3ea-a049b3962c23,0.15,false,false,near_mint,de,CHF,2026-06-22T19:24:28.346Z
Yoris Karten,binder,Kor Celebrant,ZNR,Zendikar Rising,22,normal,common,1,54635,87c37e46-a961-4739-8893-f783013e2be6,0.09,false,false,near_mint,de,CHF,2026-06-22T19:24:28.337Z
Yoris Karten,binder,Kjeldoran Skycaptain,5ED,Fifth Edition,45,normal,uncommon,1,37961,8c1f4c4d-dbb6-42b9-a56f-5ee119f68cf6,0.2,false,false,near_mint,de,CHF,2026-06-22T19:24:28.336Z
Yoris Karten,binder,Solitary Camel,HOU,Hour of Devastation,23,normal,common,1,4652,8adb8dbf-c83c-4169-b822-8e32aa36cffa,0.05,false,false,near_mint,de,CHF,2026-06-22T19:24:28.326Z
Yoris Karten,binder,Disposal Mummy,HOU,Hour of Devastation,9,normal,common,1,4666,ad806d67-4c98-438b-859f-b1358281e09d,0.06,false,false,near_mint,de,CHF,2026-06-22T19:24:28.325Z
Yoris Karten,binder,Steadfast Sentinel,HOU,Hour of Devastation,24,normal,common,1,4651,707a30d2-0fca-4b39-91fb-9b03152705ba,0.03,false,false,near_mint,de,CHF,2026-06-22T19:24:28.323Z
Yoris Karten,binder,Ondu War Cleric,OGW,Oath of the Gatewatch,31,normal,common,1,9351,9b255d34-04fa-4d3b-9fc1-8f980ef1f054,0.12,false,false,near_mint,de,CHF,2026-06-22T19:24:28.322Z
Yoris Karten,binder,Tazeem Raptor,ZNR,Zendikar Rising,43,normal,common,1,54497,299d60b9-0ba7-40ee-b9d0-ee8f1ea288c9,0.04,false,false,near_mint,de,CHF,2026-06-22T19:24:28.320Z
Yoris Karten,binder,Hallowed Healer,ODY,Odyssey,25,normal,common,1,32152,254d5bf0-f985-4919-a142-d4578ae9a38e,0.1,false,false,near_mint,de,CHF,2026-06-22T19:24:28.319Z
Yoris Karten,binder,Emissary of the Sleepless,SOI,Shadows over Innistrad,17,normal,common,1,8979,cc5fa496-a830-4031-a19a-d6467d074ad1,0.04,false,false,near_mint,de,CHF,2026-06-22T19:24:28.315Z
Yoris Karten,binder,Hopeful Eidolon,THS,Theros,19,normal,common,4,15645,4c69995b-ef31-4635-8d5a-b31f73993364,0.06,false,false,near_mint,de,CHF,2026-06-22T19:24:28.314Z
Yoris Karten,binder,Benevolent Ancestor,IMA,Iconic Masters,12,normal,common,1,3613,ccf59723-fa84-40e3-b63e-b735addfdb43,0.04,false,false,near_mint,de,CHF,2026-06-22T19:24:28.305Z
Yoris Karten,binder,Dromad Purebred,RAV,Ravnica: City of Guilds,15,normal,common,1,27995,0106caf1-2201-4661-96a5-56af02963fa6,0.08,false,false,near_mint,de,CHF,2026-06-22T19:24:28.304Z
Yoris Karten,binder,Caregiver,RAV,Ravnica: City of Guilds,6,normal,common,1,28004,0c33d3fe-cdd3-4829-8f10-6611f063983b,0.04,false,false,near_mint,de,CHF,2026-06-22T19:24:28.303Z
Yoris Karten,binder,God-Pharaoh's Faithful,HOU,Hour of Devastation,14,normal,common,1,4661,9cb8a25b-2ad0-4ffe-b41a-6b3f8b48c1e9,0.14,false,false,near_mint,de,CHF,2026-06-22T19:24:28.298Z
Yoris Karten,binder,Cathar's Companion,SOI,Shadows over Innistrad,9,normal,common,1,8987,0f4b9943-0fe6-4383-90a0-4a719dcf9499,0.08,false,false,near_mint,de,CHF,2026-06-22T19:24:28.293Z
Yoris Karten,binder,Civic Stalwart,RNA,Ravnica Allegiance,6,normal,common,1,43858,aa981489-4301-43f6-b1d7-2aa42e00cf75,0.02,false,false,near_mint,de,CHF,2026-06-22T19:24:28.291Z
Yoris Karten,binder,Sinew Dancer,ONE,Phyrexia: All Will Be One,32,normal,common,1,78929,ebad4fcc-4f78-48dc-b236-c78c22edc1e9,0.06,false,false,near_mint,de,CHF,2026-06-22T19:24:28.286Z
Yoris Karten,binder,Vulpikeet,IKO,Ikoria: Lair of Behemoths,282,normal,common,1,49795,044dae1f-a767-49f8-b4e2-85161f2685d5,0.19,false,false,near_mint,de,CHF,2026-06-22T19:24:28.281Z
Yoris Karten,binder,Siege Striker,M21,Core Set 2021,37,normal,uncommon,1,50862,7a0ffa89-e6ee-466c-8edc-dd24c8b52e80,0.11,false,false,near_mint,de,CHF,2026-06-22T19:24:28.266Z
Yoris Karten,binder,Veteran Armorer,RAV,Ravnica: City of Guilds,34,normal,common,1,27976,151a455f-c364-4600-a5f8-98da86aabc48,0.13,false,false,near_mint,de,CHF,2026-06-22T19:24:28.265Z
Yoris Karten,binder,Skymarcher Aspirant,RIX,Rivals of Ixalan,21,normal,uncommon,2,2997,9473190f-5e96-4cf7-a0fa-a77d916acc2e,0.2,false,false,near_mint,de,CHF,2026-06-22T19:24:28.253Z
Yoris Karten,binder,Sunken Hollow,LTC,Tales of Middle-earth Commander,335,normal,rare,1,83320,9764a8bc-94ff-448f-aed6-2eca21fc0418,0.29,false,false,near_mint,de,CHF,2026-06-22T19:24:28.248Z
Yoris Karten,binder,Glorifier of Suffering,LCI,The Lost Caverns of Ixalan,15,normal,common,1,88602,7580ad36-7362-4dee-9511-d119173b70e8,0.1,false,false,near_mint,de,CHF,2026-06-22T19:24:28.247Z
Yoris Karten,binder,Envoy of Okinec Ahau,LCI,The Lost Caverns of Ixalan,11,normal,common,1,88717,96de0741-9270-4118-bb8e-f3480c75a582,0.08,false,false,near_mint,de,CHF,2026-06-22T19:24:28.246Z
Yoris Karten,binder,Soaring Sandwing,LCI,The Lost Caverns of Ixalan,35,normal,common,1,88987,e7833724-aec6-41a4-a7ea-2aa722467732,0.19,false,false,near_mint,de,CHF,2026-06-22T19:24:28.241Z
Yoris Karten,binder,Attended Healer,ZNR,Zendikar Rising,6,normal,uncommon,1,54595,6ca80b5a-3943-41ca-8cd1-8e3db1b2a1c8,0.2,false,false,near_mint,de,CHF,2026-06-22T19:24:28.236Z
Yoris Karten,binder,Kinjalli's Dawnrunner,LCI,The Lost Caverns of Ixalan,19,normal,uncommon,1,89057,fc4c527c-6963-47f4-bcad-841d06bb2211,0.06,false,false,near_mint,de,CHF,2026-06-22T19:24:28.232Z
Yoris Karten,binder,Oltec Archaeologists,LCI,The Lost Caverns of Ixalan,27,normal,common,1,88508,57c21561-2213-4524-89a6-30a305843e5a,0.02,false,false,near_mint,de,CHF,2026-06-22T19:24:28.231Z
Yoris Karten,binder,Star-Crowned Stag,M19,Core Set 2019,38,normal,common,1,1274,c57417c7-867b-4b64-bfe3-1744dfe9b44d,0.04,false,false,near_mint,de,CHF,2026-06-22T19:24:28.222Z
Yoris Karten,binder,Parhelion Patrol,CLU,Ravnica: Clue Edition,68,normal,common,1,90907,5cdd3703-4b3a-4d63-bf7c-88341a52f397,0.05,false,false,near_mint,de,CHF,2026-06-22T19:24:28.219Z
Yoris Karten,binder,Intrusive Packbeast,GRN,Guilds of Ravnica,17,normal,common,1,466,49266f3c-4b43-4175-8bac-16789ba6f4b9,0.02,false,false,near_mint,de,CHF,2026-06-22T19:24:28.218Z
Yoris Karten,binder,Blade Instructor,GRN,Guilds of Ravnica,1,normal,common,1,482,9b1c7f07-8d39-425b-8ae9-b3ab317cc0fe,0.1,false,false,near_mint,de,CHF,2026-06-22T19:24:28.217Z
Yoris Karten,binder,Cleric of the Forward Order,DMR,Dominaria Remastered,3,normal,common,1,77881,435b24ae-590f-4a79-8aeb-b006de6545ca,0.04,false,false,near_mint,de,CHF,2026-06-22T19:24:28.211Z
Yoris Karten,binder,Dauntless Cathar,INR,Innistrad Remastered,19,normal,common,1,102745,b680d42c-8198-43b0-b934-2add08a02bbc,0.05,false,false,near_mint,de,CHF,2026-06-22T19:24:28.209Z
Yoris Karten,binder,Daybreak Charger,M21,Core Set 2021,14,normal,common,1,51097,ff87a671-054f-4357-8a62-450d36559a1b,0.14,false,false,near_mint,de,CHF,2026-06-22T19:24:28.197Z
Yoris Karten,binder,Valorous Steed,M21,Core Set 2021,42,normal,common,1,50940,aa01cb8c-f080-456b-a91a-f1d7943a70b2,0.17,false,false,near_mint,de,CHF,2026-06-22T19:24:28.195Z
Yoris Karten,binder,Basri's Acolyte,M21,Core Set 2021,8,normal,common,1,50698,08d1dd97-2675-4953-ab95-d47d23abfe05,0.19,false,false,near_mint,de,CHF,2026-06-22T19:24:28.194Z
Yoris Karten,binder,Steppe Lynx,ZEN,Zendikar,36,normal,common,1,22588,b0aaec1c-8084-4468-82e7-2e4cc5ebe244,0.13,false,false,near_mint,de,CHF,2026-06-22T19:24:28.187Z
Yoris Karten,binder,Farsight Adept,ZNR,Zendikar Rising,14,normal,common,1,54560,5949bb9a-b4e8-4992-a12d-8e31953aff0d,0.12,false,false,near_mint,de,CHF,2026-06-22T19:24:28.182Z
Yoris Karten,binder,Ajani's Sunstriker,CNS,Conspiracy,66,normal,common,1,14354,373d6799-e031-4043-8437-ed4880be0de9,0.23,false,false,near_mint,de,CHF,2026-06-22T19:24:28.179Z
Yoris Karten,binder,Heliod's Pilgrim,UMA,Ultimate Masters,19,normal,common,1,43480,753dd235-55d3-4124-9b43-74517534bd87,0.21,false,false,near_mint,de,CHF,2026-06-22T19:24:28.178Z
Yoris Karten,binder,Nearheath Chaplain,SOI,Shadows over Innistrad,29,normal,uncommon,1,8967,362ec364-39c1-4a4b-8dfa-268fad2effdd,0.1,false,false,near_mint,de,CHF,2026-06-22T19:24:28.172Z
Yoris Karten,binder,Archon of Falling Stars,THB,Theros Beyond Death,2,normal,uncommon,1,47060,d0dd1e40-a514-42df-8cc1-364998c7700c,0.08,false,false,near_mint,de,CHF,2026-06-22T19:24:28.158Z
Yoris Karten,binder,Imposing Vantasaur,IKO,Ikoria: Lair of Behemoths,17,normal,common,1,50060,b6fa5feb-f5e9-4079-acc9-84e458044769,0.19,false,false,near_mint,de,CHF,2026-06-22T19:24:28.152Z
Yoris Karten,binder,Helica Glider,IKO,Ikoria: Lair of Behemoths,15,normal,common,1,50062,8fc88fe0-2424-49a7-9abf-4773a547d010,0.11,false,false,near_mint,de,CHF,2026-06-22T19:24:28.151Z
Yoris Karten,binder,Rambunctious Mutt,M21,Core Set 2021,30,normal,common,2,50781,3f602ecc-c264-4f3e-adeb-d0186668653e,0.25,false,false,near_mint,de,CHF,2026-06-22T19:24:28.153Z
Yoris Karten,binder,Dawn Evangel,THB,Theros Beyond Death,8,normal,uncommon,3,47054,f7e152ae-43ec-4b9d-a43f-786c2f6c7366,0.12,false,false,near_mint,de,CHF,2026-06-22T19:24:28.159Z
Yoris Karten,binder,Rumbling Sentry,THB,Theros Beyond Death,35,normal,common,2,47027,4f93f3c9-b317-40c1-87f5-0038c09b646d,0.05,false,false,near_mint,de,CHF,2026-06-22T19:24:28.161Z
Yoris Karten,binder,Maned Serval,IKO,Ikoria: Lair of Behemoths,23,normal,common,3,50054,5ac51e35-e2c5-4457-981c-e59894584288,0.14,false,false,near_mint,de,CHF,2026-06-22T19:24:28.164Z
Yoris Karten,binder,Kor Scythemaster,OGW,Oath of the Gatewatch,23,normal,common,3,9359,5ce587ba-f23a-4548-a5b8-fca54984d4b4,0.05,false,false,near_mint,de,CHF,2026-06-22T19:24:28.167Z
Yoris Karten,binder,Paranoid Parish-Blade,SOI,Shadows over Innistrad,33,normal,uncommon,3,8963,16bb6c60-1889-49ed-8767-8144cc5a9571,0.03,false,false,near_mint,de,CHF,2026-06-22T19:24:28.170Z
Yoris Karten,binder,Auramancer,DSC,Duskmourn: House of Horror Commander,97,normal,common,2,99355,d0957032-6d98-4cac-889b-890e9bfe1f86,0.27,false,false,near_mint,de,CHF,2026-06-22T19:24:28.174Z
Yoris Karten,binder,Patron of the Valiant,CMR,Commander Legends,37,normal,uncommon,2,55749,7db1e841-04e9-49ab-acbf-defd6d82140a,0.14,false,false,near_mint,de,CHF,2026-06-22T19:24:28.203Z
Yoris Karten,binder,Inquisitor's Ox,SOI,Shadows over Innistrad,24,normal,common,2,8972,fd1401fe-9e88-401b-96f0-5f58808a519f,0.02,false,false,near_mint,de,CHF,2026-06-22T19:24:28.208Z
Yoris Karten,binder,Charging Griffin,ORI,Magic Origins,9,normal,common,2,10933,d86bd259-bc2f-402c-9e7a-030f9a3781e2,0.05,false,false,near_mint,de,CHF,2026-06-22T19:24:28.210Z
Yoris Karten,binder,Skyspear Cavalry,UMA,Ultimate Masters,36,normal,common,2,43463,c41a35c6-14d9-4b8f-88f1-f1442e4ef222,0.02,false,false,near_mint,de,CHF,2026-06-22T19:24:28.215Z
Yoris Karten,binder,Cavalry Drillmaster,M19,Core Set 2019,8,normal,common,3,1304,62d2e929-7ae3-4560-9cfa-53b89c8a6016,0.09,false,false,near_mint,de,CHF,2026-06-22T19:24:28.220Z
Yoris Karten,binder,Lotus-Eye Mystics,UMA,Ultimate Masters,23,normal,common,4,43476,c3170852-60a9-46bc-8183-b1a65fc3b82b,0.15,false,false,near_mint,de,CHF,2026-06-22T19:24:28.225Z
Yoris Karten,binder,Stagecoach Security,OTJ,Outlaws of Thunder Junction,30,normal,common,2,93086,21301998-b3e6-4f3d-89f4-5e17aeb79a1e,0.03,false,false,near_mint,de,CHF,2026-06-22T19:24:28.226Z
Yoris Karten,binder,Holy Cow,OTJ,Outlaws of Thunder Junction,16,normal,common,2,93261,90de84c9-941b-4056-8501-ce8a948b9643,0.19,false,false,near_mint,de,CHF,2026-06-22T19:24:28.227Z
Yoris Karten,binder,Trained Arynx,OTJ,Outlaws of Thunder Junction,36,normal,common,2,93415,ef32a5f8-f69d-47dc-a800-4f0ddf4eada5,0.1,false,false,near_mint,de,CHF,2026-06-22T19:24:28.228Z
Yoris Karten,binder,Adaptive Gemguard,LCI,The Lost Caverns of Ixalan,3,normal,common,3,88644,83c91e24-b7e8-4040-80cb-d1b375002c10,0.07,false,false,near_mint,de,CHF,2026-06-22T19:24:28.230Z
Yoris Karten,binder,Attentive Sunscribe,LCI,The Lost Caverns of Ixalan,4,normal,common,2,88806,ad1a0159-7f00-429c-9318-b028b1e03ba8,0.1,false,false,near_mint,de,CHF,2026-06-22T19:24:28.233Z
Yoris Karten,binder,Mischievous Pup,FDN,Foundations,144,normal,uncommon,3,100670,7214d984-6400-44d7-bde6-57d96b606e78,0.14,false,false,near_mint,de,CHF,2026-06-22T19:24:28.237Z
Yoris Karten,binder,Thousand Moons Infantry,LCI,The Lost Caverns of Ixalan,38,normal,common,2,88870,c1974a8c-3328-4ff5-9a00-cb79ebb8ccf6,0.1,false,false,near_mint,de,CHF,2026-06-22T19:24:28.239Z
Yoris Karten,binder,Loxodon Sergeant,WAR,War of the Spark,21,normal,common,2,44383,c57f873b-5fb2-4638-b66c-f6d1aec156ba,0.09,false,false,near_mint,de,CHF,2026-06-22T19:24:28.259Z
Yoris Karten,binder,Wall of Resurgence,OGW,Oath of the Gatewatch,39,normal,uncommon,2,9343,c99f0dc1-c8cf-4733-a874-5ae57b38258e,0.07,false,false,near_mint,de,CHF,2026-06-22T19:24:28.288Z
Yoris Karten,binder,Devilthorn Fox,SOI,Shadows over Innistrad,14,normal,common,2,8982,57bea4c2-7a15-4f31-938d-c4c906e4ebe7,0.15,false,false,near_mint,de,CHF,2026-06-22T19:24:28.294Z
Yoris Karten,binder,Militant Inquisitor,SOI,Shadows over Innistrad,26,normal,common,2,8970,68d99f1f-80d6-4b5e-aeae-83fb8ae62cdc,0.04,false,false,near_mint,de,CHF,2026-06-22T19:24:28.295Z
Yoris Karten,binder,Moorland Drifter,SOI,Shadows over Innistrad,27,normal,common,2,8969,5839942c-0ad1-4f77-97a0-142b8ef2266c,0.05,false,false,near_mint,de,CHF,2026-06-22T19:24:28.296Z
Yoris Karten,binder,Totem-Guide Hartebeest,ORI,Magic Origins,37,normal,uncommon,2,10905,589346d3-b32b-40f2-8513-741ceb88bf7b,0.12,false,false,near_mint,de,CHF,2026-06-22T19:24:28.327Z
Yoris Karten,binder,War Behemoth,KTK,Khans of Tarkir,29,normal,common,5,13369,652109b9-d607-42b6-945d-0c0dd5bba89c,0.03,false,false,near_mint,de,CHF,2026-06-22T19:24:28.378Z
Yoris Karten,binder,Suppression Bonds,ORI,Magic Origins,34,normal,common,2,10908,d34c717b-224b-4289-826d-f5b1f7c3dbfb,0.09,false,false,near_mint,de,CHF,2026-06-22T19:24:28.395Z
Yoris Karten,binder,Throttle,KTK,Khans of Tarkir,93,normal,common,1,13305,b6b71c00-3f38-47dc-90bc-6464d346c098,0.05,false,false,near_mint,de,CHF,2026-06-22T19:42:59.357Z
Yoris Karten,binder,Erebos's Intervention,THB,Theros Beyond Death,94,normal,rare,1,46968,88e35c80-6cfe-49fc-8138-562233ccf987,0.43,false,false,near_mint,de,CHF,2026-06-22T19:42:59.355Z
Yoris Karten,binder,Silence the Believers,JOU,Journey into Nyx,82,normal,rare,1,14567,d6dc2bd1-a980-4eab-8bb3-1ce28c3f9ef4,0.14,false,false,near_mint,de,CHF,2026-06-22T19:42:59.353Z
Yoris Karten,binder,Corpse Churn,CLU,Ravnica: Clue Edition,107,normal,common,1,91178,c151c2e9-a7d1-42ee-a68c-885df78db53e,0.1,false,false,near_mint,de,CHF,2026-06-22T19:42:59.350Z
Yoris Karten,binder,Blood Curdle,IKO,Ikoria: Lair of Behemoths,75,normal,common,1,50002,4184c851-1419-476c-ba9c-9f0cb1137114,0.19,false,false,near_mint,de,CHF,2026-06-22T19:42:59.349Z
Yoris Karten,binder,Finishing Blow,M21,Core Set 2021,99,normal,common,1,50746,2b85a552-2119-4d9c-b7c1-c09c2d9f2f38,0.1,false,false,near_mint,de,CHF,2026-06-22T19:42:59.347Z
Yoris Karten,binder,Feast of Dreams,JOU,Journey into Nyx,69,normal,common,2,14580,de07e21e-c12a-47a6-ad2c-ef6fed343407,0.04,false,false,near_mint,de,CHF,2026-06-22T19:42:59.343Z
Yoris Karten,binder,Oblivion's Hunger,ZNR,Zendikar Rising,119,normal,common,1,54832,faf65512-8228-48f4-ba7b-d861b66d28c9,0.08,false,false,near_mint,de,CHF,2026-06-22T19:42:59.341Z
Yoris Karten,binder,Merciless Resolve,SOI,Shadows over Innistrad,123,normal,common,3,8873,356af156-a059-416c-b78b-d9058b742818,0.05,false,false,near_mint,de,CHF,2026-06-22T19:42:59.340Z
Yoris Karten,binder,Throttle,SOI,Shadows over Innistrad,138,normal,common,3,8858,953f9001-17b2-4087-8d87-5dbaa6c48b16,0.06,false,false,near_mint,de,CHF,2026-06-22T19:42:59.339Z
Yoris Karten,binder,Skulduggery,XLN,Ixalan,123,normal,common,1,3889,ba30343b-1637-490f-810e-d614219789e3,0.06,false,false,near_mint,de,CHF,2026-06-22T19:42:59.337Z
Yoris Karten,binder,Pharika's Libation,THB,Theros Beyond Death,111,normal,common,1,46951,0307bb5c-0a46-4f6b-b6d5-58cf31987bb5,0.19,false,false,near_mint,de,CHF,2026-06-22T19:42:59.333Z
Yoris Karten,binder,Murderous Cut,KTK,Khans of Tarkir,81,normal,uncommon,2,13317,b2dadff2-883f-4134-a881-be145cdcbd84,0.27,false,false,near_mint,de,CHF,2026-06-22T19:42:59.331Z
Yoris Karten,binder,Rush of Vitality,KLD,Kaladesh,99,normal,common,2,7544,1e53cd8b-18f8-4950-84d4-7aafa26c7ae4,0.1,false,false,near_mint,de,CHF,2026-06-22T19:42:59.330Z
Yoris Karten,binder,Dark Dabbling,UMA,Ultimate Masters,91,normal,common,1,43411,f320791b-a64f-4249-9a78-7b28cfe58743,0.06,false,false,near_mint,de,CHF,2026-06-22T19:42:59.328Z
Yoris Karten,binder,Unmake the Graves,M15,Magic 2015,120,normal,common,3,13732,d6fd00bb-b247-45b7-9cb2-0d65b92c0360,0.03,false,false,near_mint,de,CHF,2026-06-22T19:42:59.318Z
Yoris Karten,binder,Flesh to Dust,ORI,Magic Origins,280,normal,common,1,10662,4fd4b0f6-fc67-48aa-9f17-21a79bd0c3d3,0.02,false,false,near_mint,de,CHF,2026-06-22T19:42:59.317Z
Yoris Karten,binder,Necrobite,M15,Magic 2015,105,normal,common,1,13747,06c5bca1-b0f0-4032-b2ed-71bdbaa41993,0.12,false,false,near_mint,de,CHF,2026-06-22T19:42:59.316Z
Yoris Karten,binder,Another Chance,LCI,The Lost Caverns of Ixalan,90,normal,common,1,88330,20d9eb9f-2fcc-49f0-99c1-bad748239466,0.23,false,false,near_mint,de,CHF,2026-06-22T19:42:59.313Z
Yoris Karten,binder,Moment of Craving,FDN,Foundations,524,normal,common,1,97174,3627f9fb-b828-49cd-887d-e2ab3ef43dfb,0.08,false,false,near_mint,de,CHF,2026-06-22T19:42:59.312Z
Yoris Karten,binder,Last Gasp,RVR,Ravnica Remastered,79,normal,common,1,89825,9ed723ed-4312-4535-b9c2-81fd8e252282,0.21,false,false,near_mint,de,CHF,2026-06-22T19:42:59.308Z
Yoris Karten,binder,Ghastly Demise,CMR,Commander Legends,129,normal,common,1,55750,7fcfe11a-fcc9-41e1-91ef-755bb4e22389,0.13,false,false,near_mint,de,CHF,2026-06-22T19:42:59.305Z
Yoris Karten,binder,Suffocating Fumes,IKO,Ikoria: Lair of Behemoths,100,normal,common,1,49977,66b562e4-35df-4aee-848d-ceb4204bbe58,0.19,false,false,near_mint,de,CHF,2026-06-22T19:42:59.304Z
Yoris Karten,binder,Village Rites,INR,Innistrad Remastered,137,normal,common,1,102519,42ed35e9-51cd-468a-86a9-9412553cf50d,0.34,false,false,near_mint,de,CHF,2026-06-22T19:42:59.302Z
Yoris Karten,binder,Gravepurge,DKA,Dark Ascension,65,normal,common,1,18472,3c0c266b-9ef5-4de2-a358-65739de41491,0.2,false,false,near_mint,de,CHF,2026-06-22T19:42:59.298Z
Yoris Karten,binder,Cutthroat Maneuver,THS,Theros,82,normal,uncommon,2,15582,62497880-64dc-4911-8513-f95b73086136,0.04,false,false,near_mint,de,CHF,2026-06-22T19:42:59.297Z
Yoris Karten,binder,Vanquish the Weak,ZNR,Zendikar Rising,131,normal,common,1,54737,c15852d4-2c79-4841-bb65-6661d88fdfab,0.07,false,false,near_mint,de,CHF,2026-06-22T19:42:59.294Z
Yoris Karten,binder,Terror,MRD,Mirrodin,79,normal,common,1,29966,f41651db-619a-4ab4-86cf-a0d32297dbdf,0.06,false,false,near_mint,de,CHF,2026-06-22T19:42:59.293Z
Yoris Karten,binder,Rescue from the Underworld,THS,Theros,102,normal,uncommon,1,15562,2e46aa9c-7a29-4eb4-bc44-a201c22824d2,0.25,false,false,near_mint,de,CHF,2026-06-22T19:42:59.288Z
Yoris Karten,binder,Defile,MH1,Modern Horizons,86,normal,common,2,44848,5bcb4398-edd1-41a7-a496-b12bce22ceb6,0.88,false,false,near_mint,de,CHF,2026-06-22T19:42:59.283Z
Yoris Karten,binder,Undercity's Embrace,RVR,Ravnica Remastered,96,normal,common,1,90002,fd88d48b-0de4-410a-984b-11d49a00c4c6,0.1,false,false,near_mint,de,CHF,2026-06-22T19:42:59.281Z
Yoris Karten,binder,Grotesque Demise,RNA,Ravnica Allegiance,75,normal,common,1,43789,b698c5e1-3816-4f35-8e39-65dc68f5c64f,0.03,false,false,near_mint,de,CHF,2026-06-22T19:42:59.279Z
Yoris Karten,binder,Raiders' Spoils,KTK,Khans of Tarkir,83,normal,uncommon,1,13315,cd3e423e-cb62-43e1-9d0c-e702f823c8e1,0.12,false,false,near_mint,de,CHF,2026-06-22T19:42:59.276Z
Yoris Karten,binder,Sultai Runemark,FRF,Fate Reforged,86,normal,common,2,12040,98d73ae0-de01-4a70-a51c-b990687561a1,0.11,false,false,near_mint,de,CHF,2026-06-22T19:42:59.275Z
Yoris Karten,binder,Stab Wound,RVR,Ravnica Remastered,93,normal,uncommon,3,89901,cbe656e7-ae71-45c2-a263-588b73f70d73,0.15,false,false,near_mint,de,CHF,2026-06-22T19:42:59.274Z
Yoris Karten,binder,Cartouche of Ambition,AKH,Amonkhet,83,normal,common,1,5602,e68b96b1-b75e-4ee1-a6d7-6545a34fef9b,0.07,false,false,near_mint,de,CHF,2026-06-22T19:42:59.272Z
Yoris Karten,binder,Quag Sickness,M14,Magic 2014,110,normal,common,1,15941,a759dcd2-ca07-4428-a3ea-b2e829b1fcb4,0.04,false,false,near_mint,de,CHF,2026-06-22T19:42:59.271Z
Yoris Karten,binder,Nyx Infusion,JOU,Journey into Nyx,77,normal,common,1,14572,1910d072-1660-4918-a338-d9f87926541d,0.05,false,false,near_mint,de,CHF,2026-06-22T19:42:59.270Z
Yoris Karten,binder,Wither and Bloom,MH3,Modern Horizons 3,111,normal,common,1,94871,95c2390f-71f1-4e42-83da-d603ca86a8d0,0.12,false,false,near_mint,de,CHF,2026-06-22T19:42:59.269Z
Yoris Karten,binder,Aspect of Lamprey,THB,Theros Beyond Death,85,normal,common,1,46977,27157f01-8aed-4485-9f0f-9e7486492e6e,0.13,false,false,near_mint,de,CHF,2026-06-22T19:42:59.268Z
Yoris Karten,binder,Weight of the Underworld,ORI,Magic Origins,126,normal,common,1,10816,e2f31943-e26c-4bd2-bdbd-d980836f99b9,0.03,false,false,near_mint,de,CHF,2026-06-22T19:42:59.267Z
Yoris Karten,binder,Grisly Transformation,BNG,Born of the Gods,74,normal,common,1,14886,4eb0ce84-560f-4e39-a0ab-7bd710d541cc,0.18,false,false,near_mint,de,CHF,2026-06-22T19:42:59.266Z
Yoris Karten,binder,Mephitic Draught,LCI,The Lost Caverns of Ixalan,112,normal,common,1,88811,adcae196-dbcc-44d5-b700-c57b0b646483,0.18,false,false,near_mint,de,CHF,2026-06-22T19:42:59.263Z
Yoris Karten,binder,Tithing Blade // Consuming Sepulcher,LCI,The Lost Caverns of Ixalan,128,normal,common,1,88947,dbaa9a2d-e9fd-4746-a26c-f99ae731f024,0.45,false,false,near_mint,de,CHF,2026-06-22T19:42:59.262Z
Yoris Karten,binder,Primal Order,HML,Homelands,92,normal,rare,1,39186,21a3b8f7-c794-40ef-9ebd-dec5357260d4,1.93,false,false,near_mint,de,CHF,2026-06-22T19:42:59.261Z
Yoris Karten,binder,Prowess of the Fair,KHC,Kaldheim Commander,53,normal,uncommon,3,57257,b870c742-e799-4276-bb3d-f2c288ce0db8,2.69,false,false,near_mint,de,CHF,2026-06-22T19:42:59.260Z
Yoris Karten,binder,Debilitating Injury,KTK,Khans of Tarkir,68,normal,common,2,13330,09b2b263-34db-4961-bf41-1eaaba3701da,0.02,false,false,near_mint,de,CHF,2026-06-22T19:42:59.258Z
Yoris Karten,binder,Crippling Blight,M15,Magic 2015,92,normal,common,2,13760,3f9c1ba3-8b7c-413b-865d-0ca4b2f55903,0.04,false,false,near_mint,de,CHF,2026-06-22T19:42:59.257Z
Yoris Karten,binder,Canonized in Blood,LCI,The Lost Caverns of Ixalan,96,normal,uncommon,1,88410,384b6892-5dfc-4607-b511-cf83544a9357,0.19,false,false,near_mint,de,CHF,2026-06-22T19:42:59.256Z
Yoris Karten,binder,Fungal Fortitude,LCI,The Lost Caverns of Ixalan,106,normal,common,1,88738,9d2bd0ca-521c-45d9-85ed-2f36f583408e,0.27,false,false,near_mint,de,CHF,2026-06-22T19:42:59.255Z
Yoris Karten,binder,Scourgemark,THS,Theros,105,normal,common,1,15559,ed36a150-a686-4fa6-8364-8be262ad7d98,0.06,false,false,near_mint,de,CHF,2026-06-22T19:42:59.254Z
Yoris Karten,binder,Toxic Deluge,2XM,Double Masters,345,normal,rare,1,52156,73731e45-51bb-4188-a54d-fdaa4bdfaf1f,26.29,false,false,near_mint,de,CHF,2026-06-22T19:42:59.252Z
Yoris Karten,binder,Ancestral Vengeance,FRF,Fate Reforged,61,normal,common,1,12065,e0d0094e-07ff-4b47-8c6e-500adabf12e4,0.04,false,false,near_mint,de,CHF,2026-06-22T19:42:59.251Z
Yoris Karten,binder,Vessel of Malignity,SOI,Shadows over Innistrad,144,normal,common,1,8852,81b44857-1edb-4de4-b646-917101faf881,0.06,false,false,near_mint,de,CHF,2026-06-22T19:42:59.250Z
Yoris Karten,binder,Hopeless Nightmare,WOE,Wilds of Eldraine,95,normal,common,1,85320,2c2ee817-9ca9-4f09-bc71-7994c19a9470,0.3,false,false,near_mint,de,CHF,2026-06-22T19:42:59.249Z
Yoris Karten,binder,Mind Carver,ZNR,Zendikar Rising,113,normal,uncommon,1,54445,105b6e18-bcd8-43b7-870d-6c7e5c06f99b,0.17,false,false,near_mint,de,CHF,2026-06-22T19:42:59.247Z
Yoris Karten,binder,Vampiric Link,PLC,Planar Chaos,92,normal,common,4,26442,a9be1058-0668-4938-8801-e9a98464651c,3.68,false,false,near_mint,de,CHF,2026-06-22T19:42:59.244Z
Yoris Karten,binder,Dead Weight,IKO,Ikoria: Lair of Behemoths,83,normal,common,2,49994,ecf18476-f67b-46e6-905c-e6808981c58a,0.08,false,false,near_mint,de,CHF,2026-06-22T19:42:59.243Z
Yoris Karten,binder,Demonic Vigor,DOM,Dominaria,85,normal,common,2,2191,09950456-09d6-4675-9995-0dc540ddb6e4,0.17,false,false,near_mint,de,CHF,2026-06-22T19:42:59.242Z
Yoris Karten,binder,Kaya's Ghostform,WAR,War of the Spark,94,normal,common,1,44310,98f3be88-24e2-433f-9138-f0cb59d09a0f,2.12,false,false,near_mint,de,CHF,2026-06-22T19:42:59.240Z
Yoris Karten,binder,Dead Weight,LCI,The Lost Caverns of Ixalan,99,normal,common,1,88638,82e6b971-3f5b-47e7-8209-98d72ee781fc,0.11,false,false,near_mint,de,CHF,2026-06-22T19:42:59.239Z
Yoris Karten,binder,Deviant Glee,RTR,Return to Ravnica,65,normal,common,1,17357,e150896e-8745-42ac-894b-8f42a92bd7a7,0.09,false,false,near_mint,de,CHF,2026-06-22T19:42:59.238Z
Yoris Karten,binder,Mogis's Favor,THB,Theros Beyond Death,107,normal,common,1,46955,de6bf7fb-11ca-4878-8072-cebaa763a549,0.17,false,false,near_mint,de,CHF,2026-06-22T19:42:59.237Z
Yoris Karten,binder,Molting Snakeskin,KTK,Khans of Tarkir,80,normal,common,2,13318,b781cbcf-dbba-41c1-be02-2396b824a217,0.05,false,false,near_mint,de,CHF,2026-06-22T19:42:59.236Z
Yoris Karten,binder,Bloodthorn Flail,LCI,The Lost Caverns of Ixalan,93,normal,uncommon,2,88945,db38babd-57e8-4e59-9701-11a0682baa77,0.24,false,false,near_mint,de,CHF,2026-06-22T19:42:59.246Z
Yoris Karten,binder,Giant's Skewer,ELD,Throne of Eldraine,91,normal,common,3,46247,050c03f9-ccbd-4dcc-9789-8013875ef470,0.06,false,false,near_mint,de,CHF,2026-06-22T19:42:59.264Z
Yoris Karten,binder,Bladebrand,RVR,Ravnica Remastered,68,normal,common,2,89855,ae6f6255-865a-45fa-811d-ce477df730f2,0.09,false,false,near_mint,de,CHF,2026-06-22T19:42:59.280Z
Yoris Karten,binder,Diabolic Edict,MH1,Modern Horizons,87,normal,common,4,44847,4eabbed2-1399-4cf1-9eba-b53c56caced4,0.24,false,false,near_mint,de,CHF,2026-06-22T19:42:59.284Z
Yoris Karten,binder,Unexpected Fangs,IKO,Ikoria: Lair of Behemoths,102,normal,common,3,49975,aa6494ad-a35e-4b09-8623-7740f3c20b0b,0.23,false,false,near_mint,de,CHF,2026-06-22T19:42:59.287Z
Yoris Karten,binder,Bile Blight,BNG,Born of the Gods,61,normal,uncommon,6,14899,3ca11057-e50a-4817-924a-5bb504d0780f,0.11,false,false,near_mint,de,CHF,2026-06-22T19:42:59.295Z
Yoris Karten,binder,Bake into a Pie,FDN,Foundations,169,normal,common,2,101494,2ab0e660-86a3-4b92-82fa-77dcb5db947d,0.19,false,false,near_mint,de,CHF,2026-06-22T19:42:59.296Z
Yoris Karten,binder,Launch Party,RTR,Return to Ravnica,69,normal,common,2,17353,53f29821-902e-41bc-97a2-6fc7a710cbdb,0.04,false,false,near_mint,de,CHF,2026-06-22T19:42:59.309Z
Yoris Karten,binder,Umezawa's Charm,MH1,Modern Horizons,111,normal,common,4,44823,afbbb742-0317-4266-bcf5-cfea8d21f108,0.07,false,false,near_mint,de,CHF,2026-06-22T19:42:59.319Z
Yoris Karten,binder,Douse in Gloom,FRF,Fate Reforged,68,normal,common,3,12058,9b710fcd-0721-4720-a8fa-6d9ceb7b8104,0.05,false,false,near_mint,de,CHF,2026-06-22T19:42:59.324Z
Yoris Karten,binder,Reach of Shadows,FRF,Fate Reforged,81,normal,common,2,12045,bbf9a803-473a-4c38-b352-d47c4fd93d5e,0.04,false,false,near_mint,de,CHF,2026-06-22T19:42:59.325Z
Yoris Karten,binder,Final Death,THB,Theros Beyond Death,95,normal,common,3,46967,8e5b8580-9198-4735-83c1-289400c1d814,0.08,false,false,near_mint,de,CHF,2026-06-22T19:42:59.332Z
Yoris Karten,binder,Rotting Mastodon,KTK,Khans of Tarkir,87,normal,common,1,13311,1564a20a-0e57-4ced-9eda-7acff74274e7,0.05,false,false,near_mint,de,CHF,2026-06-22T20:09:23.258Z
Yoris Karten,binder,Osteomancer Adept,BLB,Bloomburrow,312,normal,rare,1,95793,6ef4532d-63ea-4a70-86b3-58327b7e9706,0.35,false,false,near_mint,de,CHF,2026-06-22T20:09:23.246Z
Yoris Karten,binder,Gurmag Swiftwing,CLU,Ravnica: Clue Edition,113,normal,uncommon,1,90947,6e068e80-ab5d-41b8-add9-bd49905e4992,0.2,false,false,near_mint,de,CHF,2026-06-22T20:09:23.234Z
Yoris Karten,binder,Skyclave Shade,NCC,New Capenna Commander,260,normal,rare,1,68361,b4bdcf1d-3387-4e21-9159-9294af1ab0b4,0.19,false,false,near_mint,de,CHF,2026-06-22T20:09:23.226Z
Yoris Karten,binder,Midnight Entourage,AER,Aether Revolt,66,normal,rare,1,6348,2838c6dd-d816-4363-a861-f2f8052d1430,0.09,false,false,near_mint,de,CHF,2026-06-22T20:09:23.224Z
Yoris Karten,binder,Blood Scrivener,DGM,Dragon's Maze,22,normal,rare,1,16443,9ea8179a-d3c9-4cdc-a5b5-68cc73279050,0.23,false,false,near_mint,de,CHF,2026-06-22T20:09:23.223Z
Yoris Karten,binder,Glint-Sleeve Siphoner,AER,Aether Revolt,62,normal,rare,1,6352,315976db-4cab-4393-8386-ce3b0ae3f490,0.23,false,false,near_mint,de,CHF,2026-06-22T20:09:23.220Z
Yoris Karten,binder,Soulflayer,C20,Commander 2020,138,normal,rare,1,50280,e249a406-6783-4502-952a-27ec744a38b3,0.23,false,false,near_mint,de,CHF,2026-06-22T20:09:23.219Z
Yoris Karten,binder,Lurking Deadeye,IKO,Ikoria: Lair of Behemoths,94,normal,common,1,49983,43925a8d-dd02-4907-929e-c015d678bb49,0.1,false,false,near_mint,de,CHF,2026-06-22T20:09:23.212Z
Yoris Karten,binder,Serrated Scorpion,CMM,Commander Masters,185,normal,common,1,84511,78509763-4bb8-4030-b205-76917de75c57,0.1,false,false,near_mint,de,CHF,2026-06-22T20:09:23.210Z
Yoris Karten,binder,Tenacious Dead,BBD,Battlebond,163,normal,uncommon,1,1830,7d88901c-3fa8-4b73-a584-3efa118338f1,0.25,false,false,near_mint,de,CHF,2026-06-22T20:09:23.204Z
Yoris Karten,binder,Grim Guardian,JOU,Journey into Nyx,73,normal,common,1,14576,732b5444-0410-430b-87ca-cf2d9f165bd7,0.33,false,false,near_mint,de,CHF,2026-06-22T20:09:23.203Z
Yoris Karten,binder,Bloodcrazed Hoplite,JOU,Journey into Nyx,61,normal,common,1,14588,f2a6556b-a4f1-4ff5-8e6e-a47618c8c66e,0.06,false,false,near_mint,de,CHF,2026-06-22T20:09:23.202Z
Yoris Karten,binder,Drana's Silencer,ZNR,Zendikar Rising,99,normal,common,1,54558,59224f9a-deb2-4dd4-b2d4-967232c14254,0.05,false,false,near_mint,de,CHF,2026-06-22T20:09:23.200Z
Yoris Karten,binder,Muck Drubb,TSR,Time Spiral Remastered,126,normal,uncommon,1,57856,cb2aaec8-43a0-4639-8190-3ce1273a2711,0.2,false,false,near_mint,de,CHF,2026-06-22T20:09:23.198Z
Yoris Karten,binder,Marauding Blight-Priest,FDN,Foundations,178,normal,common,1,101528,5f70dafc-c638-4ec0-ab5b-62998f752720,0.22,false,false,near_mint,de,CHF,2026-06-22T20:09:23.194Z
Yoris Karten,binder,Blighted Bat,AKH,Amonkhet,80,normal,common,1,5605,8da308e9-1862-46c1-a62a-90720b484d91,0.06,false,false,near_mint,de,CHF,2026-06-22T20:09:23.193Z
Yoris Karten,binder,Boot Nipper,IKO,Ikoria: Lair of Behemoths,76,normal,common,1,50001,cff5a5b8-f823-4429-acd8-c4f34a676cb4,0.15,false,false,near_mint,de,CHF,2026-06-22T20:09:23.189Z
Yoris Karten,binder,Hagra Constrictor,ZNR,Zendikar Rising,105,normal,common,1,54828,f971b71a-af69-43a7-b06c-e80eaaaf4a5f,0.15,false,false,near_mint,de,CHF,2026-06-22T20:09:23.186Z
Yoris Karten,binder,Skyclave Shadowcat,ZNR,Zendikar Rising,126,normal,uncommon,1,54706,b27fcfc5-a1a9-4b21-8240-2ed6346c64e1,0.18,false,false,near_mint,de,CHF,2026-06-22T20:09:23.185Z
Yoris Karten,binder,Blood Host,M15,Magic 2015,87,normal,uncommon,1,13765,1454a83d-f018-446c-89fb-21460924e589,0.08,false,false,near_mint,de,CHF,2026-06-22T20:09:23.183Z
Yoris Karten,binder,Stallion of Ashmouth,SOI,Shadows over Innistrad,136,normal,common,1,8860,7b465a5d-3ce4-4c96-a3f3-4ad9716946c4,0.03,false,false,near_mint,de,CHF,2026-06-22T20:09:23.182Z
Yoris Karten,binder,Twins of Maurer Estate,UMA,Ultimate Masters,118,normal,common,1,43391,f689e20a-2c24-44a3-9e1b-7717df3d1948,0.06,false,false,near_mint,de,CHF,2026-06-22T20:09:23.179Z
Yoris Karten,binder,Blight Keeper,XLN,Ixalan,92,normal,common,1,3920,3bcabe2d-82d2-4c1b-8f28-21dc29c9dbf2,0.14,false,false,near_mint,de,CHF,2026-06-22T20:09:23.164Z
Yoris Karten,binder,Felhide Brawler,BNG,Born of the Gods,70,normal,common,1,14890,4a829bb0-6a84-46de-9c2d-14176cf542e6,0.05,false,false,near_mint,de,CHF,2026-06-22T20:09:23.162Z
Yoris Karten,binder,Dire Fleet Hoarder,2XM,Double Masters,84,normal,common,1,52191,d6f86b94-2a86-4120-97cd-ec2c89d106cb,0.09,false,false,near_mint,de,CHF,2026-06-22T20:09:23.154Z
Yoris Karten,binder,Shrike Harpy,BNG,Born of the Gods,83,normal,uncommon,2,14877,1c2b1eeb-6cc9-48a7-a068-afa1011c45f2,0.11,false,false,near_mint,de,CHF,2026-06-22T20:09:23.153Z
Yoris Karten,binder,Odunos River Trawler,BNG,Born of the Gods,79,normal,uncommon,1,14881,a5d1eda4-ac34-4905-9022-59f91d38dbb3,0.07,false,false,near_mint,de,CHF,2026-06-22T20:09:23.152Z
Yoris Karten,binder,Black Oak of Odunos,BNG,Born of the Gods,62,normal,uncommon,2,14898,5f1e9195-a711-4f4d-9d53-d5d230c092ef,0.06,false,false,near_mint,de,CHF,2026-06-22T20:09:23.151Z
Yoris Karten,binder,Null Caller,CMR,Commander Legends,140,normal,uncommon,1,55865,bde7ecbc-b277-437c-ac94-4c3e89f1bda6,0.06,false,false,near_mint,de,CHF,2026-06-22T20:09:23.140Z
Yoris Karten,binder,Swarm of Bloodflies,BBD,Battlebond,161,normal,uncommon,1,1832,c29ee93e-ca9d-4a36-9efe-806be1d537d9,0.07,false,false,near_mint,de,CHF,2026-06-22T20:09:23.122Z
Yoris Karten,binder,Underworld Charger,THB,Theros Beyond Death,120,normal,common,1,46942,f2dd847f-0db2-4f6a-bdfb-5c88ce7802f9,0.1,false,false,near_mint,de,CHF,2026-06-22T20:09:23.121Z
Yoris Karten,binder,Discordant Piper,THB,Theros Beyond Death,88,normal,common,1,46974,a8cce294-f6ee-4b18-8b65-7d01d0317b00,0.1,false,false,near_mint,de,CHF,2026-06-22T20:09:23.118Z
Yoris Karten,binder,Night Market Lookout,KLD,Kaladesh,95,normal,common,1,7548,4edb03b7-e5a2-4ba1-b0ec-bfbfeaa94efd,0.22,false,false,near_mint,de,CHF,2026-06-22T20:09:23.112Z
Yoris Karten,binder,Aetherblade Agent // Gitaxian Mindstinger,MOM,March of the Machine,88,normal,common,1,81455,dad34ae5-56b4-4394-be02-e043dc1cc23d,0.1,false,false,near_mint,de,CHF,2026-06-22T20:09:23.110Z
Yoris Karten,binder,Maulfist Squad,KLD,Kaladesh,91,normal,common,1,7552,5e4cd13a-66b6-4c65-a5a0-82f93145d16a,0.03,false,false,near_mint,de,CHF,2026-06-22T20:09:23.107Z
Yoris Karten,binder,Mardu Skullhunter,KTK,Khans of Tarkir,78,normal,common,1,13320,dd3ca5e7-96f3-4326-9315-34bb396a054c,0.02,false,false,near_mint,de,CHF,2026-06-22T20:09:23.102Z
Yoris Karten,binder,Catacomb Slug,ORI,Magic Origins,86,normal,common,1,10856,d30d6df7-6199-4b06-9d45-785ee1e2ed3b,0.03,false,false,near_mint,de,CHF,2026-06-22T20:09:23.099Z
Yoris Karten,binder,Rabid Bloodsucker,ORI,Magic Origins,113,normal,common,1,10829,7335da62-3b59-4c73-a19e-b1733393ed88,0.05,false,false,near_mint,de,CHF,2026-06-22T20:09:23.097Z
Yoris Karten,binder,Thornbow Archer,ORI,Magic Origins,121,normal,common,1,10821,3290c60a-f9a0-464d-a15e-8473a6d50d96,0.08,false,false,near_mint,de,CHF,2026-06-22T20:09:23.096Z
Yoris Karten,binder,Shambling Ghoul,BBD,Battlebond,159,normal,common,1,1834,95a52cb8-e02f-477a-adb6-2bfb7836c704,0.03,false,false,near_mint,de,CHF,2026-06-22T20:09:23.094Z
Yoris Karten,binder,Hooded Assassin,FRF,Fate Reforged,73,normal,common,1,12053,05d4da1d-5b8c-43be-aa30-22df69c0cc23,0.06,false,false,near_mint,de,CHF,2026-06-22T20:09:23.090Z
Yoris Karten,binder,Sibsig Host,FRF,Fate Reforged,82,normal,common,2,12044,2791f1a5-bf29-48ac-8a41-88b7f97ede41,0.06,false,false,near_mint,de,CHF,2026-06-22T20:09:23.087Z
Yoris Karten,binder,Typhoid Rats,FRF,Fate Reforged,89,normal,common,1,12037,d13cb90b-50c3-46ef-83f8-812dfb7ff881,0.27,false,false,near_mint,de,CHF,2026-06-22T20:09:23.085Z
Yoris Karten,binder,Acquisitions Expert,ZNR,Zendikar Rising,89,normal,uncommon,1,54493,281336c7-ca7c-4c91-bdfb-d253a965cb7c,0.07,false,false,near_mint,de,CHF,2026-06-22T20:09:23.084Z
Yoris Karten,binder,Necrogen Scudder,M15,Magic 2015,106,normal,uncommon,1,13746,c2045ddd-fa05-4769-aa7a-17b9ab8d6fc0,0.03,false,false,near_mint,de,CHF,2026-06-22T20:09:23.066Z
Yoris Karten,binder,Bog Rats,6ED,Classic Sixth Edition,117,normal,common,1,35260,0da038c4-73ff-4d82-8440-9bca2f051fd5,0.13,false,false,near_mint,de,CHF,2026-06-22T20:09:23.052Z
Yoris Karten,binder,Hasran Ogress,CHR,Chronicles,34,normal,common,1,39392,b41923d3-1420-49fc-873e-6290b1a80248,0.1,false,false,near_mint,de,CHF,2026-06-22T20:09:23.051Z
Yoris Karten,binder,Markov Dreadknight,SOI,Shadows over Innistrad,122,normal,rare,1,8874,fa3ed9d2-9053-4583-a226-0ab49bbdab6e,0.19,false,false,near_mint,de,CHF,2026-06-22T20:09:23.050Z
Yoris Karten,binder,Vito's Inquisitor,LCI,The Lost Caverns of Ixalan,130,normal,common,1,88689,9030048a-b866-4a89-8d4a-aa55411463e4,0.17,false,false,near_mint,de,CHF,2026-06-22T20:09:23.049Z
Yoris Karten,binder,Abyssal Gorestalker,LCI,The Lost Caverns of Ixalan,87,normal,uncommon,1,88773,a559f77f-1f10-475b-9361-7f297d50f254,0.21,false,false,near_mint,de,CHF,2026-06-22T20:09:23.048Z
Yoris Karten,binder,Chupacabra Echo,LCI,The Lost Caverns of Ixalan,97,normal,uncommon,1,88858,bdd8eed6-91da-4454-a5e3-7bbfac614f47,0.18,false,false,near_mint,de,CHF,2026-06-22T20:09:23.047Z
Yoris Karten,binder,Deep Goblin Skulltaker,LCI,The Lost Caverns of Ixalan,101,normal,common,1,88258,0b24bb7c-6b34-48b6-af94-f312ebdbb759,0.1,false,false,near_mint,de,CHF,2026-06-22T20:09:23.046Z
Yoris Karten,binder,Rampaging Spiketail,LCI,The Lost Caverns of Ixalan,116,normal,common,1,88794,aad0adcb-80e5-4c6d-bcdd-9e5d18c017b3,0.15,false,false,near_mint,de,CHF,2026-06-22T20:09:23.045Z
Yoris Karten,binder,Bala Ged Scorpion,IMA,Iconic Masters,79,normal,common,1,3546,b6234dca-088f-4888-98d3-0d5a50eb5e61,0.05,false,false,near_mint,de,CHF,2026-06-22T20:09:23.043Z
Yoris Karten,binder,Daggerdrome Imp,BBD,Battlebond,140,normal,common,1,1853,6d9417ab-e2af-436b-9677-6e0120770d80,0.1,false,false,near_mint,de,CHF,2026-06-22T20:09:23.042Z
Yoris Karten,binder,Fathom Fleet Boarder,RIX,Rivals of Ixalan,71,normal,common,1,2947,f447eb83-c805-4ba8-b9f2-0add092f6795,0.04,false,false,near_mint,de,CHF,2026-06-22T20:09:23.040Z
Yoris Karten,binder,Dinosaur Hunter,RIX,Rivals of Ixalan,67,normal,common,1,2951,93ff5a4e-9ec5-4b52-90f5-b8b6753c958d,0.03,false,false,near_mint,de,CHF,2026-06-22T20:09:23.039Z
Yoris Karten,binder,Perilous Shadow,RTR,Return to Ravnica,74,normal,common,1,17348,2c101171-a988-4c1d-9954-634e2f1c6f01,0.03,false,false,near_mint,de,CHF,2026-06-22T20:09:23.038Z
Yoris Karten,binder,Wicked Visitor,WOE,Wilds of Eldraine,118,normal,common,1,85785,e26ec4b8-0012-48c4-9ccb-0f062df0c250,0.17,false,false,near_mint,de,CHF,2026-06-22T20:09:23.035Z
Yoris Karten,binder,Stingblade Assassin,WOE,Wilds of Eldraine,109,normal,common,1,85674,b71b7dd9-6a1d-4c71-873b-782a0a2e7d1d,0.09,false,false,near_mint,de,CHF,2026-06-22T20:09:23.033Z
Yoris Karten,binder,Warehouse Tabby,WOE,Wilds of Eldraine,117,normal,common,1,85743,d500ad81-9659-4a00-8f99-8be7c23587e8,0.2,false,false,near_mint,de,CHF,2026-06-22T20:09:23.032Z
Yoris Karten,binder,Roofstalker Wight,CLU,Ravnica: Clue Edition,121,normal,common,1,90667,11ad9a06-4ab0-499e-828d-7151ff85adfe,0.08,false,false,near_mint,de,CHF,2026-06-22T20:09:23.026Z
Yoris Karten,binder,Bogstomper,M20,Core Set 2020,320,normal,common,1,45140,ad005eef-d4e4-4f46-81a5-9bbce87014ce,0.15,false,false,near_mint,de,CHF,2026-06-22T20:09:23.020Z
Yoris Karten,binder,Shadow Stinger,ZNR,Zendikar Rising,123,normal,uncommon,1,54430,093e0b1e-2cd9-4743-9c0e-b8f3fbc41798,0.05,false,false,near_mint,de,CHF,2026-06-22T20:09:23.018Z
Yoris Karten,binder,Blood Seeker,M12,Magic 2012,81,normal,common,1,19186,8033de8d-a396-4097-aedd-f9facb800b33,0.23,false,false,near_mint,de,CHF,2026-06-22T20:09:23.017Z
Yoris Karten,binder,Defiant Salvager,CMR,Commander Legends,117,normal,common,1,56209,cfd1c30e-e539-4382-b0fd-724a502a4b7e,0.14,false,false,near_mint,de,CHF,2026-06-22T20:09:23.015Z
Yoris Karten,binder,Lost Legion,ELD,Throne of Eldraine,94,normal,common,1,46244,2d6139d3-5397-4403-9c1e-312c11a7542b,0.08,false,false,near_mint,de,CHF,2026-06-22T20:09:23.013Z
Yoris Karten,binder,Whisper Squad,IKO,Ikoria: Lair of Behemoths,105,normal,common,1,49972,097eeb32-cfd5-4adb-ac30-d7762e6ea48f,0.12,false,false,near_mint,de,CHF,2026-06-22T20:09:23.010Z
Yoris Karten,binder,Sightless Ghoul,DKA,Dark Ascension,73,normal,common,1,18464,018bd4ae-cdea-410d-9ce6-6a70f12de966,0.15,false,false,near_mint,de,CHF,2026-06-22T20:09:23.008Z
Yoris Karten,binder,Chosen of Markov // Markov's Servant,DKA,Dark Ascension,55,normal,common,1,18482,7c5a3c09-5656-4975-ba03-2d809903ed18,0.09,false,false,near_mint,de,CHF,2026-06-22T20:09:23.007Z
Yoris Karten,binder,Falkenrath Torturer,INR,Innistrad Remastered,109,normal,common,1,102811,e0e896a7-fd51-4c24-b374-c4eace9ed1a2,0.03,false,false,near_mint,de,CHF,2026-06-22T20:09:23.006Z
Yoris Karten,binder,Nim Shrieker,MRD,Mirrodin,73,normal,common,1,29972,c3a2c39b-b302-4cc3-b507-e4fe00614036,0.04,false,false,near_mint,de,CHF,2026-06-22T20:09:22.999Z
Yoris Karten,binder,Gloom Pangolin,IKO,Ikoria: Lair of Behemoths,89,normal,common,1,49988,3f135dd7-2a4f-4c83-9a90-76bcab3cc33d,0.1,false,false,near_mint,de,CHF,2026-06-22T20:09:22.991Z
Yoris Karten,binder,Nightsquad Commando,IKO,Ikoria: Lair of Behemoths,98,normal,common,1,49979,80306d10-0da7-4ee7-b975-ef6c9b535a2a,0.07,false,false,near_mint,de,CHF,2026-06-22T20:09:22.989Z
Yoris Karten,binder,Necromancer's Assistant,M15,Magic 2015,107,normal,common,1,13745,8b6a8b3e-2709-4036-838b-56cc82b0d917,0.08,false,false,near_mint,de,CHF,2026-06-22T20:09:22.978Z
Yoris Karten,binder,Pitiless Vizier,AKH,Amonkhet,103,normal,common,1,5582,22eb0615-d1b2-4128-bad5-bcff83672f6b,0.05,false,false,near_mint,de,CHF,2026-06-22T20:09:22.977Z
Yoris Karten,binder,Dutiful Attendant,DTK,Dragons of Tarkir,99,normal,common,1,11715,4ee71b19-eb1d-4f5a-a1b7-1799f2f50da0,0.19,false,false,near_mint,de,CHF,2026-06-22T20:09:22.974Z
Yoris Karten,binder,Child of Night,GRN,Guilds of Ravnica,65,normal,common,1,418,afebf1a5-eb9a-48c6-a26a-55b75408992b,0.05,false,false,near_mint,de,CHF,2026-06-22T20:09:22.950Z
Yoris Karten,binder,Blade Juggler,CLU,Ravnica: Clue Edition,106,normal,common,1,90824,42665f2d-0815-44d9-a5a9-c7ec4226bcf0,0.1,false,false,near_mint,de,CHF,2026-06-22T20:09:22.945Z
Yoris Karten,binder,Debtors' Transport,RVR,Ravnica Remastered,72,normal,common,1,89911,d001eb1f-491b-4b1d-9f1d-e1cf158fd55a,0.03,false,false,near_mint,de,CHF,2026-06-22T20:09:22.943Z
Yoris Karten,binder,Expedition Skulker,ZNR,Zendikar Rising,101,normal,common,1,54496,2966b1f0-3d30-4d92-87e5-f39ceacefbd2,0.05,false,false,near_mint,de,CHF,2026-06-22T20:09:22.934Z
Yoris Karten,binder,Nimana Skydancer,ZNR,Zendikar Rising,117,normal,common,1,54794,e72eaa0f-cbec-45a1-b390-cbbedf5a02f2,0.08,false,false,near_mint,de,CHF,2026-06-22T20:09:22.931Z
Yoris Karten,binder,"Gonti, Lord of Luxury",OTC,Outlaws of Thunder Junction Commander,135,normal,rare,1,93948,fbbb3aef-af1f-4b77-b7d6-64cfd706a9d9,0.3,false,false,near_mint,de,CHF,2026-06-22T20:09:22.927Z
Yoris Karten,binder,"Tymaret, Chosen from Death",THB,Theros Beyond Death,119,normal,uncommon,1,46943,14b28eae-e8ed-4b99-b6ec-86d0716ec473,0.14,false,false,near_mint,de,CHF,2026-06-22T20:09:22.926Z
Yoris Karten,binder,Enemy of Enlightenment,THB,Theros Beyond Death,92,normal,uncommon,1,46970,28bf15e0-f61b-43b9-9113-39bd341a0163,0.06,false,false,near_mint,de,CHF,2026-06-22T20:09:22.925Z
Yoris Karten,binder,Ghastly Gloomhunter,ZNR,Zendikar Rising,103,normal,common,2,54818,f272ac54-fea8-4044-83e2-f8fdc10f467d,0.1,false,false,near_mint,de,CHF,2026-06-22T20:09:22.928Z
Yoris Karten,binder,Thirsting Shade,RNA,Ravnica Allegiance,87,normal,common,4,43777,a920c2e6-4a1f-487c-ad3f-b772443f0633,0.1,false,false,near_mint,de,CHF,2026-06-22T20:09:22.929Z
Yoris Karten,binder,Highborn Vampire,FDN,Foundations,522,normal,common,2,97177,53c56a23-eb4f-4be1-ada9-1ad5b80195d3,0.09,false,false,near_mint,de,CHF,2026-06-22T20:09:22.930Z
Yoris Karten,binder,Malakir Blood-Priest,CLB,Commander Legends: Battle for Baldur's Gate,760,normal,common,2,69640,bbbd64da-6071-49f4-87aa-066209ec1ae9,0.17,false,false,near_mint,de,CHF,2026-06-22T20:09:22.932Z
Yoris Karten,binder,Nimana Skitter-Sneak,ZNR,Zendikar Rising,116,normal,common,2,54802,ea080141-6262-4595-8058-b2969b3f016b,0.06,false,false,near_mint,de,CHF,2026-06-22T20:09:22.933Z
Yoris Karten,binder,Catacomb Crocodile,RNA,Ravnica Allegiance,67,normal,common,3,43797,440c53f0-7922-4e14-802d-d7a22f8fed85,0.08,false,false,near_mint,de,CHF,2026-06-22T20:09:22.936Z
Yoris Karten,binder,Plague Wight,RNA,Ravnica Allegiance,82,normal,common,2,43782,962d354f-f2ad-4b47-8666-0ed64543b676,0.04,false,false,near_mint,de,CHF,2026-06-22T20:09:22.937Z
Yoris Karten,binder,Rakdos Trumpeter,CLU,Ravnica: Clue Edition,119,normal,common,3,91096,a4ee43e8-06ab-45da-8e56-2ed88c0141fa,0.06,false,false,near_mint,de,CHF,2026-06-22T20:09:22.938Z
Yoris Karten,binder,Carrion Imp,RNA,Ravnica Allegiance,66,normal,common,2,43798,958caf1d-b159-4c27-8248-00c345f880be,0.03,false,false,near_mint,de,CHF,2026-06-22T20:09:22.939Z
Yoris Karten,binder,Noxious Groodion,RNA,Ravnica Allegiance,78,normal,common,2,43786,b6cb3d78-1a60-4e9b-b387-afeb58677536,0.08,false,false,near_mint,de,CHF,2026-06-22T20:09:22.946Z
Yoris Karten,binder,Bartizan Bats,M20,Core Set 2020,319,normal,common,2,45141,445e41d8-317d-46ce-b858-54df716e0214,0.16,false,false,near_mint,de,CHF,2026-06-22T20:09:22.947Z
Yoris Karten,binder,Disowned Ancestor,KTK,Khans of Tarkir,70,normal,common,3,13328,2d8bd496-632d-4d6d-a529-f35cf3222de7,0.07,false,false,near_mint,de,CHF,2026-06-22T20:09:22.986Z
Yoris Karten,binder,Bushmeat Poacher,IKO,Ikoria: Lair of Behemoths,77,normal,common,2,50000,cc01faf4-fabb-40c9-a1d6-359280535f91,0.15,false,false,near_mint,de,CHF,2026-06-22T20:09:22.988Z
Yoris Karten,binder,Malevolent Noble,ELD,Throne of Eldraine,95,normal,common,2,46243,6bc7e996-151f-4d88-8e1e-91bb88f5db02,0.04,false,false,near_mint,de,CHF,2026-06-22T20:09:22.992Z
Yoris Karten,binder,Wicked Guardian,ELD,Throne of Eldraine,109,normal,common,2,46229,71cd91b2-0f9b-4582-ad90-32fa3ee1fde7,0.06,false,false,near_mint,de,CHF,2026-06-22T20:09:22.993Z
Yoris Karten,binder,Insatiable Harpy,THS,Theros,92,normal,uncommon,3,15572,1439ed8d-ae11-4159-9420-5d98c6cc93b3,0.04,false,false,near_mint,de,CHF,2026-06-22T20:09:23.001Z
Yoris Karten,binder,Mogis's Marauder,THS,Theros,97,normal,uncommon,2,15567,9dfd36c5-a484-4973-873c-b6a433da8e7a,0.27,false,false,near_mint,de,CHF,2026-06-22T20:09:23.002Z
Yoris Karten,binder,Dreadwurm,ZNR,Zendikar Rising,100,normal,common,4,54513,339736a8-a00f-4e21-8d92-38486f73dba9,0.16,false,false,near_mint,de,CHF,2026-06-22T20:09:23.009Z
Yoris Karten,binder,Locthwain Paladin,ELD,Throne of Eldraine,93,normal,common,2,46245,da6f21a8-3dd0-42af-8a93-84f98968c781,0.07,false,false,near_mint,de,CHF,2026-06-22T20:09:23.012Z
Yoris Karten,binder,Terrus Wurm,RTR,Return to Ravnica,80,normal,common,5,17342,1998135c-7b7f-402b-a8a5-4f4af131b1bc,0.03,false,false,near_mint,de,CHF,2026-06-22T20:09:23.027Z
Yoris Karten,binder,Boneclad Necromancer,M20,Core Set 2020,93,normal,common,2,45368,ab9ed2b9-5fb9-4633-8c9a-0594ae7c49c7,0.1,false,false,near_mint,de,CHF,2026-06-22T20:09:23.054Z
Yoris Karten,binder,Tithebearer Giant,CLU,Ravnica: Clue Edition,124,normal,common,4,90858,4f1db7bc-30c5-45fd-9a45-ede37716736d,0.05,false,false,near_mint,de,CHF,2026-06-22T20:09:23.056Z
Yoris Karten,binder,Squelching Leeches,DDR,Duel Decks: Nissa vs. Ob Nixilis,62,normal,uncommon,2,7801,694a0e92-8e5c-404e-a8bb-52139884e41a,0.1,false,false,near_mint,de,CHF,2026-06-22T20:09:23.060Z
Yoris Karten,binder,Sidisi's Pet,KTK,Khans of Tarkir,90,normal,common,6,13308,e6e02a99-da37-4cea-9182-39ccb1e35ee9,0.05,false,false,near_mint,de,CHF,2026-06-22T20:09:23.062Z
Yoris Karten,binder,Sorcerer of the Fang,M20,Core Set 2020,114,normal,common,2,45347,2fe9e325-fbe4-4f43-8d68-8525c4d5ce8b,0.08,false,false,near_mint,de,CHF,2026-06-22T20:09:23.065Z
Yoris Karten,binder,Shambling Attendants,KTK,Khans of Tarkir,89,normal,common,5,13309,459ca25c-775f-4110-8d70-59720692ab27,0.06,false,false,near_mint,de,CHF,2026-06-22T20:09:23.068Z
Yoris Karten,binder,Kheru Dreadmaw,KTK,Khans of Tarkir,76,normal,common,3,13322,e8b10468-18b8-4321-a791-0cbd18ea9c4d,0.05,false,false,near_mint,de,CHF,2026-06-22T20:09:23.070Z
Yoris Karten,binder,Unyielding Krumar,KTK,Khans of Tarkir,94,normal,common,8,13304,a232d196-490d-4712-b2a2-466751b28d11,0.04,false,false,near_mint,de,CHF,2026-06-22T20:09:23.072Z
Yoris Karten,binder,Bellowing Saddlebrute,KTK,Khans of Tarkir,64,normal,uncommon,2,13334,a1939b5d-e24f-4e4b-b4c5-8bdb232d8926,0.06,false,false,near_mint,de,CHF,2026-06-22T20:09:23.073Z
Yoris Karten,binder,Sultai Scavenger,KTK,Khans of Tarkir,91,normal,common,2,13307,2cb8e423-f7e7-4ac3-acc2-2a3722e409e7,0.08,false,false,near_mint,de,CHF,2026-06-22T20:09:23.076Z
Yoris Karten,binder,Krumar Bond-Kin,KTK,Khans of Tarkir,77,normal,common,5,13321,57f38391-ffb7-4420-9a38-f791627b12b3,0.02,false,false,near_mint,de,CHF,2026-06-22T20:09:23.078Z
Yoris Karten,binder,Sultai Emissary,FRF,Fate Reforged,85,normal,common,2,12041,12421e1c-5144-4391-abf2-a2fb864920e9,0.12,false,false,near_mint,de,CHF,2026-06-22T20:09:23.083Z
Yoris Karten,binder,Gurmag Angler,TSR,Time Spiral Remastered,324,normal,special,4,57596,361fe303-34a5-4d12-b927-dfb858699c6c,1.19,false,false,near_mint,de,CHF,2026-06-22T20:09:23.086Z
Yoris Karten,binder,Nantuko Husk,ORI,Magic Origins,109,normal,common,3,10833,3915c0be-7e9c-45bc-9c83-80beba469a81,0.15,false,false,near_mint,de,CHF,2026-06-22T20:09:23.098Z
Yoris Karten,binder,Foundry Screecher,KLD,Kaladesh,82,normal,common,2,7561,4313802f-b969-47d0-b4aa-b049df0755c0,0.12,false,false,near_mint,de,CHF,2026-06-22T20:09:23.106Z
Yoris Karten,binder,Thriving Rats,KLD,Kaladesh,102,normal,common,2,7541,52ba911b-6a52-4430-8f61-63bdae25c16a,0.06,false,false,near_mint,de,CHF,2026-06-22T20:09:23.109Z
Yoris Karten,binder,Soulreaper of Mogis,THB,Theros Beyond Death,115,normal,common,3,46947,55e2f383-d2a0-4424-bf7a-79e82d6f691f,0.05,false,false,near_mint,de,CHF,2026-06-22T20:09:23.115Z
Yoris Karten,binder,Venomous Hierophant,CLU,Ravnica: Clue Edition,125,normal,common,2,91262,e49f13d4-81af-420d-bd6a-74527355ad36,0.09,false,false,near_mint,de,CHF,2026-06-22T20:09:23.119Z
Yoris Karten,binder,Rage-Scarred Berserker,THB,Theros Beyond Death,113,normal,common,3,46949,1f76d7c4-a5d6-4144-b5f3-e43b96b695b7,0.06,false,false,near_mint,de,CHF,2026-06-22T20:09:23.120Z
Yoris Karten,binder,Headless Specter,MH1,Modern Horizons,95,normal,common,2,44839,888b4b76-6af9-4479-8cfd-cde3b8694fe5,0.06,false,false,near_mint,de,CHF,2026-06-22T20:09:23.123Z
Yoris Karten,binder,Rank Officer,MH1,Modern Horizons,102,normal,common,3,44832,7a05edf6-ade4-4052-924d-6057faa51693,0.1,false,false,near_mint,de,CHF,2026-06-22T20:09:23.124Z
Yoris Karten,binder,Silumgar Scavenger,2XM,Double Masters,105,normal,common,4,52089,047fd05e-7545-4148-b3d7-eccf72ae43fb,0.06,false,false,near_mint,de,CHF,2026-06-22T20:09:23.125Z
Yoris Karten,binder,Warteye Witch,MH1,Modern Horizons,115,normal,common,3,44819,e0d4dd61-cc7e-4fc5-afce-73a4b326cfdb,0.21,false,false,near_mint,de,CHF,2026-06-22T20:09:23.126Z
Yoris Karten,binder,Venomous Changeling,MH1,Modern Horizons,114,normal,common,3,44820,4c5a1d73-d102-469b-82ca-ec18f616375e,0.14,false,false,near_mint,de,CHF,2026-06-22T20:09:23.127Z
Yoris Karten,binder,Azra Smokeshaper,MH1,Modern Horizons,79,normal,common,3,44855,f627e521-2b8f-4d0f-a9d3-cc4e331ce57d,0.24,false,false,near_mint,de,CHF,2026-06-22T20:09:23.128Z
Yoris Karten,binder,Gluttonous Slug,MH1,Modern Horizons,93,normal,common,3,44841,9514ce0d-8d61-4cce-b2ad-8f417869d04e,0.06,false,false,near_mint,de,CHF,2026-06-22T20:09:23.129Z
Yoris Karten,binder,Putrid Goblin,MH1,Modern Horizons,101,normal,common,3,44833,333406d5-abcc-4629-a33b-395d0662ba1b,0.35,false,false,near_mint,de,CHF,2026-06-22T20:09:23.130Z
Yoris Karten,binder,Ninja of the New Moon,MH1,Modern Horizons,99,normal,common,3,44835,08be60eb-15ec-4112-919c-995062a9ed54,0.23,false,false,near_mint,de,CHF,2026-06-22T20:09:23.133Z
Yoris Karten,binder,First-Sphere Gargantua,MOC,March of the Machine Commander,248,normal,common,2,81597,323c8de1-f09b-45c5-8942-81cb3a09c803,0.06,false,false,near_mint,de,CHF,2026-06-22T20:09:23.138Z
Yoris Karten,binder,Eye Collector,ELD,Throne of Eldraine,86,normal,common,2,46252,2b9bb2f3-a7c7-4e8f-ba39-44e6acd9240b,0.14,false,false,near_mint,de,CHF,2026-06-22T20:09:23.146Z
Yoris Karten,binder,Forlorn Pseudamma,BNG,Born of the Gods,71,normal,uncommon,2,14889,1c236a33-fb20-41f4-8946-beb65d1cf684,0.06,false,false,near_mint,de,CHF,2026-06-22T20:09:23.147Z
Yoris Karten,binder,Ashiok's Adept,BNG,Born of the Gods,59,normal,uncommon,2,14901,86acd1cc-5238-4734-a324-b4cecffc0bab,0.16,false,false,near_mint,de,CHF,2026-06-22T20:09:23.149Z
Yoris Karten,binder,Queen's Agent,XLN,Ixalan,114,normal,common,2,3898,3562f65a-bd69-47e4-9d9d-ab5c2c6ceb35,0.07,false,false,near_mint,de,CHF,2026-06-22T20:09:23.155Z
Yoris Karten,binder,Rancid Rats,SOI,Shadows over Innistrad,130,normal,common,2,8866,336e0a75-8104-4e88-aad0-af7ac3efc115,0.25,false,false,near_mint,de,CHF,2026-06-22T20:09:23.168Z
Yoris Karten,binder,Hound of the Farbogs,SOI,Shadows over Innistrad,117,normal,common,3,8879,0fc37615-ef72-4176-9e94-080e56af1d8a,0.05,false,false,near_mint,de,CHF,2026-06-22T20:09:23.170Z
Yoris Karten,binder,Rottenheart Ghoul,SOI,Shadows over Innistrad,132,normal,common,3,8864,933f0504-c611-4557-b1e6-f5be72154805,0.05,false,false,near_mint,de,CHF,2026-06-22T20:09:23.171Z
Yoris Karten,binder,Stromkirk Mentor,SOI,Shadows over Innistrad,137,normal,common,2,8859,aa90b7dc-fb90-411e-a762-06a800bae0cf,0.05,false,false,near_mint,de,CHF,2026-06-22T20:09:23.172Z
Yoris Karten,binder,Crow of Dark Tidings,CMR,Commander Legends,115,normal,common,2,55917,d8e0654c-8c84-47a7-ba0b-de5b1268c27b,0.18,false,false,near_mint,de,CHF,2026-06-22T20:09:23.174Z
Yoris Karten,binder,Vampire Noble,E02,Explorers of Ixalan,24,normal,common,3,3351,19068744-60df-4099-8b1c-9784ba331362,0.14,false,false,near_mint,de,CHF,2026-06-22T20:09:23.177Z
Yoris Karten,binder,Durable Coilbug,IKO,Ikoria: Lair of Behemoths,85,normal,common,2,49992,a0cbdfb6-c029-440f-bc07-c95e03c20110,0.13,false,false,near_mint,de,CHF,2026-06-22T20:09:23.188Z
Yoris Karten,binder,Dreamstealer,HOU,Hour of Devastation,63,normal,rare,2,4612,5c4fcde3-03c9-43e6-a34b-29f6ce44e7c4,0.25,false,false,near_mint,de,CHF,2026-06-22T20:09:23.218Z
Yoris Karten,binder,Ruthless Ripper,A25,Masters 25,107,normal,common,3,2609,bc78993c-ca67-43b3-a64d-ce0c3bc415bc,0.23,false,false,near_mint,de,CHF,2026-06-22T20:09:23.228Z
Yoris Karten,binder,Kheru Bloodsucker,KTK,Khans of Tarkir,75,normal,uncommon,3,13323,baf15cd4-13be-48e7-b3f5-a5106eb02c45,0.09,false,false,near_mint,de,CHF,2026-06-22T20:09:23.229Z
Yoris Karten,binder,Mer-Ek Nightblade,IMA,Iconic Masters,97,normal,uncommon,3,3528,ade8f32c-d188-4a36-98a4-584b6ef95902,0.16,false,false,near_mint,de,CHF,2026-06-22T20:09:23.232Z
Yoris Karten,binder,Vedalken Mesmerist,RVR,Ravnica Remastered,65,normal,common,1,89657,45fb53b4-9fff-43dd-ae5d-f3ec83e49076,0.02,false,false,near_mint,de,CHF,2026-06-22T20:36:22.778Z
Yoris Karten,binder,Faerie Miscreant,M20,Core Set 2020,58,normal,common,4,45403,28aa0337-94bd-4274-b2ee-6f43747c77b3,0.2,false,false,near_mint,de,CHF,2026-06-22T20:36:22.774Z
Yoris Karten,binder,Monastery Flock,KTK,Khans of Tarkir,47,normal,common,2,13351,e53c0e50-4b0b-43d8-80c0-2c216722c87a,0.06,false,false,near_mint,de,CHF,2026-06-22T20:36:22.771Z
Yoris Karten,binder,Sultai Skullkeeper,UMA,Ultimate Masters,75,normal,common,3,43425,f83c3936-1d30-4b1b-85ae-64c2be7d37c0,0.06,false,false,near_mint,de,CHF,2026-06-22T20:36:22.765Z
Yoris Karten,binder,Aethersnipe,2X2,Double Masters 2022,37,normal,common,3,70129,2cc9b5ee-4d6d-42ea-8b13-b8a7059781c9,0.1,false,false,near_mint,de,CHF,2026-06-22T20:36:22.763Z
Yoris Karten,binder,Dragon's Eye Savants,A25,Masters 25,54,normal,common,1,2662,f20656d9-cd4f-4694-8715-04c017eb6760,0.18,false,false,near_mint,de,CHF,2026-06-22T20:36:22.762Z
Yoris Karten,binder,Mistfire Weaver,KTK,Khans of Tarkir,46,normal,uncommon,3,13352,8003a31f-7662-4e9e-8165-1ceea04fdf20,0.14,false,false,near_mint,de,CHF,2026-06-22T20:36:22.761Z
Yoris Karten,binder,Civilized Scholar // Homicidal Brute,ISD,Innistrad,47,normal,uncommon,1,18851,7bf864db-4754-433d-9d77-6695f78f6c09,0.09,false,false,near_mint,de,CHF,2026-06-22T20:36:22.759Z
Yoris Karten,binder,Projektor Inspector,MKM,Murders at Karlov Manor,68,normal,common,2,91120,ad378843-e2b0-48d6-90dc-b584e857473d,0.05,false,false,near_mint,de,CHF,2026-06-22T20:36:22.756Z
Yoris Karten,binder,Thornwind Faeries,CMA,Commander Anthology,42,normal,common,1,5244,d2f6a604-1a00-41c4-afe1-e80371c7596a,0.35,false,false,near_mint,de,CHF,2026-06-22T20:36:22.755Z
Yoris Karten,binder,Diviner Spirit,CMA,Commander Anthology,37,normal,uncommon,1,5249,e86df81e-83d6-4522-82ad-2b1f2d8de623,0.24,false,false,near_mint,de,CHF,2026-06-22T20:36:22.754Z
Yoris Karten,binder,Air Servant,W16,Welcome Deck 2016,4,normal,uncommon,1,9095,01007d7f-e29b-49d5-bc60-44b2fb77ed3d,0.02,false,false,near_mint,de,CHF,2026-06-22T20:36:22.751Z
Yoris Karten,binder,Deceiver Exarch,CMA,Commander Anthology,36,normal,uncommon,1,5250,35437d86-6f92-480a-aa0c-c17c3943c00c,0.65,false,false,near_mint,de,CHF,2026-06-22T20:36:22.742Z
Yoris Karten,binder,Crystacean,IKO,Ikoria: Lair of Behemoths,46,normal,common,2,50031,32afec8a-dbae-446e-919a-3efb556f5cb1,0.16,false,false,near_mint,de,CHF,2026-06-22T20:36:22.738Z
Yoris Karten,binder,Negate,OGW,Oath of the Gatewatch,59,normal,common,2,9323,026c499d-3d5b-4f65-a824-f78f146b82ef,0.19,false,false,near_mint,de,CHF,2026-06-22T20:36:22.731Z
Yoris Karten,binder,Unity of Purpose,OGW,Oath of the Gatewatch,66,normal,uncommon,1,9316,6f87292c-0140-44d7-881e-2e8c9ff737a1,0.07,false,false,near_mint,de,CHF,2026-06-22T20:36:22.727Z
Yoris Karten,binder,Confirm Suspicions,MKC,Murders at Karlov Manor Commander,97,normal,rare,1,90280,1d1463af-8f22-4771-af19-3799ffe706b8,0.25,false,false,near_mint,de,CHF,2026-06-22T20:36:22.726Z
Yoris Karten,binder,Sudden Storm,BNG,Born of the Gods,53,normal,common,1,14907,6beffc33-58fd-4364-b87b-d4573ecaf4bd,0.1,false,false,near_mint,de,CHF,2026-06-22T20:36:22.725Z
Yoris Karten,binder,Dissipate,M15,Magic 2015,51,normal,uncommon,1,13801,dbcc571a-6d9c-4408-a352-ff96f9472b44,0.28,false,false,near_mint,de,CHF,2026-06-22T20:36:22.720Z
Yoris Karten,binder,Mystical Dispute,ELD,Throne of Eldraine,58,normal,uncommon,1,46280,fbe04cb8-a8b9-4241-baae-b398a2509a3a,0.87,false,false,near_mint,de,CHF,2026-06-22T20:36:22.718Z
Yoris Karten,binder,Unauthorized Exit,MKM,Murders at Karlov Manor,298,normal,common,1,90973,7695437c-1b7e-4163-aade-ca79b9c70e15,0.08,false,false,near_mint,de,CHF,2026-06-22T20:36:22.716Z
Yoris Karten,binder,Aether Gust,M20,Core Set 2020,42,normal,uncommon,1,45419,783da808-6698-4e55-9fac-430a6effe2b1,0.19,false,false,near_mint,de,CHF,2026-06-22T20:36:22.715Z
Yoris Karten,binder,Chilling Trap,ZNR,Zendikar Rising,50,normal,common,1,54573,60f9adfd-a940-4d62-894b-84f17c693a10,0.06,false,false,near_mint,de,CHF,2026-06-22T20:36:22.713Z
Yoris Karten,binder,Mystic of the Hidden Way,A25,Masters 25,67,normal,common,2,2649,45261b50-e7cc-40f6-9d0d-44b5ada45e42,0.03,false,false,near_mint,de,CHF,2026-06-22T20:36:22.711Z
Yoris Karten,binder,Tolarian Terror,FDN,Foundations,167,normal,common,1,100270,2569d4f3-55ed-4f99-9592-34c7df0aab72,0.2,false,false,near_mint,de,CHF,2026-06-22T20:36:22.710Z
Yoris Karten,binder,Tidal Bore,MMQ,Mercadian Masques,109,normal,common,1,34301,f68fd547-59fb-41e6-be55-1ec17fe2840b,0.23,false,false,near_mint,de,CHF,2026-06-22T20:36:22.708Z
Yoris Karten,binder,Castaway's Despair,XLN,Ixalan,281,normal,common,1,3731,b3a26ba9-84b8-4f54-918c-f75d4cacad0b,0.06,false,false,near_mint,de,CHF,2026-06-22T20:36:22.707Z
Yoris Karten,binder,Pirate Hat,LCI,The Lost Caverns of Ixalan,70,normal,common,1,88737,9d11e3d4-769d-47aa-8d3a-ce1ac60b68b8,0.13,false,false,near_mint,de,CHF,2026-06-22T20:36:22.702Z
Yoris Karten,binder,Expedition Diviner,ZNR,Zendikar Rising,57,normal,common,1,54429,090f6e94-fb5f-4861-a465-f11766303676,0.08,false,false,near_mint,de,CHF,2026-06-22T20:36:22.691Z
Yoris Karten,binder,Cascade Seer,ZNR,Zendikar Rising,48,normal,common,1,54452,13105c88-2926-40ad-bc7a-09d515aa36c6,0.06,false,false,near_mint,de,CHF,2026-06-22T20:36:22.690Z
Yoris Karten,binder,Merfolk Falconer,ZNR,Zendikar Rising,69,normal,uncommon,1,54689,acb0d55a-9d6a-443d-aa82-5cea93188fd2,0.05,false,false,near_mint,de,CHF,2026-06-22T20:36:22.688Z
Yoris Karten,binder,Boreal Elemental,M20,Core Set 2020,49,normal,common,1,45412,47996512-d547-491f-b481-a9c83dff04db,0.1,false,false,near_mint,de,CHF,2026-06-22T20:36:22.686Z
Yoris Karten,binder,Waterwind Scout,LCI,The Lost Caverns of Ixalan,84,normal,common,1,88669,8a7738fb-0a1b-4010-b8c0-e1129739c765,0.07,false,false,near_mint,de,CHF,2026-06-22T20:36:22.681Z
Yoris Karten,binder,Dimir Informant,GRN,Guilds of Ravnica,36,normal,common,1,447,0230afeb-5ce8-436e-9afc-73cdd7baf424,0.1,false,false,near_mint,de,CHF,2026-06-22T20:36:22.680Z
Yoris Karten,binder,Vaporkin,CN2,Conspiracy: Take the Crown,124,normal,common,1,7973,2c074399-36e9-41f7-918e-5fae267e9da2,0.03,false,false,near_mint,de,CHF,2026-06-22T20:36:22.677Z
Yoris Karten,binder,Skyclave Squid,ZNR,Zendikar Rising,82,normal,common,3,54555,581ed049-7b5b-47d9-96af-f737631a221f,0.06,false,false,near_mint,de,CHF,2026-06-22T20:36:22.675Z
Yoris Karten,binder,Moat Piranhas,M20,Core Set 2020,67,normal,common,1,45394,543b3f69-19be-494b-928f-e16b92560e35,0.08,false,false,near_mint,de,CHF,2026-06-22T20:36:22.674Z
Yoris Karten,binder,Canyon Crab,OTJ,Outlaws of Thunder Junction,40,normal,uncommon,1,93317,b740a8a8-e1d3-4642-a214-03731c9b5553,0.06,false,false,near_mint,de,CHF,2026-06-22T20:36:22.672Z
Yoris Karten,binder,Brineborn Cutthroat,FDN,Foundations,152,normal,uncommon,2,100986,acf7aafb-931f-49e5-8691-eab8cb34b05e,0.14,false,false,near_mint,de,CHF,2026-06-22T20:36:22.671Z
Yoris Karten,binder,Umara Entangler,OGW,Oath of the Gatewatch,65,normal,common,1,9317,0d4ddc45-cd67-4b2c-84d0-4604783fd8e7,0.05,false,false,near_mint,de,CHF,2026-06-22T20:36:22.669Z
Yoris Karten,binder,Jeskai Sage,FRF,Fate Reforged,38,normal,common,1,12088,6dff4734-7b2a-4089-a78a-46199818f39d,0.07,false,false,near_mint,de,CHF,2026-06-22T20:36:22.667Z
Yoris Karten,binder,Dandân,TSB,Time Spiral Timeshifted,19,normal,special,1,27002,ac2e32d0-f172-4934-9d73-1bc2ab86586e,7.88,false,false,near_mint,de,CHF,2026-06-22T20:36:22.662Z
Yoris Karten,binder,Kraken of the Straits,BNG,Born of the Gods,42,normal,uncommon,2,14918,12ae69b3-afa5-4763-a0c8-c3d9d96f6ddc,0.23,false,false,near_mint,de,CHF,2026-06-22T20:36:22.660Z
Yoris Karten,binder,Triton Cavalry,JOU,Journey into Nyx,55,normal,uncommon,2,14594,4b9b6c6b-35f8-4c8a-aa29-ae71d5166121,0.18,false,false,near_mint,de,CHF,2026-06-22T20:36:22.653Z
Yoris Karten,binder,Tide Skimmer,M21,Core Set 2021,79,normal,uncommon,1,51037,dee1d595-a998-4652-931f-a1a72446f3a6,0.21,false,false,near_mint,de,CHF,2026-06-22T20:36:22.652Z
Yoris Karten,binder,Updraft Elemental,DTK,Dragons of Tarkir,82,normal,common,1,11732,9621c700-569d-4d07-847e-68b97113415f,0.05,false,false,near_mint,de,CHF,2026-06-22T20:36:22.647Z
Yoris Karten,binder,Phase Dolphin,IKO,Ikoria: Lair of Behemoths,62,normal,common,1,50015,88fb4042-e9c1-4b0f-b1f6-4180b0d79663,0.06,false,false,near_mint,de,CHF,2026-06-22T20:36:22.646Z
Yoris Karten,binder,Senate Courier,RNA,Ravnica Allegiance,50,normal,common,1,43814,da8dc5c8-4eb7-4e41-8431-b41251f7814e,0.03,false,false,near_mint,de,CHF,2026-06-22T20:36:22.644Z
Yoris Karten,binder,Glimmerbell,IKO,Ikoria: Lair of Behemoths,53,normal,common,3,50024,54f71f8a-546a-465e-a254-09a3ae873ef4,0.05,false,false,near_mint,de,CHF,2026-06-22T20:36:22.643Z
Yoris Karten,binder,Kitesail Corsair,FDN,Foundations,510,normal,common,1,101125,c82d7c6d-523c-46c9-a189-44c0bd8386d1,0.06,false,false,near_mint,de,CHF,2026-06-22T20:36:22.642Z
Yoris Karten,binder,Sweep Away,OGW,Oath of the Gatewatch,64,normal,common,2,9318,75234f6d-a2da-42dd-a668-8db8f341e7f0,0.08,false,false,near_mint,de,CHF,2026-06-22T20:36:22.637Z
Yoris Karten,binder,Hour of Need,JOU,Journey into Nyx,40,normal,uncommon,1,14609,737b859d-d81e-4da3-a8bf-9a8f23c75a50,0.06,false,false,near_mint,de,CHF,2026-06-22T20:36:22.636Z
Yoris Karten,binder,Whisk Away,FRF,Fate Reforged,57,normal,common,2,12069,5b5d96a9-11dd-44cc-baf1-bab298ae03f0,0.05,false,false,near_mint,de,CHF,2026-06-22T20:36:22.635Z
Yoris Karten,binder,Sift Through Sands,DDS,Duel Decks: Mind vs. Might,9,normal,common,2,5934,c1fd8a97-1c97-45fe-8c06-013a1f528919,0.13,false,false,near_mint,de,CHF,2026-06-22T20:36:22.634Z
Yoris Karten,binder,Lazotep Plating,WAR,War of the Spark,59,normal,uncommon,1,44345,f03b5405-6016-405b-a504-a454731b9276,0.34,false,false,near_mint,de,CHF,2026-06-22T20:36:22.630Z
Yoris Karten,binder,Memory Drain,THB,Theros Beyond Death,54,normal,common,2,47008,aadc1809-d6bb-455c-b6ce-dd11521808b6,0.17,false,false,near_mint,de,CHF,2026-06-22T20:36:22.624Z
Yoris Karten,binder,Imaginary Threats,HOU,Hour of Devastation,37,normal,uncommon,2,4638,50c3a6a5-9a50-4a38-9f5f-b8caa320909d,0.1,false,false,near_mint,de,CHF,2026-06-22T20:36:22.615Z
Yoris Karten,binder,Temporal Fissure,DDS,Duel Decks: Mind vs. Might,12,normal,common,1,5931,c9f9ece7-ee6e-4379-9d53-209f8805a72d,0.19,false,false,near_mint,de,CHF,2026-06-22T20:36:22.614Z
Yoris Karten,binder,Clear the Mind,RNA,Ravnica Allegiance,34,normal,common,2,43830,a7da6982-9e57-41d2-a052-f2a3bb646436,0.26,false,false,near_mint,de,CHF,2026-06-22T20:36:22.613Z
Yoris Karten,binder,Sacred Excavation,AKH,Amonkhet,67,normal,uncommon,1,5618,1dc2ab27-0f68-480c-99c9-53243c1ab0ac,0.12,false,false,near_mint,de,CHF,2026-06-22T20:36:22.607Z
Yoris Karten,binder,Sleep of the Dead,THB,Theros Beyond Death,66,normal,common,3,46996,4007572b-a6c8-4a56-b1a7-ff099189c9c0,0.16,false,false,near_mint,de,CHF,2026-06-22T20:36:22.606Z
Yoris Karten,binder,Dreadwaters,ORI,Magic Origins,56,normal,common,1,10886,c4c1434a-4832-4008-a091-e0703dedd0a2,0.12,false,false,near_mint,de,CHF,2026-06-22T20:36:22.605Z
Yoris Karten,binder,Write into Being,FRF,Fate Reforged,59,normal,common,1,12067,a85e6fbe-cda0-4fbf-853c-c03c567a7de9,0.1,false,false,near_mint,de,CHF,2026-06-22T20:36:22.604Z
Yoris Karten,binder,Weight of Memory,DOM,Dominaria,74,normal,uncommon,2,2202,2f2359aa-9230-4519-b12e-ec395a8dd2a0,0.08,false,false,near_mint,de,CHF,2026-06-22T20:36:22.601Z
Yoris Karten,binder,Faerie Duelist,RNA,Ravnica Allegiance,39,normal,common,1,43825,a7da9c9b-aeef-4f48-bc8f-39425841cc8c,0.07,false,false,near_mint,de,CHF,2026-06-22T20:36:22.598Z
Yoris Karten,binder,Cerulean Drake,M20,Core Set 2020,53,normal,uncommon,1,45408,b11f9e7d-3f56-4e28-9908-157735f6dfa9,0.1,false,false,near_mint,de,CHF,2026-06-22T20:36:22.597Z
Yoris Karten,binder,Towering-Wave Mystic,THB,Theros Beyond Death,77,normal,common,4,46985,8c2b4ffc-b1e1-4b16-9a51-1a12f8256a27,0.1,false,false,near_mint,de,CHF,2026-06-22T20:36:22.596Z
Yoris Karten,binder,Artificer's Assistant,DOM,Dominaria,44,normal,common,1,2232,deadf867-b999-49b2-88d8-91da975a3cc5,0.18,false,false,near_mint,de,CHF,2026-06-22T20:36:22.594Z
Yoris Karten,binder,Academy Drake,DOM,Dominaria,40,normal,common,1,2236,f8bacb12-da46-4b00-804f-9ff6bff452bc,0.03,false,false,near_mint,de,CHF,2026-06-22T20:36:22.593Z
Yoris Karten,binder,Master of Winds,ZNR,Zendikar Rising,68,normal,rare,1,54438,0caaf92a-3d9d-4c52-acff-cf960ec55e47,0.2,false,false,near_mint,de,CHF,2026-06-22T20:36:22.592Z
Yoris Karten,binder,Wavecrash Triton,THS,Theros,74,normal,common,2,15590,7336ca1e-13ef-4e49-a526-3f285bc339bb,0.1,false,false,near_mint,de,CHF,2026-06-22T20:36:22.588Z
Yoris Karten,binder,Coral Commando,RNA,Ravnica Allegiance,36,normal,common,1,43828,889cc2a0-d9a6-4368-92e0-055a7d7bf9d1,0.02,false,false,near_mint,de,CHF,2026-06-22T20:36:22.587Z
Yoris Karten,binder,Whirlwind Adept,UMA,Ultimate Masters,82,normal,common,1,43419,9fdbe6b5-7f67-42f1-be8f-637c35417925,0.03,false,false,near_mint,de,CHF,2026-06-22T20:36:22.582Z
Yoris Karten,binder,Lotus Path Djinn,FRF,Fate Reforged,39,normal,common,2,12087,197ec248-70d9-47f4-a53b-99b23f021116,0.04,false,false,near_mint,de,CHF,2026-06-22T20:36:22.581Z
Yoris Karten,binder,Geyser Drake,OTJ,Outlaws of Thunder Junction,51,normal,common,1,93309,b270377b-33eb-4e5e-9d14-0da2876da74f,0.1,false,false,near_mint,de,CHF,2026-06-22T20:36:22.580Z
Yoris Karten,binder,Alluring Siren,M12,Magic 2012,42,normal,uncommon,1,19225,a6434841-6cca-4397-b1fa-5ce34dc0b7f3,0.06,false,false,near_mint,de,CHF,2026-06-22T20:36:22.578Z
Yoris Karten,binder,Will of the Naga,FRF,Fate Reforged,58,normal,common,1,12068,9fed1c4d-f11e-476a-bbb2-06ffc6e261f3,0.03,false,false,near_mint,de,CHF,2026-06-22T20:36:22.576Z
Yoris Karten,binder,Statute of Denial,M15,Magic 2015,79,normal,common,1,13773,af13770d-dddb-4b78-9cd3-4a0dc50472f4,0.06,false,false,near_mint,de,CHF,2026-06-22T20:36:22.574Z
Yoris Karten,binder,Bubble Snare,ZNR,Zendikar Rising,47,normal,common,1,54468,1bfba7a0-d5ca-4197-9e58-21f28345f1a6,0.08,false,false,near_mint,de,CHF,2026-06-22T20:36:22.572Z
Yoris Karten,binder,Ichthyomorphosis,THB,Theros Beyond Death,51,normal,common,4,47011,e4763b6c-6471-41bd-b3e4-785564bcf06f,0.09,false,false,near_mint,de,CHF,2026-06-22T20:36:22.568Z
Yoris Karten,binder,Winter's Rest,MH1,Modern Horizons,78,normal,common,2,44856,1fdaf6b6-aca7-49e5-a4da-bf8c08b4a055,0.22,false,false,near_mint,de,CHF,2026-06-22T20:36:22.563Z
Yoris Karten,binder,Sanctum of Calm Waters,M21,Core Set 2021,68,normal,uncommon,1,50876,80b2fb65-5868-4cab-b45d-e103558ce7dc,0.51,false,false,near_mint,de,CHF,2026-06-22T20:36:22.561Z
Yoris Karten,binder,Omen of the Sea,THB,Theros Beyond Death,58,normal,common,2,47004,a5f30ecd-d009-4d44-aef4-c926ed55a521,0.23,false,false,near_mint,de,CHF,2026-06-22T20:36:22.558Z
Yoris Karten,binder,Downsize,RVR,Ravnica Remastered,41,normal,common,1,89739,6e90fd71-25f1-4142-adb2-decbb5ccbc16,0.04,false,false,near_mint,de,CHF,2026-06-22T20:36:22.554Z
Yoris Karten,binder,Time Ebb,M14,Magic 2014,74,normal,common,1,15977,bf0c48f6-8b2e-4eff-aa1e-10e6ccae426a,0.04,false,false,near_mint,de,CHF,2026-06-22T20:36:22.553Z
Yoris Karten,binder,Negate,M20,Core Set 2020,69,normal,common,2,45392,33b83158-78b4-425e-8379-be3ef038295c,0.35,false,false,near_mint,de,CHF,2026-06-22T20:36:22.552Z
Yoris Karten,binder,Grip of the Roil,OGW,Oath of the Gatewatch,56,normal,uncommon,1,9326,6cf33069-013f-43ab-9a31-e67bb6dc996d,0.07,false,false,near_mint,de,CHF,2026-06-22T20:36:22.549Z
Yoris Karten,binder,Out Cold,MKM,Murders at Karlov Manor,66,normal,common,1,91114,aabfada0-3c1b-4237-b06c-573071ccd68d,0.14,false,false,near_mint,de,CHF,2026-06-22T20:36:22.548Z
Yoris Karten,binder,Crippling Chill,KTK,Khans of Tarkir,35,normal,common,1,13363,acf53a79-7573-43c2-bd3a-93abea58ba80,0.04,false,false,near_mint,de,CHF,2026-06-22T20:36:22.547Z
Yoris Karten,binder,Artificer's Epiphany,DDU,Duel Decks: Elves vs. Inventors,36,normal,common,1,2431,f4e6f89d-c73b-4105-9743-95504f0fd866,0.27,false,false,near_mint,de,CHF,2026-06-22T20:36:22.545Z
Yoris Karten,binder,Tamiyo's Epiphany,WAR,War of the Spark,71,normal,common,1,44333,ce338cf3-46dc-4c87-8df5-af27097c7dd4,0.11,false,false,near_mint,de,CHF,2026-06-22T20:36:22.544Z
Yoris Karten,binder,Bone to Ash,M20,Core Set 2020,48,normal,common,1,45413,df5dd873-af44-45eb-9b82-a3622cc58b35,0.18,false,false,near_mint,de,CHF,2026-06-22T20:36:22.543Z
Yoris Karten,binder,Gust of Wind,IKO,Ikoria: Lair of Behemoths,54,normal,common,1,50023,faabea92-d8cf-4591-b528-3e597d56b31f,0.11,false,false,near_mint,de,CHF,2026-06-22T20:36:22.542Z
Yoris Karten,binder,Trial of Knowledge,AKH,Amonkhet,73,normal,uncommon,1,5612,89020c72-4cda-4634-8475-6d16a02236f1,0.08,false,false,near_mint,de,CHF,2026-06-22T20:36:22.541Z
Yoris Karten,binder,Rakshasa's Disdain,FRF,Fate Reforged,45,normal,common,2,12081,bd9e8a25-2e71-431b-897f-8b62520a3ce9,0.06,false,false,near_mint,de,CHF,2026-06-22T20:36:22.540Z
Yoris Karten,binder,Convolute,IKO,Ikoria: Lair of Behemoths,45,normal,common,2,50032,3fd8e607-8179-4ae8-ba7f-f5f22649dc18,0.15,false,false,near_mint,de,CHF,2026-06-22T20:36:22.538Z
Yoris Karten,binder,Glimpse of Freedom,THB,Theros Beyond Death,50,normal,uncommon,1,47012,c1e9c025-1cdb-4da8-8d28-14ad5efb512d,0.14,false,false,near_mint,de,CHF,2026-06-22T20:36:22.532Z
Yoris Karten,binder,Crypsis,BNG,Born of the Gods,34,normal,common,1,14926,bd445b01-34af-4132-a9fe-a03858624492,0.1,false,false,near_mint,de,CHF,2026-06-22T20:36:22.529Z
Yoris Karten,binder,Into the Story,ELD,Throne of Eldraine,50,normal,uncommon,1,46288,c838f08e-7fb6-46e7-83bb-dce8877d6c87,0.23,false,false,near_mint,de,CHF,2026-06-22T20:36:22.528Z
Yoris Karten,binder,Archetype of Imagination,DSC,Duskmourn: House of Horror Commander,111,normal,uncommon,1,99073,204972f7-8111-4e7d-97c4-53bcdc222230,0.43,false,false,near_mint,de,CHF,2026-06-22T20:36:22.526Z
Yoris Karten,binder,Startling Development,IKO,Ikoria: Lair of Behemoths,68,normal,common,2,50009,a12680db-957f-48c1-9062-2edd9115ba26,0.11,false,false,near_mint,de,CHF,2026-06-22T20:36:22.523Z
Yoris Karten,binder,Metamorphic Blast,OTJ,Outlaws of Thunder Junction,57,normal,uncommon,1,93327,bd38d922-cfc1-43a8-82d8-5de441c71076,0.14,false,false,near_mint,de,CHF,2026-06-22T20:36:22.522Z
Yoris Karten,binder,Power Sink,BTD,Beatdown Box Set,14,normal,common,1,33409,a6e10587-3595-4fa2-bcf4-607c478fda9d,3.8,false,false,near_mint,de,CHF,2026-06-22T20:36:22.520Z
Yoris Karten,binder,Negate,ZNR,Zendikar Rising,71,normal,common,1,54801,e92c7477-d453-4fa4-acf4-3835ab9eb55a,0.28,false,false,near_mint,de,CHF,2026-06-22T20:36:22.519Z
Yoris Karten,binder,Dispel,RTR,Return to Ravnica,36,normal,common,2,17386,08d4a8d7-c136-472f-8146-a1100701ca4f,0.23,false,false,near_mint,de,CHF,2026-06-22T20:36:22.518Z
Yoris Karten,binder,Medomai's Prophecy,THB,Theros Beyond Death,53,normal,uncommon,1,47009,3d2bd7b4-28de-4d9e-86c5-a46bd608cb02,0.1,false,false,near_mint,de,CHF,2026-06-22T20:36:22.516Z
Yoris Karten,binder,Deduce,MKM,Murders at Karlov Manor,293,normal,common,1,90897,5ad92dbd-828e-425f-8cab-819a04ea9020,0.18,false,false,near_mint,de,CHF,2026-06-22T20:36:22.515Z
Yoris Karten,binder,Essence Scatter,IKO,Ikoria: Lair of Behemoths,49,normal,common,2,50028,5f79c8a0-291e-4e13-b765-4cf8c726cf30,0.18,false,false,near_mint,de,CHF,2026-06-22T20:36:22.512Z
Yoris Karten,binder,Into the Roil,CMR,Commander Legends,397,normal,common,1,56242,f3463be0-df9e-4cb9-a90f-5d9d2ee729e0,0.24,false,false,near_mint,de,CHF,2026-06-22T20:36:22.509Z
Yoris Karten,binder,Teferi's Time Twist,WAR,War of the Spark,72,normal,common,1,44332,c878bdc0-d697-4a2f-bba5-758b27f4247a,0.29,false,false,near_mint,de,CHF,2026-06-22T20:36:22.508Z
Yoris Karten,binder,Thassa's Rebuff,BNG,Born of the Gods,54,normal,uncommon,1,14906,816a6ff7-cede-4346-b3e6-aee33aefac3a,0.2,false,false,near_mint,de,CHF,2026-06-22T20:36:22.507Z
Yoris Karten,binder,Memory Lapse,HML,Homelands,32b,normal,common,1,39260,6c8b5df3-6153-470e-be9c-f38d3cf66081,0.31,false,false,near_mint,de,CHF,2026-06-22T20:36:22.506Z
Yoris Karten,binder,Quench,RVR,Ravnica Remastered,56,normal,common,1,89578,1779a6c5-147d-4632-b1d9-95e89a64dc2c,0.18,false,false,near_mint,de,CHF,2026-06-22T20:36:22.505Z
Yoris Karten,binder,Arcane Denial,CMA,Commander Anthology,30,normal,common,1,5256,2a648138-8be1-4c33-b53c-b95037c6cb4a,2.9,false,false,near_mint,de,CHF,2026-06-22T20:36:22.503Z
Yoris Karten,binder,Time of Ice,DOM,Dominaria,70,normal,uncommon,1,2206,edcd0674-68b9-41ca-ab46-a73dfcbe4149,0.09,false,false,near_mint,de,CHF,2026-06-22T20:36:22.502Z
Yoris Karten,binder,Wavebreak Hippocamp,THB,Theros Beyond Death,80,normal,rare,1,46982,d900dff5-1196-443f-b9b0-b8e75c67c868,0.7,false,false,near_mint,de,CHF,2026-06-22T20:36:22.499Z
Yoris Karten,binder,Taigam's Scheming,KTK,Khans of Tarkir,57,normal,common,6,13341,87f4b533-7113-4b36-9c7a-e4cf798c88a9,0.05,false,false,near_mint,de,CHF,2026-06-22T20:36:22.517Z
Yoris Karten,binder,Naiad of Hidden Coves,THB,Theros Beyond Death,56,normal,common,3,47006,dc6ae489-658b-4c12-b204-f7b58ce84375,0.11,false,false,near_mint,de,CHF,2026-06-22T20:36:22.525Z
Yoris Karten,binder,Treasure Cruise,TDC,Tarkir: Dragonstorm Commander,169,normal,common,2,104747,7816cb88-6607-4c87-a680-4072da69e8e9,0.27,false,false,near_mint,de,CHF,2026-06-22T20:36:22.527Z
Yoris Karten,binder,Stern Dismissal,THB,Theros Beyond Death,68,normal,common,2,46994,0aec4d0f-ba1e-45f8-9764-9bcc3fa50e51,0.11,false,false,near_mint,de,CHF,2026-06-22T20:36:22.530Z
Yoris Karten,binder,Divination,CN2,Conspiracy: Take the Crown,109,normal,common,2,7988,ae04d500-5b2d-4661-bbd2-66cf29456b2b,0.03,false,false,near_mint,de,CHF,2026-06-22T20:36:22.537Z
Yoris Karten,binder,Code of Constraint,CLU,Ravnica: Clue Edition,83,normal,uncommon,3,90672,14648a6c-49ee-48d3-a83e-a68225d843bf,0.06,false,false,near_mint,de,CHF,2026-06-22T20:36:22.539Z
Yoris Karten,binder,Thought Collapse,RNA,Ravnica Allegiance,57,normal,common,3,43807,948b569b-6341-418b-99b5-f79dfb3fe8dd,0.25,false,false,near_mint,de,CHF,2026-06-22T20:36:22.546Z
Yoris Karten,binder,Cancel,RTR,Return to Ravnica,31,normal,common,4,17391,fd994a26-65ff-43be-8d52-476e887d3ed2,0.18,false,false,near_mint,de,CHF,2026-06-22T20:36:22.556Z
Yoris Karten,binder,Starlit Mantle,THB,Theros Beyond Death,67,normal,common,3,46995,68c53625-6928-494a-af87-7eee2f6643a5,0.08,false,false,near_mint,de,CHF,2026-06-22T20:36:22.559Z
Yoris Karten,binder,Oracle's Insight,BBD,Battlebond,127,normal,uncommon,3,1866,533d455a-88c9-4e41-b31e-5dcf821c6f6f,0.06,false,false,near_mint,de,CHF,2026-06-22T20:36:22.569Z
Yoris Karten,binder,Foil,UMA,Ultimate Masters,55,normal,common,2,43444,e8b39fd6-9240-4f76-b12c-e7d9aa88f061,2.07,false,false,near_mint,de,CHF,2026-06-22T20:36:22.573Z
Yoris Karten,binder,Frostveil Ambush,IKO,Ikoria: Lair of Behemoths,52,normal,common,2,50025,deef1197-e40a-4c9d-919a-213f1bdf3e3e,0.1,false,false,near_mint,de,CHF,2026-06-22T20:36:22.575Z
Yoris Karten,binder,Merfolk Secretkeeper // Venture Deeper,ELD,Throne of Eldraine,53,normal,common,6,46285,ceb7308d-608c-4ede-9496-d795fc5bb271,0.24,false,false,near_mint,de,CHF,2026-06-22T20:36:22.595Z
Yoris Karten,binder,Sky Theater Strix,WAR,War of the Spark,67,normal,common,2,44337,98902dd9-f21c-4419-8205-4b9d6592bf28,0.06,false,false,near_mint,de,CHF,2026-06-22T20:36:22.600Z
Yoris Karten,binder,Roiling Waters,OGW,Oath of the Gatewatch,62,normal,uncommon,3,9320,3d878c10-de5e-4224-98ce-d49902b5ab8b,0.09,false,false,near_mint,de,CHF,2026-06-22T20:36:22.603Z
Yoris Karten,binder,Devious Cover-Up,GRN,Guilds of Ravnica,35,normal,common,2,448,21ac6b0a-b1a5-439d-b65e-5f04e1826c80,0.06,false,false,near_mint,de,CHF,2026-06-22T20:36:22.631Z
Yoris Karten,binder,Capture Sphere,IKO,Ikoria: Lair of Behemoths,44,normal,common,2,50033,3c1d2d9d-6eee-4334-bbbe-87e026fa6fc0,0.03,false,false,near_mint,de,CHF,2026-06-22T20:36:22.641Z
Yoris Karten,binder,Cloudkin Seer,CLU,Ravnica: Clue Edition,82,normal,common,2,90726,25e97ad6-8b49-4fb6-9c07-e8d91bbaed5a,0.13,false,false,near_mint,de,CHF,2026-06-22T20:36:22.645Z
Yoris Karten,binder,Elite Instructor,THB,Theros Beyond Death,49,normal,common,2,47013,821cd2dd-aa03-4c55-b9e4-98e0284889d3,0.06,false,false,near_mint,de,CHF,2026-06-22T20:36:22.648Z
Yoris Karten,binder,Frost Lynx,IKO,Ikoria: Lair of Behemoths,51,normal,common,2,50026,dfcaeccc-fc8c-4a9e-80d5-b48da71d7ff1,0.18,false,false,near_mint,de,CHF,2026-06-22T20:36:22.649Z
Yoris Karten,binder,Thieving Otter,BLB,Bloomburrow,390,normal,common,2,96034,52a258be-39e3-4689-b2d0-7c353ce7d574,0.1,false,false,near_mint,de,CHF,2026-06-22T20:36:22.650Z
Yoris Karten,binder,Brine Giant,THB,Theros Beyond Death,44,normal,common,5,47018,6811a9dc-e521-4c9e-accb-1efb8346c1db,0.08,false,false,near_mint,de,CHF,2026-06-22T20:36:22.659Z
Yoris Karten,binder,Merfolk Spy,M14,Magic 2014,62,normal,common,2,15989,30c89aa2-3375-4681-ad26-b5d5c7d3d842,0.22,false,false,near_mint,de,CHF,2026-06-22T20:36:22.743Z
Yoris Karten,binder,Qumulox,MM2,Modern Masters 2015,54,normal,uncommon,2,11163,357aa2a1-4f72-4890-aa46-d212292ab837,0.16,false,false,near_mint,de,CHF,2026-06-22T20:36:22.749Z
Yoris Karten,binder,Scion of Glaciers,KTK,Khans of Tarkir,53,normal,uncommon,3,13345,5e370939-831b-4c42-8291-8ffb0b6c1af7,0.06,false,false,near_mint,de,CHF,2026-06-22T20:36:22.752Z
Yoris Karten,binder,Selhoff Occultist,ISD,Innistrad,73,normal,common,2,18825,aeac4885-bd04-42bd-8e10-06c3efbce108,0.08,false,false,near_mint,de,CHF,2026-06-22T20:36:22.757Z
Yoris Karten,binder,Dreamtail Heron,IKO,Ikoria: Lair of Behemoths,47,normal,common,1,50030,ca777d40-736a-4cd6-85c4-5afd52f2fadd,0.19,false,false,near_mint,de,CHF,2026-06-22T20:55:25.816Z
Yoris Karten,binder,Faerie Vandal,SNC,Streets of New Capenna,44,normal,uncommon,1,67836,7645247b-e65a-4912-ac22-e6a0fa806dd7,0.14,false,false,near_mint,de,CHF,2026-06-22T20:55:25.815Z
Yoris Karten,binder,Seeker of Insight,AKH,Amonkhet,69,normal,common,1,5616,7f0b7bfc-f126-4885-a663-6f8dcc52e663,0.06,false,false,near_mint,de,CHF,2026-06-22T20:55:25.814Z
Yoris Karten,binder,Unexplained Disappearance,GRN,Guilds of Ravnica,56,normal,common,1,427,9c99b239-50d2-4393-80ec-94dbfaa6ae70,0.14,false,false,near_mint,de,CHF,2026-06-22T20:55:25.801Z
Yoris Karten,binder,Cancel,KTK,Khans of Tarkir,33,normal,common,1,13365,9f540dcb-8d0b-4d33-8c0d-893fa5db54eb,0.11,false,false,near_mint,de,CHF,2026-06-22T20:55:25.799Z
Yoris Karten,binder,Spell Pierce,XLN,Ixalan,81,normal,common,1,3931,6bf4dfc0-c58b-4535-b660-54ceaa6e0217,0.19,false,false,near_mint,de,CHF,2026-06-22T20:55:25.789Z
Yoris Karten,binder,Anticipate,IKO,Ikoria: Lair of Behemoths,40,normal,common,1,50037,46b6dfb2-ffe4-44fb-bfd9-df11bc3193df,0.14,false,false,near_mint,de,CHF,2026-06-22T20:55:25.788Z
Yoris Karten,binder,Sea Legs,RIX,Rivals of Ixalan,50,normal,common,1,2968,ae48b747-b9ea-4af1-84c5-3f5835d1ba1f,0.05,false,false,near_mint,de,CHF,2026-06-22T20:55:25.781Z
Yoris Karten,binder,Comparative Analysis,OGW,Oath of the Gatewatch,51,normal,common,1,9331,dd83129b-7e8c-4cc5-a7b3-e0ae221d7ad4,0.03,false,false,near_mint,de,CHF,2026-06-22T20:55:25.770Z
Yoris Karten,binder,Shimmer of Possibility,RNA,Ravnica Allegiance,51,normal,common,1,43813,76e3092d-2422-438c-b5dd-bf8eca33a76e,0.07,false,false,near_mint,de,CHF,2026-06-22T20:55:25.768Z
Yoris Karten,binder,Jeskai Runemark,FRF,Fate Reforged,37,normal,common,1,12089,2ada6302-326b-4ab1-a9a3-ae4fa6a9001c,0.04,false,false,near_mint,de,CHF,2026-06-22T20:55:25.764Z
Yoris Karten,binder,Singing Bell Strike,KTK,Khans of Tarkir,55,normal,common,1,13343,670f24e1-dec9-42e6-b762-c447366ed16c,0.03,false,false,near_mint,de,CHF,2026-06-22T20:55:25.761Z
Yoris Karten,binder,Facet Reader,IKO,Ikoria: Lair of Behemoths,50,normal,common,1,50027,b1199596-ae77-4192-ae70-3e2ebd009b64,0.1,false,false,near_mint,de,CHF,2026-06-22T20:55:25.748Z
Yoris Karten,binder,Living Tempest,ZNR,Zendikar Rising,65,normal,common,1,54673,a05ed233-9b53-4c67-ab1c-0217386c9fe4,0.06,false,false,near_mint,de,CHF,2026-06-22T20:55:25.735Z
Yoris Karten,binder,Sky-Eel School,SOM,Scars of Mirrodin,44,normal,common,1,20988,5cfc4db7-13b5-4c88-91f2-581c9792f1ff,0.06,false,false,near_mint,de,CHF,2026-06-22T20:55:25.734Z
Yoris Karten,binder,Overwhelmed Apprentice,ELD,Throne of Eldraine,60,normal,uncommon,1,46278,8659092e-4fe8-42be-ab03-efc99ed37436,0.2,false,false,near_mint,de,CHF,2026-06-22T20:55:25.733Z
Yoris Karten,binder,Armored Skaab,ISD,Innistrad,43,normal,common,3,18855,ce4d00f2-30e6-41d5-b997-c66350fe783c,0.09,false,false,near_mint,de,CHF,2026-06-22T20:55:25.732Z
Yoris Karten,binder,Grayscaled Gharial,RAV,Ravnica: City of Guilds,52,normal,common,1,27958,89c2c94a-31df-4789-a309-4cdfe7f6a719,0.08,false,false,near_mint,de,CHF,2026-06-22T20:55:25.731Z
Yoris Karten,binder,Man-o'-War,DMR,Dominaria Remastered,58,normal,common,3,78057,a1ef40d5-c287-4229-8059-3505d9f251ca,0.1,false,false,near_mint,de,CHF,2026-06-22T20:55:25.730Z
Yoris Karten,binder,Ancient Crab,OGW,Oath of the Gatewatch,50,normal,common,1,9332,783794e3-fe0c-4014-ae5a-6c249af23ddc,0.11,false,false,near_mint,de,CHF,2026-06-22T20:55:25.714Z
Yoris Karten,binder,Cyclone Sire,OGW,Oath of the Gatewatch,54,normal,uncommon,1,9328,bff62270-57ed-4706-bedf-11f60ae2da43,0.03,false,false,near_mint,de,CHF,2026-06-22T20:55:25.713Z
Yoris Karten,binder,Sage of Lat-Nam,DOM,Dominaria,64,normal,uncommon,1,2212,f7395b77-f7f7-404b-8639-9db6dc28d558,0.15,false,false,near_mint,de,CHF,2026-06-22T20:55:25.699Z
Yoris Karten,binder,Merfolk Trickster,DOM,Dominaria,56,normal,uncommon,1,2220,359b2f2b-7b58-47b6-b00c-8616f981e3a3,0.39,false,false,near_mint,de,CHF,2026-06-22T20:55:25.698Z
Yoris Karten,binder,Kitesail Skirmisher,CMR,Commander Legends,77,normal,common,1,55973,fcd356b3-29a9-4526-93a0-33375f65744b,0.14,false,false,near_mint,de,CHF,2026-06-22T20:55:25.695Z
Yoris Karten,binder,"Alirios, Enraptured",THB,Theros Beyond Death,42,normal,uncommon,3,47020,26f9ebbe-3791-4d19-88d2-d5de95faff48,0.11,false,false,near_mint,de,CHF,2026-06-22T20:55:25.694Z
Yoris Karten,binder,Waker of Waves,M21,Core Set 2021,84,normal,uncommon,1,50945,abb47990-a5a9-4a22-a8bb-d229b17132c6,0.2,false,false,near_mint,de,CHF,2026-06-22T20:55:25.686Z
Yoris Karten,binder,Jace's Sentinel,XLN,Ixalan,283,normal,uncommon,1,3729,9131361b-ec1e-4390-82c9-b9b9f77792a8,0.09,false,false,near_mint,de,CHF,2026-06-22T20:55:25.678Z
Yoris Karten,binder,Wetland Sambar,KTK,Khans of Tarkir,62,normal,common,1,13336,f71a86e0-d15a-4fba-94f6-bfbaade8d837,0.02,false,false,near_mint,de,CHF,2026-06-22T20:55:25.675Z
Yoris Karten,binder,Prodigal Sorcerer,TSB,Time Spiral Timeshifted,29,normal,special,1,26992,86458037-3e4a-4dc7-b77b-1c6bc34e8119,0.33,false,false,near_mint,de,CHF,2026-06-22T20:55:25.672Z
Yoris Karten,binder,Wake Thrasher,DDT,Duel Decks: Merfolk vs. Goblins,24,normal,rare,2,3687,7340b21f-726d-47e8-a2bf-1cde21be70f4,0.32,false,false,near_mint,de,CHF,2026-06-22T20:55:25.670Z
Yoris Karten,binder,Aethertide Whale,DRC,Aetherdrift Commander,69,normal,rare,1,103120,78e396a1-a56e-418b-a342-c09a11218a85,0.23,false,false,near_mint,de,CHF,2026-06-22T20:55:25.669Z
Yoris Karten,binder,Cunning Geysermage,ZNR,Zendikar Rising,55,normal,common,1,54476,2217f0a9-5af5-45cc-8cf7-8878d4f66dd8,0.06,false,false,near_mint,de,CHF,2026-06-22T20:55:25.665Z
Yoris Karten,binder,Persistent Petitioners,RVR,Ravnica Remastered,316,normal,common,1,89769,81610aa1-d877-4ae0-ae38-cdf8971b7fc0,0.82,false,false,near_mint,de,CHF,2026-06-22T20:55:25.662Z
Yoris Karten,binder,Witness of Tomorrows,THB,Theros Beyond Death,82,normal,common,1,46980,64cd9d60-826c-4b35-9684-dccb0880399e,0.06,false,false,near_mint,de,CHF,2026-06-22T20:55:25.660Z
Yoris Karten,binder,Parasitic Strix,2XM,Double Masters,60,normal,common,3,52151,70017989-aaf1-4a70-98aa-e447d6ce793a,0.06,false,false,near_mint,de,CHF,2026-06-22T20:55:25.657Z
Yoris Karten,binder,Sage of Mysteries,THB,Theros Beyond Death,62,normal,uncommon,1,47000,4138fd65-e0c3-42a1-9c0d-4d5f20228b55,0.23,false,false,near_mint,de,CHF,2026-06-22T20:55:25.655Z
Yoris Karten,binder,Sage's Row Savant,CLU,Ravnica: Clue Edition,97,normal,common,1,90710,20ceccb4-c7c7-487e-8f74-2d89d2a86f34,0.06,false,false,near_mint,de,CHF,2026-06-22T20:55:25.646Z
Yoris Karten,binder,Enigma Eidolon,DIS,Dissension,24,normal,common,1,27401,814a1082-6e2c-46d3-9b45-12dab7006c0f,0.06,false,false,near_mint,de,CHF,2026-06-22T20:55:25.638Z
Yoris Karten,binder,Mnemonic Wall,IMA,Iconic Masters,67,normal,common,1,3558,a3e6784b-78e8-4f0b-8d27-d49c7cea9252,0.21,false,false,near_mint,de,CHF,2026-06-22T20:55:25.635Z
Yoris Karten,binder,Aerie Worshippers,BNG,Born of the Gods,30,normal,uncommon,1,14930,06c8b3b9-f0fb-4cc1-8916-82ee2c74f089,0.11,false,false,near_mint,de,CHF,2026-06-22T20:55:25.630Z
Yoris Karten,binder,Vortex Elemental,BNG,Born of the Gods,56,normal,uncommon,2,14904,5cb7ca2b-c5de-4c8a-91cb-8dd8ab5387d8,0.1,false,false,near_mint,de,CHF,2026-06-22T20:55:25.628Z
Yoris Karten,binder,Siren of the Fanged Coast,BNG,Born of the Gods,50,normal,uncommon,3,14910,5ba93d9a-94cd-4d90-860a-f567793a5be4,0.14,false,false,near_mint,de,CHF,2026-06-22T20:55:25.627Z
Yoris Karten,binder,Deep-Sea Terror,ORI,Magic Origins,52,normal,common,2,10890,007b526c-5387-4ed4-a320-b826d507e014,0.11,false,false,near_mint,de,CHF,2026-06-22T20:55:25.631Z
Yoris Karten,binder,Phantom Ninja,MH1,Modern Horizons,62,normal,common,5,44872,a392b557-e809-4371-92d7-6e93caed4f1b,0.22,false,false,near_mint,de,CHF,2026-06-22T20:55:25.639Z
Yoris Karten,binder,Riptide Turtle,THB,Theros Beyond Death,61,normal,common,2,47001,cc4ba296-950c-4e39-ab5e-06be07e4a190,0.1,false,false,near_mint,de,CHF,2026-06-22T20:55:25.642Z
Yoris Karten,binder,Glacial Stalker,KTK,Khans of Tarkir,41,normal,common,2,13357,8821c7b9-702b-416f-b006-941ad57f9e11,0.08,false,false,near_mint,de,CHF,2026-06-22T20:55:25.674Z
Yoris Karten,binder,Deny the Divine,THB,Theros Beyond Death,47,normal,common,2,47015,1200f68a-a8ea-4777-b6b0-de48b2203fd1,0.14,false,false,near_mint,de,CHF,2026-06-22T20:55:25.755Z
Yoris Karten,binder,Void Snare,M15,Magic 2015,82,normal,common,2,13770,94efe426-0fb2-4a24-9b50-914e48105b57,0.24,false,false,near_mint,de,CHF,2026-06-22T20:55:25.777Z
Yoris Karten,binder,Whirlwind Denial,THB,Theros Beyond Death,81,normal,uncommon,2,46981,9e127856-bedd-40a9-9e8e-d1f9fbefe07d,0.07,false,false,near_mint,de,CHF,2026-06-22T20:55:25.786Z
Strixhaven Display & Prerelease,binder,Last Gasp,SOS,Secrets of Strixhaven,86,normal,common,4,112698,da5f3729-6ec7-4482-90cb-83b973edeae4,0.15,false,false,near_mint,de,CHF,2026-06-30T21:32:27.684Z
Strixhaven Display & Prerelease,binder,Hydro-Channeler,SOS,Secrets of Strixhaven,54,normal,common,2,112563,099f8400-d70a-48ef-8ff6-645eae97e072,0.14,false,false,near_mint,de,CHF,2026-06-30T21:32:27.683Z
Strixhaven Display & Prerelease,binder,Rearing Embermare,SOS,Secrets of Strixhaven,127,normal,common,2,112561,06dd56bd-de92-4202-af31-7e881c34d799,0.05,false,false,near_mint,de,CHF,2026-06-30T21:32:27.682Z
Strixhaven Display & Prerelease,binder,Elite Interceptor // Rejoinder,SOS,Secrets of Strixhaven,12,normal,common,3,112577,2970683e-e69c-42cb-a067-34abd56fb42b,0.14,false,false,near_mint,de,CHF,2026-06-30T21:32:27.681Z
Strixhaven Display & Prerelease,binder,Hungry Graffalon,SOS,Secrets of Strixhaven,151,normal,common,3,112557,030b1272-5990-4bc9-8fc1-82cc05602060,0.04,false,false,near_mint,de,CHF,2026-06-30T21:32:27.680Z
Strixhaven Display & Prerelease,binder,Elemental Mascot,SOS,Secrets of Strixhaven,185,normal,common,4,111741,c507eb1c-48e9-4d28-bb2d-71f2a9df9ab0,0.08,false,false,near_mint,de,CHF,2026-06-30T21:32:27.679Z
Strixhaven Display & Prerelease,binder,Homesickness,SOS,Secrets of Strixhaven,53,normal,uncommon,2,112358,6e4a1f82-b0b1-4608-91f8-130bee731435,0.09,false,false,near_mint,de,CHF,2026-06-30T21:32:27.678Z
Strixhaven Display & Prerelease,binder,Artistic Process,SOS,Secrets of Strixhaven,108,normal,uncommon,1,112262,bce9d933-be58-4301-beb4-07b04d0b69f0,0.09,false,false,near_mint,de,CHF,2026-06-30T21:32:27.677Z
Strixhaven Display & Prerelease,binder,Silverquill Charm,SOS,Secrets of Strixhaven,225,normal,uncommon,1,111655,3eb73579-f1c6-4762-81d2-9568ab501fac,0.19,false,false,near_mint,de,CHF,2026-06-30T21:32:27.676Z
Strixhaven Display & Prerelease,binder,Witherbloom Charm,SOS,Secrets of Strixhaven,244,normal,uncommon,1,111694,254437f7-7a8a-4b11-9cea-e8e7ea23c59e,0.27,false,false,near_mint,de,CHF,2026-06-30T21:32:27.674Z
Strixhaven Display & Prerelease,binder,Scheming Silvertongue // Sign in Blood,SOS,Secrets of Strixhaven,99,normal,rare,1,112541,fe85a124-0d8b-4a29-8df1-65888a39147f,1.33,false,false,near_mint,de,CHF,2026-06-30T21:32:27.672Z
Strixhaven Display & Prerelease,binder,Stargaze,SOA,Secrets of Strixhaven Mystical Archive,34,normal,uncommon,1,112445,5c9caa7b-0268-4606-a71d-82dff16e6418,0.22,false,false,near_mint,de,CHF,2026-06-30T21:32:27.671Z
Strixhaven Display & Prerelease,binder,Daydream,SOS,Secrets of Strixhaven,9,normal,uncommon,2,112304,e2b16cb2-b8b2-45df-9695-3c16e9d89e28,0.26,false,false,near_mint,de,CHF,2026-06-30T21:32:27.670Z
Strixhaven Display & Prerelease,binder,Spectacle Summit,SOS,Secrets of Strixhaven,262,normal,common,3,112055,a0a66f7b-eab4-45da-8895-c2c2c7eb05f8,0.1,false,false,near_mint,de,CHF,2026-06-30T21:32:27.669Z
Strixhaven Display & Prerelease,binder,Elemental,TSOS,Secrets of Strixhaven Tokens,3,normal,common,6,112669,b5b2df9c-228f-4441-a962-46b335bb356e,0.09,false,false,near_mint,de,CHF,2026-06-30T21:32:27.673Z
Strixhaven Display & Prerelease,binder,Treasure,TSOS,Secrets of Strixhaven Tokens,12,normal,common,1,112668,b4f61b5e-9c53-40b1-b93e-3ffa351ff052,0.18,false,false,near_mint,de,CHF,2026-07-01T15:16:10.327Z
Strixhaven Display & Prerelease,binder,Unsubtle Mockery,SOS,Secrets of Strixhaven,136,normal,common,2,112580,2b7cb1a3-761e-470e-a164-6e29dd9448cd,0.09,false,false,near_mint,de,CHF,2026-07-01T15:16:10.326Z
Strixhaven Display & Prerelease,binder,Ascendant Dustspeaker,SOS,Secrets of Strixhaven,8,normal,common,2,112702,de3de40b-a7ac-455e-add2-4e451b602d17,0.09,false,false,near_mint,de,CHF,2026-07-01T15:16:10.325Z
Strixhaven Display & Prerelease,binder,Follow the Lumarets,SOS,Secrets of Strixhaven,148,normal,common,3,112719,f9488480-2b6c-40bc-a93e-29fb1292a2e4,0.12,false,false,near_mint,de,CHF,2026-07-01T15:16:10.324Z
Strixhaven Display & Prerelease,binder,Chase Inspiration,SOS,Secrets of Strixhaven,41,normal,common,3,112562,06f9f257-c7ef-44b7-8b2b-f038fba900af,0.12,false,false,near_mint,de,CHF,2026-07-01T15:16:10.322Z
Strixhaven Display & Prerelease,binder,Potioner's Trove,SOS,Secrets of Strixhaven,251,normal,common,2,112570,2123b349-4649-4a15-a8b5-b54414d2b1b7,0.16,false,false,near_mint,de,CHF,2026-07-01T15:16:10.321Z
Strixhaven Display & Prerelease,binder,Impractical Joke,SOS,Secrets of Strixhaven,119,normal,uncommon,2,112334,39a816b4-39b8-421c-b828-68db901d34b7,0.17,false,false,near_mint,de,CHF,2026-07-01T15:16:10.320Z
Strixhaven Display & Prerelease,binder,Quill-Blade Laureate // Twofold Intent,SOS,Secrets of Strixhaven,27,normal,uncommon,1,112450,62a47835-5719-48c4-a740-a0c5f00dce11,0.13,false,false,near_mint,de,CHF,2026-07-01T15:16:10.319Z
Strixhaven Display & Prerelease,binder,Poisoner's Apprentice,SOS,Secrets of Strixhaven,92,normal,uncommon,1,112591,3755a2e9-af55-4625-a006-2a86c7893a96,0.1,false,false,near_mint,de,CHF,2026-07-01T15:16:10.318Z
Strixhaven Display & Prerelease,binder,Environmental Scientist,SOS,Secrets of Strixhaven,147,normal,uncommon,1,112403,f2bf6b36-43e4-49d9-98b2-cbb4304c248b,0.12,false,false,near_mint,de,CHF,2026-07-01T15:16:10.317Z
Strixhaven Display & Prerelease,binder,Vicious Rivalry,SOS,Secrets of Strixhaven,241,normal,rare,2,112629,6fa9cd18-3181-4373-ab65-49bf9de9487f,0.31,false,false,near_mint,de,CHF,2026-07-01T15:16:10.316Z
Strixhaven Display & Prerelease,binder,Preordain,SOA,Secrets of Strixhaven Mystical Archive,21,normal,rare,1,112467,8221b564-acf0-4d82-94f5-2ba1337ff5e1,1.44,false,false,near_mint,de,CHF,2026-07-01T15:16:10.315Z
Strixhaven Display & Prerelease,binder,Foolish Fate,SOS,Secrets of Strixhaven,83,normal,uncommon,2,112693,d278f4c9-d20b-4a76-8c5c-4d3e985948b9,0.18,false,false,near_mint,de,CHF,2026-07-01T15:16:10.314Z
Strixhaven Display & Prerelease,binder,Spellbook Seeker // Careful Study,SOS,Secrets of Strixhaven,68,normal,common,4,112691,cc44eaa4-59a4-419e-b1d1-d92f354ff588,0.1,false,false,near_mint,de,CHF,2026-07-01T15:16:10.312Z
Strixhaven Display & Prerelease,binder,Strife Scholar // Awaken the Ages,SOS,Secrets of Strixhaven,131,normal,common,4,112644,8de79312-2046-425e-9919-49afe19be81b,0.06,false,false,near_mint,de,CHF,2026-07-01T15:16:10.311Z
Strixhaven Display & Prerelease,binder,Honorbound Page // Forum's Favor,SOS,Secrets of Strixhaven,19,normal,common,4,112633,79a70863-860f-4a7b-9cb2-d3546b689d44,0.05,false,false,near_mint,de,CHF,2026-07-01T15:16:10.310Z
Strixhaven Display & Prerelease,binder,Oracle's Restoration,SOS,Secrets of Strixhaven,156,normal,common,4,111670,0863a19d-4511-4a78-98dd-d194afd1c39b,0.13,false,false,near_mint,de,CHF,2026-07-01T15:16:10.309Z
Strixhaven Display & Prerelease,binder,Wander Off,SOS,Secrets of Strixhaven,104,normal,common,3,112597,3d409512-50b9-4a38-91b0-19ba25227992,0.09,false,false,near_mint,de,CHF,2026-07-01T15:16:10.308Z
Strixhaven Display & Prerelease,binder,Pest Mascot,SOS,Secrets of Strixhaven,209,normal,common,3,111751,d882beb9-6766-4818-afbb-f6fd7a2d5b70,0.19,false,false,near_mint,de,CHF,2026-07-01T15:16:10.307Z
Strixhaven Display & Prerelease,binder,"Page, Loose Leaf",SOS,Secrets of Strixhaven,250,normal,common,4,112642,8c6fecfd-8241-4cf0-b1eb-19472b99e0ed,0.13,false,false,near_mint,de,CHF,2026-07-01T15:16:10.306Z
Strixhaven Display & Prerelease,binder,Campus Composer // Aqueous Aria,SOS,Secrets of Strixhaven,40,normal,uncommon,2,112277,fac8ac39-ecb4-4142-bf37-131c65660a9b,0.1,false,false,near_mint,de,CHF,2026-07-01T15:16:10.305Z
Strixhaven Display & Prerelease,binder,Startled Relic Sloth,SOS,Secrets of Strixhaven,233,normal,uncommon,2,112711,f143fd41-58c3-45a0-bef8-e9e4b4a502a5,0.14,false,false,near_mint,de,CHF,2026-07-01T15:16:10.304Z
Strixhaven Display & Prerelease,binder,Transcendent Archaic,SOS,Secrets of Strixhaven,5,normal,uncommon,1,112324,1624c680-502b-474a-b9b2-888fe3ca008c,0.05,false,false,near_mint,de,CHF,2026-07-01T15:16:10.303Z
Strixhaven Display & Prerelease,binder,Mind into Matter,SOS,Secrets of Strixhaven,202,normal,rare,1,112321,0a7f0fdf-1d4b-4458-a19c-274611e8a59a,0.35,false,false,near_mint,de,CHF,2026-07-01T15:16:10.302Z
Strixhaven Display & Prerelease,binder,Pick Your Poison,SOA,Secrets of Strixhaven Mystical Archive,55,normal,uncommon,2,112489,a11f1013-d747-4cf2-bbf5-0bd68a949ddf,0.22,false,false,near_mint,de,CHF,2026-07-01T15:16:10.301Z
Strixhaven Display & Prerelease,binder,Plains,SOS,Secrets of Strixhaven,272,normal,common,2,112144,d85d0f25-a24a-4de0-9b8b-93fb5017bce9,0.17,false,false,near_mint,de,CHF,2026-07-01T15:16:10.299Z
Strixhaven Display & Prerelease,binder,Fractal,TSOS,Secrets of Strixhaven Tokens,4,normal,common,10,112703,de564776-9d88-4533-8717-842eecdd0594,0.14,false,false,near_mint,de,CHF,2026-07-01T15:16:10.298Z
Strixhaven Display & Prerelease,binder,Expressive Firedancer,SOS,Secrets of Strixhaven,114,normal,common,3,112286,259b8c45-6241-4206-a34e-34c7f401f47b,0.06,false,false,near_mint,de,CHF,2026-07-01T15:20:47.406Z
Strixhaven Display & Prerelease,binder,Rehearsed Debater,SOS,Secrets of Strixhaven,29,normal,common,4,112724,fc6a1425-6733-42a2-94d9-605966398092,0.05,false,false,near_mint,de,CHF,2026-07-01T15:20:47.405Z
Strixhaven Display & Prerelease,binder,Mindful Biomancer,SOS,Secrets of Strixhaven,154,normal,common,4,112582,2c3a6eb8-ce0c-4dc8-9ed6-d2a9223eef53,0.05,false,false,near_mint,de,CHF,2026-07-01T15:20:47.404Z
Strixhaven Display & Prerelease,binder,Sneering Shadewriter,SOS,Secrets of Strixhaven,101,normal,common,3,112608,4b4c120e-abe9-4f11-a7e4-bc3f723da4b2,0.14,false,false,near_mint,de,CHF,2026-07-01T15:20:47.403Z
Strixhaven Display & Prerelease,binder,Inkling Mascot,SOS,Secrets of Strixhaven,196,normal,common,4,111711,6d4a2f39-0e1e-4076-815a-2676a09a1aab,0.06,false,false,near_mint,de,CHF,2026-07-01T15:20:47.402Z
Strixhaven Display & Prerelease,binder,Spirit Mascot,SOS,Secrets of Strixhaven,230,normal,common,4,111682,123f1fde-d8de-4640-baa1-bb3781713168,0.15,false,false,near_mint,de,CHF,2026-07-01T15:20:47.401Z
Strixhaven Display & Prerelease,binder,Spectacular Skywhale,SOS,Secrets of Strixhaven,229,normal,uncommon,2,112267,c90366d5-b4ba-4772-a3c5-f138bbe7f305,0.14,false,false,near_mint,de,CHF,2026-07-01T15:20:47.400Z
Strixhaven Display & Prerelease,binder,Diary of Dreams,SOS,Secrets of Strixhaven,248,normal,uncommon,1,111763,ee1e0a96-af80-444e-a456-5b256cf60625,0.24,false,false,near_mint,de,CHF,2026-07-01T15:20:47.399Z
Strixhaven Display & Prerelease,binder,Social Snub,SOS,Secrets of Strixhaven,228,normal,uncommon,2,112373,a04b6900-0436-4920-a0d4-c0186d605ae3,0.07,false,false,near_mint,de,CHF,2026-07-01T15:20:47.398Z
Strixhaven Display & Prerelease,binder,Magmablood Archaic,SOS,Secrets of Strixhaven,123,normal,rare,2,112344,4d611278-9948-4345-b4dd-aa6eaf21b233,0.23,false,false,near_mint,de,CHF,2026-07-01T15:20:47.397Z
Strixhaven Display & Prerelease,binder,Emeritus of Ideation // Ancestral Recall,SOS,Secrets of Strixhaven,45,normal,mythic,2,111714,75961d36-acf6-425f-9698-0bf52af74f31,5.12,false,false,near_mint,de,CHF,2026-07-01T15:20:47.396Z
Strixhaven Display & Prerelease,binder,Repel Calamity,SOA,Secrets of Strixhaven Mystical Archive,8,normal,uncommon,2,112424,1c2cf02f-97f3-47f0-9382-c580f3033635,0.18,false,false,near_mint,de,CHF,2026-07-01T15:20:47.395Z
Strixhaven Display & Prerelease,binder,Growth Curve,SOS,Secrets of Strixhaven,193,normal,uncommon,2,112325,1675a445-86ae-413b-b95a-a1c254a7f252,0.17,false,false,near_mint,de,CHF,2026-07-01T15:20:47.394Z
Strixhaven Display & Prerelease,binder,Titan's Grave,SOS,Secrets of Strixhaven,266,normal,common,2,112068,a9ab41c8-3ee2-4676-9b8b-20c34d9f5f21,0.1,false,false,near_mint,de,CHF,2026-07-01T15:20:47.393Z
Strixhaven Display & Prerelease,binder,Cost of Brilliance,SOS,Secrets of Strixhaven,77,normal,common,3,112594,3a46816b-9f75-4c72-9ec6-cded6a4a0d01,0.13,false,false,near_mint,de,CHF,2026-07-01T15:46:15.443Z
Strixhaven Display & Prerelease,binder,Rapier Wit,SOS,Secrets of Strixhaven,28,normal,common,3,112482,97b50521-5a0f-4dbd-8e15-f0f0d059c258,0.13,false,false,near_mint,de,CHF,2026-07-01T15:46:15.440Z
Strixhaven Display & Prerelease,binder,Grapple with Death,SOS,Secrets of Strixhaven,192,normal,common,3,111657,62842fb4-8bd3-4d80-b4f9-5bc3c5cebd3a,0.17,false,false,near_mint,de,CHF,2026-07-01T15:46:15.439Z
Strixhaven Display & Prerelease,binder,Sundering Archaic,SOS,Secrets of Strixhaven,3,normal,uncommon,1,112389,c35b57e4-2358-46c0-8f09-cd27c10eaf2d,0.07,false,false,near_mint,de,CHF,2026-07-01T15:46:15.438Z
Strixhaven Display & Prerelease,binder,"Sanar, Unfinished Genius // Wild Idea",SOS,Secrets of Strixhaven,223,normal,uncommon,1,111685,173157aa-712d-44f2-89ba-dd2511a07f26,0.23,false,false,near_mint,de,CHF,2026-07-01T15:46:15.437Z
Strixhaven Display & Prerelease,binder,Archmage Emeritus,SPG,Special Guests,150,normal,mythic,1,111789,2ab5ba3a-22a5-4d79-af99-fe1ef6cc8676,2.88,false,false,near_mint,de,CHF,2026-07-01T15:46:15.435Z
Strixhaven Display & Prerelease,binder,Vastlands Scavenger // Bind to Life,SOS,Secrets of Strixhaven,166,normal,rare,1,112607,476b6a4d-cc05-4e98-8a45-a5c6582ec514,0.27,false,false,near_mint,de,CHF,2026-07-01T15:46:15.434Z
Strixhaven Display & Prerelease,binder,Stirring Hopesinger,SOS,Secrets of Strixhaven,35,normal,rare,1,112425,21375667-b318-47f8-a482-9c8c2b5b14c0,0.31,false,false,near_mint,de,CHF,2026-07-01T15:46:15.433Z
Strixhaven Display & Prerelease,binder,Monstrous Rage,SOA,Secrets of Strixhaven Mystical Archive,45,normal,uncommon,2,112439,4b2e000b-a147-443b-9138-9ff2d16c0422,0.18,false,false,near_mint,de,CHF,2026-07-01T15:46:15.432Z
Strixhaven Display & Prerelease,binder,Zealous Lorecaster,SOS,Secrets of Strixhaven,137,normal,common,5,112590,36ab2130-9f21-4d30-873a-aa72d3d15fa8,0.05,false,false,near_mint,de,CHF,2026-07-01T15:46:15.427Z
Strixhaven Display & Prerelease,binder,Forest,M21,Core Set 2021,273,normal,common,1,50932,a4df3e89-610c-4f42-a93a-e694342307cc,0.17,false,false,near_mint,de,CHF,2026-07-01T15:46:15.426Z
Strixhaven Display & Prerelease,binder,Shattered Acolyte,SOS,Secrets of Strixhaven,31,normal,common,5,111659,dc0517ca-b271-49a1-a286-c20f4e5b9309,0.15,false,false,near_mint,de,CHF,2026-07-01T15:46:15.425Z
Strixhaven Display & Prerelease,binder,Tenured Concocter,SOS,Secrets of Strixhaven,163,normal,common,4,112592,376c8b7d-1c90-47e1-bd01-e4c67f3fc4fc,0.06,false,false,near_mint,de,CHF,2026-07-01T15:46:15.424Z
Strixhaven Display & Prerelease,binder,Masterful Flourish,SOS,Secrets of Strixhaven,89,normal,common,4,112643,8d93d14d-7760-4af2-a237-2df326dd28d3,0.12,false,false,near_mint,de,CHF,2026-07-01T15:46:15.423Z
Strixhaven Display & Prerelease,binder,Root Manipulation,SOS,Secrets of Strixhaven,222,normal,uncommon,3,112613,5390a79c-bc4b-4edb-a845-0d3514986401,0.2,false,false,near_mint,de,CHF,2026-07-01T15:46:15.421Z
Strixhaven Display & Prerelease,binder,Encouraging Aviator // Jump,SOS,Secrets of Strixhaven,46,normal,uncommon,2,112361,72654b84-9902-41db-92ab-a3499c31221c,0.18,false,false,near_mint,de,CHF,2026-07-01T15:46:15.420Z
Strixhaven Display & Prerelease,binder,Pigment Wrangler // Striking Palette,SOS,Secrets of Strixhaven,126,normal,uncommon,2,112683,c2faf4cf-c4b6-4721-ac06-0e045dd9704a,0.09,false,false,near_mint,de,CHF,2026-07-01T15:46:15.419Z
Strixhaven Display & Prerelease,binder,Stand Up for Yourself,SOS,Secrets of Strixhaven,34,normal,uncommon,1,112384,b756ca13-b904-4510-9bbb-5bc2864abfbd,0.09,false,false,near_mint,de,CHF,2026-07-01T15:46:15.418Z
Strixhaven Display & Prerelease,binder,Together as One,SOS,Secrets of Strixhaven,4,normal,rare,1,111732,ac2a8a66-e38c-42ab-83e1-d2d99ee48861,0.22,false,false,near_mint,de,CHF,2026-07-01T15:46:15.417Z
Strixhaven Display & Prerelease,binder,Bitter Triumph,SOA,Secrets of Strixhaven Mystical Archive,26,normal,uncommon,1,112527,db465858-0593-4850-8f1d-400fe230a18d,0.31,false,false,near_mint,de,CHF,2026-07-01T15:46:15.416Z
Strixhaven Display & Prerelease,binder,"Tam, Observant Sequencer // Deep Sight",SOS,Secrets of Strixhaven,237,normal,uncommon,3,111713,7120e71b-2976-451b-89a7-a1665dc6fb6b,0.19,false,false,near_mint,de,CHF,2026-07-01T15:46:15.415Z
Strixhaven Display & Prerelease,binder,Forum of Amity,SOS,Secrets of Strixhaven,256,normal,common,6,111863,1de6c6cc-0c55-4997-8623-d7f796bd9ab8,0.1,false,false,near_mint,de,CHF,2026-07-01T15:46:15.414Z
Strixhaven Display & Prerelease,binder,Essence Scatter,SOS,Secrets of Strixhaven,47,normal,common,3,112586,32840097-0531-4c43-b6a8-e76c17420b04,0.16,false,false,near_mint,de,CHF,2026-07-01T15:46:15.412Z
Strixhaven Display & Prerelease,binder,Goblin Glasswright // Craft with Pride,SOS,Secrets of Strixhaven,117,normal,common,3,112687,c85c5f06-dd31-4e2c-97be-2f64d65069ea,0.12,false,false,near_mint,de,CHF,2026-07-01T15:46:15.411Z
Strixhaven Display & Prerelease,binder,Eager Glyphmage,SOS,Secrets of Strixhaven,11,normal,common,4,112507,bf736de9-9bc4-49df-ae60-672ed4f83f32,0.08,false,false,near_mint,de,CHF,2026-07-01T15:46:15.410Z
Strixhaven Display & Prerelease,binder,Glorious Decay,SOS,Secrets of Strixhaven,150,normal,common,4,112657,a335f396-1004-4fee-842a-a35ff6ba17f2,0.12,false,false,near_mint,de,CHF,2026-07-01T15:46:15.409Z
Strixhaven Display & Prerelease,binder,Adventurous Eater // Have a Bite,SOS,Secrets of Strixhaven,72,normal,common,4,112694,d40cc7da-c731-418e-8547-7033d1939450,0.1,false,false,near_mint,de,CHF,2026-07-01T15:46:15.408Z
Strixhaven Display & Prerelease,binder,Imperious Inkmage,SOS,Secrets of Strixhaven,195,normal,common,3,112695,d5df1c3f-2536-4476-b8cd-34b026c38366,0.1,false,false,near_mint,de,CHF,2026-07-01T15:46:15.407Z
Strixhaven Display & Prerelease,binder,Scathing Shadelock // Venomous Words,SOS,Secrets of Strixhaven,98,normal,uncommon,1,112558,03e664cd-c3a6-4263-b2d8-dd99058fb8ec,0.15,false,false,near_mint,de,CHF,2026-07-01T15:46:15.406Z
Strixhaven Display & Prerelease,binder,Paradox Surveyor,SOS,Secrets of Strixhaven,208,normal,uncommon,1,112394,d7cb1af2-0302-46ff-8303-ae9d07541a01,0.06,false,false,near_mint,de,CHF,2026-07-01T15:46:15.405Z
Strixhaven Display & Prerelease,binder,Duel Tactics,SOS,Secrets of Strixhaven,112,normal,uncommon,3,111722,8f3a1675-0cc7-4dfd-a12e-4740a2cf81e8,0.08,false,false,near_mint,de,CHF,2026-07-01T15:46:15.404Z
Strixhaven Display & Prerelease,binder,"Witherbloom, the Balancer",SOS,Secrets of Strixhaven,245,normal,mythic,1,111762,ed7b2361-97c6-49e2-bf0b-4770f4ffe2f0,3.03,false,false,near_mint,de,CHF,2026-07-01T15:46:15.403Z
Strixhaven Display & Prerelease,binder,Mountain,SOS,Secrets of Strixhaven,279,normal,common,1,112096,bce45bc0-accd-4853-a166-9dd5597526d5,0.13,false,false,near_mint,de,CHF,2026-07-01T15:46:15.399Z
Strixhaven Display & Prerelease,binder,Elemental,TSOS,Secrets of Strixhaven Tokens,2,normal,common,4,112617,57b98846-85e3-47c7-a903-29953d0b0e8a,0.18,false,false,near_mint,de,CHF,2026-07-01T15:46:15.398Z
Strixhaven Display & Prerelease,binder,Banishing Betrayal,SOS,Secrets of Strixhaven,38,normal,common,4,111688,1ae9d2f3-7a9f-433a-aa1f-14337ae6f9d4,0.14,false,false,near_mint,de,CHF,2026-07-01T15:46:15.428Z
Strixhaven Display & Prerelease,binder,Send in the Pest,SOS,Secrets of Strixhaven,100,normal,common,2,112576,283b508b-89f0-4c23-9686-b049e402b73c,0.16,false,false,near_mint,de,CHF,2026-07-01T16:15:43.786Z
Strixhaven Display & Prerelease,binder,Interjection,SOS,Secrets of Strixhaven,22,normal,common,2,112560,0534cff6-299c-4155-b318-eb7581989e8a,0.12,false,false,near_mint,de,CHF,2026-07-01T16:15:43.783Z
Strixhaven Display & Prerelease,binder,"Mica, Reader of Ruins",SOS,Secrets of Strixhaven,124,normal,uncommon,1,112369,949ad3ff-9e80-493c-a3ae-146b919bfcd7,0.16,false,false,near_mint,de,CHF,2026-07-01T16:15:43.780Z
Strixhaven Display & Prerelease,binder,Leech Collector // Bloodletting,SOS,Secrets of Strixhaven,88,normal,uncommon,1,112684,c715fe4c-c0e7-4342-811f-b74687851097,0.17,false,false,near_mint,de,CHF,2026-07-01T16:15:43.778Z
Strixhaven Display & Prerelease,binder,Planar Engineering,SOS,Secrets of Strixhaven,158,normal,rare,2,112391,c83b96a3-ddfd-4d11-8a85-5bf62087cbb9,1.65,false,false,near_mint,de,CHF,2026-07-01T16:15:43.777Z
Strixhaven Display & Prerelease,binder,Deduce,SOA,Secrets of Strixhaven Mystical Archive,16,normal,uncommon,1,111808,a6813cd2-7151-459a-a2f1-52808584de53,0.15,false,false,near_mint,de,CHF,2026-07-01T16:15:43.776Z
Strixhaven Display & Prerelease,binder,Textbook Tabulator,SOS,Secrets of Strixhaven,70,normal,common,3,112615,56f54fee-b48d-4582-8982-ca4c7b8ef553,0.14,false,false,near_mint,de,CHF,2026-07-01T16:15:43.773Z
Strixhaven Display & Prerelease,binder,Ancestral Anger,SOS,Secrets of Strixhaven,106,normal,common,4,112627,6c5a93d6-d4ab-4062-bb3c-1b5330bf15ad,0.15,false,false,near_mint,de,CHF,2026-07-01T16:15:43.772Z
Strixhaven Display & Prerelease,binder,Ajani's Response,SOS,Secrets of Strixhaven,6,normal,common,4,112654,9cd1417a-badc-4abd-a8ca-5b31f85c1072,0.1,false,false,near_mint,de,CHF,2026-07-01T16:15:43.771Z
Strixhaven Display & Prerelease,binder,Studious First-Year // Rampant Growth,SOS,Secrets of Strixhaven,162,normal,common,3,111693,24f888dd-785c-4089-a89c-03f9080130ed,0.22,false,false,near_mint,de,CHF,2026-07-01T16:15:43.770Z
Strixhaven Display & Prerelease,binder,Wilt in the Heat,SOS,Secrets of Strixhaven,243,normal,common,3,112715,f63f7209-fc0f-400c-8076-125f3131cb32,0.1,false,false,near_mint,de,CHF,2026-07-01T16:15:43.769Z
Strixhaven Display & Prerelease,binder,"Kirol, History Buff // Pack a Punch",SOS,Secrets of Strixhaven,198,normal,uncommon,1,111709,676ba521-66e4-42cf-a315-70d03cb7334e,0.09,false,false,near_mint,de,CHF,2026-07-01T16:15:43.766Z
Strixhaven Display & Prerelease,binder,Dissection Practice,SOS,Secrets of Strixhaven,79,normal,uncommon,1,112700,ddbf1242-6832-475e-9a77-65dd9b4bb32a,0.19,false,false,near_mint,de,CHF,2026-07-01T16:15:43.765Z
Strixhaven Display & Prerelease,binder,Sundown Pass,SOS,Secrets of Strixhaven,264,normal,rare,1,111735,b34000e9-ff20-4fb4-9d0b-03a172a92457,1.71,false,false,near_mint,de,CHF,2026-07-01T16:15:43.763Z
Strixhaven Display & Prerelease,binder,Giant Growth,SOA,Secrets of Strixhaven Mystical Archive,52,normal,uncommon,1,111801,62652aa9-57e7-42a7-8f2f-62e9a6aefb16,0.19,false,false,near_mint,de,CHF,2026-07-01T16:15:43.762Z
Strixhaven Display & Prerelease,binder,Stirring Honormancer,SOS,Secrets of Strixhaven,234,normal,uncommon,2,112709,ee84b04d-78fc-416f-9166-72e5417c3e17,0.08,false,false,near_mint,de,CHF,2026-07-01T16:15:43.761Z
Strixhaven Display & Prerelease,binder,Island,SOS,Secrets of Strixhaven,268,normal,common,2,111726,937250fe-bcad-4ff8-9406-286a69db7e0a,0.6,false,false,near_mint,de,CHF,2026-07-01T16:15:43.760Z
Strixhaven Display & Prerelease,binder,Fractal,TSOS,Secrets of Strixhaven Tokens,5,normal,common,5,112640,8b5f1fdb-04df-4224-acb4-7819c37565f5,0.13,false,false,near_mint,de,CHF,2026-07-01T16:15:43.759Z
Strixhaven Display & Prerelease,binder,Biblioplex Tomekeeper,SOS,Secrets of Strixhaven,247,normal,common,3,111740,bf2efdd9-d2b4-4bea-a5b9-dbb2eee4dfba,0.06,false,false,near_mint,de,CHF,2026-07-01T16:15:43.767Z
Strixhaven Display & Prerelease,binder,Procrastinate,SOS,Secrets of Strixhaven,64,normal,common,3,111692,1edb449d-620f-4e21-9d76-2c840635eb9d,0.16,false,false,near_mint,de,CHF,2026-07-01T21:35:05.523Z
Strixhaven Display & Prerelease,binder,Stone Docent,SOS,Secrets of Strixhaven,36,normal,common,3,112682,c2abfffb-bf36-44af-9a27-6e109e4d77dd,0.06,false,false,near_mint,de,CHF,2026-07-01T21:35:05.521Z
Strixhaven Display & Prerelease,binder,Melancholic Poet,SOS,Secrets of Strixhaven,90,normal,common,2,112696,d8309815-7035-47a5-acf2-2b2ac1e65037,0.11,false,false,near_mint,de,CHF,2026-07-01T21:35:05.519Z
Strixhaven Display & Prerelease,binder,Stadium Tidalmage,SOS,Secrets of Strixhaven,232,normal,common,2,112658,a689289e-7141-4950-8a87-82e9bd6846fe,0.06,false,false,near_mint,de,CHF,2026-07-01T21:35:05.518Z
Strixhaven Display & Prerelease,binder,Pterafractyl,SOS,Secrets of Strixhaven,215,normal,common,2,112402,ecd33152-e290-4505-addd-a8d08cefdddd,0.12,false,false,near_mint,de,CHF,2026-07-01T21:35:05.517Z
Strixhaven Display & Prerelease,binder,Summoned Dromedary,SOS,Secrets of Strixhaven,37,normal,uncommon,2,112340,44d0277c-ca82-4334-a15a-cd67a9db0d02,0.13,false,false,near_mint,de,CHF,2026-07-01T21:35:05.514Z
Strixhaven Display & Prerelease,binder,"Nita, Forum Conciliator",SOS,Secrets of Strixhaven,206,normal,rare,1,112540,fd80a87d-35d3-4ad1-8172-c85e93032d1d,0.14,false,false,near_mint,de,CHF,2026-07-01T21:35:05.513Z
Strixhaven Display & Prerelease,binder,Disdainful Stroke,SOA,Secrets of Strixhaven Mystical Archive,17,normal,uncommon,2,111792,3a057032-6ece-4aa7-8e99-df2a07359b2b,0.19,false,false,near_mint,de,CHF,2026-07-01T21:35:05.512Z
Strixhaven Display & Prerelease,binder,Mountain,SOS,Secrets of Strixhaven,270,normal,common,2,111710,6af1f1db-eb91-4297-83f6-9318b87fd220,0.45,false,false,near_mint,de,CHF,2026-07-01T21:35:05.510Z
Strixhaven Display & Prerelease,binder,Resonating Lute,SOS,Secrets of Strixhaven,221,normal,rare,1,112241,6ef168d6-28f2-4c24-9bfa-82c35663b729,1.21,false,false,near_mint,de,CHF,2026-07-01T21:35:05.498Z
Strixhaven Display & Prerelease,binder,Shared Roots,SOA,Secrets of Strixhaven Mystical Archive,58,normal,uncommon,2,112432,3aeb1fe1-3ff3-466c-9eda-b8747702734c,0.29,false,false,near_mint,de,CHF,2026-07-01T21:35:05.497Z
Strixhaven Display & Prerelease,binder,Swamp,SOS,Secrets of Strixhaven,269,normal,common,1,111786,1797d5c7-d3fa-4184-85ae-46db14ddf523,0.51,false,false,near_mint,de,CHF,2026-07-01T21:35:05.495Z
Strixhaven Display & Prerelease,binder,Zimone's Experiment,SOS,Secrets of Strixhaven,169,normal,uncommon,1,112376,a6597852-4267-4ea6-a391-f927e4833be2,0.18,false,false,near_mint,de,CHF,2026-07-01T21:35:05.486Z
Strixhaven Display & Prerelease,binder,Snooping Page,SOS,Secrets of Strixhaven,227,normal,uncommon,1,112459,73d06987-8686-461b-b260-9a4fee6a3b32,0.14,false,false,near_mint,de,CHF,2026-07-01T21:35:05.485Z
Strixhaven Display & Prerelease,binder,Dina's Guidance,SOS,Secrets of Strixhaven,184,normal,rare,1,112631,775c1e50-08a4-413f-ab0f-f1c2a79cfe94,0.73,false,false,near_mint,de,CHF,2026-07-01T21:35:05.483Z
Strixhaven Display & Prerelease,binder,Spell Pierce,SOA,Secrets of Strixhaven Mystical Archive,23,normal,uncommon,1,112504,bc8f80e2-dd9d-4abc-b44c-fbef4d403e6f,0.26,false,false,near_mint,de,CHF,2026-07-01T21:35:05.482Z
Strixhaven Display & Prerelease,binder,Island,SOS,Secrets of Strixhaven,275,normal,common,1,112205,fd1b9e7c-09d0-4907-9f48-34289f3cd2cc,0.18,false,false,near_mint,de,CHF,2026-07-01T21:35:05.480Z
Strixhaven Display & Prerelease,binder,Run Behind,SOS,Secrets of Strixhaven,66,normal,common,4,112601,40ecc34b-4cd0-4998-bbf4-7faa6fd3d7e0,0.09,false,false,near_mint,de,CHF,2026-07-01T21:35:05.478Z
Strixhaven Display & Prerelease,binder,Tackle Artist,SOS,Secrets of Strixhaven,133,normal,common,3,112672,b87e2474-98c1-4c1a-91ed-340b72d31653,0.11,false,false,near_mint,de,CHF,2026-07-01T21:35:05.477Z
Strixhaven Display & Prerelease,binder,Dig Site Inventory,SOS,Secrets of Strixhaven,10,normal,common,3,112707,e52464ee-df8b-41ec-af93-4b0eb004383e,0.15,false,false,near_mint,de,CHF,2026-07-01T21:35:05.476Z
Strixhaven Display & Prerelease,binder,Noxious Newt,SOS,Secrets of Strixhaven,155,normal,common,4,112593,3a028306-c5d7-4f8f-b6f4-0d103fd47000,0.21,false,false,near_mint,de,CHF,2026-07-01T21:35:05.475Z
Strixhaven Display & Prerelease,binder,Ulna Alley Shopkeep,SOS,Secrets of Strixhaven,103,normal,common,4,112681,c25e1ae5-f17c-4eee-98f1-5681981af31c,0.03,false,false,near_mint,de,CHF,2026-07-01T21:35:05.474Z
Strixhaven Display & Prerelease,binder,Bogwater Lumaret,SOS,Secrets of Strixhaven,177,normal,common,2,111650,7a42f51a-3377-47bb-b6fb-c0515bf1dcfb,0.21,false,false,near_mint,de,CHF,2026-07-01T21:35:05.473Z
Strixhaven Display & Prerelease,binder,Forum Necroscribe,SOS,Secrets of Strixhaven,84,normal,uncommon,1,112624,67504a12-7414-4209-bf1c-624b4db19d52,0.19,false,false,near_mint,de,CHF,2026-07-01T21:35:05.472Z
Strixhaven Display & Prerelease,binder,Thornfist Striker,SOS,Secrets of Strixhaven,164,normal,uncommon,2,112717,f6cb838e-a06a-46ae-a30f-e5192178c1cc,0.11,false,false,near_mint,de,CHF,2026-07-01T21:35:05.471Z
Strixhaven Display & Prerelease,binder,Prismari Charm,SOS,Secrets of Strixhaven,211,normal,uncommon,1,111723,8f6c2a5e-fe13-407c-aadd-c9caf2884ff1,0.24,false,false,near_mint,de,CHF,2026-07-01T21:35:05.470Z
Strixhaven Display & Prerelease,binder,Scolding Administrator,SOS,Secrets of Strixhaven,224,normal,uncommon,2,112626,69757177-aefa-44a6-81db-5ae9b5d2f117,0.15,false,false,near_mint,de,CHF,2026-07-01T21:35:05.469Z
Strixhaven Display & Prerelease,binder,Steal the Show,SOS,Secrets of Strixhaven,130,normal,rare,1,112246,7ac6649f-980e-4404-9c05-458c30578ecc,0.26,false,false,near_mint,de,CHF,2026-07-01T21:35:05.468Z
Strixhaven Display & Prerelease,binder,Burst Lightning,SOA,Secrets of Strixhaven Mystical Archive,41,normal,uncommon,1,112539,f98b402a-ecdb-432f-a050-65945c8c415d,0.18,false,false,near_mint,de,CHF,2026-07-01T21:35:05.467Z
Strixhaven Display & Prerelease,binder,Charging Strifeknight,SOS,Secrets of Strixhaven,110,normal,uncommon,2,112652,9940d992-1ba1-40ec-9b93-17d773452c4b,0.15,false,false,near_mint,de,CHF,2026-07-01T21:35:05.466Z
Strixhaven Display & Prerelease,binder,Paradox Gardens,SOS,Secrets of Strixhaven,258,normal,common,5,112152,dbc3447e-1329-4ea1-b4ca-b321b0ffec8f,0.11,false,false,near_mint,de,CHF,2026-07-01T21:35:05.465Z
Strixhaven Display & Prerelease,binder,Burrog Barrage,SOS,Secrets of Strixhaven,141,normal,common,2,112647,95d5b0a8-2b66-418e-9e5e-ecf7b304c31e,0.12,false,false,near_mint,de,CHF,2026-07-01T21:35:05.463Z
Strixhaven Display & Prerelease,binder,Muse's Encouragement,SOS,Secrets of Strixhaven,61,normal,common,3,112301,c59e0004-1d6a-42a1-8ce4-31da2af2e1bf,0.06,false,false,near_mint,de,CHF,2026-07-01T21:35:05.461Z
Strixhaven Display & Prerelease,binder,Mage Tower Referee,SOS,Secrets of Strixhaven,249,normal,common,2,112568,1ceb704a-97a8-49f9-b799-30f001404144,0.1,false,false,near_mint,de,CHF,2026-07-01T21:35:05.459Z
Strixhaven Display & Prerelease,binder,Render Speechless,SOS,Secrets of Strixhaven,220,normal,common,2,112573,25bbb1c7-14e8-444f-ab98-e95f50927460,0.07,false,false,near_mint,de,CHF,2026-07-01T21:35:05.458Z
Strixhaven Display & Prerelease,binder,Rabid Attack,SOS,Secrets of Strixhaven,96,normal,uncommon,1,112714,f5e67560-3135-4b27-a344-5859edf8bcd9,0.21,false,false,near_mint,de,CHF,2026-07-01T21:35:05.457Z
Strixhaven Display & Prerelease,binder,Pestbrood Sloth,SOS,Secrets of Strixhaven,157,normal,uncommon,1,112680,c1251ae6-2f19-4f84-ab02-6a6cc7ce6056,0.13,false,false,near_mint,de,CHF,2026-07-01T21:35:05.456Z
Strixhaven Display & Prerelease,binder,Fractalize,SOS,Secrets of Strixhaven,51,normal,uncommon,2,112399,e3c3b19b-01b6-4f5a-b428-513b778c5d89,0.12,false,false,near_mint,de,CHF,2026-07-01T21:35:05.455Z
Strixhaven Display & Prerelease,binder,Tragedy Feaster,SOS,Secrets of Strixhaven,102,normal,rare,1,112502,b93cbaad-8ed8-4a1d-b95a-20a616dfedc9,0.29,false,false,near_mint,de,CHF,2026-07-01T21:35:05.453Z
Strixhaven Display & Prerelease,binder,Locust Spray,SOA,Secrets of Strixhaven Mystical Archive,31,normal,uncommon,2,112497,b221e1e9-7b14-4444-ac1c-3d5174c711e9,0.12,false,false,near_mint,de,CHF,2026-07-01T21:35:05.452Z
Strixhaven Display & Prerelease,binder,Snarl Song,SOS,Secrets of Strixhaven,161,normal,uncommon,1,112723,fc4c7fa2-aebb-4636-9afd-f1010c923316,0.09,false,false,near_mint,de,CHF,2026-07-01T21:35:05.451Z
Strixhaven Display & Prerelease,binder,Quick Study,SOS,Secrets of Strixhaven,65,normal,common,3,112583,2d4f0bc7-da7c-4749-a24c-b01f3eb5860c,0.14,false,false,near_mint,de,CHF,2026-07-01T21:35:05.448Z
Strixhaven Display & Prerelease,binder,Heated Argument,SOS,Secrets of Strixhaven,118,normal,common,4,111679,0038d212-3d95-4f98-8c2e-7b2404d0ced7,0.09,false,false,near_mint,de,CHF,2026-07-01T21:35:05.447Z
Strixhaven Display & Prerelease,binder,Burrog Banemaker,SOS,Secrets of Strixhaven,75,normal,common,3,112599,3e4f9d23-1a17-4188-ac91-f8ddea46a1c4,0.16,false,false,near_mint,de,CHF,2026-07-01T21:35:05.444Z
Strixhaven Display & Prerelease,binder,Embrace the Paradox,SOS,Secrets of Strixhaven,186,normal,common,3,112679,c0cf5e0f-3668-46f2-850d-d91a538e8ead,0.17,false,false,near_mint,de,CHF,2026-07-01T21:35:05.443Z
Strixhaven Display & Prerelease,binder,Aberrant Manawurm,SOS,Secrets of Strixhaven,138,normal,uncommon,2,112632,797131cf-d80d-4050-bebd-2ce1d7fae5d0,0.08,false,false,near_mint,de,CHF,2026-07-01T21:35:05.442Z
Strixhaven Display & Prerelease,binder,Archaic's Agony,SOS,Secrets of Strixhaven,107,normal,uncommon,1,111653,8d99f8b2-5c1c-4059-bf68-c6b2e9e5b275,0.1,false,false,near_mint,de,CHF,2026-07-01T21:35:05.440Z
Strixhaven Display & Prerelease,binder,Spiritcall Enthusiast // Scrollboost,SOS,Secrets of Strixhaven,33,normal,uncommon,2,112300,c0b85569-2cb3-4b64-b0fe-418195c4dab0,0.13,false,false,near_mint,de,CHF,2026-07-01T21:35:05.439Z
Strixhaven Display & Prerelease,binder,Flashback,SOS,Secrets of Strixhaven,115,normal,rare,1,112283,1b832fda-d7c4-4566-884c-2a8b6da15488,3.34,false,false,near_mint,de,CHF,2026-07-01T21:35:05.438Z
Strixhaven Display & Prerelease,binder,Feed the Swarm,SOA,Secrets of Strixhaven Mystical Archive,29,normal,uncommon,1,112488,a041cfe3-a02d-41e2-aea3-76bc2bacc10e,0.3,false,false,near_mint,de,CHF,2026-07-01T21:35:05.437Z
Strixhaven Display & Prerelease,binder,Inkling,TSOS,Secrets of Strixhaven Tokens,6,normal,common,3,112675,bab52920-9d67-4cd4-9015-6e645ff9764f,0.14,false,false,near_mint,de,CHF,2026-07-01T21:35:05.434Z
Strixhaven Display & Prerelease,binder,Seize the Spoils,SOS,Secrets of Strixhaven,129,normal,common,3,111928,4ddf4e34-a1f9-4636-942d-0a08e9f94320,0.2,false,false,near_mint,de,CHF,2026-07-01T21:35:05.460Z
Strixhaven Display & Prerelease,binder,Garrison Excavator,SOS,Secrets of Strixhaven,116,normal,uncommon,2,112308,f11d2846-f181-4751-82ac-1e1ced6f46c7,0.22,false,false,near_mint,de,CHF,2026-07-01T21:35:05.487Z
Strixhaven Display & Prerelease,binder,Cheerful Osteomancer // Raise Dead,SOS,Secrets of Strixhaven,76,normal,common,3,112596,3c34660c-25e3-4ff5-9b2b-5554ded2bcc3,0.09,false,false,near_mint,de,CHF,2026-07-01T21:35:05.489Z
Strixhaven Display & Prerelease,binder,Landscape Painter // Vibrant Idea,SOS,Secrets of Strixhaven,56,normal,common,3,112264,c0bd30c4-3cdf-4eda-8be5-0fb5e5ddddbf,0.09,false,false,near_mint,de,CHF,2026-07-01T21:35:05.493Z
Strixhaven Display & Prerelease,binder,Chelonian Tackle,SOS,Secrets of Strixhaven,142,normal,uncommon,2,112659,a82a4d8c-4105-4923-85a2-ef58241f725c,0.18,false,false,near_mint,de,CHF,2026-07-01T21:35:05.499Z
Strixhaven Display & Prerelease,binder,"Abigale, Poet Laureate // Heroic Stanza",SOS,Secrets of Strixhaven,170,normal,uncommon,2,111717,77285d12-e658-4eb3-ba13-ff202afab9c8,0.18,false,false,near_mint,de,CHF,2026-07-01T21:35:05.500Z
Strixhaven Display & Prerelease,binder,Rubble Rouser,SOS,Secrets of Strixhaven,128,normal,common,3,112664,afe61957-a9bb-42b0-98e8-b5fa418cbaff,0.14,false,false,near_mint,de,CHF,2026-07-01T21:35:05.504Z
Strixhaven Display & Prerelease,binder,Shopkeeper's Bane,SOS,Secrets of Strixhaven,159,normal,common,2,112651,97f7fbb9-228c-4a74-975b-38d3b6cecb32,0.17,false,false,near_mint,de,CHF,2026-07-01T21:35:05.507Z
Strixhaven Display & Prerelease,binder,End of the Hunt,SOS,Secrets of Strixhaven,81,normal,uncommon,1,112320,0809b51a-6a05-4f18-9bf4-1b8382da648f,0.15,false,false,near_mint,de,CHF,2026-07-01T21:42:34.928Z
Strixhaven Display & Prerelease,binder,Quandrix Charm,SOS,Secrets of Strixhaven,217,normal,uncommon,2,111696,318486e0-f255-40f5-8150-dc272eec9d7d,0.19,false,false,near_mint,de,CHF,2026-07-01T21:42:34.927Z
Strixhaven Display & Prerelease,binder,Skycoach Waypoint,SOS,Secrets of Strixhaven,261,normal,uncommon,2,111708,6747657b-5ce4-4dbd-b924-ca1f7119faf7,0.21,false,false,near_mint,de,CHF,2026-07-01T21:42:34.926Z
Strixhaven Display & Prerelease,binder,Harmonized Trio // Brainstorm,SOS,Secrets of Strixhaven,52,normal,rare,1,112353,617208ff-dd9b-44fd-a740-d3188081e5cc,0.6,false,false,near_mint,de,CHF,2026-07-01T21:42:34.925Z
Strixhaven Display & Prerelease,binder,Pull from the Grave,SOS,Secrets of Strixhaven,95,normal,common,2,111658,d73612fe-8992-4650-a7e3-c7b662da6a03,0.16,false,false,near_mint,de,CHF,2026-07-01T21:42:34.919Z
Strixhaven Display & Prerelease,binder,Tome Blast,SOS,Secrets of Strixhaven,135,normal,common,2,112630,72a3b17d-1e00-48e9-8402-c81bacd595a7,0.09,false,false,near_mint,de,CHF,2026-07-01T21:42:34.917Z
Strixhaven Display & Prerelease,binder,Visionary's Dance,SOS,Secrets of Strixhaven,242,normal,common,3,112638,846a0e79-a530-429e-8f7f-4b87f1b0156e,0.1,false,false,near_mint,de,CHF,2026-07-01T21:42:34.916Z
Strixhaven Display & Prerelease,binder,Cuboid Colony,SOS,Secrets of Strixhaven,183,normal,uncommon,1,111705,6384d135-7780-4d75-9e95-71bce506948e,0.18,false,false,near_mint,de,CHF,2026-07-01T21:42:34.913Z
Strixhaven Display & Prerelease,binder,"Jadzi, Steward of Fate // Oracle's Gift",SOS,Secrets of Strixhaven,55,normal,rare,1,112377,a95b6baf-01e6-49c3-9a26-394b127d53c3,0.19,false,false,near_mint,de,CHF,2026-07-01T21:42:34.911Z
Strixhaven Display & Prerelease,binder,Stock Up,SOA,Secrets of Strixhaven Mystical Archive,24,normal,uncommon,2,110977,ad048b7c-588f-4c34-906f-4224f1aaaeb6,0.87,false,false,near_mint,de,CHF,2026-07-01T21:42:34.910Z
Strixhaven Display & Prerelease,binder,Deluge Virtuoso,SOS,Secrets of Strixhaven,42,normal,common,2,112222,2e3b16ed-8727-48fd-8b1f-c0cbd329385e,0.1,false,false,near_mint,de,CHF,2026-07-02T05:22:55.560Z
Strixhaven Display & Prerelease,binder,Pursue the Past,SOS,Secrets of Strixhaven,216,normal,common,3,112605,4584d5f7-b1f1-4c8e-80c5-ad35e44a968e,0.22,false,false,near_mint,de,CHF,2026-07-02T05:22:55.555Z
Strixhaven Display & Prerelease,binder,Rancorous Archaic,SOS,Secrets of Strixhaven,2,normal,common,3,111695,2565e16a-ed31-4867-adb8-f1633d580397,0.05,false,false,near_mint,de,CHF,2026-07-02T05:22:55.554Z
Strixhaven Display & Prerelease,binder,Lumaret's Favor,SOS,Secrets of Strixhaven,153,normal,uncommon,1,111742,c5e7c856-8b71-44e6-8998-0b0b3ff0ef99,0.06,false,false,near_mint,de,CHF,2026-07-02T05:22:55.553Z
Strixhaven Display & Prerelease,binder,Tablet of Discovery,SOS,Secrets of Strixhaven,132,normal,uncommon,3,112565,13059664-a940-4a66-8100-0c90b884bab4,1.62,false,false,near_mint,de,CHF,2026-07-02T05:22:55.551Z
Strixhaven Display & Prerelease,binder,Pensive Professor,SOS,Secrets of Strixhaven,63,normal,rare,1,111707,66d47940-84f9-4479-8562-45e5148435d4,0.46,false,false,near_mint,de,CHF,2026-07-02T05:22:55.550Z
Strixhaven Display & Prerelease,binder,Abrade,SOA,Secrets of Strixhaven Mystical Archive,37,normal,uncommon,1,112513,c5bb5307-e874-42c4-b85d-06b9f6c474c8,0.19,false,false,near_mint,de,CHF,2026-07-02T05:22:55.549Z
Strixhaven Display & Prerelease,binder,Graduation Day,SOS,Secrets of Strixhaven,16,normal,uncommon,2,111755,db1cea01-123e-4b23-8b98-f94cabce3912,0.19,false,false,near_mint,de,CHF,2026-07-02T05:22:55.548Z
Strixhaven Display & Prerelease,binder,Terramorphic Expanse,SOS,Secrets of Strixhaven,265,normal,common,1,112047,9a4c5629-fadd-42b9-850f-9f8586a2ca50,0.2,false,false,near_mint,de,CHF,2026-07-02T16:23:39.686Z
Strixhaven Display & Prerelease,binder,Cursed Flesh,EXO,Exodus,56,normal,common,1,36280,7433b9bf-ee6e-41fe-b826-0d20584198b1,0.1,false,false,near_mint,de,CHF,2026-07-02T16:23:39.681Z
Strixhaven Display & Prerelease,binder,Mind Roots,SOS,Secrets of Strixhaven,203,normal,uncommon,1,112655,9d5fdbda-ebbe-45d6-a668-5ddee057a063,0.18,false,false,near_mint,de,CHF,2026-07-02T16:23:39.680Z
Strixhaven Display & Prerelease,binder,Fractal Tender,SOS,Secrets of Strixhaven,190,normal,uncommon,1,112314,ea7f5262-4ddb-410a-be72-4bac6af9b4ec,0.14,false,false,near_mint,de,CHF,2026-07-02T16:23:39.679Z
Strixhaven Display & Prerelease,binder,Strixhaven Skycoach,SOS,Secrets of Strixhaven,252,normal,uncommon,1,112469,87741fbb-b426-4f83-a358-587b0907f081,0.15,false,false,near_mint,de,CHF,2026-07-02T16:23:39.678Z
Strixhaven Display & Prerelease,binder,Ark of Hunger,SOS,Secrets of Strixhaven,173,normal,rare,2,112311,79d01c19-162b-4a12-9e27-18366d95eaa0,0.34,false,false,near_mint,de,CHF,2026-07-02T16:23:39.677Z
Strixhaven Display & Prerelease,binder,Force of Will,SOA,Secrets of Strixhaven Mystical Archive,19,normal,mythic,1,111805,7a87f8bc-1b3e-4cb2-9343-5f008e942411,51.27,false,false,near_mint,de,CHF,2026-07-02T16:23:39.676Z
Strixhaven Display & Prerelease,binder,Swamp,SOS,Secrets of Strixhaven,277,normal,common,1,111898,36af939c-11d9-43a5-bd69-c915a62e972b,0.12,false,false,near_mint,de,CHF,2026-07-02T16:23:39.674Z
Strixhaven Display & Prerelease,binder,Colossus of the Blood Age,SOS,Secrets of Strixhaven,181,normal,uncommon,1,112387,bfa7f0a4-6b65-4e53-ba00-848df260d8e3,0.19,false,false,near_mint,de,CHF,2026-07-02T16:23:39.667Z
Strixhaven Display & Prerelease,binder,Lecturing Scornmage,SOS,Secrets of Strixhaven,87,normal,uncommon,2,112663,ad07091e-8c24-43af-8ce8-031847bcaf30,0.14,false,false,near_mint,de,CHF,2026-07-02T16:23:39.665Z
Strixhaven Display & Prerelease,binder,Moment of Reckoning,SOS,Secrets of Strixhaven,205,normal,rare,1,112345,577d9dc8-7720-4dc9-b650-64b4729b309b,0.21,false,false,near_mint,de,CHF,2026-07-02T16:23:39.663Z
Strixhaven Display & Prerelease,binder,Duty Beyond Death,SOA,Secrets of Strixhaven Mystical Archive,4,normal,uncommon,1,111803,6f8f8183-d17a-41b8-b3b5-914f193fd964,0.2,false,false,near_mint,de,CHF,2026-07-02T16:23:39.662Z
Strixhaven Display & Prerelease,binder,Owlin Historian,SOS,Secrets of Strixhaven,24,normal,common,3,112620,5fe99be0-e1ec-485e-82f8-02eba7b82441,0.08,false,false,near_mint,de,CHF,2026-07-02T16:23:39.658Z
Strixhaven Display & Prerelease,binder,"Ennis, Debate Moderator",SOS,Secrets of Strixhaven,14,normal,uncommon,1,112521,d2ef31b4-24fa-4443-9f05-c8e99c3522e5,0.19,false,false,near_mint,de,CHF,2026-07-02T16:23:39.652Z
Strixhaven Display & Prerelease,binder,Arcane Omens,SOS,Secrets of Strixhaven,73,normal,uncommon,1,111654,d357d997-9d4e-4ade-81f2-37629853f13a,0.1,false,false,near_mint,de,CHF,2026-07-02T16:23:39.651Z
Strixhaven Display & Prerelease,binder,Topiary Lecturer,SOS,Secrets of Strixhaven,165,normal,uncommon,1,112611,4f16a1c2-0a80-45e4-b025-3aa0c0b03812,0.27,false,false,near_mint,de,CHF,2026-07-02T16:23:39.650Z
Strixhaven Display & Prerelease,binder,"Orysa, Tide Choreographer",SOS,Secrets of Strixhaven,62,normal,uncommon,1,112212,010ed379-63f5-452c-9cd4-00d51647c0e3,0.12,false,false,near_mint,de,CHF,2026-07-02T16:23:39.649Z
Strixhaven Display & Prerelease,binder,Decorum Dissertation,SOS,Secrets of Strixhaven,78,normal,mythic,1,112404,f4ab2d9b-c73d-478d-aac7-4d3bb24296d2,5.19,false,false,near_mint,de,CHF,2026-07-02T16:23:39.648Z
Strixhaven Display & Prerelease,binder,Helping Hand,SOA,Secrets of Strixhaven Mystical Archive,5,normal,uncommon,2,112526,da5e29a8-a8fb-452b-9973-61ad613f9907,0.23,false,false,near_mint,de,CHF,2026-07-02T16:23:39.647Z
Strixhaven Display & Prerelease,binder,Fractal Mascot,SOS,Secrets of Strixhaven,189,normal,common,4,111745,cf5b19e3-eed1-4b36-9756-660ffb3baa08,0.11,false,false,near_mint,de,CHF,2026-07-02T16:23:39.661Z
Strixhaven Display & Prerelease,binder,"Emil, Vastlands Roamer",SOS,Secrets of Strixhaven,146,normal,uncommon,2,112589,3654416d-8558-4af2-9e10-18dbc8f2b376,0.25,false,false,near_mint,de,CHF,2026-07-02T16:34:42.824Z
Strixhaven Display & Prerelease,binder,Vibrant Outburst,SOS,Secrets of Strixhaven,240,normal,uncommon,1,112721,f9ba68ef-6efc-4249-8b74-e33f47173902,0.2,false,false,near_mint,de,CHF,2026-07-02T16:34:42.823Z
Strixhaven Display & Prerelease,binder,Soaring Stoneglider,SOS,Secrets of Strixhaven,32,normal,uncommon,1,112584,2fbe446b-60fd-43da-8358-985392293af8,0.09,false,false,near_mint,de,CHF,2026-07-02T16:34:42.822Z
Strixhaven Display & Prerelease,binder,"Lluwen, Exchange Student // Pest Friend",SOS,Secrets of Strixhaven,199,normal,uncommon,1,111729,a0bcb638-c3c8-4973-9537-5c471f43f34f,0.19,false,false,near_mint,de,CHF,2026-07-02T16:34:42.821Z
Strixhaven Display & Prerelease,binder,Mana Sculpt,SOS,Secrets of Strixhaven,57,normal,rare,1,112284,200c8e3d-c53b-40c7-a29a-fccc1281bfc6,0.55,false,false,near_mint,de,CHF,2026-07-02T16:34:42.820Z
Strixhaven Display & Prerelease,binder,Zombify,SOA,Secrets of Strixhaven Mystical Archive,36,normal,uncommon,1,112530,dfec5854-70c7-4e4b-9979-58775dd7a181,0.17,false,false,near_mint,de,CHF,2026-07-02T16:34:42.819Z
Strixhaven Display & Prerelease,binder,Efflorescence,SOS,Secrets of Strixhaven,144,normal,common,2,112634,79b9ace7-eceb-4f97-9ee7-d5ee3e0b3515,0.1,false,false,near_mint,de,CHF,2026-07-02T16:34:42.814Z
Strixhaven Display & Prerelease,binder,Divergent Equation,SOS,Secrets of Strixhaven,43,normal,uncommon,1,112327,26295e25-f1bf-4665-ba00-dad35c49bbc2,0.22,false,false,near_mint,de,CHF,2026-07-02T16:34:42.807Z
Strixhaven Display & Prerelease,binder,Splatter Technique,SOS,Secrets of Strixhaven,231,normal,rare,1,112253,969b6657-c3b9-47e1-a42e-95bbcccf452d,0.24,false,false,near_mint,de,CHF,2026-07-02T16:34:42.806Z
Strixhaven Display & Prerelease,binder,Petrified Hamlet,SOS,Secrets of Strixhaven,259,normal,rare,1,112430,355dd460-b0e9-41f2-a058-b7f7e39ac387,0.42,false,false,near_mint,de,CHF,2026-07-02T16:34:42.805Z
Strixhaven Display & Prerelease,binder,Sleight of Hand,SOA,Secrets of Strixhaven Mystical Archive,22,normal,uncommon,1,112686,c837c418-2fe9-4ce8-b76d-c37241579a93,0.24,false,false,near_mint,de,CHF,2026-07-02T16:34:42.804Z
Strixhaven Display & Prerelease,binder,Mountain,SOS,Secrets of Strixhaven,278,normal,common,1,112062,a642c7b1-d4d1-4125-a66d-560438e5ee51,0.13,false,false,near_mint,de,CHF,2026-07-02T16:34:42.802Z
Strixhaven Display & Prerelease,binder,Infirmary Healer // Stream of Life,SOS,Secrets of Strixhaven,152,normal,uncommon,1,112645,911442e3-3003-4683-a766-e791e9553667,0.15,false,false,near_mint,de,CHF,2026-07-02T16:34:42.793Z
Strixhaven Display & Prerelease,binder,Mathemagics,SOS,Secrets of Strixhaven,58,normal,mythic,1,110979,cd3cc172-5609-4bc8-9d84-50680fed6df9,2.32,false,false,near_mint,de,CHF,2026-07-02T16:34:42.791Z
Strixhaven Display & Prerelease,binder,Pox Plague,SOS,Secrets of Strixhaven,94,normal,rare,1,112653,9c99c17b-ad3a-4859-97e8-469718b81cd9,0.27,false,false,near_mint,de,CHF,2026-07-02T16:34:42.790Z
Strixhaven Display & Prerelease,binder,Glimpse of Nature,SOA,Secrets of Strixhaven Mystical Archive,53,normal,rare,1,112466,7cb6fd05-0bd9-4f2f-b159-280aba98d3a5,0.76,false,false,near_mint,de,CHF,2026-07-02T16:34:42.789Z
Strixhaven Display & Prerelease,binder,Stress Dream,SOS,Secrets of Strixhaven,235,normal,uncommon,2,111691,1ec40a1b-51e7-4a35-966c-ab2a10f21a80,0.09,false,false,near_mint,de,CHF,2026-07-02T16:34:42.794Z
Strixhaven Display & Prerelease,binder,Brush Off,SOS,Secrets of Strixhaven,39,normal,uncommon,2,112323,151eab82-d20f-433b-b3bb-1d44e2871d5c,0.17,false,false,near_mint,de,CHF,2026-07-02T16:38:35.494Z
Strixhaven Display & Prerelease,binder,Eternal Student,SOS,Secrets of Strixhaven,82,normal,uncommon,2,112720,f97fac69-3e77-4150-9702-cc726daa6d21,0.12,false,false,near_mint,de,CHF,2026-07-02T16:38:35.493Z
Strixhaven Display & Prerelease,binder,Lorehold Charm,SOS,Secrets of Strixhaven,200,normal,uncommon,3,111656,5fe70295-e550-4577-a341-dab6c25aabfd,0.23,false,false,near_mint,de,CHF,2026-07-02T16:38:35.492Z
Strixhaven Display & Prerelease,binder,Tester of the Tangential,SOS,Secrets of Strixhaven,69,normal,uncommon,2,112386,bbd708ec-eef4-4f45-99dd-60e1cec4b991,0.11,false,false,near_mint,de,CHF,2026-07-02T16:38:35.491Z
Strixhaven Display & Prerelease,binder,"Aziza, Mage Tower Captain",SOS,Secrets of Strixhaven,174,normal,rare,1,112354,6261e89a-dbf1-481a-823e-6bb00be57195,0.2,false,false,near_mint,de,CHF,2026-07-02T16:38:35.490Z
Strixhaven Display & Prerelease,binder,Essenceknit Scholar,SOS,Secrets of Strixhaven,187,normal,uncommon,1,112578,2a3cba55-3fae-4d45-ae03-4d662ec13718,0.23,false,false,near_mint,de,CHF,2026-07-02T21:52:03.622Z
Strixhaven Display & Prerelease,binder,Dreamroot Cascade,SOS,Secrets of Strixhaven,254,normal,rare,2,111765,ef662b92-5a7f-48c9-bcc1-14b55e091aef,0.68,false,false,near_mint,de,CHF,2026-07-02T21:52:03.620Z
Strixhaven Display & Prerelease,binder,Blazing Firesinger // Seething Song,SOS,Secrets of Strixhaven,109,normal,uncommon,1,112595,3ba971e7-0b7a-4750-896f-7cf063e66b2a,0.33,false,false,near_mint,de,CHF,2026-07-02T21:52:03.608Z
Strixhaven Display & Prerelease,binder,Fix What's Broken,SOS,Secrets of Strixhaven,188,normal,rare,2,112678,c0cd1d71-8e4a-4e00-80cd-83aec231fa57,0.26,false,false,near_mint,de,CHF,2026-07-02T21:52:03.606Z
Strixhaven Display & Prerelease,binder,Zaffai and the Tempests,SOS,Secrets of Strixhaven,246,normal,rare,1,112236,5bdbf507-6fd7-49f6-b437-8f2ce2d0eb0f,0.18,false,false,near_mint,de,CHF,2026-07-02T21:52:03.605Z
Strixhaven Display & Prerelease,binder,Smallpox,SOA,Secrets of Strixhaven Mystical Archive,33,normal,rare,1,111782,0f6f64b9-145c-4ed2-b90c-cbcf021b353d,0.71,false,false,near_mint,de,CHF,2026-07-02T21:52:03.604Z
Strixhaven Display & Prerelease,binder,Island,SOS,Secrets of Strixhaven,274,normal,common,1,111979,77b88bb8-6bd9-4632-b937-89468fcb5e6a,0.11,false,false,near_mint,de,CHF,2026-07-02T21:52:03.602Z
Strixhaven Display & Prerelease,binder,Inkshape Demonstrator,SOS,Secrets of Strixhaven,21,normal,uncommon,1,112505,bcfac992-9984-4529-b9ff-a42d58832b34,0.06,false,false,near_mint,de,CHF,2026-07-02T21:52:03.595Z
Strixhaven Display & Prerelease,binder,Borrowed Knowledge,SOS,Secrets of Strixhaven,178,normal,uncommon,1,112298,a3226e14-554d-47c9-b8b6-dfeb53cc41ba,0.23,false,false,near_mint,de,CHF,2026-07-02T21:52:03.593Z
Strixhaven Display & Prerelease,binder,Informed Inkwright,SOS,Secrets of Strixhaven,20,normal,rare,1,112447,5defb2d1-d0fb-4e7f-a5c7-3df99fe675d6,0.27,false,false,near_mint,de,CHF,2026-07-02T21:52:03.591Z
Strixhaven Display & Prerelease,binder,Forest,SOS,Secrets of Strixhaven,271,normal,common,1,111795,46196e8f-9339-4f00-b9cf-cab8f9abc80e,0.39,false,false,near_mint,de,CHF,2026-07-02T21:52:03.590Z
Strixhaven Display & Prerelease,binder,Practiced Offense,SOS,Secrets of Strixhaven,25,normal,rare,1,112293,79c7cf94-c0a1-432d-90d7-7f0599c2e7a8,0.88,false,false,near_mint,de,CHF,2026-07-02T21:52:03.587Z
Strixhaven Display & Prerelease,binder,Skycoach Conductor // All Aboard,SOS,Secrets of Strixhaven,67,normal,rare,2,112441,4ecbca71-9a1d-44c5-b709-d6f565941d5e,0.27,false,false,near_mint,de,CHF,2026-07-02T21:52:03.575Z
Strixhaven Display & Prerelease,binder,Fields of Strife,SOS,Secrets of Strixhaven,255,normal,common,3,111906,3dc7a4c3-c356-4fba-bea0-e8788da3eb57,0.07,false,false,near_mint,de,CHF,2026-07-02T21:52:03.568Z
Strixhaven Display & Prerelease,binder,Joined Researchers // Secret Rendezvous,SOS,Secrets of Strixhaven,23,normal,rare,1,111690,1ebaafe0-3a9a-424c-8698-d26e7be45343,0.29,false,false,near_mint,de,CHF,2026-07-02T21:52:03.556Z
Strixhaven Display & Prerelease,binder,Practiced Scrollsmith,SOS,Secrets of Strixhaven,210,normal,uncommon,3,112289,40075e3f-58b3-47fd-8fbe-4b301e9ce7a1,0.17,false,false,near_mint,de,CHF,2026-07-02T21:52:03.567Z
Strixhaven Display & Prerelease,binder,Matterbending Mage,SOS,Secrets of Strixhaven,59,normal,uncommon,1,112606,460c6afd-cddf-4fea-925f-b27517ff250a,0.1,false,false,near_mint,de,CHF,2026-07-02T22:07:12.817Z
Strixhaven Display & Prerelease,binder,Bulk Up,SOA,Secrets of Strixhaven Mystical Archive,40,normal,uncommon,1,112533,e86fcad5-8150-4a76-b27e-47a9f05745c1,0.3,false,false,near_mint,de,CHF,2026-07-02T22:07:12.815Z
Strixhaven Display & Prerelease,binder,Geometer's Arthropod,SOS,Secrets of Strixhaven,191,normal,rare,1,112401,ec0f3613-1edc-40e8-8f26-2e5ef13be55e,0.25,false,false,near_mint,de,CHF,2026-07-02T22:07:12.814Z
Strixhaven Display & Prerelease,binder,Plains,SOS,Secrets of Strixhaven,273,normal,common,1,112089,bac08825-ca54-4a9f-bf4f-f75708a1550b,0.11,false,false,near_mint,de,CHF,2026-07-02T22:07:12.813Z
Strixhaven Display & Prerelease,binder,Antiquities on the Loose,SOS,Secrets of Strixhaven,7,normal,rare,1,112291,68ee92cd-51af-4de5-bcc8-34d0bb2fd398,0.21,false,false,near_mint,de,CHF,2026-07-02T22:07:12.801Z
Strixhaven Display & Prerelease,binder,Knockout Maneuver,SOA,Secrets of Strixhaven Mystical Archive,54,normal,uncommon,1,112436,42d90959-b88c-4321-b2af-78ac7aab9909,0.14,false,false,near_mint,de,CHF,2026-07-02T22:07:12.800Z
Strixhaven Display & Prerelease,binder,Forest,SOS,Secrets of Strixhaven,281,normal,common,1,111886,3041d539-4f15-4836-a215-afa19a5cc23f,0.1,false,false,near_mint,de,CHF,2026-07-02T22:07:12.798Z
Strixhaven Display & Prerelease,binder,Muse Seeker,SOS,Secrets of Strixhaven,60,normal,uncommon,1,112243,71cb4a6b-b500-4b28-bcdb-ec4188242f39,0.17,false,false,near_mint,de,CHF,2026-07-02T22:07:12.789Z
Strixhaven Display & Prerelease,binder,Living History,SOS,Secrets of Strixhaven,121,normal,uncommon,1,112569,2028792c-fd60-40d4-bff7-3b82dbe1ffb5,0.08,false,false,near_mint,de,CHF,2026-07-02T22:07:12.788Z
Strixhaven Display & Prerelease,binder,Harsh Annotation,SOS,Secrets of Strixhaven,18,normal,uncommon,1,112706,e07a8fc7-c11c-4469-a31d-0abf40e57bbf,0.19,false,false,near_mint,de,CHF,2026-07-02T22:07:12.787Z
Strixhaven Display & Prerelease,binder,Withering Curse,SOS,Secrets of Strixhaven,105,normal,mythic,1,111702,50aaf618-dddb-4cbe-8231-d634b4498563,1.17,false,false,near_mint,de,CHF,2026-07-02T22:07:12.786Z
Strixhaven Display & Prerelease,binder,Royal Treatment,SOA,Secrets of Strixhaven Mystical Archive,56,normal,uncommon,1,112412,009bad41-5e96-4bb3-9f5e-66500fb8af29,0.18,false,false,near_mint,de,CHF,2026-07-02T22:07:12.785Z
Strixhaven Display & Prerelease,binder,Forest,SOS,Secrets of Strixhaven,280,normal,common,1,112177,f169dfb2-e4c8-46e9-8591-e51bb82da082,0.13,false,false,near_mint,de,CHF,2026-07-02T22:07:12.783Z
Strixhaven Display & Prerelease,binder,Molten Note,SOS,Secrets of Strixhaven,204,normal,uncommon,1,111701,506f69aa-7dc4-4dd7-990a-7371fc1762c0,0.17,false,false,near_mint,de,CHF,2026-07-02T22:07:12.774Z
Strixhaven Display & Prerelease,binder,Additive Evolution,SOS,Secrets of Strixhaven,139,normal,uncommon,1,112313,b44ec684-d558-45eb-bcd6-8119428634c2,0.15,false,false,near_mint,de,CHF,2026-07-02T22:07:12.772Z
Strixhaven Display & Prerelease,binder,Traumatic Critique,SOS,Secrets of Strixhaven,239,normal,rare,1,112221,2a812fa7-4599-4e25-97db-20ffc6bc0b26,0.48,false,false,near_mint,de,CHF,2026-07-02T22:07:12.771Z
Strixhaven Display & Prerelease,binder,Hop to It,SOA,Secrets of Strixhaven Mystical Archive,6,normal,uncommon,1,112422,16fabbbf-e35b-468c-9aea-09aa6a388dee,0.16,false,false,near_mint,de,CHF,2026-07-02T22:07:12.770Z
Strixhaven Display & Prerelease,binder,Flow State,SOS,Secrets of Strixhaven,49,normal,uncommon,1,112343,47d6093b-b1b6-4956-8bfd-02cce899f832,1.39,false,false,near_mint,de,CHF,2026-07-02T22:07:12.758Z
Strixhaven Display & Prerelease,binder,Return the Favor,SOA,Secrets of Strixhaven Mystical Archive,47,normal,uncommon,1,112535,e968efff-635b-4780-9bbe-099e75a1841b,0.31,false,false,near_mint,de,CHF,2026-07-02T22:07:12.755Z
Strixhaven Display & Prerelease,binder,Inkling,TSOS,Secrets of Strixhaven Tokens,7,normal,common,2,112603,43e9f729-abaf-4000-8df5-fa46d59eff9e,0.17,false,false,near_mint,de,CHF,2026-07-02T22:07:12.767Z
Strixhaven Display & Prerelease,binder,Old-Growth Educator,SOS,Secrets of Strixhaven,207,normal,uncommon,2,111761,eb7e858a-9b85-49b2-a379-ee656b64935a,0.15,false,false,near_mint,de,CHF,2026-07-02T22:07:12.805Z
Strixhaven Display & Prerelease,binder,Wild Hypothesis,SOS,Secrets of Strixhaven,167,normal,common,2,112559,04fdfabc-c247-4384-a5bb-f49035f8aae0,0.15,false,false,near_mint,de,CHF,2026-07-02T22:07:12.807Z
Japanese Thrash,binder,"Mowu, Loyal Companion",CMM,Commander Masters,306,normal,uncommon,1,84586,890e50ae-39e6-435b-95e7-885f2b314ecf,0.22,false,false,near_mint,de,CHF,2026-07-02T16:44:00.263Z
Japanese Thrash,binder,Thundering Ceratok,WAR,War of the Spark,179,normal,common,2,44225,9888d9a4-ad72-43f6-8031-1031877171a9,0.05,false,false,near_mint,de,CHF,2026-07-02T16:44:00.257Z
Japanese Thrash,binder,Pollenbright Druid,CMM,Commander Masters,312,normal,common,2,85001,e8215686-bf19-4090-87c1-dd4f691f2ae7,0.17,false,false,near_mint,de,CHF,2026-07-02T16:44:00.253Z
Japanese Thrash,binder,Return to Nature,AFC,Forgotten Realms Commander,169,normal,common,1,60699,4bebe9fa-1697-48fc-9044-cd58a3eab836,0.17,false,false,near_mint,de,CHF,2026-07-02T16:44:00.251Z
Japanese Thrash,binder,Sudden Spinnerets,IKO,Ikoria: Lair of Behemoths,171,normal,common,1,49906,3730996a-96d2-4311-a4dc-0045a2f8ccc9,0.16,false,false,near_mint,de,CHF,2026-07-02T16:44:00.245Z
Japanese Thrash,binder,Fertilid,NEC,Neon Dynasty Commander,116,normal,common,1,67050,a7402ae8-fd87-4412-ab4f-44bcc2d49764,0.27,false,false,near_mint,de,CHF,2026-07-02T16:44:00.244Z
Japanese Thrash,binder,Essence Symbiote,IKO,Ikoria: Lair of Behemoths,149,normal,common,1,49928,8d09ddf0-91f0-4e76-809f-c39ca7418ed5,0.15,false,false,near_mint,de,CHF,2026-07-02T16:44:00.242Z
Japanese Thrash,binder,Exuberant Wolfbear,IKO,Ikoria: Lair of Behemoths,151,normal,uncommon,1,49926,8c8ff0da-fbe3-4c95-bc39-c975c55b6aea,0.11,false,false,near_mint,de,CHF,2026-07-02T16:44:00.241Z
Japanese Thrash,binder,Wilt,IKO,Ikoria: Lair of Behemoths,176,normal,common,1,49901,55987bab-c24f-4261-b97e-f0ad4474b0a0,0.19,false,false,near_mint,de,CHF,2026-07-02T16:44:00.240Z
Japanese Thrash,binder,Challenger Troll,CLU,Ravnica: Clue Edition,159,normal,uncommon,1,90636,087b6745-0b3c-428c-b5b2-7639fa30f8f5,0.11,false,false,near_mint,de,CHF,2026-07-02T16:44:00.238Z
Japanese Thrash,binder,Cat,TC17,Commander 2017 Tokens,1,normal,common,1,4145,d3f2fd62-5430-449b-ac1b-14867d2bb326,0.35,false,false,near_mint,de,CHF,2026-07-02T16:44:00.237Z
Japanese Thrash,binder,Guild Globe,WAR,War of the Spark,239,normal,common,1,44165,a7faf99e-f61f-46cb-a275-2e12c41f1e31,0.05,false,false,near_mint,de,CHF,2026-07-02T16:44:00.233Z
Japanese Thrash,binder,Jungle Hollow,IKO,Ikoria: Lair of Behemoths,249,normal,common,1,49828,01926862-bf2d-4a2b-af94-1ea5e4dd7444,0.24,false,false,near_mint,de,CHF,2026-07-02T16:44:00.229Z
Japanese Thrash,binder,Bloom Hulk,WAR,War of the Spark,154,normal,common,2,44250,fd1c9129-254d-4d1d-9d95-112292bd6bcc,0.22,false,false,near_mint,de,CHF,2026-07-02T16:44:00.228Z
Japanese Thrash,binder,Samut's Sprint,WAR,War of the Spark,142,normal,common,2,44262,94bda699-2b5d-4f5b-bee5-792b99d2b64a,0.14,false,false,near_mint,de,CHF,2026-07-02T16:44:00.226Z
Japanese Thrash,binder,Toll of the Invasion,WAR,War of the Spark,108,normal,common,4,44296,4471c2a5-aa2c-47e2-8238-1eb366c8adc9,0.1,false,false,near_mint,de,CHF,2026-07-02T16:44:00.223Z
Japanese Thrash,binder,Bulwark Giant,RVR,Ravnica Remastered,11,normal,common,2,89968,ebf3a622-6aad-4d74-8098-ffbf21555956,0.16,false,false,near_mint,de,CHF,2026-07-02T16:44:00.220Z
Japanese Thrash,binder,Invading Manticore,WAR,War of the Spark,134,normal,common,1,44270,674e408b-f052-451c-9bf9-ac6f98753a9d,0.1,false,false,near_mint,de,CHF,2026-07-02T16:44:00.219Z
Japanese Thrash,binder,Centaur Nurturer,WAR,War of the Spark,156,normal,common,1,44248,bf020acb-e0c6-43b4-8324-0f2ec68b73d6,0.03,false,false,near_mint,de,CHF,2026-07-02T16:44:00.217Z
Japanese Thrash,binder,Jaya's Greeting,WAR,War of the Spark,136,normal,common,6,44268,ec66f169-5cf9-4d7c-a5ab-c64fc4801358,0.08,false,false,near_mint,de,CHF,2026-07-02T16:44:00.215Z
Japanese Thrash,binder,Ob Nixilis's Cruelty,WAR,War of the Spark,101,normal,common,2,44303,94db72a8-57f7-4f17-9f09-cae90ef50304,0.06,false,false,near_mint,de,CHF,2026-07-02T16:44:00.214Z
Japanese Thrash,binder,Forced Landing,RVR,Ravnica Remastered,141,normal,common,1,89713,619b97c7-f297-4c25-be94-27dfae4d39b3,0.1,false,false,near_mint,de,CHF,2026-07-02T16:44:00.212Z
Japanese Thrash,binder,Honor the God-Pharaoh,WAR,War of the Spark,132,normal,common,3,44272,75844d13-74f5-4008-9bc6-2f6d04f378aa,0.19,false,false,near_mint,de,CHF,2026-07-02T16:44:00.210Z
Japanese Thrash,binder,Defiant Strike,M21,Core Set 2021,15,normal,common,4,50823,5c23869b-c99a-49dd-9e29-fcc0eb63fad1,0.14,false,false,near_mint,de,CHF,2026-07-02T16:44:00.209Z
Japanese Thrash,binder,Law-Rune Enforcer,CLU,Ravnica: Clue Edition,64,normal,common,4,90761,2f160c0f-d9c9-4fc1-b61c-a2154bc21879,0.07,false,false,near_mint,de,CHF,2026-07-02T16:44:00.208Z
Japanese Thrash,binder,Demolish,RVR,Ravnica Remastered,106,normal,common,2,89638,3abaf8fe-5fab-442c-b219-45137f9ae112,0.11,false,false,near_mint,de,CHF,2026-07-02T16:44:00.207Z
Japanese Thrash,binder,Lazotep Reaver,WAR,War of the Spark,96,normal,common,3,44308,594bbe43-a8aa-42aa-bc49-cb4f3bc05cad,0.14,false,false,near_mint,de,CHF,2026-07-02T16:44:00.206Z
Japanese Thrash,binder,Enforcer Griffin,CLU,Ravnica: Clue Edition,60,normal,common,3,90757,2cfce961-be01-42d6-b309-15ca17225be6,0.05,false,false,near_mint,de,CHF,2026-07-02T16:44:00.205Z
Japanese Thrash,binder,Sky Theater Strix,WAR,War of the Spark,67,normal,common,1,44337,98902dd9-f21c-4419-8205-4b9d6592bf28,0.06,false,false,near_mint,de,CHF,2026-07-02T16:44:00.199Z
Japanese Thrash,binder,Teferi's Time Twist,WAR,War of the Spark,72,normal,common,1,44332,c878bdc0-d697-4a2f-bba5-758b27f4247a,0.3,false,false,near_mint,de,CHF,2026-07-02T16:44:00.193Z
Japanese Thrash,binder,Eternal Skylord,DRC,Aetherdrift Commander,76,normal,uncommon,1,103218,ab5b3aba-8542-4157-b6b6-265611a2a52f,0.19,false,false,near_mint,de,CHF,2026-07-02T16:44:00.192Z
Japanese Thrash,binder,Tamiyo's Epiphany,WAR,War of the Spark,71,normal,common,2,44333,ce338cf3-46dc-4c87-8df5-af27097c7dd4,0.1,false,false,near_mint,de,CHF,2026-07-02T16:44:00.191Z
Japanese Thrash,binder,Relentless Advance,WAR,War of the Spark,64,normal,common,4,44340,4258e242-91c6-4b30-86ec-7759705aa97c,0.1,false,false,near_mint,de,CHF,2026-07-02T16:44:00.188Z
Japanese Thrash,binder,Crush Dissent,WAR,War of the Spark,47,normal,common,3,44357,94c70f23-0ca9-425e-a53a-6c09921c0075,0.17,false,false,near_mint,de,CHF,2026-07-02T16:44:00.186Z
Japanese Thrash,binder,Erratic Visionary,CLU,Ravnica: Clue Edition,85,normal,common,2,90813,3e8a25fd-985f-49e5-b5b9-388571dfaec3,0.03,false,false,near_mint,de,CHF,2026-07-02T16:44:00.185Z
Japanese Thrash,binder,Ashiok's Skulker,WAR,War of the Spark,40,normal,common,2,44364,7dd5b0a1-104d-4e0f-82de-65487fbf01ff,0.03,false,false,near_mint,de,CHF,2026-07-02T16:44:00.183Z
Japanese Thrash,binder,Wall of Runes,M21,Core Set 2021,85,normal,common,2,50841,6ac0f66a-213f-463e-8ebb-35ff5940ea06,0.18,false,false,near_mint,de,CHF,2026-07-02T16:44:00.182Z
Japanese Thrash,binder,Davriel's Shadowfugue,WAR,War of the Spark,84,normal,common,3,44320,09c8fe63-37a7-478d-b9ba-33a0f6519cf1,0.04,false,false,near_mint,de,CHF,2026-07-02T16:44:00.177Z
Japanese Thrash,binder,Chainwhip Cyclops,CLU,Ravnica: Clue Edition,127,normal,common,1,91067,99489029-f1e0-4b6c-a300-95e940e01112,0.1,false,false,near_mint,de,CHF,2026-07-02T16:44:00.176Z
Japanese Thrash,binder,Sorin's Thirst,WAR,War of the Spark,104,normal,common,2,44300,50eecfc2-452d-461c-a37c-8aa10183e5a0,0.1,false,false,near_mint,de,CHF,2026-07-02T16:44:00.175Z
Japanese Thrash,binder,Rising Populace,WAR,War of the Spark,29,normal,common,4,44375,edcacc28-aacf-4d40-b8cc-f8c028380340,0.04,false,false,near_mint,de,CHF,2026-07-02T16:44:00.173Z
Japanese Thrash,binder,Grim Initiate,WAR,War of the Spark,130,normal,common,5,44274,29b6ec9d-3861-48bf-a198-dc7efba5d89c,0.1,false,false,near_mint,de,CHF,2026-07-02T16:44:00.172Z
Japanese Thrash,binder,Lazotep Behemoth,WAR,War of the Spark,95,normal,common,4,44309,b4be6f22-e9e8-462a-956b-e1c78bbadacc,0.04,false,false,near_mint,de,CHF,2026-07-02T16:44:00.174Z
Japanese Thrash,binder,Callous Dismissal,WAR,War of the Spark,44,normal,common,4,44360,66cef326-339c-49e5-9905-21a1603a46ae,0.12,false,false,near_mint,de,CHF,2026-07-02T16:44:00.178Z
Japanese Thrash,binder,Stealth Mission,WAR,War of the Spark,70,normal,common,3,44334,7ddfd4f5-7fe1-4a22-9a85-bd9b75b16380,0.13,false,false,near_mint,de,CHF,2026-07-02T16:44:00.179Z
Japanese Thrash,binder,Thunder Drake,CLU,Ravnica: Clue Edition,102,normal,common,5,91271,e7ae37f2-37b9-4421-82b1-183a268d8617,0.15,false,false,near_mint,de,CHF,2026-07-02T16:44:00.180Z
Japanese Thrash,binder,Spellkeeper Weird,WAR,War of the Spark,69,normal,common,2,44335,74e42dad-5958-443f-a196-12b3f3e44213,0.04,false,false,near_mint,de,CHF,2026-07-02T16:44:00.184Z
Japanese Thrash,binder,Contentious Plan,WAR,War of the Spark,46,normal,common,3,44358,8e30deb6-9e1f-4545-ae30-c30ba6c7b3a0,0.31,false,false,near_mint,de,CHF,2026-07-02T16:44:00.187Z
Japanese Thrash,binder,No Escape,WAR,War of the Spark,63,normal,common,4,44341,bc9888a1-6f35-4802-b8fb-902017736d4a,0.15,false,false,near_mint,de,CHF,2026-07-02T16:44:00.190Z
Japanese Thrash,binder,Kiora's Dambreaker,RVR,Ravnica Remastered,48,normal,common,5,89526,02754f2f-03f3-4064-9d0f-6d2a3784af95,0.18,false,false,near_mint,de,CHF,2026-07-02T16:44:00.194Z
Japanese Thrash,binder,Totally Lost,WAR,War of the Spark,74,normal,common,2,44330,adffef78-f776-42d3-ab40-3347c8e5c88b,0.12,false,false,near_mint,de,CHF,2026-07-02T16:44:00.197Z
Japanese Thrash,binder,Kasmina's Transmutation,RVR,Ravnica Remastered,46,normal,common,3,89864,b5287705-cf89-49cb-b1f2-bff7a9119c98,0.22,false,false,near_mint,de,CHF,2026-07-02T16:44:00.200Z
Japanese Thrash,binder,Mana Geode,WAR,War of the Spark,241,normal,common,5,44163,17315a12-a7f8-45ba-ac3b-a62c789e75d0,0.22,false,false,near_mint,de,CHF,2026-07-02T16:44:00.213Z
Japanese Thrash,binder,Iron Bully,2XM,Double Masters,262,normal,common,3,52132,545521f8-ab61-4f18-b290-16cd2c2d505e,0.07,false,false,near_mint,de,CHF,2026-07-02T16:44:00.218Z
Japanese Thrash,binder,Snarespinner,M21,Core Set 2021,207,normal,common,4,50791,46700ccc-0975-49d1-b3fc-edb1eda3b624,0.08,false,false,near_mint,de,CHF,2026-07-02T16:44:00.222Z
Japanese Thrash,binder,Kraul Stinger,WAR,War of the Spark,165,normal,common,4,44239,46b88fe9-2450-47ee-ac1e-bbbccbf5684f,0.06,false,false,near_mint,de,CHF,2026-07-02T16:44:00.225Z
Japanese Thrash,binder,Gateway Plaza,WAR,War of the Spark,246,normal,common,2,44158,81d69cf2-8643-4926-857e-febbd54d870f,0.17,false,false,near_mint,de,CHF,2026-07-02T16:44:00.230Z
Japanese Thrash,binder,Mosscoat Goriak,IKO,Ikoria: Lair of Behemoths,167,normal,common,2,49910,c23139d4-0db5-4683-8d49-f4600fbe29e2,0.1,false,false,near_mint,de,CHF,2026-07-02T16:44:00.239Z
Japanese Thrash,binder,Courage in Crisis,CMM,Commander Masters,278,normal,common,3,84789,b836b0a9-c38b-423a-bf22-c9041acf1952,0.16,false,false,near_mint,de,CHF,2026-07-02T16:44:00.246Z
Japanese Thrash,binder,Steady Aim,WAR,War of the Spark,177,normal,common,5,44227,4af6a1b5-a561-4d92-b429-de13b2ccaf81,0.07,false,false,near_mint,de,CHF,2026-07-02T16:44:00.248Z
Japanese Thrash,binder,Arlinn's Wolf,WAR,War of the Spark,151,normal,common,4,44253,747223a5-c669-4d0e-a062-265eb47710cd,0.19,false,false,near_mint,de,CHF,2026-07-02T16:44:00.249Z
Japanese Thrash,binder,Band Together,CLU,Ravnica: Clue Edition,156,normal,common,4,91228,d8e243d6-c888-410f-8de0-51761c925a59,0.06,false,false,near_mint,de,CHF,2026-07-02T16:44:00.252Z
Japanese Thrash,binder,Evolution Sage,ECC,Lorwyn Eclipsed Commander,105,normal,uncommon,2,110450,1d58d08d-cd62-416d-8d8e-7d9c56d5c4da,1.87,false,false,near_mint,de,CHF,2026-07-02T16:44:00.264Z
Japanese Thrash,binder,Sarkhan's Catharsis,WAR,War of the Spark,144,normal,common,1,44260,2f4b6f26-c66b-4048-9503-af0a886ef14f,0.1,false,false,near_mint,de,CHF,2026-07-02T16:56:14.586Z
Japanese Thrash,binder,Gore-House Chainwalker,RTR,Return to Ravnica,96,normal,common,1,17326,56ba132f-95fc-4b99-a1dc-ebe6f622bb41,0.03,false,false,near_mint,de,CHF,2026-07-02T16:56:14.585Z
Japanese Thrash,binder,Drannith Stinger,IKO,Ikoria: Lair of Behemoths,113,normal,common,1,49964,612ee4be-e7a2-423c-a37c-7c6ca97f630e,0.12,false,false,near_mint,de,CHF,2026-07-02T16:56:14.584Z
Japanese Thrash,binder,Lava Serpent,IKO,Ikoria: Lair of Behemoths,124,normal,common,1,49953,00ebd57f-7f7c-41b0-aa56-511c1816bc14,0.09,false,false,near_mint,de,CHF,2026-07-02T16:56:14.583Z
Japanese Thrash,binder,Shredded Sails,IKO,Ikoria: Lair of Behemoths,136,normal,common,1,49941,8b10219a-aa72-4431-9a6a-984109a605c8,0.16,false,false,near_mint,de,CHF,2026-07-02T16:56:14.582Z
Japanese Thrash,binder,Blazing Volley,IKO,Ikoria: Lair of Behemoths,107,normal,common,1,49970,3adc0288-acdf-4a99-9bfb-919cae1aeb69,0.22,false,false,near_mint,de,CHF,2026-07-02T16:56:14.581Z
Japanese Thrash,binder,Forbidden Friendship,IKO,Ikoria: Lair of Behemoths,119,normal,common,1,49958,e634baa3-2cdd-412a-9407-c347fe46f9b8,0.18,false,false,near_mint,de,CHF,2026-07-02T16:56:14.580Z
Japanese Thrash,binder,Spelleater Wolverine,IKO,Ikoria: Lair of Behemoths,137,normal,common,1,49940,a5f03ffd-dcdb-441c-8dfc-4fe06a289b22,0.1,false,false,near_mint,de,CHF,2026-07-02T16:56:14.579Z
Japanese Thrash,binder,Trap Essence,KTK,Khans of Tarkir,209,normal,rare,1,13189,2bb37bd9-10a0-48d5-87f0-23a03b5c1072,0.18,false,false,near_mint,de,CHF,2026-07-02T16:56:14.578Z
Japanese Thrash,binder,Lore Drakkis,IKO,Ikoria: Lair of Behemoths,194,normal,uncommon,1,49883,83e035ca-eccd-4b63-817c-f2c676b9c98d,0.13,false,false,near_mint,de,CHF,2026-07-02T16:56:14.576Z
Japanese Thrash,binder,Savai Thundermane,IKO,Ikoria: Lair of Behemoths,205,normal,uncommon,1,49872,73d3925c-cf7d-4546-bc70-33f04d4b7566,0.08,false,false,near_mint,de,CHF,2026-07-02T16:56:14.575Z
Japanese Thrash,binder,Tenth District Legionnaire,2X2,Double Masters 2022,283,normal,common,1,70507,cd0c8d75-fb20-49f2-9a03-35411f06c1a7,0.17,false,false,near_mint,de,CHF,2026-07-02T16:56:14.566Z
Japanese Thrash,binder,Goblin Assailant,M20,Core Set 2020,330,normal,common,1,45130,8cfefb65-b6e4-44a1-baa9-d3c00ee8ba96,0.04,false,false,near_mint,de,CHF,2026-07-02T16:56:14.556Z
Japanese Thrash,binder,Trusted Pegasus,CLU,Ravnica: Clue Edition,77,normal,common,1,90856,4ef0fcc8-a7be-4239-9a63-92e0c647de35,0.11,false,false,near_mint,de,CHF,2026-07-02T16:56:14.547Z
Japanese Thrash,binder,Aven Eternal,WAR,War of the Spark,42,normal,common,1,44362,fe479484-a827-4d3c-8e35-e905e4f6664a,0.14,false,false,near_mint,de,CHF,2026-07-02T16:56:14.545Z
Japanese Thrash,binder,Unlikely Aid,WAR,War of the Spark,109,normal,common,3,44295,9c260c5c-e796-4f81-9e15-0c5be75106b9,0.08,false,false,near_mint,de,CHF,2026-07-02T16:56:14.544Z
Japanese Thrash,binder,Aid the Fallen,WAR,War of the Spark,76,normal,common,3,44328,5f8bc010-f1af-42a2-9009-2039cf3d8f0a,0.12,false,false,near_mint,de,CHF,2026-07-02T16:56:14.539Z
Japanese Thrash,binder,Kronch Wrangler,CLU,Ravnica: Clue Edition,169,normal,common,1,90926,6536320d-79c3-4406-96eb-b44a9f4a0686,0.05,false,false,near_mint,de,CHF,2026-07-02T16:56:14.538Z
Japanese Thrash,binder,Banehound,WAR,War of the Spark,77,normal,common,1,44327,b9e03567-c95a-40b8-a75a-971076093f57,0.19,false,false,near_mint,de,CHF,2026-07-02T16:56:14.535Z
Japanese Thrash,binder,Shriekdiver,WAR,War of the Spark,103,normal,common,4,44301,0a1c3148-7a6f-4963-af0b-18d9a156bf22,0.06,false,false,near_mint,de,CHF,2026-07-02T16:56:14.525Z
Japanese Thrash,binder,Earthshaker,CHK,Champions of Kamigawa,165,normal,uncommon,1,29060,283b47a9-c21e-4c0a-9c70-38b8ebbffab3,0.14,false,false,near_mint,de,CHF,2026-07-02T16:56:14.524Z
Japanese Thrash,binder,Spellgorger Weird,CLU,Ravnica: Clue Edition,148,normal,common,2,91071,9ba52955-2ab9-48a4-bb12-6127bdef1909,0.1,false,false,near_mint,de,CHF,2026-07-02T16:56:14.519Z
Japanese Thrash,binder,Tithebearer Giant,CLU,Ravnica: Clue Edition,124,normal,common,1,90858,4f1db7bc-30c5-45fd-9a45-ede37716736d,0.05,false,false,near_mint,de,CHF,2026-07-02T16:56:14.510Z
Japanese Thrash,binder,Spark Reaper,MIC,Midnight Hunt Commander,128,normal,common,3,63625,73f0eaab-fd0b-419b-bbf4-9028e965f5fb,0.06,false,false,near_mint,de,CHF,2026-07-02T16:56:14.503Z
Japanese Thrash,binder,Heartfire,WAR,War of the Spark,131,normal,common,1,44273,7db219ea-2ed1-4a86-955c-d61ecedbc019,0.05,false,false,near_mint,de,CHF,2026-07-02T16:56:14.500Z
Japanese Thrash,binder,Bond of Discipline,WAR,War of the Spark,6,normal,uncommon,3,44398,bb7c78bb-9f2a-47a4-adc4-b497bb38f46f,0.24,false,false,near_mint,de,CHF,2026-07-02T16:56:14.485Z
Japanese Thrash,binder,Prison Realm,WAR,War of the Spark,26,normal,uncommon,1,44378,d476e8e5-2377-464b-b2d5-a3cd66ee2e45,0.14,false,false,near_mint,de,CHF,2026-07-02T16:56:14.484Z
Japanese Thrash,binder,Battlefield Promotion,2X2,Double Masters 2022,7,normal,common,1,70213,4e4e3a08-05a6-4730-8b4a-a8cb440dc299,0.08,false,false,near_mint,de,CHF,2026-07-02T16:56:14.471Z
Japanese Thrash,binder,War Screecher,CLU,Ravnica: Clue Edition,80,normal,common,2,91126,af3944a2-4736-4d62-b25d-61178af721c4,0.14,false,false,near_mint,de,CHF,2026-07-02T16:56:14.467Z
Japanese Thrash,binder,Helica Glider,IKO,Ikoria: Lair of Behemoths,15,normal,common,1,50062,8fc88fe0-2424-49a7-9abf-4773a547d010,0.12,false,false,near_mint,de,CHF,2026-07-02T16:56:14.462Z
Japanese Thrash,binder,Pouncing Lynx,WAR,War of the Spark,25,normal,common,1,44379,9383956f-90bc-40e4-ae5c-503e98e21832,0.06,false,false,near_mint,de,CHF,2026-07-02T16:56:14.461Z
Japanese Thrash,binder,Divine Arrow,IKO,Ikoria: Lair of Behemoths,9,normal,common,1,50068,5b29acc2-5749-4e8a-924d-3c82406e6393,0.08,false,false,near_mint,de,CHF,2026-07-02T16:56:14.460Z
Japanese Thrash,binder,Giant Growth,BLB,Bloomburrow,393,normal,common,1,96133,e70722d6-b4d5-45c2-9488-9a5eb0bdb9bd,0.1,false,false,near_mint,de,CHF,2026-07-02T16:56:14.459Z
Japanese Thrash,binder,Charmed Stray,WAR,War of the Spark,8,normal,common,5,44396,357513b9-0505-4b67-9a29-36a705a175b1,0.29,false,false,near_mint,de,CHF,2026-07-02T16:56:14.463Z
Japanese Thrash,binder,Ironclad Krovod,M20,Core Set 2020,308,normal,common,2,45152,e5d57e98-e05a-4a89-900e-20fe675a62ef,0.11,false,false,near_mint,de,CHF,2026-07-02T16:56:14.465Z
Japanese Thrash,binder,Divine Arrow,WAR,War of the Spark,10,normal,common,4,44394,73cbb58a-1b00-4883-9b45-da7ded7317e3,0.1,false,false,near_mint,de,CHF,2026-07-02T16:56:14.466Z
Japanese Thrash,binder,Martyr for the Cause,WAR,War of the Spark,23,normal,common,2,44381,acfbc8ca-a574-461e-92ea-c6010daa8230,0.22,false,false,near_mint,de,CHF,2026-07-02T16:56:14.472Z
Japanese Thrash,binder,Topple the Statue,2XM,Double Masters,36,normal,uncommon,3,52182,ab74e12a-ad7c-4563-aa06-632654bac91d,0.06,false,false,near_mint,de,CHF,2026-07-02T16:56:14.473Z
Japanese Thrash,binder,Wanderer's Strike,CMM,Commander Masters,69,normal,common,5,84608,8ecb14b6-1fd8-49be-bf95-f147f48b072c,0.24,false,false,near_mint,de,CHF,2026-07-02T16:56:14.474Z
Japanese Thrash,binder,Loxodon Sergeant,WAR,War of the Spark,21,normal,common,4,44383,c57f873b-5fb2-4638-b66c-f6d1aec156ba,0.1,false,false,near_mint,de,CHF,2026-07-02T16:56:14.476Z
Japanese Thrash,binder,Teyo's Lightshield,WAR,War of the Spark,33,normal,common,5,44371,dfffe235-98b1-43db-9461-1b2da5f0690e,0.06,false,false,near_mint,de,CHF,2026-07-02T16:56:14.477Z
Japanese Thrash,binder,Gideon's Sacrifice,MKC,Murders at Karlov Manor Commander,68,normal,common,3,90540,d483b409-1853-4456-a077-daeb77e165ba,0.28,false,false,near_mint,de,CHF,2026-07-02T16:56:14.478Z
Japanese Thrash,binder,Nahiri's Stoneblades,WAR,War of the Spark,139,normal,common,3,44265,0a14331e-8da5-4455-ac69-e510684e989c,0.13,false,false,near_mint,de,CHF,2026-07-02T16:56:14.494Z
Japanese Thrash,binder,Primordial Wurm,WAR,War of the Spark,174,normal,common,2,44230,fc0e8298-adac-4922-8824-a1fafa089f72,0.04,false,false,near_mint,de,CHF,2026-07-02T16:56:14.513Z
Japanese Thrash,binder,Vampire Opportunist,M20,Core Set 2020,326,normal,common,3,45134,ced4b4a9-73a8-4135-b150-cd78d1558aca,0.14,false,false,near_mint,de,CHF,2026-07-02T16:56:14.515Z
Japanese Thrash,binder,Herald of the Dreadhorde,WAR,War of the Spark,93,normal,common,3,44311,d7ae9cb7-a3af-4224-89a5-a72f4d09dacf,0.05,false,false,near_mint,de,CHF,2026-07-02T16:56:14.521Z
Japanese Thrash,binder,Blindblast,WAR,War of the Spark,114,normal,common,3,44290,1d49637b-2255-4f16-8f24-140145966bfa,0.12,false,false,near_mint,de,CHF,2026-07-02T16:56:14.522Z
Japanese Thrash,binder,Ahn-Crop Invader,WAR,War of the Spark,113,normal,common,4,44291,2dea2466-5c7f-40ce-b749-100ae89d2c90,0.02,false,false,near_mint,de,CHF,2026-07-02T16:56:14.530Z
Japanese Thrash,binder,Makeshift Battalion,RVR,Ravnica Remastered,22,normal,common,2,89591,1ef55c3a-bba0-4379-b744-79eb91bcafe7,0.09,false,false,near_mint,de,CHF,2026-07-02T16:56:14.552Z
Japanese Thrash,binder,"Samut, Tyrant Smasher",WAR,War of the Spark,235,normal,uncommon,2,44169,e0457e3f-56c1-401b-8e08-f04b95c55e2d,0.2,false,false,near_mint,de,CHF,2026-07-02T16:56:14.564Z
Japanese Thrash,binder,"Nahiri, Storm of Stone",WAR,War of the Spark,233,normal,uncommon,2,44171,8806605c-0cb7-4360-96e4-afb424ccad90,0.15,false,false,near_mint,de,CHF,2026-07-02T16:56:14.567Z
Japanese Thrash,binder,Pledge of Unity,WAR,War of the Spark,210,normal,uncommon,2,44194,ca9b3518-7fcd-49e2-a4c4-e5daa8be6c21,0.23,false,false,near_mint,de,CHF,2026-07-02T16:56:14.569Z
Japanese Thrash,binder,Huatli's Raptor,WAR,War of the Spark,200,normal,uncommon,5,44204,ba680ad0-6134-46e0-8fcb-532b2052eca7,0.22,false,false,near_mint,de,CHF,2026-07-02T16:56:14.571Z
Japanese Thrash,binder,Turret Ogre,CLU,Ravnica: Clue Edition,152,normal,common,3,90689,1d28484d-c6fd-490b-b73c-77e98ca2ab19,0.04,false,false,near_mint,de,CHF,2026-07-02T16:56:14.588Z
Japanese Thrash,binder,Captured by the Consulate,KLD,Kaladesh,8,normal,rare,1,7635,e0c20018-4446-4c2b-bdc5-53fcf1fbc3bf,0.18,false,false,near_mint,de,CHF,2026-07-02T17:23:26.708Z
Japanese Thrash,binder,Ambush Party,HML,Homelands,63b,normal,common,1,39221,ea200e93-e5bd-4777-b47e-e53849a89fe7,0.11,false,false,near_mint,de,CHF,2026-07-02T17:23:26.707Z
Japanese Thrash,binder,Sunken City,4ED,Fourth Edition,106,normal,common,1,40081,226f89b4-cf98-4354-a2f4-3f63fe2dd99e,0.1,false,false,near_mint,de,CHF,2026-07-02T17:23:26.706Z
Japanese Thrash,binder,Samite Alchemist,HML,Homelands,13a,normal,common,1,39285,68224871-d4c2-4b43-9ab8-c0685588b035,0.1,false,false,near_mint,de,CHF,2026-07-02T17:23:26.705Z
Japanese Thrash,binder,Quirion Elves,BTD,Beatdown Box Set,60,normal,common,1,33363,acd1e410-8451-4a81-b91f-4460ab0b013f,0.1,false,false,near_mint,de,CHF,2026-07-02T17:23:26.704Z
Japanese Thrash,binder,Memory Lapse,HML,Homelands,32b,normal,common,1,39260,6c8b5df3-6153-470e-be9c-f38d3cf66081,0.31,false,false,near_mint,de,CHF,2026-07-02T17:23:26.703Z
Japanese Thrash,binder,Memory Lapse,6ED,Classic Sixth Edition,81,normal,common,1,35296,ecc92a87-3ad2-4db6-aeae-001342f17d10,0.37,false,false,near_mint,de,CHF,2026-07-02T17:23:26.702Z
Japanese Thrash,binder,Leaping Master,KTK,Khans of Tarkir,114,normal,common,1,13284,0f786a1d-4703-4bac-abba-632506d2726c,0.02,false,false,near_mint,de,CHF,2026-07-02T17:23:26.701Z
Japanese Thrash,binder,Really Epic Punch,UST,Unstable,118,normal,common,4,3137,eabefc4a-4d5a-41bc-a791-38aa8ab0f9e6,0.07,false,false,near_mint,de,CHF,2026-07-02T17:23:26.700Z
Japanese Thrash,binder,Wolf,TM14,Magic 2014 Tokens,11,normal,common,1,15791,309f1bd4-78af-4722-9d45-b5f40b001570,0.14,false,false,near_mint,de,CHF,2026-07-02T17:23:26.699Z
Japanese Thrash,binder,Elf Warrior,TEVG,Duel Decks Anthology: Elves vs. Goblins Tokens,2,normal,common,1,12227,209af8af-7c40-4e87-8a4e-926c7ea76fb1,0.43,false,false,near_mint,de,CHF,2026-07-02T17:23:26.698Z
Japanese Thrash,binder,Joyride Rigger,UST,Unstable,114,normal,common,3,3141,6b199304-1b6e-417f-9855-82c38454dff9,0.04,false,false,near_mint,de,CHF,2026-07-02T17:23:26.695Z
Japanese Thrash,binder,Titanoth Rex,IKO,Ikoria: Lair of Behemoths,174,normal,uncommon,1,49903,9d02e1e8-b85b-4e26-8ab8-ca2f49d05b88,0.29,false,false,near_mint,de,CHF,2026-07-02T17:23:26.694Z
Japanese Thrash,binder,Angrath's Rampage,WAR,War of the Spark,185,normal,uncommon,1,44219,f5a39379-7313-463a-9a02-e5157b9557f4,0.24,false,false,near_mint,de,CHF,2026-07-02T17:23:26.692Z
Japanese Thrash,binder,"Huatli, the Sun's Heart",WAR,War of the Spark,230,normal,uncommon,1,44174,d709742c-82a2-457e-9991-85e98d78029d,0.29,false,false,near_mint,de,CHF,2026-07-02T17:23:26.691Z
Japanese Thrash,binder,Invade the City,WAR,War of the Spark,201,normal,uncommon,1,44203,a587eb67-c2df-486c-9c48-dfeac540efe8,0.18,false,false,near_mint,de,CHF,2026-07-02T17:23:26.690Z
Japanese Thrash,binder,Ral's Outburst,WAR,War of the Spark,212,normal,uncommon,1,44192,6be3dd3e-50d2-4729-9caa-b2cd984f4c97,0.2,false,false,near_mint,de,CHF,2026-07-02T17:23:26.689Z
Japanese Thrash,binder,Light of Hope,IKO,Ikoria: Lair of Behemoths,20,normal,common,1,50057,bcb00599-e082-49b0-88f3-ef91b75595e4,0.25,false,false,near_mint,de,CHF,2026-07-02T17:23:26.687Z
Japanese Thrash,binder,Facet Reader,IKO,Ikoria: Lair of Behemoths,50,normal,common,1,50027,b1199596-ae77-4192-ae70-3e2ebd009b64,0.1,false,false,near_mint,de,CHF,2026-07-02T17:23:26.686Z
Japanese Thrash,binder,Sunblade Angel,CMM,Commander Masters,61,normal,common,1,84281,407041c4-0154-42ee-a736-7815024d1719,0.14,false,false,near_mint,de,CHF,2026-07-02T17:23:26.685Z
Japanese Thrash,binder,Thornwood Falls,IKO,Ikoria: Lair of Behemoths,256,normal,common,1,49821,8d011b0f-1681-4a51-9f5d-47ad135d03fe,0.1,false,false,near_mint,de,CHF,2026-07-02T17:23:26.684Z
Japanese Thrash,binder,Frenzied Raptor,IKO,Ikoria: Lair of Behemoths,120,normal,common,1,49957,5fb22ac0-3863-4165-8c93-f2ec1775474f,0.14,false,false,near_mint,de,CHF,2026-07-02T17:23:26.682Z
Japanese Thrash,binder,Fully Grown,IKO,Ikoria: Lair of Behemoths,154,normal,common,1,49923,0b683d3f-025c-4b8d-89d7-3513488649d5,0.23,false,false,near_mint,de,CHF,2026-07-02T17:23:26.681Z
Japanese Thrash,binder,Avian Oddity,IKO,Ikoria: Lair of Behemoths,42,normal,uncommon,1,50035,f325873b-97de-4701-910f-ec5cdb66de33,0.2,false,false,near_mint,de,CHF,2026-07-02T17:23:26.680Z
Japanese Thrash,binder,Dismal Backwater,ZNC,Zendikar Rising Commander,128,normal,common,1,55488,e20c6b51-48a3-4dbc-90b5-e08f40a58f63,0.18,false,false,near_mint,de,CHF,2026-07-02T17:23:26.679Z
Japanese Thrash,binder,Essence Scatter,IKO,Ikoria: Lair of Behemoths,49,normal,common,1,50028,5f79c8a0-291e-4e13-b765-4cf8c726cf30,0.17,false,false,near_mint,de,CHF,2026-07-02T17:23:26.677Z
Japanese Thrash,binder,Corpse Churn,CLU,Ravnica: Clue Edition,107,normal,common,1,91178,c151c2e9-a7d1-42ee-a68c-885df78db53e,0.1,false,false,near_mint,de,CHF,2026-07-02T17:23:26.676Z
Japanese Thrash,binder,Springjaw Trap,IKO,Ikoria: Lair of Behemoths,241,normal,common,1,49836,3741de51-ea92-493a-8058-e0f2000e7701,0.13,false,false,near_mint,de,CHF,2026-07-02T17:23:26.674Z
Japanese Thrash,binder,Flycatcher Giraffid,IKO,Ikoria: Lair of Behemoths,153,normal,common,1,49924,1988e220-d746-46e4-a534-164203e63c14,0.07,false,false,near_mint,de,CHF,2026-07-02T17:23:26.673Z
Japanese Thrash,binder,Tentative Connection,IKO,Ikoria: Lair of Behemoths,138,normal,common,1,49939,5c40fd33-bb95-48f3-a10f-a33eb27c48f1,0.18,false,false,near_mint,de,CHF,2026-07-02T17:23:26.672Z
Japanese Thrash,binder,Keensight Mentor,IKO,Ikoria: Lair of Behemoths,18,normal,uncommon,1,50059,a0583065-9a6c-4ea4-b6dd-2edfbaed1181,0.1,false,false,near_mint,de,CHF,2026-07-02T17:23:26.671Z
Japanese Thrash,binder,Arboreal Grazer,TDC,Tarkir: Dragonstorm Commander,245,normal,common,1,104838,9eb7b2ae-a364-485b-ae75-10dbb0af5541,0.2,false,false,near_mint,de,CHF,2026-07-02T17:23:26.670Z
Japanese Thrash,binder,Firemind Vessel,CMM,Commander Masters,383,normal,common,1,84091,165eee28-202d-4543-87b4-b9d39e8c8472,0.27,false,false,near_mint,de,CHF,2026-07-02T17:23:26.662Z
Japanese Thrash,binder,Frost Lynx,IKO,Ikoria: Lair of Behemoths,51,normal,common,1,50026,dfcaeccc-fc8c-4a9e-80d5-b48da71d7ff1,0.17,false,false,near_mint,de,CHF,2026-07-02T17:23:26.659Z
Japanese Thrash,binder,Frostveil Ambush,IKO,Ikoria: Lair of Behemoths,52,normal,common,1,50025,deef1197-e40a-4c9d-919a-213f1bdf3e3e,0.1,false,false,near_mint,de,CHF,2026-07-02T17:23:26.657Z
Japanese Thrash,binder,Neutralize,IKO,Ikoria: Lair of Behemoths,59,normal,uncommon,1,50018,0430da3c-9460-4b62-ae28-2e7e6f4d06a4,0.19,false,false,near_mint,de,CHF,2026-07-02T17:23:26.656Z
Japanese Thrash,binder,Gust of Wind,IKO,Ikoria: Lair of Behemoths,54,normal,common,1,50023,faabea92-d8cf-4591-b528-3e597d56b31f,0.11,false,false,near_mint,de,CHF,2026-07-02T17:23:26.655Z
Japanese Thrash,binder,Bond of Insight,WAR,War of the Spark,43,normal,uncommon,1,44361,648629af-e911-49e1-b564-c98f339b84a1,0.19,false,false,near_mint,de,CHF,2026-07-02T17:23:26.654Z
Japanese Thrash,binder,Rescuer Sphinx,CLU,Ravnica: Clue Edition,95,normal,uncommon,1,90699,1ecd08d6-3a57-4d56-a594-9f6e60c1ba0f,0.1,false,false,near_mint,de,CHF,2026-07-02T17:23:26.653Z
Japanese Thrash,binder,Crosstown Courier,DDM,Duel Decks: Jace vs. Vraska,6,normal,common,1,14744,d04e6d05-5ec8-4e7d-86b8-da9549dbaa5e,0.08,false,false,near_mint,de,CHF,2026-07-02T17:23:26.652Z
Japanese Thrash,binder,Cancel,RTR,Return to Ravnica,31,normal,common,1,17391,fd994a26-65ff-43be-8d52-476e887d3ed2,0.19,false,false,near_mint,de,CHF,2026-07-02T17:23:26.651Z
Japanese Thrash,binder,Charity Extractor,WAR,War of the Spark,81,normal,common,1,44323,3594f726-cdbb-4b7d-bcfe-17d5f8cd5228,0.06,false,false,near_mint,de,CHF,2026-07-02T17:23:26.648Z
Japanese Thrash,binder,Eternal Taskmaster,WAR,War of the Spark,90,normal,uncommon,1,44314,7789188e-5caa-4500-b3e4-bb95f7657903,0.07,false,false,near_mint,de,CHF,2026-07-02T17:23:26.642Z
Japanese Thrash,binder,Whisper Squad,IKO,Ikoria: Lair of Behemoths,105,normal,common,1,49972,097eeb32-cfd5-4adb-ac30-d7762e6ea48f,0.12,false,false,near_mint,de,CHF,2026-07-02T17:23:26.629Z
Japanese Thrash,binder,Blood Curdle,IKO,Ikoria: Lair of Behemoths,75,normal,common,1,50002,4184c851-1419-476c-ba9c-9f0cb1137114,0.16,false,false,near_mint,de,CHF,2026-07-02T17:23:26.628Z
Japanese Thrash,binder,Mutual Destruction,IKO,Ikoria: Lair of Behemoths,96,normal,common,1,49981,85ac0b25-80bf-4871-a6f6-5cf4d5b9496e,0.1,false,false,near_mint,de,CHF,2026-07-02T17:23:26.627Z
Japanese Thrash,binder,Durable Coilbug,IKO,Ikoria: Lair of Behemoths,85,normal,common,1,49992,a0cbdfb6-c029-440f-bc07-c95e03c20110,0.13,false,false,near_mint,de,CHF,2026-07-02T17:23:26.626Z
Japanese Thrash,binder,Wardscale Crocodile,WAR,War of the Spark,183,normal,common,1,44221,aa5341b9-06e4-4360-a75d-f405d468276e,0.1,false,false,near_mint,de,CHF,2026-07-02T17:23:26.622Z
Japanese Thrash,binder,Chandra's Pyrohelix,WAR,War of the Spark,120,normal,common,1,44284,1c482f51-9222-4e9e-a9fd-bb14a0afe156,0.14,false,false,near_mint,de,CHF,2026-07-02T17:23:26.616Z
Japanese Thrash,binder,Raging Kronch,WAR,War of the Spark,141,normal,common,1,44263,ae38aa2d-6c0e-409a-bfc7-ed4281457670,0.07,false,false,near_mint,de,CHF,2026-07-02T17:23:26.602Z
Japanese Thrash,binder,Ajani's Pridemate,CLU,Ravnica: Clue Edition,52,normal,uncommon,2,90681,1796b260-7053-4d68-9918-c7392e312d10,0.18,false,false,near_mint,de,CHF,2026-07-02T17:23:26.594Z
Japanese Thrash,binder,Goblin Assault Team,WAR,War of the Spark,129,normal,common,3,44275,880047fd-d258-40fb-bcd5-37cb26678dfe,0.05,false,false,near_mint,de,CHF,2026-07-02T17:23:26.609Z
Japanese Thrash,binder,Human Soldier,TIKO,Ikoria: Lair of Behemoths Tokens,3,normal,common,2,49686,90de6d1e-e654-4f4a-8014-061ce69e540f,0.13,false,false,near_mint,de,CHF,2026-07-02T17:23:26.618Z
Japanese Thrash,binder,Vraska's Finisher,WAR,War of the Spark,112,normal,common,2,44292,f89fa379-7fae-4fbf-8e31-0ef3645353c5,0.12,false,false,near_mint,de,CHF,2026-07-02T17:23:26.623Z
Japanese Thrash,binder,Kaya's Ghostform,WAR,War of the Spark,94,normal,common,2,44310,98f3be88-24e2-433f-9138-f0cb59d09a0f,2.2,false,false,near_mint,de,CHF,2026-07-02T17:23:26.637Z
Japanese Thrash,binder,Startling Development,IKO,Ikoria: Lair of Behemoths,68,normal,common,2,50009,a12680db-957f-48c1-9062-2edd9115ba26,0.13,false,false,near_mint,de,CHF,2026-07-02T17:23:26.658Z
Japanese Thrash,binder,God-Pharaoh's Statue,WAR,War of the Spark,238,normal,uncommon,5,44166,7dce06ba-c1e1-45ec-82a7-fc10b0fa8870,0.5,false,false,near_mint,de,CHF,2026-07-02T17:23:26.661Z
Japanese Thrash,binder,Ugin's Conjurant,WAR,War of the Spark,3,normal,uncommon,3,44401,9957ecca-5ea0-446f-bfd3-46c2aaa42f08,0.11,false,false,near_mint,de,CHF,2026-07-02T17:23:26.663Z
Japanese Thrash,binder,Memory Leak,IKO,Ikoria: Lair of Behemoths,95,normal,common,2,49982,3b45a493-a1c2-430e-a45c-abc1ba554877,0.1,false,false,near_mint,de,CHF,2026-07-02T17:23:26.683Z
Japanese Thrash,binder,Secret Base,UST,Unstable,165d,normal,common,2,3079,fb35c658-0a3f-4079-b565-a491061090f0,0.14,false,false,near_mint,de,CHF,2026-07-02T17:23:26.696Z
Japanese Thrash,binder,Island,ICE,Ice Age,370,normal,common,2,39439,82f11c42-9d67-4833-9519-e165e6a7e9c4,0.47,false,false,near_mint,de,CHF,2026-07-02T17:23:26.709Z
Japanese Thrash,binder,Island,ICE,Ice Age,368,normal,common,2,39441,ef2d6fc9-ddad-4dd2-b218-afa1a5449b7e,0.49,false,false,near_mint,de,CHF,2026-07-02T17:23:26.711Z
Japanese Thrash,binder,High Sentinels of Arashin,MOC,March of the Machine Commander,189,normal,rare,1,81976,d46b34ed-88a4-4868-9ce3-b91901e600d3,0.15,false,false,near_mint,de,CHF,2026-07-02T17:34:57.848Z
Japanese Thrash,binder,Wren's Run Packmaster,CMA,Commander Anthology,171,normal,rare,1,5115,a44a2d69-df93-475b-8233-f73d8402594a,0.82,false,false,near_mint,de,CHF,2026-07-02T17:34:57.847Z
Japanese Thrash,binder,Swamp,PCA,Planechase Anthology,146,normal,common,1,6535,7c4291fe-eefc-4649-a768-568ae712fe01,0.29,false,false,near_mint,de,CHF,2026-07-02T17:34:57.846Z
Japanese Thrash,binder,Inspired Charge,M20,Core Set 2020,24,normal,common,1,45437,43479f67-57b2-4a99-8928-10fc9dde33b9,0.1,false,false,near_mint,de,CHF,2026-07-02T17:34:57.845Z
Japanese Thrash,binder,Common Iguana,UND,Unsanctioned,50,normal,common,5,47312,487de7fb-51b5-48bf-89cc-a0539ac1b994,0.06,false,false,near_mint,de,CHF,2026-07-02T17:34:57.831Z
Japanese Thrash,binder,Robo-,UST,Unstable,157,normal,uncommon,1,3090,b4d54442-caca-412d-a716-032eaa587944,0.11,false,false,near_mint,de,CHF,2026-07-02T17:34:57.829Z
Japanese Thrash,binder,Enraged Killbot,UST,Unstable,145d,normal,common,1,3107,205fb956-6e2a-4b5f-bae3-eb547a8838aa,0.14,false,false,near_mint,de,CHF,2026-07-02T17:34:57.822Z
Japanese Thrash,binder,Aerial Toastmaster,UST,Unstable,2,normal,uncommon,1,3293,b7290b56-22c2-4905-8add-0550a12db082,0.09,false,false,near_mint,de,CHF,2026-07-02T17:34:57.812Z
Japanese Thrash,binder,Success!,UST,Unstable,24,normal,common,1,3263,cf598741-c252-4388-979f-ad7392c8bf36,0.05,false,false,near_mint,de,CHF,2026-07-02T17:34:57.803Z
Japanese Thrash,binder,Defective Detective,UST,Unstable,32,normal,common,1,3255,42f829be-d4f5-4231-a45d-1869222e5e24,0.05,false,false,near_mint,de,CHF,2026-07-02T17:34:57.789Z
Japanese Thrash,binder,Lackey Recycler,UST,Unstable,193,normal,common,1,3050,5f7bc397-eb40-4647-a06c-d3f427eb8c3a,0.1,false,false,near_mint,de,CHF,2026-07-02T17:34:57.783Z
Japanese Thrash,binder,Shellephant,UST,Unstable,121,normal,uncommon,2,3134,dad58131-2bfe-4796-ab7d-44364a0d0acc,0.09,false,false,near_mint,de,CHF,2026-07-02T17:34:57.770Z
Japanese Thrash,binder,Five-Finger Discount,UST,Unstable,33,normal,uncommon,1,3254,ab2655be-7c53-4350-86ee-6c0053809b59,0.15,false,false,near_mint,de,CHF,2026-07-02T17:34:57.769Z
Japanese Thrash,binder,More or Less,UST,Unstable,40,normal,uncommon,2,3247,b111425a-adaa-4938-88a1-6fdd0bcecc39,0.18,false,false,near_mint,de,CHF,2026-07-02T17:34:57.768Z
Japanese Thrash,binder,Amateur Auteur,UST,Unstable,3c,normal,common,3,3290,74b77675-cf32-477f-8fdb-cbfa99c6de17,0.11,false,false,near_mint,de,CHF,2026-07-02T17:34:57.766Z
Japanese Thrash,binder,First Pick,UST,Unstable,109,normal,uncommon,1,3151,16c5fb06-7371-421e-bab6-e0a5c3123948,0.12,false,false,near_mint,de,CHF,2026-07-02T17:34:57.765Z
Japanese Thrash,binder,Super-Duper Death Ray,UND,Unsanctioned,59,normal,uncommon,2,47303,c5b0255d-0dde-4a0c-b5fd-70ac4b72133e,0.11,false,false,near_mint,de,CHF,2026-07-02T17:34:57.763Z
Japanese Thrash,binder,Steamflogger Temp,UST,Unstable,95,normal,uncommon,2,3171,42a67262-a5f9-4830-97df-ecaaff2badc1,0.12,false,false,near_mint,de,CHF,2026-07-02T17:34:57.762Z
Japanese Thrash,binder,Zombified,UST,Unstable,75,normal,uncommon,1,3196,64e2d319-f03b-4a39-a177-07161e72c416,0.1,false,false,near_mint,de,CHF,2026-07-02T17:34:57.760Z
Japanese Thrash,binder,"""Rumors of My Death . . .""",UST,Unstable,65,normal,uncommon,1,3211,cb3587b9-e727-4f37-b4d6-1baa7316262f,0.08,false,false,near_mint,de,CHF,2026-07-02T17:34:57.759Z
Japanese Thrash,binder,Overt Operative,UST,Unstable,64,normal,uncommon,1,3212,bb3492b7-325b-40f4-b84f-cd1ba1d0256e,0.16,false,false,near_mint,de,CHF,2026-07-02T17:34:57.758Z
Japanese Thrash,binder,Socketed Sprocketer,UST,Unstable,44,normal,uncommon,1,3240,5bd90f0f-9009-4002-86ae-3353843735c7,0.13,false,false,near_mint,de,CHF,2026-07-02T17:34:57.757Z
Japanese Thrash,binder,Side Quest,UST,Unstable,23,normal,uncommon,1,3264,a5f79554-5e9f-45aa-94ed-e765ee933fd3,0.1,false,false,near_mint,de,CHF,2026-07-02T17:34:57.756Z
Japanese Thrash,binder,Crow Storm,UST,Unstable,31,normal,uncommon,1,3256,f5e0713c-8358-46fc-9618-66a986d681cb,0.34,false,false,near_mint,de,CHF,2026-07-02T17:34:57.755Z
Japanese Thrash,binder,Applied Aeronautics,UST,Unstable,168,normal,common,1,3075,8dcd1fe5-1b80-45eb-921d-8d1a90816754,0.07,false,false,near_mint,de,CHF,2026-07-02T17:34:57.753Z
Japanese Thrash,binder,"Finders, Keepers",UST,Unstable,55,normal,common,1,3221,5f4b7148-e98f-40a4-95e3-ffdd2daa324b,0.08,false,false,near_mint,de,CHF,2026-07-02T17:34:57.752Z
Japanese Thrash,binder,Painiac,UND,Unsanctioned,55,normal,common,4,47307,33292b84-331d-490f-b96e-43341b367df0,0.1,false,false,near_mint,de,CHF,2026-07-02T17:34:57.747Z
Japanese Thrash,binder,Blurry Beeble,UST,Unstable,27,normal,common,2,3260,1a1a368e-51da-454d-a474-ff14fd2e7b76,0.09,false,false,near_mint,de,CHF,2026-07-02T17:34:57.745Z
Japanese Thrash,binder,Ground Pounder,UST,Unstable,110,normal,common,3,3150,c39f8801-4dff-4192-a783-2b5dfda24784,0.05,false,false,near_mint,de,CHF,2026-07-02T17:34:57.744Z
Japanese Thrash,binder,Stinging Scorpion,UND,Unsanctioned,46,normal,common,2,47316,67248450-7135-43ed-a1ec-d8a2da556066,0.06,false,false,near_mint,de,CHF,2026-07-02T17:34:57.741Z
Japanese Thrash,binder,Humming-,UND,Unsanctioned,7,normal,common,1,47355,7cdb8d36-92e3-43b5-b9ce-79cb8d2bfd76,0.06,false,false,near_mint,de,CHF,2026-07-02T17:34:57.740Z
Japanese Thrash,binder,Border Guardian,UST,Unstable,140,normal,uncommon,1,3115,480e3b96-f7fa-4dcc-a956-6b48d55097c9,0.09,false,false,near_mint,de,CHF,2026-07-02T17:34:57.735Z
Japanese Thrash,binder,Clock of DOOOOOOOOOOOOM!,UST,Unstable,142,normal,uncommon,1,3113,d5765e68-20ee-43dc-a0d5-8e777719de44,0.12,false,false,near_mint,de,CHF,2026-07-02T17:34:57.734Z
Japanese Thrash,binder,Beast in Show,UST,Unstable,103c,normal,common,2,3158,c90b6269-7406-40c9-8d4c-3448698a1fdd,0.07,false,false,near_mint,de,CHF,2026-07-02T17:34:57.730Z
Japanese Thrash,binder,Chivalrous Chevalier,UST,Unstable,5,normal,common,1,3287,94393ae5-5cae-4818-aed4-3a6b7c3eba76,0.06,false,false,near_mint,de,CHF,2026-07-02T17:34:57.726Z
Japanese Thrash,binder,It That Gets Left Hanging,UST,Unstable,89,normal,common,3,3177,c1131b87-8e59-47e7-a760-848a455c82b0,0.1,false,false,near_mint,de,CHF,2026-07-02T17:34:57.725Z
Japanese Thrash,binder,Target Minotaur,UST,Unstable,98b,normal,common,1,3167,807812cc-74a2-4609-9555-7e0a2463090e,0.13,false,false,near_mint,de,CHF,2026-07-02T17:34:57.723Z
Japanese Thrash,binder,Beast in Show,UST,Unstable,103d,normal,common,1,3157,9f7191d7-2c2c-470e-a2b6-eeb8f3031cc2,0.09,false,false,near_mint,de,CHF,2026-07-02T17:34:57.719Z
Japanese Thrash,binder,Eager Beaver,UST,Unstable,107,normal,common,3,3153,b07ec8f9-ffa9-43e9-bd75-babf3f8ed322,0.06,false,false,near_mint,de,CHF,2026-07-02T17:34:57.718Z
Japanese Thrash,binder,Hammer Helper,UST,Unstable,85,normal,common,4,3181,84d58edc-0881-4bfb-aa47-143741cd66e7,0.06,false,false,near_mint,de,CHF,2026-07-02T17:34:57.716Z
Japanese Thrash,binder,Steady-Handed Mook,UST,Unstable,71,normal,common,2,3200,13a393ca-3bb1-4da2-9ece-6421b3814091,0.04,false,false,near_mint,de,CHF,2026-07-02T17:34:57.715Z
Japanese Thrash,binder,Extremely Slow Zombie,UST,Unstable,54a,normal,common,1,3225,49a2f09c-60b8-4020-a4f6-f3d51600b234,0.23,false,false,near_mint,de,CHF,2026-07-02T17:34:57.712Z
Japanese Thrash,binder,Work a Double,UST,Unstable,100,normal,common,3,3163,c0b4cf5c-ac9e-45d4-ae4e-ce0162e9f5bb,0.08,false,false,near_mint,de,CHF,2026-07-02T17:34:57.711Z
Japanese Thrash,binder,Novellamental,UST,Unstable,41d,normal,common,6,3243,1bffb474-4f90-47ec-ae45-833ea825049e,0.15,false,false,near_mint,de,CHF,2026-07-02T17:34:57.709Z
Japanese Thrash,binder,Subcontract,UST,Unstable,73,normal,common,2,3198,c349f19b-1f9e-4541-943a-a6933d01ad73,0.04,false,false,near_mint,de,CHF,2026-07-02T17:34:57.707Z
Japanese Thrash,binder,Gnome-Made Engine,UST,Unstable,148,normal,common,2,3099,2c110c56-cf58-4c04-a567-c55928f5d640,0.08,false,false,near_mint,de,CHF,2026-07-02T17:34:57.705Z
Japanese Thrash,binder,Feisty Stegosaurus,UST,Unstable,81,normal,common,4,3190,4f49ff5d-292d-432a-8548-aed8cb0d98ea,0.06,false,false,near_mint,de,CHF,2026-07-02T17:34:57.704Z
Japanese Thrash,binder,Wild Crocodile,UND,Unsanctioned,74,normal,common,3,47288,44af3038-5106-42e3-b9ed-29db209de4d1,0.1,false,false,near_mint,de,CHF,2026-07-02T17:34:57.701Z
Japanese Thrash,binder,Tread Mill,UST,Unstable,208,normal,common,1,3035,70d2f8f3-7bd0-4775-806b-1583da4814a5,0.11,false,false,near_mint,de,CHF,2026-07-02T17:34:57.700Z
Japanese Thrash,binder,Neural Network,UST,Unstable,195,normal,uncommon,1,3048,d2b8f6cd-04d1-4c99-9fac-e606b08e750a,0.14,false,false,near_mint,de,CHF,2026-07-02T17:34:57.698Z
Japanese Thrash,binder,Targeting Rocket,UST,Unstable,205,normal,uncommon,1,3038,52882b9b-fbf2-405e-9eee-ddb434874070,0.16,false,false,near_mint,de,CHF,2026-07-02T17:34:57.697Z
Japanese Thrash,binder,Top-Secret Tunnel,UST,Unstable,207,normal,common,3,3036,d2d5f6ce-1c39-453a-8edf-5461a9db8b8f,0.08,false,false,near_mint,de,CHF,2026-07-02T17:34:57.694Z
Japanese Thrash,binder,Sap Sucker,UST,Unstable,203,normal,common,2,3040,fd8d38a8-e835-4314-80eb-6a574756431d,0.08,false,false,near_mint,de,CHF,2026-07-02T17:34:57.693Z
Japanese Thrash,binder,Boomflinger,UST,Unstable,172,normal,common,3,3071,a6fb2587-6661-4596-9fcb-15f97aeedd37,0.06,false,false,near_mint,de,CHF,2026-07-02T17:34:57.696Z
Japanese Thrash,binder,Steam-Powered,UST,Unstable,161,normal,uncommon,4,3086,be251636-acbe-4bbc-97f6-de583d0769b6,0.14,false,false,near_mint,de,CHF,2026-07-02T17:34:57.699Z
Japanese Thrash,binder,Big Boa Constrictor,UST,Unstable,51,normal,common,2,3228,e30980d4-b12e-4504-b257-c920b073fd91,0.06,false,false,near_mint,de,CHF,2026-07-02T17:34:57.702Z
Japanese Thrash,binder,Multi-Headed,UST,Unstable,117,normal,common,3,3138,abe9fdfa-c361-465e-9639-097d441a3f74,0.07,false,false,near_mint,de,CHF,2026-07-02T17:34:57.703Z
Japanese Thrash,binder,Shaggy Camel,UST,Unstable,22,normal,common,3,3265,483ab3dd-f2d5-49c8-b380-562236709561,0.06,false,false,near_mint,de,CHF,2026-07-02T17:34:57.706Z
Japanese Thrash,binder,Voracious Vacuum,UST,Unstable,164,normal,common,7,3083,8ffcbb9f-a605-4f7f-a005-b237b4f60052,0.1,false,false,near_mint,de,CHF,2026-07-02T17:34:57.708Z
Japanese Thrash,binder,Dirty Rat,UND,Unsanctioned,34,normal,common,4,47328,17596a17-b062-41e9-a8c6-76fb67e36e48,0.13,false,false,near_mint,de,CHF,2026-07-02T17:34:57.710Z
Japanese Thrash,binder,Bumbling Pangolin,UST,Unstable,78,normal,common,12,3193,4930b9d5-939f-4463-9f9a-235aa3a4f8c4,0.07,false,false,near_mint,de,CHF,2026-07-02T17:34:57.714Z
Japanese Thrash,binder,Wall of Fortune,UND,Unsanctioned,30,normal,common,6,47332,7d09f247-99c6-4038-9cd1-7c4ccc3d7005,0.07,false,false,near_mint,de,CHF,2026-07-02T17:34:57.717Z
Japanese Thrash,binder,Curious Killbot,UST,Unstable,145a,normal,common,3,3110,51a2b7e0-1f6c-4c17-9648-2d74d7789442,0.14,false,false,near_mint,de,CHF,2026-07-02T17:34:57.720Z
Japanese Thrash,binder,GO TO JAIL,UND,Unsanctioned,6,normal,common,3,47356,d40eb8f1-7dec-47cd-99dd-b6147ad5593d,0.14,false,false,near_mint,de,CHF,2026-07-02T17:34:57.722Z
Japanese Thrash,binder,Numbing Jellyfish,UST,Unstable,42,normal,common,5,3242,752537c6-ee47-46c5-a6c7-cbf16e3a1dcf,0.09,false,false,near_mint,de,CHF,2026-07-02T17:34:57.727Z
Japanese Thrash,binder,Stamp of Approval,UST,Unstable,160,normal,uncommon,2,3087,e832a07d-b417-47fa-8a29-c31f590c2e59,0.06,false,false,near_mint,de,CHF,2026-07-02T17:34:57.732Z
Japanese Thrash,binder,Box of Free-Range Goblins,UST,Unstable,77,normal,common,9,3194,6964c3d5-4bb7-46b1-a057-878af73f2e5f,0.14,false,false,near_mint,de,CHF,2026-07-02T17:34:57.739Z
Japanese Thrash,binder,Snickering Squirrel,UND,Unsanctioned,45,normal,common,2,47317,98469f4c-40b6-4ca8-886f-6d1879641641,0.08,false,false,near_mint,de,CHF,2026-07-02T17:34:57.742Z
Japanese Thrash,binder,Gimme Five,UST,Unstable,7,normal,uncommon,3,3285,587ddc67-99ac-490d-93e1-e90a72b55ade,0.13,false,false,near_mint,de,CHF,2026-07-02T17:34:57.754Z
Japanese Thrash,binder,Goblin Haberdasher,UND,Unsanctioned,51,normal,uncommon,2,47311,0c0520e8-794e-403e-855c-2cb4ba79189d,0.12,false,false,near_mint,de,CHF,2026-07-02T17:34:57.761Z
Japanese Thrash,binder,Head Banger,UST,Unstable,188,normal,common,4,3055,32c3fc99-227b-402e-9b33-07bbec9a7699,0.12,false,false,near_mint,de,CHF,2026-07-02T17:34:57.771Z
Japanese Thrash,binder,Turbo-Thwacking Auto-Hammer,UST,Unstable,209,normal,uncommon,4,3034,be96ad59-cec0-4b82-877d-7ffa2755cebf,0.19,false,false,near_mint,de,CHF,2026-07-02T17:34:57.772Z
Japanese Thrash,binder,Buzz Buggy,UST,Unstable,173,normal,common,4,3070,f7bac075-aa1f-4c8a-9d82-8b6c1ff9b97a,0.05,false,false,near_mint,de,CHF,2026-07-02T17:34:57.774Z
Japanese Thrash,binder,Dual Doomsuits,UST,Unstable,179,normal,rare,3,3064,d5c91e63-284e-4403-af01-0cfe6af914c1,0.16,false,false,near_mint,de,CHF,2026-07-02T17:34:57.785Z
Japanese Thrash,binder,"Half-Shark, Half-",UST,Unstable,35,normal,uncommon,3,3252,f4e36f79-4621-4f0c-be98-90c2efb2ace7,0.19,false,false,near_mint,de,CHF,2026-07-02T17:34:57.790Z
Japanese Thrash,binder,Magic Word,UND,Unsanctioned,24,normal,common,12,47338,111f985b-d33e-4ecd-93d4-1be4a730463b,0.08,false,false,near_mint,de,CHF,2026-07-02T17:34:57.792Z
Japanese Thrash,binder,Midlife Upgrade,UST,Unstable,14,normal,uncommon,3,3273,bb6e37a1-0dfd-4b8a-83d1-8f6d99123516,0.07,false,false,near_mint,de,CHF,2026-07-02T17:34:57.805Z
Japanese Thrash,binder,Mad Science Fair Project,UST,Unstable,154,normal,common,6,3093,82b605c5-c2fa-452d-a062-8ca67c1d5243,0.09,false,false,near_mint,de,CHF,2026-07-02T17:34:57.816Z
Japanese Thrash,binder,Delighted Killbot,UST,Unstable,145b,normal,common,5,3109,8aa7a8ac-65ed-4f16-9f31-08183f97da74,0.16,false,false,near_mint,de,CHF,2026-07-02T17:34:57.823Z
Japanese Thrash,binder,Swamp,CLU,Ravnica: Clue Edition,263,normal,common,8,90792,3813bf1d-470f-408b-ad6b-aa9e20124b88,0.16,false,false,near_mint,de,CHF,2026-07-02T17:34:57.832Z
Japanese Thrash,binder,Mountain,CLU,Ravnica: Clue Edition,266,normal,common,5,90633,0826bec4-1958-4b5a-89be-70a4801e2384,0.12,false,false,near_mint,de,CHF,2026-07-02T17:34:57.840Z
Japanese Thrash,binder,Mountain,CLU,Ravnica: Clue Edition,267,normal,common,4,91075,9e132fac-ee5b-486d-bd4b-d534134acf1a,0.17,false,false,near_mint,de,CHF,2026-07-02T17:34:57.849Z
Japanese Thrash,binder,Forest,CLU,Ravnica: Clue Edition,272,normal,common,3,91185,c38eb2f7-def3-4884-8825-56b8b8884f11,0.1,false,false,near_mint,de,CHF,2026-07-02T17:34:57.853Z
Japanese Thrash,binder,Hammer Jammer,UST,Unstable,86,normal,uncommon,1,3180,e72e613e-817c-42c4-8124-407a85f633b3,0.14,false,false,near_mint,de,CHF,2026-07-02T18:04:33.474Z
Japanese Thrash,binder,Price of Freedom,TLA,Avatar: The Last Airbender,149,normal,uncommon,1,109503,9fbe94e9-a71d-4a31-9210-c599abe08e3f,0.28,false,false,near_mint,de,CHF,2026-07-02T18:04:33.469Z
Japanese Thrash,binder,Forest,ATH,Anthologies,84,normal,common,1,35534,3f34c451-fdb4-4f73-9e27-203b72ba1843,0.36,false,false,near_mint,de,CHF,2026-07-02T18:04:33.450Z
Japanese Thrash,binder,Amateur Auteur,UST,Unstable,3b,normal,common,1,3291,9cd9d460-733f-44e5-a174-98b5636dc13c,0.19,false,false,near_mint,de,CHF,2026-07-02T18:04:33.441Z
Japanese Thrash,binder,Blade Juggler,CLU,Ravnica: Clue Edition,106,normal,common,1,90824,42665f2d-0815-44d9-a5a9-c7ec4226bcf0,0.1,false,false,near_mint,de,CHF,2026-07-02T18:04:33.434Z
Japanese Thrash,binder,Sphinx of New Prahv,RVR,Ravnica Remastered,227,normal,uncommon,1,89798,8e858971-4084-47cc-8b13-a933891456b6,0.07,false,false,near_mint,de,CHF,2026-07-02T18:04:33.432Z
Japanese Thrash,binder,Consecrate // Consume,RNA,Ravnica Allegiance,224,normal,uncommon,1,43641,00320106-ce51-46a9-b0f9-79b3baf4e505,0.17,false,false,near_mint,de,CHF,2026-07-02T18:04:33.431Z
Japanese Thrash,binder,Final Payment,RNA,Ravnica Allegiance,171,normal,common,1,43694,49a21a8f-9c7b-4ae8-8635-f2ee2151c8de,0.06,false,false,near_mint,de,CHF,2026-07-02T18:04:33.427Z
Japanese Thrash,binder,Captivating Glance,LRW,Lorwyn,55,normal,uncommon,1,25387,642be353-a46a-4d14-a35a-7716fd552870,0.34,false,false,near_mint,de,CHF,2026-07-02T18:04:33.426Z
Japanese Thrash,binder,Scattering Stroke,CMD,Commander 2011,60,normal,uncommon,1,19554,20652385-465f-408b-adea-13a14fb05642,0.26,false,false,near_mint,de,CHF,2026-07-02T18:04:33.425Z
Japanese Thrash,binder,Maulfist Squad,KLD,Kaladesh,91,normal,common,1,7552,5e4cd13a-66b6-4c65-a5a0-82f93145d16a,0.02,false,false,near_mint,de,CHF,2026-07-02T18:04:33.424Z
Japanese Thrash,binder,Ambitious Aetherborn,KLD,Kaladesh,72,normal,common,1,7571,80cb628e-fa83-4d7e-92cb-8779ea02193f,0.03,false,false,near_mint,de,CHF,2026-07-02T18:04:33.423Z
Japanese Thrash,binder,Emancipation Angel,UMA,Ultimate Masters,15,normal,uncommon,1,43484,189e0728-94e3-43af-a341-d2bbb33b6b32,0.19,false,false,near_mint,de,CHF,2026-07-02T18:04:33.420Z
Japanese Thrash,binder,Wispweaver Angel,KLD,Kaladesh,35,normal,uncommon,1,7608,57300d02-faad-43b2-afa9-023d1c3a0901,0.19,false,false,near_mint,de,CHF,2026-07-02T18:04:33.419Z
Japanese Thrash,binder,"Callaphe, Beloved of the Sea",THB,Theros Beyond Death,260,normal,uncommon,1,46802,69641e64-d4f5-4654-8da8-9eb9a71e51c8,0.14,false,false,near_mint,de,CHF,2026-07-02T18:04:33.418Z
Japanese Thrash,binder,Mother Kangaroo,UND,Unsanctioned,66,normal,common,1,47296,933630cb-e812-436e-a35e-8247557f72a3,0.11,false,false,near_mint,de,CHF,2026-07-02T18:04:33.410Z
Japanese Thrash,binder,Adorable Kitten,UND,Unsanctioned,1,normal,common,1,47361,d25ff6aa-a01d-49f2-926f-8f5457143b5c,0.17,false,false,near_mint,de,CHF,2026-07-02T18:04:33.408Z
Japanese Thrash,binder,Staff of the Letter Magus,UST,Unstable,159,normal,uncommon,1,3088,16e57af4-b126-41e1-979a-7bce8f75217e,0.12,false,false,near_mint,de,CHF,2026-07-02T18:04:33.404Z
Japanese Thrash,binder,Contraption Cannon,UST,Unstable,144,normal,uncommon,1,3111,0a2253a4-5ebe-488c-9715-15917408006f,0.1,false,false,near_mint,de,CHF,2026-07-02T18:04:33.402Z
Japanese Thrash,binder,Buzzing Whack-a-Doodle,UST,Unstable,141,normal,uncommon,1,3114,4e18540e-6a64-4f0e-89d4-bd67c41194c6,0.17,false,false,near_mint,de,CHF,2026-07-02T18:04:33.401Z
Japanese Thrash,binder,Monkey-,UST,Unstable,115,normal,uncommon,1,3140,569f48f9-db8c-458d-b1c8-fed5fd844bfd,0.11,false,false,near_mint,de,CHF,2026-07-02T18:04:33.398Z
Japanese Thrash,binder,Party Crasher,UST,Unstable,92,normal,uncommon,1,3174,597f3203-e79c-47af-8c3d-b37c0537de34,0.14,false,false,near_mint,de,CHF,2026-07-02T18:04:33.396Z
Japanese Thrash,binder,Old-Fashioned Vampire,UST,Unstable,62,normal,uncommon,1,3214,a2c576ec-bb05-446b-8b0b-20d4246831ee,0.15,false,false,near_mint,de,CHF,2026-07-02T18:04:33.394Z
Japanese Thrash,binder,"Half-Kitten, Half-",UST,Unstable,9,normal,uncommon,1,3283,bf0053e1-96c7-40cd-84b2-b213195199c9,0.24,false,false,near_mint,de,CHF,2026-07-02T18:04:33.389Z
Japanese Thrash,binder,Teacher's Pet,UST,Unstable,25,normal,uncommon,1,3262,942dd271-396c-4c79-9f67-20f2a494eb74,0.11,false,false,near_mint,de,CHF,2026-07-02T18:04:33.388Z
Japanese Thrash,binder,Animate Library,UST,Unstable,26,normal,rare,1,3261,add4f168-c69e-4045-9725-47208ef69935,0.39,false,false,near_mint,de,CHF,2026-07-02T18:04:33.387Z
Japanese Thrash,binder,Auto-Key,UST,Unstable,170,normal,common,1,3073,29dcdef4-7898-4620-a176-fcabd3f1fa4f,0.13,false,false,near_mint,de,CHF,2026-07-02T18:04:33.385Z
Japanese Thrash,binder,Mandatory Friendship Shackles,UST,Unstable,194,normal,common,1,3049,e6ad93ba-dd05-4a29-ac36-2b9b4474309a,0.08,false,false,near_mint,de,CHF,2026-07-02T18:04:33.384Z
Japanese Thrash,binder,Quick-Stick Lick Trick,UST,Unstable,199,normal,common,1,3044,8eccf9ee-3909-49d4-b489-fe0798d1a3a1,0.11,false,false,near_mint,de,CHF,2026-07-02T18:04:33.382Z
Japanese Thrash,binder,Insufferable Syphon,UST,Unstable,191,normal,uncommon,1,3052,0741c7b2-0e1e-42ed-aa97-5b3ba123d44f,0.18,false,false,near_mint,de,CHF,2026-07-02T18:04:33.379Z
Japanese Thrash,binder,Soul Kiss,ICE,Ice Age,162,normal,common,1,39647,42fbf6a5-86fe-41a3-891e-f72f11ad0aee,0.11,false,false,near_mint,de,CHF,2026-07-02T18:04:33.364Z
Japanese Thrash,binder,Just Desserts,UST,Unstable,90,normal,common,1,3176,f7b9e63f-4cf5-454d-a368-d5cce2529272,0.1,false,false,near_mint,de,CHF,2026-07-02T18:04:33.348Z
Japanese Thrash,binder,capital offense,UST,Unstable,52,normal,common,1,3227,4a8a98f2-c777-4dc0-ab68-2b1df7ce1ddd,0.1,false,false,near_mint,de,CHF,2026-07-02T18:04:33.347Z
Japanese Thrash,binder,Extremely Slow Zombie,UST,Unstable,54c,normal,common,1,3223,fc6c930e-a20a-436a-96c4-531c7a4961d7,0.22,false,false,near_mint,de,CHF,2026-07-02T18:04:33.346Z
Japanese Thrash,binder,Ninja,UST,Unstable,61,normal,uncommon,1,3215,ff0c50dc-2bd6-47e3-9ca5-49e38898e774,0.1,false,false,near_mint,de,CHF,2026-07-02T18:04:33.345Z
Japanese Thrash,binder,Ordinary Pony,UND,Unsanctioned,12,normal,common,1,47350,763d2083-2022-4d49-90ab-ec52e584842c,0.14,false,false,near_mint,de,CHF,2026-07-02T18:04:33.344Z
Japanese Thrash,binder,Old Guard,UND,Unsanctioned,11,normal,common,1,47351,d8b0cbc6-fe14-484a-a5ab-ea04d7b9e487,0.06,false,false,near_mint,de,CHF,2026-07-02T18:04:33.341Z
Japanese Thrash,binder,Selfie Preservation,UST,Unstable,119,normal,common,2,3136,88375ad9-50cb-4529-982b-82f9653c69f6,0.06,false,false,near_mint,de,CHF,2026-07-02T18:04:33.340Z
Japanese Thrash,binder,Target Minotaur,UST,Unstable,98d,normal,common,2,3165,20a2cdb5-18a8-4fb2-8eb8-920c95beeea9,0.07,false,false,near_mint,de,CHF,2026-07-02T18:04:33.357Z
Japanese Thrash,binder,Squirrel Dealer,UST,Unstable,123,normal,common,3,3132,89757c05-72af-4bfe-a4c0-abc5d1155b61,0.26,false,false,near_mint,de,CHF,2026-07-02T18:04:33.360Z
Japanese Thrash,binder,Time Out,UND,Unsanctioned,28,normal,common,6,47334,fa86ef21-ef1c-4524-9d06-1792840cbe2e,0.14,false,false,near_mint,de,CHF,2026-07-02T18:04:33.373Z
Japanese Thrash,binder,Amateur Auteur,UST,Unstable,3d,normal,common,2,3289,4da8a4f6-91e2-40fd-8fef-bb4deca39b15,0.16,false,false,near_mint,de,CHF,2026-07-02T18:04:33.386Z
Japanese Thrash,binder,Skull Saucer,UND,Unsanctioned,44,normal,uncommon,2,47318,f80cfcad-c82b-461d-8002-a8e1acddacf2,0.07,false,false,near_mint,de,CHF,2026-07-02T18:04:33.392Z
Japanese Thrash,binder,Lobe Lobber,UST,Unstable,153,normal,uncommon,2,3094,9c7bc6c4-3755-4ae8-8dc2-69ac2d0a6d92,0.21,false,false,near_mint,de,CHF,2026-07-02T18:04:33.399Z
Japanese Thrash,binder,Sacrifice Play,UST,Unstable,21,normal,common,2,3266,d0bc709f-c046-48c4-99a0-e9a3a7e79d66,0.05,false,false,near_mint,de,CHF,2026-07-02T18:04:33.406Z
Japanese Thrash,binder,Angel of Renewal,BFZ,Battle for Zendikar,18,normal,uncommon,2,10333,0f882ac2-3cbc-4548-8c83-d2a7443991df,0.23,false,false,near_mint,de,CHF,2026-07-02T18:04:33.421Z
Japanese Thrash,binder,Mortify,MOC,March of the Machine Commander,337,normal,uncommon,3,81831,9dbb8991-1b2c-4045-be1f-54286027d4a1,0.29,false,false,near_mint,de,CHF,2026-07-02T18:04:33.428Z
Japanese Thrash,binder,Amateur Auteur,UST,Unstable,3a,normal,common,2,3292,f426dc98-daae-4785-8384-d2b2dc2bbaad,0.14,false,false,near_mint,de,CHF,2026-07-02T18:04:33.442Z
Random Booster,binder,"Captain Howler, Sea Scourge",DFT,Aetherdrift,361,normal,rare,1,103215,a8f0f937-5519-4d38-9fc3-46460669bb86,0.77,false,false,near_mint,de,CHF,2026-07-02T22:10:36.581Z
Random Booster,binder,Riptide Gearhulk,DFT,Aetherdrift,219,normal,mythic,1,103487,44bfb0f7-18ca-4f6e-ba64-92120010456e,2.17,false,false,near_mint,de,CHF,2026-07-02T22:10:36.580Z
Random Booster,binder,Lost Monarch of Ifnir,DRC,Aetherdrift Commander,11,normal,rare,1,103272,cae37ab0-9d60-45e9-98cb-e7427e508bc5,0.57,false,false,near_mint,de,CHF,2026-07-02T22:10:36.579Z
Random Booster,binder,Bulwark Ox,DFT,Aetherdrift,333,normal,rare,1,102956,27736f40-a87b-45e4-a0da-accf9433c1fc,0.26,false,false,near_mint,de,CHF,2026-07-02T22:10:36.578Z
Random Booster,binder,Gas Guzzler,DFT,Aetherdrift,338,normal,rare,1,103464,3150199e-9e4f-486d-bfb0-fc2a9feb8536,0.27,false,false,near_mint,de,CHF,2026-07-02T22:10:36.577Z
Random Booster,binder,Thopter,TDFT,Aetherdrift Tokens,10,normal,common,1,103121,78e52380-13a1-44fe-b762-e71261cac3d0,,false,false,near_mint,de,CHF,2026-07-02T22:10:36.576Z
Random Booster,binder,Grim Javelineer,DFT,Aetherdrift,89,normal,common,1,103558,87154116-e306-4e15-bd5a-dcdb5ddbcd36,0.04,false,false,near_mint,de,CHF,2026-07-02T22:10:36.575Z
Random Booster,binder,Keen Buccaneer,DFT,Aetherdrift,48,normal,common,1,103429,0ed90a63-5aca-470a-8e1e-518d8aeb6d91,0.19,false,false,near_mint,de,CHF,2026-07-02T22:10:36.574Z
Random Booster,binder,Gilded Ghoda,DFT,Aetherdrift,130,normal,common,1,103050,55685602-a18c-43a4-ac60-13b039672fa4,0.1,false,false,near_mint,de,CHF,2026-07-02T22:10:36.573Z
Random Booster,binder,Jibbirik Omnivore,DFT,Aetherdrift,166,normal,common,1,103522,68a0569b-65c8-49ce-91ac-e639b8faf939,0.14,false,false,near_mint,de,CHF,2026-07-02T22:10:36.572Z
Random Booster,binder,Air Response Unit,DFT,Aetherdrift,1,normal,uncommon,1,103295,d77c8e29-de24-4664-baf8-959608dd99ca,0.08,false,false,near_mint,de,CHF,2026-07-02T22:10:36.571Z
Random Booster,binder,"Kalakscion, Hunger Tyrant",DFT,Aetherdrift,93,normal,uncommon,1,103435,1214fc6d-ae47-418d-88cc-58633ec2ac7a,0.23,false,false,near_mint,de,CHF,2026-07-02T22:10:36.570Z
Random Booster,binder,Greenbelt Guardian,DFT,Aetherdrift,164,normal,uncommon,1,103459,2f6b0000-5fd3-483b-bac5-f9b888d8755b,0.1,false,false,near_mint,de,CHF,2026-07-02T22:10:36.569Z
Random Booster,binder,Forest,DFT,Aetherdrift,276,normal,common,1,103117,777e868d-cb88-4b8e-99d1-12ff67f5eae2,0.22,false,false,near_mint,de,CHF,2026-07-02T22:10:36.568Z
Random Booster,binder,Midnight Mangler,DFT,Aetherdrift,301,normal,common,1,103025,4aeb6fa4-569e-4ede-94c5-a8f3c28f55e4,0.12,false,false,near_mint,de,CHF,2026-07-02T22:10:36.567Z
Random Booster,binder,Marshals' Pathcruiser,DFT,Aetherdrift,330,normal,uncommon,1,103061,5c4e88ae-7f5c-4dea-add0-a53a6a9bd8e4,0.14,false,false,near_mint,de,CHF,2026-07-02T22:10:36.566Z
Random Booster,binder,Hero,TFIN,Final Fantasy Tokens,4,normal,common,1,106091,a257329e-28b9-4ab6-ae05-f6ce0070cb35,,false,false,near_mint,de,CHF,2026-07-02T22:12:31.177Z
Random Booster,binder,Mountain,FIN,Final Fantasy,304,normal,common,1,105719,d061b9a8-e95d-48ec-a1c9-337433b62dfc,0.23,false,false,near_mint,de,CHF,2026-07-02T22:12:31.176Z
Random Booster,binder,Summon: Choco/Mog,FIN,Final Fantasy,35,normal,common,1,106493,00546117-018a-4286-bc20-b5446c5be56f,0.1,false,false,near_mint,de,CHF,2026-07-02T22:12:31.175Z
Random Booster,binder,"Venat, Heart of Hydaelyn // Hydaelyn, the Mothercrystal",FIN,Final Fantasy,329,normal,rare,1,106624,a9a432dc-6e53-48d2-8fbe-b01bd2cab6dd,5.08,false,false,near_mint,de,CHF,2026-07-02T22:12:31.174Z
Random Booster,binder,Sorceress's Schemes,FIN,Final Fantasy,159,normal,uncommon,1,106582,7efd7627-0754-4685-9d04-8f5f82f45632,0.18,false,false,near_mint,de,CHF,2026-07-02T22:12:31.173Z
Random Booster,binder,"Torgal, A Fine Hound",FIN,Final Fantasy,208,normal,uncommon,1,106422,0f5725aa-42bb-4dfd-9c15-135b38b33da3,0.22,false,false,near_mint,de,CHF,2026-07-02T22:12:31.172Z
Random Booster,binder,Black Waltz No. 3,FIN,Final Fantasy,214,normal,uncommon,1,106696,fe86e41b-b0f6-4aa1-8827-c095c721f304,0.27,false,false,near_mint,de,CHF,2026-07-02T22:12:31.171Z
Random Booster,binder,Magic Pot,FIN,Final Fantasy,263,normal,common,1,106553,57d07ca0-5618-4a90-a605-ca14a193ce3b,0.08,false,false,near_mint,de,CHF,2026-07-02T22:12:31.170Z
Random Booster,binder,Blitzball,FIN,Final Fantasy,254,normal,common,1,106723,92f4ad73-42bf-45c0-8bb6-0b44043c81ef,0.19,false,false,near_mint,de,CHF,2026-07-02T22:12:31.169Z
Random Booster,binder,Instant Ramen,FIN,Final Fantasy,259,normal,common,1,106374,ef7011f4-fc08-4b15-973d-d15357cbe744,0.19,false,false,near_mint,de,CHF,2026-07-02T22:12:31.168Z
Random Booster,binder,Dwarven Castle Guard,FIN,Final Fantasy,18,normal,common,1,106454,e17c0d27-e88d-4ba9-acbb-3f916cee3d7e,0.03,false,false,near_mint,de,CHF,2026-07-02T22:12:31.167Z
Random Booster,binder,Sabotender,FIN,Final Fantasy,153,normal,common,2,106513,12df1295-8b08-4c8e-bac9-55b4f514c0be,0.24,false,false,near_mint,de,CHF,2026-07-02T22:12:31.166Z
Random Booster,binder,Rook Turret,FIN,Final Fantasy,69,normal,common,1,106541,4572884d-0c0e-41e7-b219-f76b95fdbd01,0.14,false,false,near_mint,de,CHF,2026-07-02T22:12:31.165Z
Random Booster,binder,Chocobo Kick,FIN,Final Fantasy,178,normal,common,1,106698,ff8c8be0-8223-499c-8704-cb68e0a42ce2,0.12,false,false,near_mint,de,CHF,2026-07-02T22:12:31.164Z
Random Booster,binder,Vayne's Treachery,FIN,Final Fantasy,124,normal,common,1,106569,6de6d23b-7d42-41c1-be1c-010fe43ee586,0.12,false,false,near_mint,de,CHF,2026-07-02T22:12:31.163Z
Random Booster,binder,"Vector, Imperial Capital",FIN,Final Fantasy,291,normal,common,1,106512,10e5648e-4884-41e3-95f8-c76f6bca01e2,0.16,false,false,near_mint,de,CHF,2026-07-02T22:13:57.733Z
Random Booster,binder,Light Up the Stage,FCA,Final Fantasy: Through the Ages,39,normal,uncommon,1,106407,686150d8-1d01-4c4f-8e4d-61ada78d6859,0.23,false,false,near_mint,de,CHF,2026-07-02T22:13:57.731Z
Random Booster,binder,"Firion, Wild Rose Warrior",FIN,Final Fantasy,137,normal,rare,1,105673,98366937-d15b-4a66-b9f6-878d50b63871,0.45,false,false,near_mint,de,CHF,2026-07-02T22:13:57.730Z
Random Booster,binder,"Sidequest: Hunt the Mark // Yiazmat, Ultimate Mark",FIN,Final Fantasy,119,normal,uncommon,1,106646,c3eb2ae5-10de-4c3d-91c8-8734befc80b2,0.15,false,false,near_mint,de,CHF,2026-07-02T22:13:57.729Z
Random Booster,binder,Tonberry,FIN,Final Fantasy,122,normal,uncommon,1,103781,1a9b8723-4383-4c14-b24d-52863af8703d,0.17,false,false,near_mint,de,CHF,2026-07-02T22:13:57.728Z
Random Booster,binder,Samurai's Katana,FIN,Final Fantasy,154,normal,uncommon,1,106267,11f1d378-c78c-402a-ac46-2d32598c23e7,0.24,false,false,near_mint,de,CHF,2026-07-02T22:13:57.727Z
Random Booster,binder,Summon: Shiva,FIN,Final Fantasy,78,normal,uncommon,1,103800,a80511f8-7cb1-4974-afde-8a5cebe13ad7,0.15,false,false,near_mint,de,CHF,2026-07-02T22:13:57.726Z
Random Booster,binder,You're Not Alone,FIN,Final Fantasy,44,normal,common,1,106327,1867b5cb-2bb0-4f49-b302-036fdffa2344,0.06,false,false,near_mint,de,CHF,2026-07-02T22:13:57.725Z
Random Booster,binder,Thunder Magic,FIN,Final Fantasy,165,normal,common,1,106610,9f2b202c-91da-40ec-8324-6b6be7cb3bc8,0.16,false,false,near_mint,de,CHF,2026-07-02T22:13:57.724Z
Random Booster,binder,Qiqirn Merchant,FIN,Final Fantasy,65,normal,common,1,106623,a75a6ecc-a6a5-462c-bd92-ae57dde9b965,0.1,false,false,near_mint,de,CHF,2026-07-02T22:13:57.723Z
Random Booster,binder,Airship Crash,FIN,Final Fantasy,171,normal,common,1,106680,ec91c4e4-711f-464d-bc83-e6813f4fdcdb,0.1,false,false,near_mint,de,CHF,2026-07-02T22:13:57.722Z
Random Booster,binder,Qutrub Forayer,FIN,Final Fantasy,112,normal,common,1,106575,7475ecf6-23f5-45af-9ef0-ac7923bbc9cb,0.09,false,false,near_mint,de,CHF,2026-07-02T22:13:57.721Z
Random Booster,binder,White Mage's Staff,FIN,Final Fantasy,42,normal,common,1,105584,30db372e-0b4c-4e16-9667-bf3fda666f72,0.11,false,false,near_mint,de,CHF,2026-07-02T22:13:57.720Z
Random Booster,binder,Bird,TFIN,Final Fantasy Tokens,17,normal,common,1,106722,8632216a-33c3-4d16-bf25-42e41af53986,,false,false,near_mint,de,CHF,2026-07-02T22:16:20.436Z
Random Booster,binder,"Gongaga, Reactor Town",FIN,Final Fantasy,280,normal,common,1,106580,7beccfa6-3e4b-4460-954e-870cb39e462d,0.19,false,false,near_mint,de,CHF,2026-07-02T22:16:20.435Z
Random Booster,binder,Relentless X-ATM092,FIN,Final Fantasy,268,normal,uncommon,1,106671,e09ee4c9-85ef-4d1e-864b-d659b8e8f51d,0.17,false,false,near_mint,de,CHF,2026-07-02T22:16:20.434Z
Random Booster,binder,Tifa Lockhart,FIN,Final Fantasy,206,normal,rare,1,105765,fb781323-2746-405d-a9b2-e778c037a6e9,1.62,false,false,near_mint,de,CHF,2026-07-02T22:16:20.433Z
Random Booster,binder,"Vanille, Cheerful l'Cie",FIN,Final Fantasy,211,normal,uncommon,1,105667,91226c1a-63a0-494e-bcf0-77c2d6f49213,0.19,false,false,near_mint,de,CHF,2026-07-02T22:16:20.432Z
Random Booster,binder,Swallowed by Leviathan,FIN,Final Fantasy,79,normal,uncommon,1,106521,2270642d-fe2a-4265-aff0-a24a43ebe0a1,0.19,false,false,near_mint,de,CHF,2026-07-02T22:16:20.431Z
Random Booster,binder,PuPu UFO,FIN,Final Fantasy,266,normal,uncommon,1,106353,989b52f7-d8a5-4488-9a5d-f14a1d48686d,0.38,false,false,near_mint,de,CHF,2026-07-02T22:16:20.430Z
Random Booster,binder,"Tidus, Blitzball Star",FIN,Final Fantasy,246,normal,uncommon,1,106447,aa851d68-a7a4-48c0-9cd7-d3d2e079f3a1,0.14,false,false,near_mint,de,CHF,2026-07-02T22:16:20.429Z
Random Booster,binder,Lunatic Pandora,FIN,Final Fantasy,262,normal,common,1,106659,d6e1e3e7-20d4-42cb-ad22-60356b9e8fdc,0.09,false,false,near_mint,de,CHF,2026-07-02T22:16:20.428Z
Random Booster,binder,Town Greeter,FIN,Final Fantasy,209,normal,common,1,105610,49cd4efa-4df4-4257-9a42-60330f7781e2,0.17,false,false,near_mint,de,CHF,2026-07-02T22:16:20.427Z
Random Booster,binder,White Auracite,FIN,Final Fantasy,41,normal,common,1,105873,2df6f515-9d21-4769-b1c4-c219611bccbb,0.19,false,false,near_mint,de,CHF,2026-07-02T22:16:20.426Z
Random Booster,binder,Haste Magic,FIN,Final Fantasy,140,normal,common,1,106402,3af9d100-70ee-4c6c-a762-11a0c4f3ef6f,0.19,false,false,near_mint,de,CHF,2026-07-02T22:16:20.425Z
Random Booster,binder,Stuck in Summoner's Sanctum,FIN,Final Fantasy,76,normal,common,1,106562,6678501e-6349-4e37-ab4c-a31a3d408d52,0.13,false,false,near_mint,de,CHF,2026-07-02T22:16:20.424Z
Random Booster,binder,Gran Pulse Ochu,FIN,Final Fantasy,189,normal,common,1,106547,4dced21f-478c-4500-9484-af5864dea5cc,0.12,false,false,near_mint,de,CHF,2026-07-02T22:16:20.423Z
Random Booster,binder,Resentful Revelation,FIN,Final Fantasy,114,normal,common,1,106598,945006ea-c6a1-4ee5-abb2-387c2b6d3123,0.14,false,false,near_mint,de,CHF,2026-07-02T22:16:20.422Z
Random Booster,binder,Powerstone,TBRO,The Brothers' War Tokens,7,normal,common,1,76010,d45fe4b6-aeaf-4f84-b660-c7b482ed8512,0.14,false,false,near_mint,de,CHF,2026-07-02T22:17:12.098Z
Random Booster,binder,Mazemind Tome,BRR,The Brothers' War Retro Artifacts,93,normal,rare,1,75988,ff62ae4b-cf6f-4aea-ad24-d9474cc67413,0.29,false,false,near_mint,de,CHF,2026-07-02T22:17:12.097Z
Random Booster,binder,Gix's Command,BRO,The Brothers' War,97,normal,rare,1,75646,9606de75-c25f-411b-a271-258ac5a60987,0.47,false,false,near_mint,de,CHF,2026-07-02T22:17:12.096Z
Random Booster,binder,Slagstone Refinery,BRO,The Brothers' War,243,normal,uncommon,1,75813,d7dbfa72-2025-455c-8cc4-afbf6c8e141a,0.16,false,false,near_mint,de,CHF,2026-07-02T22:17:12.095Z
Random Booster,binder,Ashnod's Harvester,BRO,The Brothers' War,117,normal,uncommon,1,75473,58baa977-16c1-4983-8343-dbd65e98ddb7,0.06,false,false,near_mint,de,CHF,2026-07-02T22:17:12.094Z
Random Booster,binder,Mass Production,BRO,The Brothers' War,15,normal,uncommon,1,75502,640a08b7-dd30-446e-a8a7-2e084bbb9586,0.05,false,false,near_mint,de,CHF,2026-07-02T22:17:12.093Z
Random Booster,binder,Tocasia's Dig Site,MKC,Murders at Karlov Manor Commander,308,normal,common,1,90501,bbb5d40b-f0e1-4e98-b4d3-1ee2cfa5b579,0.2,false,false,near_mint,de,CHF,2026-07-02T22:17:12.092Z
Random Booster,binder,Disenchant,FDN,Foundations,572,normal,common,1,100709,7ac43e16-8b14-46f2-877a-600ea918766b,0.1,false,false,near_mint,de,CHF,2026-07-02T22:17:12.091Z
Random Booster,binder,Carrion Locust,BRO,The Brothers' War,87,normal,common,1,75516,6759acb8-82c0-479f-86f3-f22ca7a2006c,0.08,false,false,near_mint,de,CHF,2026-07-02T22:17:12.090Z
Random Booster,binder,Evolving Wilds,BRO,The Brothers' War,261,normal,common,1,75344,238de888-b1bd-4cce-9aa2-d0dd69ae7f0d,0.14,false,false,near_mint,de,CHF,2026-07-02T22:17:12.089Z
Random Booster,binder,Tawnos's Tinkering,BRO,The Brothers' War,191,normal,common,1,75706,acbd975d-52f8-4fba-bf97-b8837413edd8,0.06,false,false,near_mint,de,CHF,2026-07-02T22:17:12.088Z
Random Booster,binder,Dredging Claw,BRO,The Brothers' War,119,normal,common,1,75773,c8e133a2-631f-43f6-9fdd-e542d4d15e10,0.16,false,false,near_mint,de,CHF,2026-07-02T22:17:12.087Z
Random Booster,binder,Curate,MKC,Murders at Karlov Manor Commander,99,normal,common,1,90413,78cd258b-431e-42f7-a938-76ebc80d528d,0.26,false,false,near_mint,de,CHF,2026-07-02T22:17:12.086Z
Random Booster,binder,Powerstone Engineer,BRO,The Brothers' War,20,normal,common,1,75357,2901c5f6-5d83-437d-b434-d9beb115dd82,0.13,false,false,near_mint,de,CHF,2026-07-02T22:17:12.085Z
Random Booster,binder,Blitz Automaton,BRO,The Brothers' War,158,normal,common,1,75851,e4e5529a-848b-486c-97fb-1def35df7837,0.06,false,false,near_mint,de,CHF,2026-07-02T22:17:12.084Z
Random Booster,binder,Wasteful Harvest,BRO,The Brothers' War,196,normal,common,1,75262,00a0c819-36d1-442b-bec5-e6df58a122c0,0.12,false,false,near_mint,de,CHF,2026-07-02T22:17:12.083Z
Random Booster,binder,Ichor Wellspring,BRR,The Brothers' War Retro Artifacts,84,normal,uncommon,1,75980,e6815c12-95ba-44f2-9115-3504d4d0a097,0.54,false,false,near_mint,de,CHF,2026-07-02T22:18:41.939Z
Random Booster,binder,Soul Partition,BRO,The Brothers' War,26,normal,rare,1,75354,28bb8ec0-9729-4aa1-8ce4-a3a5598b0d70,0.6,false,false,near_mint,de,CHF,2026-07-02T22:18:41.938Z
Random Booster,binder,Combat Thresher,BRO,The Brothers' War,35,normal,uncommon,1,75552,74dfabfd-e13b-4512-a733-abe514be6404,0.11,false,false,near_mint,de,CHF,2026-07-02T22:18:41.937Z
Random Booster,binder,Horned Stoneseeker,BRO,The Brothers' War,138,normal,uncommon,1,75486,5cd965a9-caa2-42a3-b2f9-e4f57341ac27,0.09,false,false,near_mint,de,CHF,2026-07-02T22:18:41.936Z
Random Booster,binder,Spectrum Sentinel,BRO,The Brothers' War,244,normal,uncommon,1,75636,936cbe05-7b36-4569-94f3-671c28c7468a,0.28,false,false,near_mint,de,CHF,2026-07-02T22:18:41.935Z
Random Booster,binder,Goblin Blast-Runner,BRO,The Brothers' War,137,normal,common,1,75741,bd77c575-93a4-44ec-8940-adcbfc6e7a84,0.13,false,false,near_mint,de,CHF,2026-07-02T22:18:41.934Z
Random Booster,binder,Citanul Stalwart,BRO,The Brothers' War,175,normal,common,1,75693,a842a945-21d9-432c-b970-6da65b16f309,0.08,false,false,near_mint,de,CHF,2026-07-02T22:18:41.933Z
Random Booster,binder,Combat Courier,BRO,The Brothers' War,77,normal,common,1,75307,171edf80-ffc1-4894-9be5-c3e93a96f734,0.06,false,false,near_mint,de,CHF,2026-07-02T22:18:41.932Z
Random Booster,binder,Stone Retrieval Unit,BRO,The Brothers' War,248,normal,common,1,75864,e8a36d1f-f6cc-4962-9ad6-589f7b3e5f95,0.06,false,false,near_mint,de,CHF,2026-07-02T22:18:41.931Z
Random Booster,binder,Gixian Skullflayer,BRO,The Brothers' War,100,normal,common,1,75874,ebdcf02b-1876-44d7-8a22-679ea1272856,0.13,false,false,near_mint,de,CHF,2026-07-02T22:18:41.930Z
Random Booster,binder,Coastal Bulwark,BRO,The Brothers' War,76,normal,common,1,75843,e24567f8-d195-4547-bba4-7a8131dc7889,0.11,false,false,near_mint,de,CHF,2026-07-02T22:18:41.929Z
Random Booster,binder,Aeronaut Cavalry,BRO,The Brothers' War,1,normal,common,1,75396,38a62bb2-bc33-44d4-9a7e-92c9ea7d3c2c,0.06,false,false,near_mint,de,CHF,2026-07-02T22:18:41.928Z
Random Booster,binder,Mishra's Domination,BRO,The Brothers' War,142,normal,common,1,75609,87c71fb1-a30b-4e0e-a6d6-4656cfff2da1,0.06,false,false,near_mint,de,CHF,2026-07-02T22:18:41.927Z
Random Booster,binder,Boulderbranch Golem,BRO,The Brothers' War,197,normal,common,1,75535,6e6e5338-9b95-4ac7-a57c-5efaa6423531,0.13,false,false,near_mint,de,CHF,2026-07-02T22:18:41.926Z
Random Booster,binder,Disfigure,BRO,The Brothers' War,91,normal,common,1,75700,aaa9c6f1-3938-448b-bdc3-22420c5984d3,0.03,false,false,near_mint,de,CHF,2026-07-02T22:18:41.925Z
Random Booster,binder,Horror,TDSK,Duskmourn: House of Horror Tokens,10,normal,common,1,98965,36bb6907-e7d7-4f99-966a-ab09ca130fb8,,false,false,near_mint,de,CHF,2026-07-02T22:19:40.395Z
Random Booster,binder,Unsettling Twins,DSK,Duskmourn: House of Horror,38,normal,common,1,98865,85da2e65-4e22-48b6-98ad-6969684d69e1,0.11,false,false,near_mint,de,CHF,2026-07-02T22:19:40.394Z
Random Booster,binder,Murky Sewer,DSK,Duskmourn: House of Horror,263,normal,common,1,98632,6098d8be-4e3f-455d-8799-91435bf45a1c,0.21,false,false,near_mint,de,CHF,2026-07-02T22:19:40.393Z
Random Booster,binder,Chainsaw,DSK,Duskmourn: House of Horror,128,normal,rare,1,95601,54e0c2cd-fa5f-427d-8e15-6066f002a8e3,0.85,false,false,near_mint,de,CHF,2026-07-02T22:19:40.392Z
Random Booster,binder,Unidentified Hovership,DSK,Duskmourn: House of Horror,37,normal,rare,1,99324,bd23f168-9ad0-4b4e-bfff-ae004c163727,0.25,false,false,near_mint,de,CHF,2026-07-02T22:19:40.391Z
Random Booster,binder,Smoky Lounge // Misty Salon,DSK,Duskmourn: House of Horror,235,normal,uncommon,1,98621,4700987d-fc55-44eb-bc9f-0e0316ca65e2,0.11,false,false,near_mint,de,CHF,2026-07-02T22:19:40.390Z
Random Booster,binder,Vile Mutilator,DSK,Duskmourn: House of Horror,122,normal,uncommon,1,98811,383fe040-98bb-40f3-b809-48c429b83f47,0.21,false,false,near_mint,de,CHF,2026-07-02T22:19:40.389Z
Random Booster,binder,Get Out,DSK,Duskmourn: House of Horror,60,normal,uncommon,1,99171,5d9471c8-2db9-4ce3-a1e5-42b85134cb8e,0.27,false,false,near_mint,de,CHF,2026-07-02T22:19:40.388Z
Random Booster,binder,Cackling Slasher,DSK,Duskmourn: House of Horror,85,normal,common,1,99296,b1269ccf-febf-42b0-8c20-21ccb731a3ec,0.07,false,false,near_mint,de,CHF,2026-07-02T22:19:40.387Z
Random Booster,binder,Winter's Intervention,DSK,Duskmourn: House of Horror,123,normal,common,1,99302,b33d38fa-bbcf-4bcc-93a8-adbfd9c93faa,0.06,false,false,near_mint,de,CHF,2026-07-02T22:19:40.386Z
Random Booster,binder,Glimmerlight,DSK,Duskmourn: House of Horror,249,normal,common,1,98777,1071691c-5c65-42d4-ac96-d302185ca678,0.15,false,false,near_mint,de,CHF,2026-07-02T22:19:40.385Z
Random Booster,binder,Flesh Burrower,DSK,Duskmourn: House of Horror,178,normal,common,1,98831,60499c90-a512-4abb-98eb-0735a7138421,0.23,false,false,near_mint,de,CHF,2026-07-02T22:19:40.384Z
Random Booster,binder,Vicious Clown,DSK,Duskmourn: House of Horror,163,normal,common,1,98780,12649f73-9d29-4eed-bc89-cc0d1a8969e3,0.09,false,false,near_mint,de,CHF,2026-07-02T22:19:40.383Z
Random Booster,binder,Grand Entryway // Elegant Rotunda,DSK,Duskmourn: House of Horror,15,normal,common,1,98938,ef8a8ba7-f955-425d-9a16-816fc48a2a83,0.11,false,false,near_mint,de,CHF,2026-07-02T22:19:40.382Z
Random Booster,binder,Monstrous Emergence,DSK,Duskmourn: House of Horror,191,normal,common,1,99316,b999eb47-b842-47f1-be91-c79fc46e1896,0.16,false,false,near_mint,de,CHF,2026-07-02T22:19:40.381Z
Random Booster,binder,2002 World Championships Ad,WC02,World Championship Decks 2002,0,normal,common,1,44412,9b896682-eb09-47cb-8135-e8546e9173e1,,false,false,near_mint,de,CHF,2026-07-02T22:21:04.476Z
Random Booster,binder,Evolving Wilds,BLC,Bloomburrow Commander,302,normal,common,1,96280,516d6669-929e-4884-ae92-9a98cb7f9376,0.31,false,false,near_mint,de,CHF,2026-07-02T22:21:04.475Z
Random Booster,binder,Hylda's Crown of Winter,WOE,Wilds of Eldraine,247,normal,rare,1,85660,b0d4a6c0-f00e-45a7-9c88-899460007020,0.39,false,false,near_mint,de,CHF,2026-07-02T22:21:04.474Z
Random Booster,binder,Knightly Valor,WOT,Wilds of Eldraine: Enchanting Tales,8,normal,uncommon,1,85529,844b8b36-6c45-445c-92a3-f1058669d66a,0.1,false,false,near_mint,de,CHF,2026-07-02T22:21:04.473Z
Random Booster,binder,Court of Garenbrig,WOC,Wilds of Eldraine Commander,25,normal,rare,1,85753,d7a8cc1d-aabb-4eb6-b0f1-6c93ec246f61,12.54,false,false,near_mint,de,CHF,2026-07-02T22:21:04.472Z
Random Booster,binder,Faerie Dreamthief,WOE,Wilds of Eldraine,89,normal,uncommon,1,85406,57ca2ec5-442d-4909-be28-93c50fbc5f7a,0.25,false,false,near_mint,de,CHF,2026-07-02T22:21:04.471Z
Random Booster,binder,Taken by Nightmares,WOE,Wilds of Eldraine,112,normal,uncommon,1,85846,f858d83d-a13e-4ffa-a91d-d695e5e5d71a,0.09,false,false,near_mint,de,CHF,2026-07-02T22:21:04.470Z
Random Booster,binder,Eerie Interference,WOE,Wilds of Eldraine,12,normal,uncommon,1,85364,42a74545-75c8-4a6b-bee1-ac5665d9bcf0,0.2,false,false,near_mint,de,CHF,2026-07-02T22:21:04.469Z
Random Booster,binder,Glass Casket,WOE,Wilds of Eldraine,16,normal,uncommon,1,85226,02c5c395-ee8b-47fd-ac52-256354c19cdf,0.12,false,false,near_mint,de,CHF,2026-07-02T22:21:04.468Z
Random Booster,binder,Scarecrow Guide,WOE,Wilds of Eldraine,250,normal,common,1,85357,3dc08461-bec6-4a18-b782-da4c92abb789,0.17,false,false,near_mint,de,CHF,2026-07-02T22:21:04.467Z
Random Booster,binder,Beanstalk Wurm // Plant Beans,WOE,Wilds of Eldraine,161,normal,common,1,85278,19f20c0a-22be-4a9c-96ce-4047f7a2d424,0.15,false,false,near_mint,de,CHF,2026-07-02T22:21:04.466Z
Random Booster,binder,Beluna's Gatekeeper // Entry Denied,WOE,Wilds of Eldraine,43,normal,common,1,85423,5c1d410e-4237-4963-b015-54d26730e63d,0.06,false,false,near_mint,de,CHF,2026-07-02T22:21:04.465Z
Random Booster,binder,Island,WOE,Wilds of Eldraine,270,normal,common,1,85284,1a9798d6-34b3-4438-992d-d3616a7c8536,0.14,false,false,near_mint,de,CHF,2026-07-02T22:21:04.464Z